{
  "type": "FeatureCollection",
  "features": [
    {
      "type": "Feature",
      "properties": {
        "source_file": "Bahrain International Circuit_P_2026-09-01T03_04_11Z.duckdb",
        "track_name": "Bahrain International Circuit",
        "track_layout": "Bahrain International Circuit",
        "lap": 4
      },
      "geometry": {
        "type": "LineString",
        "coordinates": [
          [
            -0.003936233271012535,
            59.997573416878055
          ],
          [
            -0.003931616648039223,
            59.99762787370202
          ],
          [
            -0.003927013699379964,
            59.99768402866455
          ],
          [
            -0.0039223863216648865,
            59.99773742720917
          ],
          [
            -0.00391772311431368,
            59.99779082575378
          ],
          [
            -0.003913040412550048,
            59.997845280515726
          ],
          [
            -0.003908354932064797,
            59.99790143754028
          ],
          [
            -0.003903658860971856,
            59.997954836084894
          ],
          [
            -0.0038989356945890283,
            59.99800928930031
          ],
          [
            -0.0038941910964494304,
            59.99806544787139
          ],
          [
            -0.00388943358283928,
            59.9981199000558
          ],
          [
            -0.003884659645025027,
            59.998177112782166
          ],
          [
            -0.0038798621966751315,
            59.99823327289977
          ],
          [
            -0.003875033139930113,
            59.99828772353765
          ],
          [
            -0.0038701645606037216,
            59.998344936264026
          ],
          [
            -0.0038652583847377246,
            59.998401097928145
          ],
          [
            -0.0038603177970032323,
            59.99845554701951
          ],
          [
            -0.00385534705405579,
            59.99851275974588
          ],
          [
            -0.003850348188659813,
            59.998569972472254
          ],
          [
            -0.0038453294919271346,
            59.99862718519863
          ],
          [
            -0.0038402928439025255,
            59.998684397925004
          ],
          [
            -0.0038352285143144656,
            59.99874161065138
          ],
          [
            -0.0038301321249546642,
            59.99879882337775
          ],
          [
            -0.003824995809112697,
            59.99885603610412
          ],
          [
            -0.003819820639517667,
            59.9989132488305
          ],
          [
            -0.0038146000715584888,
            59.99897046155687
          ],
          [
            -0.003809318319923055,
            59.99902767428325
          ],
          [
            -0.0038039688009149,
            59.999084887009616
          ],
          [
            -0.0037985487676225928,
            59.99914314409665
          ],
          [
            -0.0037930663059073198,
            59.99920312715963
          ],
          [
            -0.0037875171848196663,
            59.99926033988601
          ],
          [
            -0.003781900799347476,
            59.999318595426516
          ],
          [
            -0.0037762268655265295,
            59.99937858003602
          ],
          [
            -0.0037705110834817535,
            59.99943579276239
          ],
          [
            -0.0037647793190303913,
            59.999494046756375
          ],
          [
            -0.0037590774612292857,
            59.99955403291241
          ],
          [
            -0.003753428525701691,
            59.99961228587538
          ],
          [
            -0.0037478148670039364,
            59.99967227306242
          ],
          [
            -0.003742224715468175,
            59.999730524994376
          ],
          [
            -0.003736670783957284,
            59.999791551902504
          ],
          [
            -0.0037311633917292675,
            59.99985154063607
          ],
          [
            -0.003725689250681095,
            59.99990979102151
          ],
          [
            -0.0037202394869408155,
            59.999970817929636
          ],
          [
            -0.003714814120855225,
            60.00003080820972
          ],
          [
            -0.003709414862461715,
            60.00008905704863
          ],
          [
            -0.0037040409507072786,
            60.00015008395677
          ],
          [
            -0.0036986767123863024,
            60.000211110864896
          ],
          [
            -0.0036933057819716385,
            60.00027213777303
          ],
          [
            -0.0036879159585908113,
            60.00033213063065
          ],
          [
            -0.0036824961277348474,
            60.00039037689203
          ],
          [
            -0.0036770528948943016,
            60.00045140380016
          ],
          [
            -0.003671611792381263,
            60.00051243070829
          ],
          [
            -0.0036662044798388294,
            60.000573457616426
          ],
          [
            -0.0036608493909765895,
            60.00063448452456
          ],
          [
            -0.0036555538466557526,
            60.00069551143269
          ],
          [
            -0.003650320054521528,
            60.00075653834082
          ],
          [
            -0.003645148955206373,
            60.00081756524895
          ],
          [
            -0.003640026421705111,
            60.000879621568025
          ],
          [
            -0.003634941651856145,
            60.00094343376249
          ],
          [
            -0.0036298971246578357,
            60.001004460670615
          ],
          [
            -0.003624898609831049,
            60.00106548757875
          ],
          [
            -0.003619961466807736,
            60.00112651448688
          ],
          [
            -0.0036150940646012537,
            60.001188568228415
          ],
          [
            -0.0036102959830264145,
            60.00125238300041
          ],
          [
            -0.003605555169878443,
            60.00131340990854
          ],
          [
            -0.0036008483156631534,
            60.001374436816675
          ],
          [
            -0.003596172562068803,
            60.00143648849618
          ],
          [
            -0.0035915244918103837,
            60.001500305330204
          ],
          [
            -0.0035868869557725363,
            60.00156133223834
          ],
          [
            -0.003582245848723223,
            60.00162338237132
          ],
          [
            -0.0035776001318236356,
            60.00168720075187
          ],
          [
            -0.0035729497931523972,
            60.001748227659995
          ],
          [
            -0.003568297255824179,
            60.00181027624646
          ],
          [
            -0.003563646912643093,
            60.00187409617353
          ],
          [
            -0.003559003477144009,
            60.001936143728976
          ],
          [
            -0.0035543670974527825,
            60.00199996468706
          ],
          [
            -0.0035497347556229593,
            60.00206201121149
          ],
          [
            -0.0035451102977668517,
            60.00212583320059
          ],
          [
            -0.0035404970316150705,
            60.00218787869401
          ],
          [
            -0.003535897091361688,
            60.002251701714115
          ],
          [
            -0.0035313035772920947,
            60.00231374617652
          ],
          [
            -0.003526721903142669,
            60.00237858726641
          ],
          [
            -0.0035221451316901128,
            60.002442411833044
          ],
          [
            -0.0035175800597475465,
            60.00250445474892
          ],
          [
            -0.0035130310309022597,
            60.00256828034657
          ],
          [
            -0.003508503043159306,
            60.00263032223144
          ],
          [
            -0.003503991565940412,
            60.002695163321334
          ],
          [
            -0.0034994763284326743,
            60.00276000441122
          ],
          [
            -0.0034949446832184886,
            60.0028238320709
          ],
          [
            -0.003490396263496678,
            60.00288587189374
          ],
          [
            -0.003485852760697003,
            60.00294970058443
          ],
          [
            -0.0034813108488292396,
            60.00300971560887
          ],
          [
            -0.0034767630869547653,
            60.003066928335244
          ],
          [
            -0.003472227151366019,
            60.00312414106162
          ],
          [
            -0.003467693770139087,
            60.00318034345082
          ],
          [
            -0.003463107943983593,
            60.00323374199544
          ],
          [
            -0.0034584337078350596,
            60.0032861312339
          ],
          [
            -0.003453668064649618,
            60.00333571559676
          ],
          [
            -0.003448859979436377,
            60.003384291684476
          ],
          [
            -0.0034441073327799283,
            60.00343006186558
          ],
          [
            -0.003439445724583227,
            60.00347482480255
          ],
          [
            -0.0034348745589027657,
            60.003516780801895
          ],
          [
            -0.0034303965215502405,
            60.00355873680123
          ],
          [
            -0.003426033972839677,
            60.00359968710297
          ],
          [
            -0.003421777369280739,
            60.00363682373846
          ],
          [
            -0.0034175957332630348,
            60.003671151374284
          ],
          [
            -0.003413466775780655,
            60.00370547901011
          ],
          [
            -0.0034093684938675435,
            60.003738803010364
          ],
          [
            -0.003405234922280252,
            60.00376931646443
          ],
          [
            -0.003401029626810967,
            60.003798827313936
          ],
          [
            -0.0033967123711298036,
            60.00382552658624
          ],
          [
            -0.0033921879896870242,
            60.00385222585855
          ],
          [
            -0.003387320225458417,
            60.003877924072825
          ],
          [
            -0.0033817983893925253,
            60.00390080916337
          ],
          [
            -0.003375216897503609,
            60.00392369425392
          ],
          [
            -0.0033673863248784085,
            60.00394557983296
          ],
          [
            -0.0033582756260071,
            60.00396465074175
          ],
          [
            -0.0033479146157836767,
            60.00398372165054
          ],
          [
            -0.0033362517489598357,
            60.00400179459434
          ],
          [
            -0.003323143190253037,
            60.00401804877086
          ],
          [
            -0.0033085704231367685,
            60.004036122745674
          ],
          [
            -0.0032925586089127827,
            60.004050383054235
          ],
          [
            -0.0032751423749015135,
            60.00406282150247
          ],
          [
            -0.003256364823002352,
            60.00407708284205
          ],
          [
            -0.003236265595751669,
            60.004088525387324
          ],
          [
            -0.00321481532614999,
            60.0040999679326
          ],
          [
            -0.003192002939354114,
            60.00411041663694
          ],
          [
            -0.003167868172040855,
            60.00411903832588
          ],
          [
            -0.0031425611738253403,
            60.00412849525132
          ],
          [
            -0.0031162615108289607,
            60.00413330172749
          ],
          [
            -0.00308917085066015,
            60.00413993831211
          ],
          [
            -0.003061495366376506,
            60.00414375249387
          ],
          [
            -0.003033388990291136,
            60.00414756667562
          ],
          [
            -0.0030048890731254824,
            60.004150390625
          ],
          [
            -0.0029759712842152633,
            60.004150390625
          ],
          [
            -0.0029467281493724138,
            60.00414940142363
          ],
          [
            -0.0029172572716580493,
            60.004146575927734
          ],
          [
            -0.002887652243585916,
            60.004145587757385
          ],
          [
            -0.0028579817640472347,
            60.00414078592078
          ],
          [
            -0.002828372326928613,
            60.0041341446966
          ],
          [
            -0.002798968254803575,
            60.004129343891016
          ],
          [
            -0.002769919379279893,
            60.00412072941918
          ],
          [
            -0.0027412329216208843,
            60.00411027246672
          ],
          [
            -0.0027127539666246805,
            60.00410165902589
          ],
          [
            -0.0026843140812530483,
            60.004091201042414
          ],
          [
            -0.0026558561105000413,
            60.004082588632606
          ],
          [
            -0.002627517909985142,
            60.004070162556545
          ],
          [
            -0.0025994001766280242,
            60.00405588884479
          ],
          [
            -0.0025715079249559584,
            60.004043463799746
          ],
          [
            -0.002543830723831641,
            60.004028207072714
          ],
          [
            -0.0025162824670019895,
            60.00401295034568
          ],
          [
            -0.0024886422310941647,
            60.00399769361865
          ],
          [
            -0.002460488900508523,
            60.00398145645387
          ],
          [
            -0.002431309912268314,
            60.003963365467314
          ],
          [
            -0.0024007473730773567,
            60.00394712933356
          ],
          [
            -0.0023685700006669972,
            60.003929037315984
          ],
          [
            -0.0023346202020259957,
            60.00391280221324
          ],
          [
            -0.002298854057223956,
            60.00389373130445
          ],
          [
            -0.0022612382765517082,
            60.00387563774036
          ],
          [
            -0.002221662836075309,
            60.00386038101332
          ],
          [
            -0.0021800247662983946,
            60.00384414797261
          ],
          [
            -0.002136341801575266,
            60.00382605286199
          ],
          [
            -0.0020907364010528794,
            60.00381079613496
          ],
          [
            -0.002043280249685424,
            60.003796514175086
          ],
          [
            -0.0019940742147705466,
            60.00378409737816
          ],
          [
            -0.001943414452831502,
            60.00376981438727
          ],
          [
            -0.0018913687217985311,
            60.003758371842
          ],
          [
            -0.0018377915020540683,
            60.00374692929672
          ],
          [
            -0.0017827047852321306,
            60.00373645894107
          ],
          [
            -0.001726105690775745,
            60.00372883057755
          ],
          [
            -0.001668156902724681,
            60.003722173372644
          ],
          [
            -0.0016091197114767668,
            60.003717388547784
          ],
          [
            -0.0015489707273496256,
            60.00371073031186
          ],
          [
            -0.0014877997854457281,
            60.0037069161301
          ],
          [
            -0.0014257168794058759,
            60.00370407104492
          ],
          [
            -0.001362831054564735,
            60.00370407104492
          ],
          [
            -0.001299223687613208,
            60.00370407104492
          ],
          [
            -0.0012350313651334642,
            60.00370407104492
          ],
          [
            -0.001170394802458702,
            60.003705038079474
          ],
          [
            -0.0011054755743855678,
            60.00370885226123
          ],
          [
            -0.001040423276093508,
            60.003712666442986
          ],
          [
            -0.0009754073471042648,
            60.00371744611277
          ],
          [
            -0.0009105217338183978,
            60.003725074476286
          ],
          [
            -0.0008457857313551793,
            60.003732702839805
          ],
          [
            -0.000781126929047704,
            60.00374129514483
          ],
          [
            -0.0007164103718341588,
            60.0037527376901
          ],
          [
            -0.0006513604269229277,
            60.00376418023538
          ],
          [
            -0.0005855755085779253,
            60.00377562278065
          ],
          [
            -0.000518871172522226,
            60.00378706532592
          ],
          [
            -0.00045125098884060433,
            60.0037985078712
          ],
          [
            -0.000382685437341164,
            60.003809950416475
          ],
          [
            -0.00031321100714978704,
            60.00382139296175
          ],
          [
            -0.0002431324912585085,
            60.00383187568958
          ],
          [
            -0.00017273299124547094,
            60.00384046335503
          ],
          [
            -0.00010181555775831771,
            60.003850947113875
          ],
          [
            -2.9938194249336424e-05,
            60.003858575477395
          ],
          [
            4.2915181629835065e-05,
            60.003866203840914
          ],
          [
            0.0001167029103556673,
            60.00387383220443
          ],
          [
            0.00019140069295244766,
            60.00388050384354
          ],
          [
            0.00026697763379811523,
            60.00388527423419
          ],
          [
            0.00034339643379610043,
            60.003891946904325
          ],
          [
            0.00042062735452542846,
            60.003895761086085
          ],
          [
            0.0004986432985842014,
            60.00389957526784
          ],
          [
            0.0005774191870415048,
            60.003902435302734
          ],
          [
            0.0006569216939214673,
            60.00390338893409
          ],
          [
            0.0007371053998891947,
            60.00390625
          ],
          [
            0.0008179131113112056,
            60.00390625
          ],
          [
            0.0008992840526215105,
            60.00390625
          ],
          [
            0.000981166883824785,
            60.003905298430674
          ],
          [
            0.0010635256098294355,
            60.003901484248914
          ],
          [
            0.001146332614086434,
            60.003897670067154
          ],
          [
            0.001229548987598585,
            60.003893855885394
          ],
          [
            0.0013131236948672666,
            60.00388909219634
          ],
          [
            0.0013970185367317358,
            60.003882412824616
          ],
          [
            0.001481218573856281,
            60.00387765016657
          ],
          [
            0.0015657257692110447,
            60.00387002180306
          ],
          [
            0.001650572462109977,
            60.00386144599427
          ],
          [
            0.0017358005837027175,
            60.003850950378755
          ],
          [
            0.0018213812472971588,
            60.00384332201524
          ],
          [
            0.0019072647006534553,
            60.00383569365172
          ],
          [
            0.0019936476441084223,
            60.00382711990497
          ],
          [
            0.0020805439841666508,
            60.003816622227426
          ],
          [
            0.0021679654925521605,
            60.00380804951168
          ],
          [
            0.0022559145312374723,
            60.00379755080313
          ],
          [
            0.002344384336272291,
            60.00378992243961
          ],
          [
            0.00243337217492497,
            60.00378135127039
          ],
          [
            0.0025228749039134476,
            60.00377085101531
          ],
          [
            0.0026128884083314826,
            60.0037632226518
          ],
          [
            0.0027034055190583895,
            60.0037546530291
          ],
          [
            0.0027944225636077047,
            60.003744151227494
          ],
          [
            0.0028859344058438036,
            60.00373652286398
          ],
          [
            0.00297793068835979,
            60.003727954787806
          ],
          [
            0.0030704142509949007,
            60.003717451439684
          ],
          [
            0.003163388667046698,
            60.00370888439452
          ],
          [
            0.0032568507114338527,
            60.003698380015386
          ],
          [
            0.0033507912998074667,
            60.00369075165187
          ],
          [
            0.0034452023514834917,
            60.00368218615323
          ],
          [
            0.0035400739281784693,
            60.00367168022757
          ],
          [
            0.00363539496023657,
            60.00366405186405
          ],
          [
            0.003731159177672578,
            60.003655487911935
          ],
          [
            0.0038273666553464854,
            60.00364498043975
          ],
          [
            0.003924016316221856,
            60.00363641751865
          ],
          [
            0.004021110283117088,
            60.003625909015454
          ],
          [
            0.004118645492780665,
            60.003618280651935
          ],
          [
            0.004216617032999709,
            60.00360971927736
          ],
          [
            0.0043150224828865475,
            60.00359920922764
          ],
          [
            0.004413857053140569,
            60.00359064888408
          ],
          [
            0.004513117393062114,
            60.00358013780334
          ],
          [
            0.004612796986035862,
            60.00357250943983
          ],
          [
            0.004712888406820281,
            60.003563950642786
          ],
          [
            0.00481338016635138,
            60.00355343801552
          ],
          [
            0.004914255315701706,
            60.00354580965201
          ],
          [
            0.005015491183937514,
            60.003537252401486
          ],
          [
            0.005117064902075071,
            60.00352673822771
          ],
          [
            0.005218957585930584,
            60.00351818200821
          ],
          [
            0.005321145030108816,
            60.003507666803415
          ],
          [
            0.005423616515820545,
            60.00349911161492
          ],
          [
            0.005526367595836403,
            60.00348859537911
          ],
          [
            0.005629411462286469,
            60.003480041221636
          ],
          [
            0.005732759573715286,
            60.00346859867636
          ],
          [
            0.005836357540256611,
            60.003458080894035
          ],
          [
            0.005940132111982046,
            60.00344952828308
          ],
          [
            0.0060442489247217015,
            60.003438085737805
          ],
          [
            0.00614870137376081,
            60.00342756640895
          ],
          [
            0.006253491658892697,
            60.00341901534452
          ],
          [
            0.006358622137853436,
            60.00340757279925
          ],
          [
            0.0064640903200164235,
            60.00339705192387
          ],
          [
            0.006569888373414997,
            60.00338850240596
          ],
          [
            0.006676011193793092,
            60.00337705986069
          ],
          [
            0.006782452152216069,
            60.003366537438794
          ],
          [
            0.006889205838192112,
            60.0033579894674
          ],
          [
            0.0069962692057887145,
            60.00334654692213
          ],
          [
            0.007103634111202291,
            60.00333510437685
          ],
          [
            0.007211300718101462,
            60.003324579892926
          ],
          [
            0.007319265750727043,
            60.003316033983566
          ],
          [
            0.007427527347188984,
            60.003304591438294
          ],
          [
            0.007536083757476281,
            60.00329314889302
          ],
          [
            0.007644933808804444,
            60.003282622347065
          ],
          [
            0.0077540762534267045,
            60.003274078499736
          ],
          [
            0.007863506697420648,
            60.003262635954464
          ],
          [
            0.007973180894063108,
            60.003251193409184
          ],
          [
            0.008082671927681041,
            60.003240664801204
          ],
          [
            0.008190639870607629,
            60.003232123015906
          ],
          [
            0.008295718477226356,
            60.003220680470626
          ],
          [
            0.008397387898194239,
            60.00321015031612
          ],
          [
            0.008495577867776093,
            60.0032025219526
          ],
          [
            0.00859028644377114,
            60.003193982229334
          ],
          [
            0.008681633774665076,
            60.003183450528304
          ],
          [
            0.008769745164953182,
            60.00317582216479
          ],
          [
            0.008854705513374526,
            60.00316819380127
          ],
          [
            0.00893654643630229,
            60.00316056543775
          ],
          [
            0.009015325926777059,
            60.00315293707424
          ],
          [
            0.009091127636036594,
            60.00314530871072
          ],
          [
            0.009164019746139203,
            60.00313768034721
          ],
          [
            0.009234032718544942,
            60.00313005198369
          ],
          [
            0.009301168903354227,
            60.00312333034036
          ],
          [
            0.009365422815512038,
            60.00311860995392
          ],
          [
            0.009426780771027573,
            60.0031109815904
          ],
          [
            0.00948527060427812,
            60.003104258400555
          ],
          [
            0.00954093135087917,
            60.00309953956064
          ],
          [
            0.009593820681427995,
            60.003091911197124
          ],
          [
            0.009644006828773054,
            60.003084282833605
          ],
          [
            0.009691566130460967,
            60.00307665447009
          ],
          [
            0.00973655552575182,
            60.00306902610657
          ],
          [
            0.009779153426245406,
            60.00306139774305
          ],
          [
            0.009819550855950137,
            60.00305376937954
          ],
          [
            0.009857863966239049,
            60.00304523996642
          ],
          [
            0.009894161839323172,
            60.00303469795524
          ],
          [
            0.00992850942784454,
            60.00302616957313
          ],
          [
            0.009961021314559617,
            60.00301472702786
          ],
          [
            0.009991776697560493,
            60.00300238549501
          ],
          [
            0.010020881602746032,
            60.00298802724004
          ],
          [
            0.010048439019172864,
            60.00297568673821
          ],
          [
            0.010074487390176561,
            60.00296043001117
          ],
          [
            0.010099057168868511,
            60.00294517328414
          ],
          [
            0.010122087380532331,
            60.00292902014707
          ],
          [
            0.010143406680706676,
            60.00291084513281
          ],
          [
            0.010162865507032545,
            60.002894693026754
          ],
          [
            0.010180475093372532,
            60.00287562211796
          ],
          [
            0.010196387683635837,
            60.00285655120917
          ],
          [
            0.01021053379944398,
            60.00283748030038
          ],
          [
            0.010222714440632105,
            60.00281751607459
          ],
          [
            0.010232824396262786,
            60.00279552378553
          ],
          [
            0.010240801253893267,
            60.002775560590756
          ],
          [
            0.010246583781193355,
            60.00275356727068
          ],
          [
            0.010250152161278855,
            60.002733605106926
          ],
          [
            0.010251539258331973,
            60.002710720016374
          ],
          [
            0.01025084181114807,
            60.00268783492583
          ],
          [
            0.0102480480278876,
            60.00266494983528
          ],
          [
            0.010243110350366588,
            60.00264206474473
          ],
          [
            0.010235957629380356,
            60.002619179654175
          ],
          [
            0.010226663675504734,
            60.00259629456363
          ],
          [
            0.010215251029923168,
            60.00257340947308
          ],
          [
            0.010201665280038404,
            60.00255052438253
          ],
          [
            0.010185843892585679,
            60.002527639291976
          ],
          [
            0.010167866588408186,
            60.00250475420143
          ],
          [
            0.010147757309525917,
            60.00248186911088
          ],
          [
            0.010125444538856177,
            60.00245898402033
          ],
          [
            0.010100885391608787,
            60.00243698348315
          ],
          [
            0.01007408572396087,
            60.0024170285365
          ],
          [
            0.010045047715575515,
            60.00239414344595
          ],
          [
            0.010013805977716237,
            60.002372141362244
          ],
          [
            0.009980443798622628,
            60.00235307045345
          ],
          [
            0.009945133548806585,
            60.00233399954466
          ],
          [
            0.009908099596935886,
            60.002314047175545
          ],
          [
            0.009869664982661555,
            60.00229204302982
          ],
          [
            0.009829852285385517,
            60.00227297212103
          ],
          [
            0.009788457695610348,
            60.002253901212235
          ],
          [
            0.009745657955018756,
            60.00223483030344
          ],
          [
            0.009701887709544594,
            60.00221575939465
          ],
          [
            0.00965721790028218,
            60.00219668848586
          ],
          [
            0.009611413640683474,
            60.00217849542884
          ],
          [
            0.009564096081061756,
            60.00216236136554
          ],
          [
            0.009515416039486375,
            60.00214329045675
          ],
          [
            0.009465564238483831,
            60.00212421954796
          ],
          [
            0.009414647348784656,
            60.00210514863917
          ],
          [
            0.009362754178084538,
            60.002086953004614
          ],
          [
            0.009310010130207519,
            60.00207082151885
          ],
          [
            0.009256532794854755,
            60.00205175061006
          ],
          [
            0.009202440168956,
            60.002032679701266
          ],
          [
            0.009147855023673592,
            60.00201273558027
          ],
          [
            0.009092886784397044,
            60.001990723186424
          ],
          [
            0.009037626831827484,
            60.001970780096435
          ],
          [
            0.008982101603897197,
            60.001948766671575
          ],
          [
            0.008926309716340668,
            60.001928824612605
          ],
          [
            0.008870256835543744,
            60.001905939522054
          ],
          [
            0.008813944054890084,
            60.0018830544315
          ],
          [
            0.008757473509361256,
            60.00186016934096
          ],
          [
            0.008701153069653017,
            60.00183641516226
          ],
          [
            0.008644763880959394,
            60.00181058446259
          ],
          [
            0.008588144641465924,
            60.00178769937204
          ],
          [
            0.008531339676947613,
            60.001763946739864
          ],
          [
            0.00847444998955354,
            60.00173724746756
          ],
          [
            0.008417531944443628,
            60.00171054819525
          ],
          [
            0.008360644515219107,
            60.001683848922944
          ],
          [
            0.008303908605335026,
            60.00165714965063
          ],
          [
            0.008247405204028509,
            60.00163045037833
          ],
          [
            0.008191157934413315,
            60.00160288665744
          ],
          [
            0.008135238588456505,
            60.001572373203366
          ],
          [
            0.008079727859003181,
            60.0015418597493
          ],
          [
            0.008024646204427088,
            60.00151134629524
          ],
          [
            0.007969956516644098,
            60.001480832841175
          ],
          [
            0.007915708135739203,
            60.001450319387104
          ],
          [
            0.007861947457711694,
            60.0014189445775
          ],
          [
            0.007808702908190717,
            60.00138461694168
          ],
          [
            0.007755979874356966,
            60.001350289305854
          ],
          [
            0.007703812974242145,
            60.00131596167003
          ],
          [
            0.007652302035196869,
            60.00128163403421
          ],
          [
            0.007601545382903626,
            60.001247306398376
          ],
          [
            0.007551532568800975,
            60.001212120500064
          ],
          [
            0.007502491274304077,
            60.00117483642946
          ],
          [
            0.007455019494242171,
            60.00113965156216
          ],
          [
            0.007409553993549503,
            60.00110236646055
          ],
          [
            0.0073661466054127794,
            60.00106803882473
          ],
          [
            0.007324787033920267,
            60.0010337111889
          ],
          [
            0.007285539692294006,
            60.00099938355308
          ],
          [
            0.007248412767779614,
            60.000965055917256
          ],
          [
            0.007213113702252763,
            60.00093158241987
          ],
          [
            0.007178999143186038,
            60.000900215342874
          ],
          [
            0.007145160581163615,
            60.000866740814466
          ],
          [
            0.007110881737865836,
            60.00083707995231
          ],
          [
            0.00707575933731916,
            60.000809528603604
          ],
          [
            0.007039702201191931,
            60.00077986671043
          ],
          [
            0.007002572962795623,
            60.00075316743813
          ],
          [
            0.006964097312203408,
            60.0007273186957
          ],
          [
            0.006924109760362005,
            60.00070358359078
          ],
          [
            0.006882425172288827,
            60.000676884318466
          ],
          [
            0.0068387990250528465,
            60.000651034029524
          ],
          [
            0.00679323598630754,
            60.00062814893897
          ],
          [
            0.00674591873086652,
            60.00060526384842
          ],
          [
            0.006697031688287957,
            60.00058237875787
          ],
          [
            0.006646674388818009,
            60.000560340588656
          ],
          [
            0.006594787210345548,
            60.000541269679864
          ],
          [
            0.006541317384711887,
            60.00052219877107
          ],
          [
            0.006486350392027826,
            60.00050397323709
          ],
          [
            0.006429973116219463,
            60.000488716510056
          ],
          [
            0.0063722373046116425,
            60.000473459783024
          ],
          [
            0.006313262454396823,
            60.00045820305599
          ],
          [
            0.006253150947256383,
            60.000443789641736
          ],
          [
            0.006191999359365236,
            60.000432347096464
          ],
          [
            0.00612983114205047,
            60.00042090455119
          ],
          [
            0.006066687613457499,
            60.00041030377217
          ],
          [
            0.006002614739233445,
            60.00040267540866
          ],
          [
            0.005937674196778516,
            60.00039504704514
          ],
          [
            0.0058719567924908535,
            60.00038825890136
          ],
          [
            0.005805538232006254,
            60.0003844447196
          ],
          [
            0.005738497552195239,
            60.00038063053784
          ],
          [
            0.0056709038122227115,
            60.0003776550293
          ],
          [
            0.0056028019223123785,
            60.0003776550293
          ],
          [
            0.005534227505612046,
            60.0003776550293
          ],
          [
            0.00546520199635713,
            60.0003776550293
          ],
          [
            0.0053957388599124275,
            60.00037849164048
          ],
          [
            0.005325828817977075,
            60.00038230582224
          ],
          [
            0.005255392378347125,
            60.00038528442383
          ],
          [
            0.00518433590728345,
            60.00038611948849
          ],
          [
            0.005112636683544208,
            60.000389099121094
          ],
          [
            0.0050403838874225415,
            60.00038993315474
          ],
          [
            0.00496770202354131,
            60.000392080300216
          ],
          [
            0.004894707058503047,
            60.000389099121094
          ],
          [
            0.004821579953084415,
            60.000389099121094
          ],
          [
            0.004748511017807454,
            60.000388267149475
          ],
          [
            0.004675674514188938,
            60.00038362151161
          ],
          [
            0.004603212148735657,
            60.0003768240887
          ],
          [
            0.004531280547869017,
            60.000372179481836
          ],
          [
            0.004460058642352776,
            60.000364551118324
          ],
          [
            0.004389644577971588,
            60.00035609336073
          ],
          [
            0.004320228570107445,
            60.00034465081545
          ],
          [
            0.0042520121703813725,
            60.00033320827018
          ],
          [
            0.004185098854410706,
            60.0003217657249
          ],
          [
            0.0041195802937085664,
            60.000309495847574
          ],
          [
            0.004055330362462012,
            60.000293412303996
          ],
          [
            0.0039923237365395055,
            60.000275167696245
          ],
          [
            0.003930453223658183,
            60.00025908518368
          ],
          [
            0.0038695559961081103,
            60.000239189004866
          ],
          [
            0.003809532862483337,
            60.00021712866883
          ],
          [
            0.0037503024245070025,
            60.000197233521035
          ],
          [
            0.0036919101623185072,
            60.000174348430484
          ],
          [
            0.0036343809587553355,
            60.00015146333993
          ],
          [
            0.003577705643770926,
            60.0001277555569
          ],
          [
            0.0035218867469438133,
            60.00010105628459
          ],
          [
            0.003466917322653192,
            60.00007435701229
          ],
          [
            0.0034129524390795903,
            60.00004683659402
          ],
          [
            0.0033599716033784156,
            60.0000171437704
          ],
          [
            0.003307935534815398,
            59.99998962438315
          ],
          [
            0.0032567453504827155,
            59.99995911092908
          ],
          [
            0.0032062489627008505,
            59.99992777839108
          ],
          [
            0.0031564883814400643,
            59.99989426932368
          ],
          [
            0.0031075426049604732,
            59.9998629378167
          ],
          [
            0.0030594702538122654,
            59.99982861018088
          ],
          [
            0.0030122266610519434,
            59.99979428254505
          ],
          [
            0.0029657121246781993,
            59.99975995490922
          ],
          [
            0.0029198791484284677,
            59.9997256272734
          ],
          [
            0.0028747038105594895,
            59.999690484162194
          ],
          [
            0.002830059331064498,
            59.99965234234461
          ],
          [
            0.002785749396345457,
            59.99961420052703
          ],
          [
            0.002741464174544021,
            59.99957687263831
          ],
          [
            0.0026969181922665815,
            59.99954173158913
          ],
          [
            0.002651899265398091,
            59.99950358977155
          ],
          [
            0.002606092980233296,
            59.999465447953966
          ],
          [
            0.0025593878008497526,
            59.99942730613638
          ],
          [
            0.0025118686682284877,
            59.9993891643188
          ],
          [
            0.002463891510031761,
            59.999351022501216
          ],
          [
            0.0024162194469447675,
            59.99931369100394
          ],
          [
            0.0023693942451071697,
            59.99927936336812
          ],
          [
            0.002323590080781677,
            59.999245035732294
          ],
          [
            0.0022788590667655755,
            59.999211516870254
          ],
          [
            0.002235207871246935,
            59.99918100341619
          ],
          [
            0.002192612047228281,
            59.9991512977049
          ],
          [
            0.002151004128951622,
            59.99912459843259
          ],
          [
            0.002110339976713563,
            59.99909789916028
          ],
          [
            0.0020705506528841326,
            59.99907119988797
          ],
          [
            0.0020315186872281433,
            59.99904530629641
          ],
          [
            0.001993122334525056,
            59.999023226371094
          ],
          [
            0.0019552782209529018,
            59.9990041554623
          ],
          [
            0.001917795561383775,
            59.99898508455351
          ],
          [
            0.0018806207104508162,
            59.99896601364472
          ],
          [
            0.0018436571161382952,
            59.99894774583913
          ],
          [
            0.0018067414182099519,
            59.9989324891121
          ],
          [
            0.0017697763317015274,
            59.998918034457255
          ],
          [
            0.0017326799365148626,
            59.99890659191198
          ],
          [
            0.0016954099264001234,
            59.99889514936671
          ],
          [
            0.0016579425573584124,
            59.9988845073471
          ],
          [
            0.0016203103706681854,
            59.99887687898359
          ],
          [
            0.0015825696438514863,
            59.99886925062007
          ],
          [
            0.0015447543889539526,
            59.99886162225655
          ],
          [
            0.0015069328882718462,
            59.998854792356674
          ],
          [
            0.0014691652384519753,
            59.99885177612305
          ],
          [
            0.001431538867004172,
            59.99885097869042
          ],
          [
            0.0013942001319566827,
            59.998848758342895
          ],
          [
            0.0013573260838363182,
            59.99885177612305
          ],
          [
            0.001321087839161074,
            59.99885257200915
          ],
          [
            0.0012857056871351479,
            59.99885638619091
          ],
          [
            0.0012513841258923624,
            59.99886020037267
          ],
          [
            0.0012183279684662225,
            59.998864808894005
          ],
          [
            0.0011867209371129665,
            59.99887243725752
          ],
          [
            0.0011567079057545721,
            59.9988808589296
          ],
          [
            0.0011284041791570863,
            59.998891508681815
          ],
          [
            0.001101899862573166,
            59.99889992932289
          ],
          [
            0.00107721906233532,
            59.99891137186816
          ],
          [
            0.0010543643104727394,
            59.99892360565997
          ],
          [
            0.0010331782379004383,
            59.99893807165598
          ],
          [
            0.0010135961560227675,
            59.99895030441677
          ],
          [
            0.0009956989773566684,
            59.998965561143805
          ],
          [
            0.0009794803594040853,
            59.99898081787084
          ],
          [
            0.0009649573605266233,
            59.99899686326687
          ],
          [
            0.0009521647277166264,
            59.99901514602217
          ],
          [
            0.0009411117710910411,
            59.999031190387186
          ],
          [
            0.0009316945542607584,
            59.99905026129598
          ],
          [
            0.0009236956870934902,
            59.99906933220477
          ],
          [
            0.0009169792635257871,
            59.99908840311356
          ],
          [
            0.0009115929607168819,
            59.99910825959831
          ],
          [
            0.0009075502123401277,
            59.99913114468885
          ],
          [
            0.0009048381769721592,
            59.99915324523447
          ],
          [
            0.0009034463037898874,
            59.99917388420212
          ],
          [
            0.0009033987731570948,
            59.9991997999605
          ],
          [
            0.000904779732235579,
            59.99922268505105
          ],
          [
            0.0009075180214628456,
            59.99924635262451
          ],
          [
            0.0009113824219319062,
            59.99927226992942
          ],
          [
            0.0009162794692522705,
            59.99929593647186
          ],
          [
            0.0009222274619848513,
            59.99932263574417
          ],
          [
            0.0009291622694924802,
            59.999349335016475
          ],
          [
            0.0009370638176581437,
            59.99937603428879
          ],
          [
            0.0009459200817338891,
            59.99940351295096
          ],
          [
            0.0009556328670449706,
            59.99943324753067
          ],
          [
            0.0009661738046699169,
            59.99945994680297
          ],
          [
            0.0009776038924442238,
            59.99948742391863
          ],
          [
            0.000989828668082933,
            59.999517937372694
          ],
          [
            0.0010027650203526838,
            59.99954767401443
          ],
          [
            0.0010162780646763745,
            59.999575149583556
          ],
          [
            0.0010301743932366392,
            59.99960566303763
          ],
          [
            0.0010443048408891324,
            59.9996369517575
          ],
          [
            0.0010586145096507392,
            59.99967050464302
          ],
          [
            0.0010731361775393785,
            59.99970101809709
          ],
          [
            0.0010878889739981345,
            59.99973230527044
          ],
          [
            0.0011028482287833946,
            59.999765859702485
          ],
          [
            0.0011179768981758097,
            59.99979714584482
          ],
          [
            0.0011332691018110588,
            59.99983147348065
          ],
          [
            0.0011487163077583313,
            59.99986580111647
          ],
          [
            0.001164293563263214,
            59.999900128752294
          ],
          [
            0.0011799852585866613,
            59.99993445638812
          ],
          [
            0.0011957529331559004,
            59.99996878402394
          ],
          [
            0.0012115679399043843,
            60.00000311165977
          ],
          [
            0.0012274165851799365,
            60.000038208375315
          ],
          [
            0.0012432531839492121,
            60.000075581628685
          ],
          [
            0.001259044239977943,
            60.00011067731321
          ],
          [
            0.001274877673646789,
            60.0001480515976
          ],
          [
            0.0012907590157523617,
            60.00018314625111
          ],
          [
            0.0013066777063365839,
            60.000221288068694
          ],
          [
            0.0013226472944392205,
            60.00025942988628
          ],
          [
            0.0013386886242605092,
            60.00029757170386
          ],
          [
            0.0013548343612538307,
            60.000335713521444
          ],
          [
            0.001371099601661061,
            60.00037385533902
          ],
          [
            0.0013874776761493856,
            60.000411997156604
          ],
          [
            0.0014039345388997405,
            60.00045013897419
          ],
          [
            0.0014204456580719923,
            60.0004890436854
          ],
          [
            0.0014369739574199045,
            60.00053023730662
          ],
          [
            0.0014534986305333854,
            60.00056914098682
          ],
          [
            0.0014699948498187346,
            60.000611096986155
          ],
          [
            0.0014864264679330407,
            60.0006522921539
          ],
          [
            0.0015027711410355144,
            60.000691194287576
          ],
          [
            0.0015190305753092468,
            60.00073315028691
          ],
          [
            0.001535166099688497,
            60.000775106286255
          ],
          [
            0.001551119036544048,
            60.0008170622856
          ],
          [
            0.0015668739867852168,
            60.000859018284935
          ],
          [
            0.0015824310816801377,
            60.00090173202283
          ],
          [
            0.001597803010290912,
            60.00094674498089
          ],
          [
            0.0016129874051837106,
            60.00098870098022
          ],
          [
            0.0016280295178764108,
            60.0010314131716
          ],
          [
            0.001642936436495654,
            60.001076427676175
          ],
          [
            0.001657697781113763,
            60.001119138836536
          ],
          [
            0.0016722468708334302,
            60.00116415437212
          ],
          [
            0.0016864680776058562,
            60.00120686450146
          ],
          [
            0.001700219254502001,
            60.001252634682565
          ],
          [
            0.0017134769332599015,
            60.00129840486366
          ],
          [
            0.0017261545795613316,
            60.001344175044764
          ],
          [
            0.0017379274870264133,
            60.00138994522586
          ],
          [
            0.0017482375869062516,
            60.00143571540696
          ],
          [
            0.0017566313946146743,
            60.00148148558806
          ],
          [
            0.001762839523567435,
            60.00152725576916
          ],
          [
            0.0017668308045624304,
            60.00157302595026
          ],
          [
            0.001768569854681694,
            60.00161879613136
          ],
          [
            0.0017682103202580316,
            60.00166381733752
          ],
          [
            0.0017658872470729297,
            60.001705773336866
          ],
          [
            0.0017619218926977704,
            60.00174772933621
          ],
          [
            0.0017563797399024208,
            60.001788937907136
          ],
          [
            0.001749195925157915,
            60.00182707972472
          ],
          [
            0.0017404220962383267,
            60.0018652215423
          ],
          [
            0.0017300560857724018,
            60.001902617477995
          ],
          [
            0.0017181188505982518,
            60.001936945113826
          ],
          [
            0.0017046047285950814,
            60.00197127274965
          ],
          [
            0.0016896114933941542,
            60.00200485605011
          ],
          [
            0.0016732667082656003,
            60.00203611332403
          ],
          [
            0.0016554998439150899,
            60.00206969765551
          ],
          [
            0.001636198387978275,
            60.00209946832073
          ],
          [
            0.0016153590594165607,
            60.00212616759303
          ],
          [
            0.0015930327023328905,
            60.00215360862317
          ],
          [
            0.0015692535854622575,
            60.002183380834914
          ],
          [
            0.001544095191475815,
            60.002209339380414
          ],
          [
            0.0015176930496058547,
            60.002232964682264
          ],
          [
            0.0014902037941568462,
            60.002258924258776
          ],
          [
            0.0014617918728924719,
            60.00228180934933
          ],
          [
            0.0014325806460387508,
            60.00230395577509
          ],
          [
            0.0014025914644266572,
            60.00232376483316
          ],
          [
            0.0013718365437903972,
            60.00234591228994
          ],
          [
            0.0013403881236852685,
            60.002365720316995
          ],
          [
            0.0013083599523355293,
            60.00238786880479
          ],
          [
            0.0012758985048105206,
            60.00240620362633
          ],
          [
            0.0012431461780544899,
            60.00242219592511
          ],
          [
            0.001210209562503662,
            60.002440531777665
          ],
          [
            0.001177183822553976,
            60.0024557885047
          ],
          [
            0.0011441542634443968,
            60.00247031120651
          ],
          [
            0.0011111400538048916,
            60.002482487261496
          ],
          [
            0.001078137246465713,
            60.002497010994325
          ],
          [
            0.0010451147865337804,
            60.00250772106091
          ],
          [
            0.0010121237491054905,
            60.00251608138761
          ],
          [
            0.0009791443354950427,
            60.002526792485206
          ],
          [
            0.0009460201324270869,
            60.00253442084872
          ],
          [
            0.0009124248476204028,
            60.00254204921224
          ],
          [
            0.0008781349322744763,
            60.00254967757576
          ],
          [
            0.0008434190790682732,
            60.00255730593927
          ],
          [
            0.0008087919112959157,
            60.00256420543264
          ],
          [
            0.0007744980641767435,
            60.0025680196144
          ],
          [
            0.0007405959543636979,
            60.00257110595703
          ],
          [
            0.0007071579925681981,
            60.002571833280655
          ],
          [
            0.0006742540828338735,
            60.0025749206543
          ],
          [
            0.0006419847285624823,
            60.00257419436169
          ],
          [
            0.000610420263557716,
            60.00257110595703
          ],
          [
            0.0005796121579788175,
            60.00257038069544
          ],
          [
            0.0005497153201555498,
            60.00256656651368
          ],
          [
            0.0005207893276875207,
            60.002562028101345
          ],
          [
            0.0004930209783392625,
            60.00255439973783
          ],
          [
            0.0004666225523203842,
            60.00254677137431
          ],
          [
            0.00044150327250377523,
            60.00253914301079
          ],
          [
            0.0004174158068496865,
            60.00253079247873
          ],
          [
            0.0003942501408468922,
            60.002520071586495
          ],
          [
            0.00037205902879880915,
            60.00251100094791
          ],
          [
            0.0003509149052311358,
            60.002496464842906
          ],
          [
            0.00033085182918987004,
            60.002485022297634
          ],
          [
            0.0003119909301396978,
            60.00247286016135
          ],
          [
            0.00029442436418698455,
            60.002457603434316
          ],
          [
            0.0002781452768327649,
            60.002442346707284
          ],
          [
            0.00026305902795463644,
            60.002427089980245
          ],
          [
            0.0002490517860839511,
            60.002411115724236
          ],
          [
            0.0002361071669126794,
            60.002392044815444
          ],
          [
            0.00022421428934147518,
            60.00237297390665
          ],
          [
            0.00021340074183074707,
            60.00235390299786
          ],
          [
            0.00020357950522097019,
            60.00233483208907
          ],
          [
            0.0001944648764441153,
            60.00231504622883
          ],
          [
            0.00018584721481828238,
            60.00229216113828
          ],
          [
            0.00017762355848936675,
            60.002269276047734
          ],
          [
            0.00016966376876700548,
            60.00224639095718
          ],
          [
            0.0001619200611138633,
            60.00222350586663
          ],
          [
            0.0001544175954587809,
            60.002199908402176
          ],
          [
            0.00014710490407566037,
            60.00217392098827
          ],
          [
            0.00013994340546764813,
            60.002150324554826
          ],
          [
            0.00013292481069390982,
            60.002123625282515
          ],
          [
            0.00012605741748972598,
            60.00209692601021
          ],
          [
            0.00011936181511232644,
            60.0020702267379
          ],
          [
            0.00011285146729333752,
            60.002042818184734
          ],
          [
            0.00010655059834111797,
            60.00201301349602
          ],
          [
            0.00010047546847406675,
            60.001985605973864
          ],
          [
            9.458873598973236e-05,
            60.0019550925198
          ],
          [
            8.883264830561687e-05,
            60.00192457906573
          ],
          [
            8.320558581273335e-05,
            60.001894065611665
          ],
          [
            7.773699925696832e-05,
            60.0018635521576
          ],
          [
            7.242873410277578e-05,
            60.00183303870354
          ],
          [
            6.726270334146506e-05,
            60.001801820092666
          ],
          [
            6.223379803165145e-05,
            60.00176819709814
          ],
          [
            5.7351543507259517e-05,
            60.00173697951828
          ],
          [
            5.257792089232369e-05,
            60.001702651882454
          ],
          [
            4.788430809368367e-05,
            60.00166832424663
          ],
          [
            4.326818895217057e-05,
            60.001633996610806
          ],
          [
            3.8719234700819414e-05,
            60.00159966897498
          ],
          [
            3.423644893670593e-05,
            60.00156534133916
          ],
          [
            2.983009574805773e-05,
            60.001531013703335
          ],
          [
            2.549795220795757e-05,
            60.00149598555027
          ],
          [
            2.123021871376628e-05,
            60.00145854373442
          ],
          [
            1.698666087936323e-05,
            60.00142351661237
          ],
          [
            1.2709792121081764e-05,
            60.00138537479479
          ],
          [
            8.3889368467261e-06,
            60.00134793143242
          ],
          [
            4.0355146603020155e-06,
            60.00131290585689
          ],
          [
            -3.3608612018260833e-07,
            60.00127476403931
          ],
          [
            -4.7083225850427976e-06,
            60.00123592531304
          ],
          [
            -9.060626298842655e-06,
            60.001194665706876
          ],
          [
            -1.3394480523071646e-05,
            60.00115652388929
          ],
          [
            -1.7698181123140604e-05,
            60.00111838207171
          ],
          [
            -2.1987805331879083e-05,
            60.00107954540747
          ],
          [
            -2.6278065492712034e-05,
            60.001037589408135
          ],
          [
            -3.056931483807964e-05,
            60.000996327224435
          ],
          [
            -3.485484517530869e-05,
            60.000957492106714
          ],
          [
            -3.914392515553284e-05,
            60.00091553610738
          ],
          [
            -4.3455113327696494e-05,
            60.000873580108035
          ],
          [
            -4.77932981430697e-05,
            60.00083162410869
          ],
          [
            -5.215603945767707e-05,
            60.000789668109356
          ],
          [
            -5.655039942318282e-05,
            60.00074771211001
          ],
          [
            -6.0968554711762e-05,
            60.00070575611067
          ],
          [
            -6.539251386595867e-05,
            60.000663110419744
          ],
          [
            -6.98216731549046e-05,
            60.000618029414724
          ],
          [
            -7.424502231784747e-05,
            60.00057538475482
          ],
          [
            -7.864976921884003e-05,
            60.00053030271878
          ],
          [
            -8.304228288576841e-05,
            60.000487659089885
          ],
          [
            -8.746120545176154e-05,
            60.00044257602283
          ],
          [
            -9.193681283131423e-05,
            60.00039993342495
          ],
          [
            -9.651525654645925e-05,
            60.00035416324385
          ],
          [
            -0.00010118702458538087,
            60.00030839306275
          ],
          [
            -0.0001059256241493031,
            60.00026262288165
          ],
          [
            -0.00011070866445146303,
            60.000216852700554
          ],
          [
            -0.00011553488957173601,
            60.00017108251945
          ],
          [
            -0.00012039714854995526,
            60.000125312338355
          ],
          [
            -0.00012531613940990925,
            60.00007954215726
          ],
          [
            -0.00013032090193310824,
            60.00003308950168
          ],
          [
            -0.00013537972604780877,
            59.999984187097795
          ],
          [
            -0.00014043484498629116,
            59.99993841691669
          ],
          [
            -0.0001454948186745499,
            59.999891965807635
          ],
          [
            -0.0001506033599046122,
            59.99984238144478
          ],
          [
            -0.00015575653000821085,
            59.999793476978866
          ],
          [
            -0.00016091805051265774,
            59.999747027416326
          ],
          [
            -0.000166045969674708,
            59.99969744305347
          ],
          [
            -0.00017114304022097413,
            59.99964853704104
          ],
          [
            -0.00017622824888712937,
            59.999602089025025
          ],
          [
            -0.00018130229612921725,
            59.99955250466217
          ],
          [
            -0.0001863592395873385,
            59.99950292029931
          ],
          [
            -0.00019140222307323867,
            59.99945333593645
          ],
          [
            -0.00019643249721737794,
            59.99940307580071
          ],
          [
            -0.0002014546776187801,
            59.999350352513474
          ],
          [
            -0.00020646535672272847,
            59.99930076815061
          ],
          [
            -0.00021146216931999473,
            59.999251183787756
          ],
          [
            -0.00021643428624319876,
            59.99920092571404
          ],
          [
            -0.00022139158121534314,
            59.99914820036478
          ],
          [
            -0.00022635036646954346,
            59.99909794332208
          ],
          [
            -0.0002313401030974718,
            59.999045216941795
          ],
          [
            -0.00023641475193830348,
            59.99899496093011
          ],
          [
            -0.00024166325417972334,
            59.99894223351882
          ],
          [
            -0.0002471554991175101,
            59.99889197853815
          ],
          [
            -0.00025287701133457985,
            59.99883857999353
          ],
          [
            -0.00025876978777257997,
            59.99878585103571
          ],
          [
            -0.0002647823634846923,
            59.998735597601566
          ],
          [
            -0.0002708942599969335,
            59.99868219905695
          ],
          [
            -0.0002770887379806646,
            59.998628800512336
          ],
          [
            -0.0002833300430583323,
            59.99857540196772
          ],
          [
            -0.0002896169305204017,
            59.998522003423105
          ],
          [
            -0.0002959323419571389,
            59.99846860487849
          ],
          [
            -0.00030224756103391644,
            59.998415206333874
          ],
          [
            -0.0003085520216780098,
            59.99836180778926
          ],
          [
            -0.0003148221134191021,
            59.99830840924464
          ],
          [
            -0.00032101003609355235,
            59.99825501070003
          ],
          [
            -0.00032708014802982125,
            59.998200948239194
          ],
          [
            -0.00033304103688429153,
            59.99814439891353
          ],
          [
            -0.0003389400592838012,
            59.998091000368916
          ],
          [
            -0.0003448200156966368,
            59.99803693945461
          ],
          [
            -0.0003506906994348116,
            59.99798038858242
          ],
          [
            -0.00035654447957087876,
            59.99792632869912
          ],
          [
            -0.0003623737991123332,
            59.99786977679592
          ],
          [
            -0.00036818006007202896,
            59.997815717943645
          ],
          [
            -0.0003739548166642494,
            59.99775916500943
          ],
          [
            -0.00037969671810488177,
            59.99770510718816
          ],
          [
            -0.0003854219999057879,
            59.997647894461785
          ],
          [
            -0.0003911332294462051,
            59.99759133998105
          ],
          [
            -0.00039684978159950973,
            59.99753728370631
          ],
          [
            -0.0004025616419954523,
            59.99748007097993
          ],
          [
            -0.0004082898387827955,
            59.99742285825356
          ],
          [
            -0.0004140065329238472,
            59.997366301710784
          ],
          [
            -0.0004196008926342896,
            59.99731224749807
          ],
          [
            -0.000424951763761146,
            59.99725568992429
          ],
          [
            -0.0004300103325820484,
            59.997202946016756
          ],
          [
            -0.00043478708126373983,
            59.9971533616539
          ],
          [
            -0.00043930834988756593,
            59.997103777291045
          ],
          [
            -0.00044358904394802863,
            59.99705484601875
          ],
          [
            -0.0004476166699348889,
            59.997009075837646
          ],
          [
            -0.0004513581690553969,
            59.99696395771609
          ],
          [
            -0.00045474445828499343,
            59.996922001716754
          ],
          [
            -0.000457669888878457,
            59.99688069674594
          ],
          [
            -0.00046006899785770353,
            59.996841904415334
          ],
          [
            -0.0004618925840058562,
            59.996800598413515
          ],
          [
            -0.0004630363811851149,
            59.996763106077935
          ],
          [
            -0.00046327534453492264,
            59.99672812947561
          ],
          [
            -0.00046229209560643347,
            59.99669063610902
          ],
          [
            -0.0004597924639340078,
            59.9966563084732
          ],
          [
            -0.0004555381253015084,
            59.996622628257356
          ],
          [
            -0.00044941702472813704,
            59.99659146789882
          ],
          [
            -0.00044147385204904195,
            59.996557786651955
          ],
          [
            -0.0004317183888869238,
            59.99652727319789
          ],
          [
            -0.0004200799208714204,
            59.99649740510177
          ],
          [
            -0.0004065615680910359,
            59.996470705829466
          ],
          [
            -0.0003911847173054054,
            59.996444006557155
          ],
          [
            -0.000373906481668587,
            59.99641730728485
          ],
          [
            -0.00035458144654110794,
            59.99639060801254
          ],
          [
            -0.00033307036386711676,
            59.99636455152065
          ],
          [
            -0.0003093261194915763,
            59.99634102416519
          ],
          [
            -0.0002833275885949466,
            59.99631496664228
          ],
          [
            -0.00025501352594847683,
            59.996292722785626
          ],
          [
            -0.0002243636984530316,
            59.99627301115845
          ],
          [
            -0.00019152575997088555,
            59.99625076627078
          ],
          [
            -0.00015664217719807319,
            59.996231695361985
          ],
          [
            -0.00011981195870944894,
            59.99621326362505
          ],
          [
            -8.10698985287302e-05,
            59.99619736824167
          ],
          [
            -4.039944168717426e-05,
            59.99617893547372
          ],
          [
            2.1714935624237973e-06,
            59.99616431637203
          ],
          [
            4.651092533643349e-05,
            59.996152236716924
          ],
          [
            9.244846213967827e-05,
            59.996137616584214
          ],
          [
            0.00013992462886506976,
            59.99612617403894
          ],
          [
            0.00018887404467107156,
            59.99611536705697
          ],
          [
            0.00023917647904961894,
            59.996107103645656
          ],
          [
            0.0002907555758527763,
            59.996096295632675
          ],
          [
            0.000343565845068403,
            59.99608930128595
          ],
          [
            0.0003974951143784474,
            59.99608485360291
          ],
          [
            0.0004524442292308382,
            59.99607785822516
          ],
          [
            0.0005083784312259749,
            59.996074044043404
          ],
          [
            0.0005652830623109746,
            59.996070861816406
          ],
          [
            0.0006231228583535605,
            59.99607023037716
          ],
          [
            0.0006818451505601688,
            59.99606704711914
          ],
          [
            0.0007414064789647724,
            59.99606704711914
          ],
          [
            0.0008017640484588714,
            59.99606767701187
          ],
          [
            0.0008628581994469634,
            59.996071491193625
          ],
          [
            0.0009246227428679511,
            59.996075305375385
          ],
          [
            0.0009869801831944966,
            59.996079119557145
          ],
          [
            0.0010498544110232799,
            59.9960835615696
          ],
          [
            0.001113166767514724,
            59.99609118993312
          ],
          [
            0.0011768297759225783,
            59.99609881829664
          ],
          [
            0.0012407287290398682,
            59.996107072944326
          ],
          [
            0.0013047851621636544,
            59.996118515489606
          ],
          [
            0.0013689483006004283,
            59.99612995803488
          ],
          [
            0.00143312285731966,
            59.99614140058015
          ],
          [
            0.0014971843534741683,
            59.996153467347575
          ],
          [
            0.001560943486857077,
            59.99616872407461
          ],
          [
            0.0016243565812660023,
            59.99618460399277
          ],
          [
            0.0016873756498186686,
            59.99620305222594
          ],
          [
            0.001749791154864832,
            59.99621893111309
          ],
          [
            0.0018115927311998256,
            59.99623800202188
          ],
          [
            0.0018727275936044345,
            59.99625769405978
          ],
          [
            0.0019330400041278634,
            59.99628057915032
          ],
          [
            0.001992432109027603,
            59.996303464240874
          ],
          [
            0.002050846160453817,
            59.996326349331426
          ],
          [
            0.002108299111766065,
            59.99634985348905
          ],
          [
            0.002164707267684589,
            59.996376552761355
          ],
          [
            0.002220026515131629,
            59.996403252033666
          ],
          [
            0.002274251128708493,
            59.996430568826526
          ],
          [
            0.002327257620767064,
            59.99646108228059
          ],
          [
            0.0023790294044547973,
            59.99649159573465
          ],
          [
            0.002429486464998177,
            59.99652210918872
          ],
          [
            0.0024785009085097195,
            59.996553238101306
          ],
          [
            0.0025259776150833198,
            59.99658695079412
          ],
          [
            0.0025720457292092644,
            59.996618078675695
          ],
          [
            0.0026167573160061647,
            59.99665240631152
          ],
          [
            0.0026599540895259916,
            59.99668734734383
          ],
          [
            0.0027016093011396065,
            59.99672487628043
          ],
          [
            0.002741665229096076,
            59.99675981628173
          ],
          [
            0.0027800834552521108,
            59.996797958099314
          ],
          [
            0.0028168286463486,
            59.9968360999169
          ],
          [
            0.0028519413136381504,
            59.99687485255344
          ],
          [
            0.002885410138605781,
            59.99691619824933
          ],
          [
            0.002917291423161327,
            59.99695494985485
          ],
          [
            0.00294782597529719,
            59.996996296581756
          ],
          [
            0.0029771705939412524,
            59.99703504715627
          ],
          [
            0.0030057052201815627,
            59.99707700315561
          ],
          [
            0.0030342954846008,
            59.99711895915495
          ],
          [
            0.0030638360790760017,
            59.99716091515429
          ],
          [
            0.0030949951367213106,
            59.99720287115363
          ],
          [
            0.003128087010628292,
            59.997244220973585
          ],
          [
            0.003163023345058513,
            59.997282968455046
          ],
          [
            0.003199612049119947,
            59.99732431930601
          ],
          [
            0.003237951948486865,
            59.99736246112359
          ],
          [
            0.003278243820467586,
            59.99740060294118
          ],
          [
            0.0033206380219866875,
            59.99743874475876
          ],
          [
            0.0033651612574769557,
            59.997476283489995
          ],
          [
            0.0034119982132854378,
            59.997510611125826
          ],
          [
            0.003461131286839782,
            59.99754493876165
          ],
          [
            0.003512574120591738,
            59.99757926639747
          ],
          [
            0.003566227335808537,
            59.9976135940333
          ],
          [
            0.003622046681012725,
            59.99764792166912
          ],
          [
            0.0036799131389819253,
            59.997681649311644
          ],
          [
            0.0037398950647291305,
            59.99771216276571
          ],
          [
            0.003802017390980287,
            59.99774267621977
          ],
          [
            0.003866238816007361,
            59.99777318967384
          ],
          [
            0.003932402943241467,
            59.99780310519664
          ],
          [
            0.004000371923118505,
            59.99782980446894
          ],
          [
            0.0040699366212555545,
            59.997856503741254
          ],
          [
            0.004141015780635753,
            59.99788320301356
          ],
          [
            0.004213499941224218,
            59.997909306416624
          ],
          [
            0.004287230802375748,
            59.99793159615344
          ],
          [
            0.004362125150700284,
            59.99795126190046
          ],
          [
            0.004438089227175513,
            59.997973552668284
          ],
          [
            0.004515040735491544,
            59.99799202976987
          ],
          [
            0.004592854383528002,
            59.9980072864969
          ],
          [
            0.004671455508536432,
            59.99802254322393
          ],
          [
            0.004750701751304998,
            59.998037799950964
          ],
          [
            0.004830509318329474,
            59.99805246493281
          ],
          [
            0.004910769094386806,
            59.99806331624841
          ],
          [
            0.004991395136668887,
            59.9980715353261
          ],
          [
            0.005072369981105288,
            59.99808179747405
          ],
          [
            0.005153770876560942,
            59.998086201338964
          ],
          [
            0.005235604503235729,
            59.998093240534836
          ],
          [
            0.005317811205597352,
            59.998097054716595
          ],
          [
            0.005400322945734139,
            59.99810028076172
          ],
          [
            0.005483053643200744,
            59.99810086838284
          ],
          [
            0.005565900747745763,
            59.99810350835337
          ],
          [
            0.005648745599260138,
            59.99810028076172
          ],
          [
            0.0057314946766748925,
            59.99809969468712
          ],
          [
            0.005814042378932536,
            59.99809529494626
          ],
          [
            0.005896322943240129,
            59.998088251626335
          ],
          [
            0.005978313758249482,
            59.998083852916494
          ],
          [
            0.006059973216821049,
            59.99807564054041
          ],
          [
            0.006141303190815969,
            59.9980647814922
          ],
          [
            0.006222299286954235,
            59.99805657014712
          ],
          [
            0.006302963408588702,
            59.9980445451358
          ],
          [
            0.006383224116555952,
            59.998029288408766
          ],
          [
            0.006463088787439697,
            59.998014031681734
          ],
          [
            0.006542561070415461,
            59.9979987749547
          ],
          [
            0.006621646546041893,
            59.99798293782364
          ],
          [
            0.006700450754105094,
            59.997964446803365
          ],
          [
            0.006779001894322552,
            59.997948610703325
          ],
          [
            0.006857333817211878,
            59.99792896093704
          ],
          [
            0.006935522669822304,
            59.99790665418848
          ],
          [
            0.0070139006848795775,
            59.99788700545321
          ],
          [
            0.0070926902568629775,
            59.997864697673634
          ],
          [
            0.007171886217525866,
            59.99784504996937
          ],
          [
            0.007251195507374225,
            59.997822741158785
          ],
          [
            0.007329899273194993,
            59.99780309448554
          ],
          [
            0.0074070753851943495,
            59.997780784643936
          ],
          [
            0.0074820557700403575,
            59.997761713735144
          ],
          [
            0.007554513471266516,
            59.99774264282635
          ],
          [
            0.0076243785774363065,
            59.99772357191756
          ],
          [
            0.007691610341617877,
            59.99770450100877
          ],
          [
            0.0077562942334198325,
            59.99768600277139
          ],
          [
            0.007818463957884528,
            59.99767017388845
          ],
          [
            0.00787823434959283,
            59.99765167462006
          ],
          [
            0.007935691039144679,
            59.99763641789303
          ],
          [
            0.007990886245755986,
            59.99762059055661
          ],
          [
            0.008043825069221485,
            59.99760208974169
          ],
          [
            0.008094473597423608,
            59.99758683301466
          ],
          [
            0.008142851100247242,
            59.997571576287626
          ],
          [
            0.008189074314297117,
            59.997556319560594
          ],
          [
            0.008233236357301572,
            59.99754106283356
          ],
          [
            0.00827552856651101,
            59.99752523859019
          ],
          [
            0.008316132078649596,
            59.99750673468223
          ],
          [
            0.008355081860762488,
            59.997490911469875
          ],
          [
            0.008392360966020135,
            59.997472406530896
          ],
          [
            0.008427998558066443,
            59.99745658434956
          ],
          [
            0.008461993913115586,
            59.997437513440765
          ],
          [
            0.008494380027638906,
            59.99741844253197
          ],
          [
            0.008525193791947444,
            59.9973988077154
          ],
          [
            0.008554481510081053,
            59.997376486017124
          ],
          [
            0.008582286994279093,
            59.99735685223157
          ],
          [
            0.008608614976318535,
            59.99733396714102
          ],
          [
            0.008633450268673204,
            59.997311082050466
          ],
          [
            0.00865671321169407,
            59.997288196959914
          ],
          [
            0.008678265559334486,
            59.99726475105463
          ],
          [
            0.008697934725784664,
            59.99723861208155
          ],
          [
            0.008715577575495063,
            59.99721516720728
          ],
          [
            0.008731008564855636,
            59.99718846793497
          ],
          [
            0.008744032954650247,
            59.997162327415374
          ],
          [
            0.008754598815314329,
            59.99713888408762
          ],
          [
            0.00876262904278078,
            59.99711218481531
          ],
          [
            0.008768002547075458,
            59.997085485543
          ],
          [
            0.008770699153868331,
            59.99705878627069
          ],
          [
            0.008770809324410721,
            59.99703264317356
          ],
          [
            0.008768532765075054,
            59.99700920242334
          ],
          [
            0.00876376267471559,
            59.99698250315104
          ],
          [
            0.00875633302297119,
            59.99695635850738
          ],
          [
            0.008746231388916587,
            59.99693291930369
          ],
          [
            0.008733444621604077,
            59.996906773629014
          ],
          [
            0.0087180732849654,
            59.99688388853847
          ],
          [
            0.008700191014719954,
            59.99686100344792
          ],
          [
            0.008679477316618327,
            59.996837566306255
          ],
          [
            0.008656341137998305,
            59.99681141856956
          ],
          [
            0.008631182103518683,
            59.996788533479005
          ],
          [
            0.008603960811490176,
            59.996765648388454
          ],
          [
            0.008574557850749636,
            59.99674331328699
          ],
          [
            0.00854295668750017,
            59.996723692904624
          ],
          [
            0.008509204814368553,
            59.99670080781407
          ],
          [
            0.008473352713166328,
            59.996678471166085
          ],
          [
            0.00843544157453237,
            59.99665885233024
          ],
          [
            0.008395746690897408,
            59.996636514651236
          ],
          [
            0.008354455639989097,
            59.996617443742444
          ],
          [
            0.008311289948624291,
            59.99659782645312
          ],
          [
            0.00826628597769245,
            59.9965754872276
          ],
          [
            0.008219622186618898,
            59.99655641631881
          ],
          [
            0.008171386083227124,
            59.99653734541002
          ],
          [
            0.008121629934754333,
            59.99651827450123
          ],
          [
            0.00807039337673072,
            59.996499203592435
          ],
          [
            0.00801770260825492,
            59.996480132683644
          ],
          [
            0.007963589794727296,
            59.99646160454684
          ],
          [
            0.007908119167115833,
            59.996445805563326
          ],
          [
            0.007851356313944902,
            59.996426734654534
          ],
          [
            0.0077933425211332875,
            59.99640766374574
          ],
          [
            0.00773412818140022,
            59.996389133546906
          ],
          [
            0.00767376891872409,
            59.996373336625425
          ],
          [
            0.007612290192629707,
            59.99635426571663
          ],
          [
            0.00754969029973644,
            59.99633573397127
          ],
          [
            0.007486063756133333,
            59.996319938596315
          ],
          [
            0.007421660745075099,
            59.99630140581994
          ],
          [
            0.007356451196850942,
            59.996285611476004
          ],
          [
            0.007290390616926277,
            59.99626654056721
          ],
          [
            0.007223501191947774,
            59.996248006244315
          ],
          [
            0.007155838619323514,
            59.996232213446895
          ],
          [
            0.007087442872158276,
            59.9962131425381
          ],
          [
            0.00701835104934223,
            59.99619460666868
          ],
          [
            0.006948601989567365,
            59.996178815417785
          ],
          [
            0.006878231040223658,
            59.996159744508994
          ],
          [
            0.006807261289172276,
            59.9961406736002
          ],
          [
            0.0067357110400571435,
            59.99612160269141
          ],
          [
            0.0066635930766055715,
            59.99610253178262
          ],
          [
            0.00659091662147544,
            59.99608346087383
          ],
          [
            0.00651769805047233,
            59.996064389965035
          ],
          [
            0.006443966729553796,
            59.99604531905624
          ],
          [
            0.006369756739708483,
            59.99602624814745
          ],
          [
            0.006295092595001486,
            59.99600717723866
          ],
          [
            0.0062199883504897874,
            59.99598757696108
          ],
          [
            0.006144451300776481,
            59.99596522072382
          ],
          [
            0.006068480730857683,
            59.99594562147725
          ],
          [
            0.005992085563594772,
            59.99592326420897
          ],
          [
            0.005915299092899634,
            59.99590366599342
          ],
          [
            0.005838270992073323,
            59.99588130769412
          ],
          [
            0.005760852592980108,
            59.99586171050958
          ],
          [
            0.0056830063821731785,
            59.99583882541903
          ],
          [
            0.005604740484193428,
            59.99581646557321
          ],
          [
            0.005526051059921087,
            59.9957968699352
          ],
          [
            0.00544694165869878,
            59.99577398484465
          ],
          [
            0.00536741347718255,
            59.995751099754095
          ],
          [
            0.005287476427827737,
            59.99572821466355
          ],
          [
            0.005207125241143107,
            59.995705329573
          ],
          [
            0.005126327015357783,
            59.99568244448245
          ],
          [
            0.0050450540354544824,
            59.9956595593919
          ],
          [
            0.0049633217629210455,
            59.99563667430135
          ],
          [
            0.004881131784826101,
            59.9956137892108
          ],
          [
            0.004798486132154393,
            59.99559090412025
          ],
          [
            0.004715382582892502,
            59.995567499455554
          ],
          [
            0.004631821709756155,
            59.99554131924189
          ],
          [
            0.0045478018963592435,
            59.995518434151336
          ],
          [
            0.0044633377321028345,
            59.995495549060784
          ],
          [
            0.0043784244758264,
            59.99547214645812
          ],
          [
            0.004293061062366592,
            59.99544596418242
          ],
          [
            0.004207253023729389,
            59.99542307909187
          ],
          [
            0.0041209979588007276,
            59.995399678035724
          ],
          [
            0.004034300849063416,
            59.99537349421351
          ],
          [
            0.00394716187551958,
            59.99535060912296
          ],
          [
            0.003859591760926398,
            59.99532720961333
          ],
          [
            0.003771586487922685,
            59.9953010242446
          ],
          [
            0.0036831525150028076,
            59.99527762576598
          ],
          [
            0.0035942989188801973,
            59.99525143936623
          ],
          [
            0.0035050346824531185,
            59.99522804191863
          ],
          [
            0.0034153665284898473,
            59.99520185448787
          ],
          [
            0.0033252925602585107,
            59.99517845807128
          ],
          [
            0.003234823807707185,
            59.995151758798976
          ],
          [
            0.0031439686640552518,
            59.99512556982169
          ],
          [
            0.003052733084612554,
            59.995102174951626
          ],
          [
            0.0029611169617479063,
            59.995075475679315
          ],
          [
            0.0028691258512820086,
            59.9950492851555
          ],
          [
            0.0027767741684663217,
            59.995025891831965
          ],
          [
            0.00268405739705953,
            59.99499919255966
          ],
          [
            0.0025909758179060213,
            59.99497249328735
          ],
          [
            0.0024975405043744826,
            59.994946300701514
          ],
          [
            0.002403884243847209,
            59.99492290944
          ],
          [
            0.0023102633700994558,
            59.994896210167695
          ],
          [
            0.002216696486617225,
            59.994869510895384
          ],
          [
            0.0021229653794336938,
            59.99484281162308
          ],
          [
            0.0020288687694102942,
            59.9948166164597
          ],
          [
            0.0019344028076093132,
            59.99479322777573
          ],
          [
            0.0018395658106002393,
            59.99476652850342
          ],
          [
            0.001744364847881092,
            59.994739829231115
          ],
          [
            0.0016488039296019355,
            59.994713129958804
          ],
          [
            0.0015529039191914328,
            59.9946864306865
          ],
          [
            0.0014566879314262373,
            59.99465973141419
          ],
          [
            0.0013601751538534197,
            59.994633032141884
          ],
          [
            0.0012633692361724677,
            59.99460633286957
          ],
          [
            0.0011662647149825128,
            59.99457963359727
          ],
          [
            0.0010688646081815426,
            59.994552435371105
          ],
          [
            0.0009711667534444693,
            59.99452242035539
          ],
          [
            0.0008731693707021214,
            59.99449572108308
          ],
          [
            0.0007748617895852588,
            59.99446902181077
          ],
          [
            0.0006762411176914007,
            59.99444232253846
          ],
          [
            0.0005773089398001751,
            59.994415126889834
          ],
          [
            0.0004780554792529758,
            59.99438510929658
          ],
          [
            0.0003784784909192477,
            59.994358410024276
          ],
          [
            0.0002785832677539069,
            59.994331710751965
          ],
          [
            0.00017838470031962956,
            59.99430451716537
          ],
          [
            7.790178654749238e-05,
            59.994274497510084
          ],
          [
            -2.2848524096471153e-05,
            59.99424779823778
          ],
          [
            -0.00012385579990408093,
            59.9942206061977
          ],
          [
            -0.0002251067251961992,
            59.99419058499589
          ],
          [
            -0.00032657346979174666,
            59.99416388572359
          ],
          [
            -0.0004282428165376157,
            59.99413669523003
          ],
          [
            -0.0005301171667188114,
            59.994106672481706
          ],
          [
            -0.0006322091962215284,
            59.99407948301916
          ],
          [
            -0.0007345089643928311,
            59.994049459239825
          ],
          [
            -0.0008369868156802373,
            59.9940222708083
          ],
          [
            -0.0009394179652152986,
            59.993992245997944
          ],
          [
            -0.0010410751130448248,
            59.99396554672563
          ],
          [
            -0.0011408478296775163,
            59.99393884745333
          ],
          [
            -0.0012379668750503957,
            59.99391214818102
          ],
          [
            -0.0013322567142751726,
            59.99388544890871
          ],
          [
            -0.0014237061986969027,
            59.9938587496364
          ],
          [
            -0.0015123524264806314,
            59.99383253591476
          ],
          [
            -0.0015982670541640404,
            59.99380965082421
          ],
          [
            -0.0016815539851588064,
            59.99378676573366
          ],
          [
            -0.001762301275242534,
            59.993763880643115
          ],
          [
            -0.001840642223475336,
            59.9937414790412
          ],
          [
            -0.001916629158428473,
            59.99372192515928
          ],
          [
            -0.001990297943664698,
            59.99369952252635
          ],
          [
            -0.0020617034241189416,
            59.99368045161756
          ],
          [
            -0.002130886315110977,
            59.993661380708765
          ],
          [
            -0.0021978881904556598,
            59.99364279071108
          ],
          [
            -0.0022627534881115258,
            59.993627053588455
          ],
          [
            -0.002325542009387651,
            59.99360846255974
          ],
          [
            -0.002386346235598708,
            59.99359320583271
          ],
          [
            -0.002445357948030663,
            59.99357794910568
          ],
          [
            -0.0025027222711604836,
            59.993562692378646
          ],
          [
            -0.0025584984132210006,
            59.993547435651614
          ],
          [
            -0.0026127734035544157,
            59.993532656227124
          ],
          [
            -0.002665719586047106,
            59.99352121368185
          ],
          [
            -0.0027175673441544902,
            59.99350977113657
          ],
          [
            -0.002768504630389843,
            59.993498804347325
          ],
          [
            -0.0028186307977832894,
            59.993491175983806
          ],
          [
            -0.00286789616417182,
            59.99348354762029
          ],
          [
            -0.0029162506595842843,
            59.99347639346628
          ],
          [
            -0.002963732133398554,
            59.99347257928452
          ],
          [
            -0.0030104183214452406,
            59.99346876510276
          ],
          [
            -0.003056436107744726,
            59.993464950921
          ],
          [
            -0.0031018699505771736,
            59.99346160888672
          ],
          [
            -0.0031467441725589753,
            59.99346160888672
          ],
          [
            -0.0031909858014293056,
            59.99346208000318
          ],
          [
            -0.0032345305061778308,
            59.993465894184936
          ],
          [
            -0.003277330633515398,
            59.993469708366696
          ],
          [
            -0.0033193230479757665,
            59.99347352254845
          ],
          [
            -0.0033605373784898643,
            59.993477805784636
          ],
          [
            -0.0034009559313552353,
            59.993485434148155
          ],
          [
            -0.0034405423164310727,
            59.99349353053508
          ],
          [
            -0.0034792782340798863,
            59.99350450557245
          ],
          [
            -0.003517118765295987,
            59.993513067920766
          ],
          [
            -0.0035539740357799893,
            59.99352785817091
          ],
          [
            -0.003589733508482037,
            59.99353976667757
          ],
          [
            -0.003624401466438409,
            59.993554557958724
          ],
          [
            -0.0036580575437215436,
            59.99356693036474
          ],
          [
            -0.0036908440181561415,
            59.99358553685867
          ],
          [
            -0.003722947208801981,
            59.993601257485054
          ],
          [
            -0.003754479330338406,
            59.993619865010004
          ],
          [
            -0.0037853580479323356,
            59.99363558460537
          ],
          [
            -0.003815389064472959,
            59.993655117867
          ],
          [
            -0.0038444389027588203,
            59.99367754112022
          ],
          [
            -0.0038724360454276663,
            59.99369707335083
          ],
          [
            -0.003899323620458117,
            59.99371995844138
          ],
          [
            -0.003925035095753252,
            59.99374330382273
          ],
          [
            -0.0039494428150038926,
            59.99376954331974
          ],
          [
            -0.003972471379754199,
            59.99379288767008
          ],
          [
            -0.003994180146803008,
            59.993819586942394
          ],
          [
            -0.004014673296157009,
            59.99384674444347
          ],
          [
            -0.004033999740640271,
            59.993876800184275
          ],
          [
            -0.004052245953901468,
            59.99390395665434
          ],
          [
            -0.004069582289961718,
            59.993934013426156
          ],
          [
            -0.004086057281020891,
            59.993961168865205
          ],
          [
            -0.004101603120337714,
            59.993991682319276
          ],
          [
            -0.004116144985409782,
            59.994022650909066
          ],
          [
            -0.004129605507172576,
            59.99405652392467
          ],
          [
            -0.004141957045039309,
            59.99408749148345
          ],
          [
            -0.004153158165279867,
            59.99412136553007
          ],
          [
            -0.004163135084111861,
            59.99415233205784
          ],
          [
            -0.004171888466629813,
            59.99418665969366
          ],
          [
            -0.004179474956331703,
            59.994220987329484
          ],
          [
            -0.004185955678122384,
            59.994255766492486
          ],
          [
            -0.0041912782788610025,
            59.9942934572984
          ],
          [
            -0.004195394867872263,
            59.99432823543039
          ],
          [
            -0.0041983091050850725,
            59.99436592726731
          ],
          [
            -0.004200066711188541,
            59.99440070436828
          ],
          [
            -0.004200705234316538,
            59.994438846185865
          ],
          [
            -0.0042003574414738185,
            59.99447653956931
          ],
          [
            -0.004199195535139955,
            59.994511315123766
          ],
          [
            -0.00419735871405866,
            59.99454990434447
          ],
          [
            -0.004194926370616181,
            59.9945914134562
          ],
          [
            -0.004191998129835266,
            59.99462955527378
          ],
          [
            -0.004188652166736202,
            59.994667697091366
          ],
          [
            -0.004184973883867568,
            59.994706284250036
          ],
          [
            -0.004181123117503241,
            59.99474779542379
          ],
          [
            -0.0041771868236919335,
            59.99478638155145
          ],
          [
            -0.004173171639507161,
            59.99482833755079
          ],
          [
            -0.004169100101384813,
            59.99487029355013
          ],
          [
            -0.004165026714818085,
            59.99491224954947
          ],
          [
            -0.004160990031232285,
            59.994954205548815
          ],
          [
            -0.004156986905730364,
            59.99499616154815
          ],
          [
            -0.004153026524709908,
            59.995038117547494
          ],
          [
            -0.004149126185440121,
            59.99508007354684
          ],
          [
            -0.004145316823383513,
            59.995122469732195
          ],
          [
            -0.004141617095504754,
            59.99516780024278
          ],
          [
            -0.004138020200152247,
            59.995209756242126
          ],
          [
            -0.004134516086176861,
            59.99525215088096
          ],
          [
            -0.004131108340461926,
            59.99529792106206
          ],
          [
            -0.0041277578557937815,
            59.99534325363468
          ],
          [
            -0.004124438906153553,
            59.99538564672699
          ],
          [
            -0.004121146744395728,
            59.99543141690809
          ],
          [
            -0.004117879455400087,
            59.995477187089186
          ],
          [
            -0.004114632850948918,
            59.99552295727029
          ],
          [
            -0.004111384913462855,
            59.995568727451385
          ],
          [
            -0.004108086597304405,
            59.99561449763249
          ],
          [
            -0.004104685232125882,
            59.995660267813584
          ],
          [
            -0.004101143486909512,
            59.9957064714791
          ],
          [
            -0.004097464439156268,
            59.99575562287305
          ],
          [
            -0.004093660762203153,
            59.99580139305415
          ],
          [
            -0.004089740049351828,
            59.995847595173146
          ],
          [
            -0.004085668722115668,
            59.99589674811361
          ],
          [
            -0.004081455146078504,
            59.99594294920159
          ],
          [
            -0.0040771208620620615,
            59.995992533564454
          ],
          [
            -0.0040726503335895585,
            59.99604168805144
          ],
          [
            -0.004068045533612229,
            59.9960878875929
          ],
          [
            -0.004063314392174162,
            59.996137471955755
          ],
          [
            -0.004058475627643923,
            59.99618705631862
          ],
          [
            -0.004053543656055636,
            59.996236640681474
          ],
          [
            -0.004048523404850907,
            59.99628622504433
          ],
          [
            -0.004043430109996675,
            59.996335809407185
          ],
          [
            -0.004038256847117461,
            59.99638539377004
          ],
          [
            -0.00403300532673315,
            59.99643540388471
          ],
          [
            -0.004027682216066791,
            59.996488377193025
          ],
          [
            -0.004022285397418454,
            59.99653796155588
          ],
          [
            -0.004016821386829875,
            59.996587970124025
          ],
          [
            -0.004011294528734347,
            59.996640944978864
          ],
          [
            -0.004005722664939338,
            59.99669052934172
          ],
          [
            -0.00400013196621887,
            59.99674053636334
          ],
          [
            -0.0039945466337589575,
            59.996793934907956
          ],
          [
            -0.003988994974254799,
            59.996846911824825
          ],
          [
            -0.0039834785383397586,
            59.99689691729992
          ],
          [
            -0.0039780008376421525,
            59.996950315844536
          ],
          [
            -0.003972570309861414,
            59.99700371438915
          ],
          [
            -0.003967185790589105,
            59.99705669336805
          ],
          [
            -0.003961826783764575,
            59.99710669678112
          ],
          [
            -0.003956484950660314,
            59.99716009532573
          ],
          [
            -0.0039511602340257254,
            59.99721349387035
          ],
          [
            -0.003945856707605206,
            59.99726689241496
          ],
          [
            -0.0039405905237672595,
            59.99732029095958
          ],
          [
            -0.003935426921959618,
            59.997373689504194
          ],
          [
            -0.003930465691244683,
            59.997427088048816
          ],
          [
            -0.0039257638184703745,
            59.99748090203509
          ]
        ]
      }
    }
  ]
}