lap,session_time_s,lap_time_s,lap_distance_m,latitude_deg,longitude_deg,x_east_m,y_north_m
4,566.7850000000001,0.0,0.0,59.997573416878055,-0.003936233271012535,0.0,0.0
4,566.885,0.09999999999990905,4.591991082789816,59.99762787370202,-0.003931616648039223,0.25669149785505224,6.055330910542434
4,566.9850000000001,0.20000000000004547,10.611178543593972,59.99768402866455,-0.003927013699379964,0.5126222472802981,12.299486474836666
4,567.085,0.2999999999999545,16.638654234355357,59.99773742720917,-0.0039223863216648865,0.769910885979138,18.23714192751703
4,567.185,0.3999999999998636,22.66226188020791,59.99779082575378,-0.00391772311431368,1.0291912886029997,24.174797380197397
4,567.2850000000001,0.5,28.702977097075454,59.997845280515726,-0.003913040412550048,1.2895551685844617,30.229899003155953
4,567.385,0.599999999999909,34.775494483293365,59.99790143754028,-0.003908354932064797,1.5500730807794545,36.47428385503406
4,567.4850000000001,0.7000000000000455,40.8912276483425,59.997954836084894,-0.003903658860971856,1.8111794777687362,42.41193930771443
4,567.585,0.7999999999999545,47.03444850918816,59.99800928930031,-0.0038989356945890283,2.073791952319551,48.466868964631416
4,567.685,0.8999999999998636,53.17284763427435,59.99806544787139,-0.0038941910964494304,2.33759556589673,54.71142578113644
4,567.7850000000001,1.0,59.36915785034064,59.9981199000558,-0.00388943358283928,2.6021169138816718,60.766240794968816
4,567.885,1.099999999999909,65.5958970530837,59.998177112782166,-0.003884659645025027,2.867550910870969,67.12801449416816
4,567.9850000000001,1.2000000000000455,71.78970734267506,59.99823327289977,-0.0038798621966751315,3.1342917094541565,73.37274327671476
4,568.085,1.2999999999999545,77.99538073640268,59.99828772353765,-0.003875033139930113,3.402789602043259,79.42738632592021
4,568.185,1.3999999999998636,84.20928833899703,59.998344936264026,-0.0038701645606037216,3.673484393311567,85.78916002511956
4,568.2850000000001,1.5,90.4463067590725,59.998401097928145,-0.0038652583847377246,3.946269181391037,92.03406077229307
4,568.385,1.599999999999909,96.70502196070096,59.99845554701951,-0.0038603177970032323,4.22096694565405,98.08853185545696
4,568.4850000000001,1.7000000000000455,102.98100706399421,59.99851275974588,-0.00385534705405579,4.4973407248575725,104.45030555465631
4,568.585,1.7999999999999545,109.27522677430431,59.998569972472254,-0.003850348188659813,4.775277656194323,110.81207925385564
4,568.685,1.8999999999998636,115.59300663470086,59.99862718519863,-0.0038453294919271346,5.054316743713157,117.17385295446964
4,568.7850000000001,2.0,121.93299446569871,59.998684397925004,-0.0038402928439025255,5.3343534527766465,123.53562665366898
4,568.885,2.099999999999909,128.30072276889513,59.99874161065138,-0.0038352285143144656,5.6159287900879775,129.89740035286835
4,568.9850000000001,2.2000000000000455,134.68270118289973,59.99879882337775,-0.0038301321249546642,5.899286182612655,136.25917405206766
4,569.085,2.2999999999999545,141.0826482465659,59.99885603610412,-0.003824995809112697,6.184863019078903,142.620947751267
4,569.185,2.3999999999998636,147.50269433409326,59.9989132488305,-0.003819820639517667,6.472599649461145,148.98272145188102
4,569.2850000000001,2.5,153.93997416388368,59.99897046155687,-0.0038146000715584888,6.7628599514404515,155.34449515108037
4,569.385,2.599999999999909,160.37562986912937,59.99902767428325,-0.003809318319923055,7.056521588078753,161.7062688502797
4,569.4850000000001,2.7000000000000455,166.8196844413397,59.999084887009616,-0.0038039688009149,7.353950606367655,168.06804254947906
4,569.585,2.7999999999999545,173.2719110492239,59.99914314409665,-0.0037985487676225928,7.6552996047980875,174.5459440164103
4,569.685,2.8999999999998636,179.73233158239307,59.99920312715963,-0.0037930663059073198,7.960118900838972,181.21576551735367
4,569.7850000000001,3.0,186.213748499148,59.99926033988601,-0.0037875171848196663,8.268644264730975,187.57753921655302
4,569.885,3.099999999999909,192.7063665706033,59.999318595426516,-0.003781900799347476,8.580908869848718,194.0552687174427
4,569.9850000000001,3.2000000000000455,199.2066949048167,59.99937858003602,-0.0037762268655265295,8.896372386692562,200.72526218442763
4,570.085,3.2999999999999545,205.73317047670236,59.99943579276239,-0.0037705110834817535,9.214162480920038,207.08703588362698
4,570.185,3.3999999999998636,212.28019408235448,59.999494046756375,-0.0037647793190303913,9.532840497399858,213.56459341847508
4,570.2850000000001,3.5,218.84706217335076,59.99955403291241,-0.0037590774612292857,9.84985488640417,220.23475885150162
4,570.385,3.599999999999909,225.42979898178828,59.99961228587538,-0.003753428525701691,10.163926493498483,226.7122017432651
4,570.4850000000001,3.7000000000000455,232.0249024163867,59.99967227306242,-0.0037478148670039364,10.4760358862746,233.38248181937624
4,570.585,3.7999999999999545,238.63658331086572,59.999730524994376,-0.003742224715468175,10.786838002379156,239.85981006664045
4,570.685,3.8999999999998636,245.2611155784221,59.999791551902504,-0.003736670783957284,11.095625281244317,246.64570201235878
4,570.7850000000001,4.0,251.89987647857484,59.99985154063607,-0.0037311633917292675,11.401824599048174,253.3161540545115
4,570.885,4.099999999999909,258.55312083964526,59.99990979102151,-0.003725689250681095,11.706174915062613,259.7933103371488
4,570.9850000000001,4.2000000000000455,265.213603861759,59.999970817929636,-0.0037202394869408155,12.009168822467162,266.57920228286713
4,571.085,4.2999999999999545,271.8862124814392,60.00003080820972,-0.003714814120855225,12.310805865100322,273.24982628964676
4,571.185,4.399999999999864,278.56979901295654,60.00008905704863,-0.003709414862461715,12.610991117941497,279.72681060624245
4,571.2850000000001,4.5,285.26622997242,60.00015008395677,-0.0037040409507072786,12.909766040806332,286.51270255337545
4,571.385,4.599999999999909,291.9761926539283,60.000211110864896,-0.0036986767123863024,13.208002575363917,293.2985944990938
4,571.4850000000001,4.7000000000000455,298.70015813411356,60.00027213777303,-0.0036933057819716385,13.506610635784106,300.0844864448121
4,571.585,4.7999999999999545,305.43511410496075,60.00033213063065,-0.0036879159585908113,13.806268796776102,306.7553970621326
4,571.685,4.899999999999864,312.18289226269235,60.00039037689203,-0.0036824961277348474,14.107595179837647,313.23209476818744
4,571.7850000000001,5.0,318.94212647016514,60.00045140380016,-0.0036770528948943016,14.410221558370539,320.01798671532043
4,571.885,5.099999999999909,325.71045896344214,60.00051243070829,-0.003671611792381263,14.712728934203687,326.80387866103877
4,571.9850000000001,5.2000000000000455,332.49022663872756,60.000573457616426,-0.0036662044798388294,15.013357060084417,333.5897706067571
4,572.085,5.2999999999999545,339.27909947416936,60.00063448452456,-0.0036608493909765895,15.311081044541796,340.37566255389004
4,572.185,5.399999999999864,346.08012393413037,60.00069551143269,-0.0036555538466557526,15.605493863085599,347.16155449960837
4,572.2850000000001,5.5,352.89072933778016,60.00075653834082,-0.003650320054521528,15.89647278213543,353.9474464453267
4,572.385,5.599999999999909,359.71040731372636,60.00081756524895,-0.003645148955206373,16.18396551306892,360.73333839104504
4,572.4850000000001,5.7000000000000455,366.5401403869657,60.000879621568025,-0.003640026421705111,16.46875725440727,367.63369576986577
4,572.585,5.7999999999999545,373.37523242417126,60.00094343376249,-0.003634941651856145,16.751448403602886,374.72929785337226
4,572.685,5.899999999999864,380.2231688893119,60.001004460670615,-0.0036298971246578357,17.031902284087924,381.5151897990906
4,572.7850000000001,6.0,387.0825601097083,60.00106548757875,-0.003624898609831049,17.309797419860505,388.3010817448089
4,572.885,6.099999999999909,393.95102865697,60.00112651448688,-0.003619961466807736,17.58427985458501,395.08697369052726
4,572.9850000000001,6.2000000000000455,400.8302715360411,60.001188568228415,-0.0036150940646012537,17.85488401532211,401.9870444602218
4,573.085,6.2999999999999545,407.7146540707799,60.00125238300041,-0.0036102959830264145,18.12163306096109,409.0829331528545
4,573.185,6.399999999999864,414.60484562210013,60.00131340990854,-0.003605555169878443,18.385198329592395,415.8688250985728
4,573.2850000000001,6.5,421.5048371170125,60.001374436816675,-0.0036008483156631534,18.646875048814294,422.6547170442911
4,573.385,6.599999999999909,428.41883621968196,60.00143648849618,-0.003596172562068803,18.906821848483936,429.5545585264018
4,573.4850000000001,6.7000000000000455,435.34242047258766,60.001500305330204,-0.0035915244918103837,19.165228502216802,436.6506765052037
4,573.585,6.7999999999999545,442.27438922008264,60.00156133223834,-0.0035868869557725363,19.42304979206872,443.43656845092204
4,573.685,6.899999999999864,449.21526439759543,60.00162338237132,-0.003582245848723223,19.681068843734508,450.3362379669911
4,573.7850000000001,7.0,456.1619747308931,60.00168720075187,-0.0035776001318236356,19.93934317767732,457.4325279118346
4,573.885,7.099999999999909,463.1163734153441,60.001748227659995,-0.0035729497931523972,20.19787482727212,464.21841985755293
4,573.9850000000001,7.2000000000000455,470.0791551922279,60.00181027624646,-0.003568297255824179,20.456527925044483,471.1179174075805
4,574.085,7.2999999999999545,477.05015994906285,60.00187409617353,-0.003563646912643093,20.715057992798528,478.21437931988015
4,574.185,7.399999999999864,484.02649333375433,60.001936143728976,-0.003559003477144009,20.973204070627734,485.11376222540844
4,574.2850000000001,7.5,491.01495510848736,60.00199996468706,-0.0035543670974527825,21.23095680702448,492.2103387793781
4,574.385,7.599999999999909,498.013684331944,60.00206201121149,-0.0035497347556229593,21.488485126032263,499.1096070432364
4,574.4850000000001,7.7000000000000455,505.0220245676188,60.00212583320059,-0.0035451102977668517,21.745574046849867,506.20629824029066
4,574.585,7.7999999999999545,512.0380613031217,60.00218787869401,-0.0035404970316150705,22.002040828943606,513.1054518596497
4,574.685,7.899999999999864,519.0624928974496,60.002251701714115,-0.003535897091361688,22.25776564280377,520.2022577012033
4,574.7850000000001,8.0,526.0964918302033,60.00231374617652,-0.0035313035772920947,22.513133287836148,527.101296676063
4,574.885,8.099999999999909,533.140929186917,60.00237858726641,-0.003526721903142669,22.767841220494905,534.311306869715
4,574.9850000000001,8.200000000000045,540.2006183694707,60.002442411833044,-0.0035221451316901128,23.022276429754015,541.4082846773101
4,575.085,8.299999999999955,547.2673294020888,60.00250445474892,-0.0035175800597475465,23.27606131167616,548.3071516861283
4,575.185,8.399999999999864,554.3385121142712,60.00256828034657,-0.0035130310309022597,23.528953128709276,555.4042441382227
4,575.2850000000001,8.5,561.4142752638732,60.00263032223144,-0.003508503043159306,23.780675269000895,562.3029965025416
4,575.385,8.599999999999909,568.5003343356256,60.002695163321334,-0.003503991565940412,24.031477979518208,569.5130066961937
4,575.4850000000001,8.700000000000045,575.5946004277014,60.00276000441122,-0.0034994763284326743,24.28248926012594,576.723016888431
4,575.585,8.799999999999955,582.6846190524619,60.0028238320709,-0.0034949446832184886,24.53441264710479,583.8203386281092
4,575.685,8.899999999999864,589.7338101514702,60.00288587189374,-0.003490396263496678,24.787268832635593,590.7188617062588
4,575.7850000000001,9.0,596.6664943906751,60.00294970058443,-0.003485852760697003,25.03985050021465,597.8162980890218
4,575.885,9.099999999999909,603.4091665225843,60.00300971560887,-0.0034813108488292396,25.2923446872096,604.4896735468079
4,575.9850000000001,9.200000000000045,609.9597876289641,60.003066928335244,-0.0034767630869547653,25.545164740906916,610.8514472460073
4,576.085,9.299999999999955,616.3154092752401,60.00312414106162,-0.003472227151366019,25.797326851829318,617.2132209452067
4,576.185,9.399999999999864,622.4855897498165,60.00318034345082,-0.003467693770139087,26.049346909775124,623.4626501225154
4,576.2850000000001,9.5,628.4699143978132,60.00323374199544,-0.003463107943983593,26.30428342760816,629.4003055751957
4,576.385,9.599999999999909,634.2526959367523,60.0032861312339,-0.0034584337078350596,26.564135253325844,635.2257311490702
4,576.4850000000001,9.700000000000045,639.8371117066563,60.00333571559676,-0.003453668064649618,26.829069741272516,640.7392683566462
4,576.585,9.799999999999955,645.2211744618646,60.003384291684476,-0.003448859979436377,27.09636388316521,646.1406903270862
4,576.685,9.899999999999864,650.4042967604418,60.00343006186558,-0.0034441073327799283,27.360576592423076,651.2301092867286
4,576.7850000000001,10.0,655.3852537852827,60.00347482480255,-0.003439445724583227,27.619727922429995,656.207527655149
4,576.885,10.099999999999909,660.1658865492836,60.003516780801895,-0.0034348745589027657,27.87385178599468,660.8728283682724
4,576.9850000000001,10.200000000000045,664.7455188772618,60.00355873680123,-0.0034303965215502405,28.122797709868877,665.5381290813958
4,577.085,10.299999999999955,669.1236480005822,60.00359968710297,-0.003426033972839677,28.365322978704025,670.0916011679241
4,577.185,10.399999999999864,673.3088338948685,60.00363682373846,-0.003421777369280739,28.601959414308805,674.2210123308903
4,577.2850000000001,10.5,677.3108381930311,60.003671151374284,-0.0034175957332630348,28.83442887621518,678.0380765509758
4,577.385,10.599999999999909,681.1222759023387,60.00370547901011,-0.003413466775780655,29.063969356492652,681.8551407710613
4,577.4850000000001,10.700000000000045,684.7501470556977,60.003738803010364,-0.0034093684938675435,29.29180459057297,685.56060565355
4,577.585,10.799999999999955,688.2010146420447,60.00376931646443,-0.003405234922280252,29.52160282843753,688.953551625702
4,577.685,10.899999999999864,691.4810538256614,60.003798827313936,-0.003401029626810967,29.75538889388303,692.2350129047564
4,577.7850000000001,11.0,694.5871020563562,60.00382552658624,-0.0033967123711298036,29.99540060597996,695.2038406303893
4,577.885,11.099999999999909,697.5238309141467,60.00385222585855,-0.0033921879896870242,30.246927559035296,698.1726683574368
4,577.9850000000001,11.200000000000045,700.2987832873163,60.003877924072825,-0.003387320225458417,30.51754558995071,701.0301833560138
4,578.085,11.299999999999955,702.9173090994365,60.00390080916337,-0.0033817983893925253,30.82452869467644,703.5748928351277
4,578.185,11.399999999999864,705.3925766595826,60.00392369425392,-0.003375216897503609,31.190424510976513,706.1196023142415
4,578.2850000000001,11.5,707.7290337653552,60.00394557983296,-0.0033673863248784085,31.625764772771454,708.5531710323412
4,578.385,11.599999999999909,709.9564057310653,60.00396465074175,-0.0033582756260071,32.132276326290025,710.6737622649362
4,578.4850000000001,11.700000000000045,712.0704368101374,60.00398372165054,-0.0033479146157836767,32.70830018723711,712.7943534989457
4,578.585,11.799999999999955,714.0685021352582,60.00400179459434,-0.0033362517489598357,33.35670251940912,714.8039759337387
4,578.685,11.899999999999864,715.9920688590714,60.00401804877086,-0.003323143190253037,34.085480411150826,716.6113603960742
4,578.7850000000001,12.0,717.8230381327293,60.004036122745674,-0.0033085704231367685,34.895661392448304,718.6210974753665
4,578.885,12.099999999999909,719.6159736758046,60.004050383054235,-0.0032925586089127827,35.785849504952225,720.206773629682
4,578.9850000000001,12.200000000000045,721.3947279107929,60.00406282150247,-0.0032751423749015135,36.75411859803187,721.589867879457
4,579.085,12.299999999999955,723.2507832064534,60.00407708284205,-0.003256364823002352,37.79807032533126,723.1756586782718
4,579.185,12.399999999999864,724.9012959283428,60.004088525387324,-0.003236265595751669,38.91550330999039,724.4480134178287
4,579.2850000000001,12.5,726.716025995818,60.0040999679326,-0.00321481532614999,40.10804863951623,725.7203681588003
4,579.385,12.599999999999909,728.9472511935426,60.00411041663694,-0.003192002939354114,41.376322614865146,726.882212675723
4,579.4850000000001,12.700000000000045,730.9337951314691,60.00411903832588,-0.003167868172040855,42.7181165903607,727.8409020698529
4,579.585,12.799999999999955,733.6342105477424,60.00412849525132,-0.0031425611738253403,44.125081137935794,728.89246565314
4,579.685,12.899999999999864,735.7654982841635,60.00413330172749,-0.0031162615108289607,45.58723678013394,729.4269221562515
4,579.7850000000001,13.0,738.8144730717003,60.00413993831211,-0.00308917085066015,47.093367266465265,730.1648777142392
4,579.885,13.099999999999909,740.8446258300671,60.00414375249387,-0.003061495366376506,48.63201346223573,730.5889959621728
4,579.9850000000001,13.200000000000045,743.627418796327,60.00414756667562,-0.003033388990291136,50.19461538164661,731.0131142072771
4,580.085,13.299999999999955,745.3918839753075,60.004150390625,-0.0030048890731254824,51.77909724148182,731.327123486202
4,580.185,13.399999999999864,747.5977348151557,60.004150390625,-0.0029759712842152633,53.38681327964248,731.327123486202
4,580.2850000000001,13.5,749.0963973058523,60.00414940142363,-0.0029467281493724138,55.012618102606794,731.2171291602779
4,580.385,13.599999999999909,750.7354202253312,60.004146575927734,-0.0029172572716580493,56.65108616052979,730.9029479167261
4,580.4850000000001,13.700000000000045,752.5354621103764,60.004145587757385,-0.002887652243585916,58.29701097568818,730.7930682353012
4,580.585,13.799999999999955,754.1188155639231,60.00414078592078,-0.0028579817640472347,59.94657814171,730.2591276288997
4,580.685,13.899999999999864,755.757388047268,60.0041341446966,-0.002828372326928613,61.592753538960956,729.520656174202
4,580.7850000000001,14.0,757.4165454501889,60.004129343891016,-0.002798968254803575,63.227510012873324,728.986830210885
4,580.885,14.099999999999909,759.1519736395356,60.00412072941918,-0.002769919379279893,64.8425229114591,728.0289433240061
4,580.9850000000001,14.200000000000045,760.9561884472298,60.00411027246672,-0.0027412329216208843,66.4373890524921,726.8661816567478
4,581.085,14.299999999999955,762.828226300635,60.00410165902589,-0.0027127539666246805,68.02071745641203,725.9084094129535
4,581.185,14.399999999999864,764.7503865801216,60.004091201042414,-0.0026843140812530483,69.60187609289471,724.745533101196
4,581.2850000000001,14.5,766.7324093378625,60.004082588632606,-0.0026558561105000413,71.18403872103686,723.7878755019009
4,581.385,14.599999999999909,768.7822141325859,60.004070162556545,-0.002627517909985142,72.75954719056035,722.4061569762146
4,581.4850000000001,14.700000000000045,770.8810429771898,60.00405588884479,-0.0025994001766280242,74.32280119816065,720.8189904533111
4,581.585,14.799999999999955,773.046515183187,60.004043463799746,-0.0025715079249559584,75.87351783913395,719.437386572124
4,581.685,14.899999999999864,775.2653290694424,60.004028207072714,-0.002543830723831641,77.41228238450371,717.740913586048
4,581.7850000000001,15.0,777.5444827974409,60.00401295034568,-0.0025162824670019895,78.94387882588423,716.0444405999722
4,581.885,15.099999999999909,779.8885030516055,60.00399769361865,-0.0024886422310941647,80.48058966271523,714.3479676124815
4,581.9850000000001,15.200000000000045,782.2993230514867,60.00398145645387,-0.002460488900508523,82.04582855528119,712.5424747723594
4,582.085,15.299999999999955,784.7775559731577,60.003963365467314,-0.002431309912268314,83.66809327706369,710.5308460708538
4,582.185,15.399999999999864,787.3297288923544,60.00394712933356,-0.0024007473730773567,85.36727675635713,708.7254678752308
4,582.2850000000001,15.5,789.961967887886,60.003929037315984,-0.0023685700006669972,87.15624222789447,706.713724529226
4,582.385,15.599999999999909,792.6592058166204,60.00391280221324,-0.0023346202020259957,89.04374650612256,704.9084609781023
4,582.4850000000001,15.700000000000045,795.4326904903598,60.00389373130445,-0.002298854057223956,91.03223774757073,702.7878697440927
4,582.585,15.799999999999955,798.2665250346282,60.00387563774036,-0.0022612382765517082,93.12356171337662,700.775954433461
4,582.685,15.899999999999864,801.1645965986282,60.00386038101332,-0.002221662836075309,95.32383264364329,699.0794814459705
4,582.7850000000001,16.0,804.1176433918107,60.00384414797261,-0.0021800247662983946,97.63878068606324,697.2744471824307
4,582.885,16.09999999999991,807.1081079534484,60.00382605286199,-0.002136341801575266,100.0674214016915,695.2623599043427
4,582.9850000000001,16.200000000000045,810.1588772198543,60.00381079613496,-0.0020907364010528794,102.60293951364248,693.5658869182668
4,583.085,16.299999999999955,813.2394027667588,60.003796514175086,-0.002043280249685424,105.24135230961757,691.9778032450279
4,583.185,16.399999999999864,816.3388225468518,60.00378409737816,-0.0019940742147705466,107.97705042776931,690.5971165141763
4,583.2850000000001,16.5,819.6514853207143,60.00376981438727,-0.001943414452831502,110.79357470140928,689.008918196438
4,583.385,16.59999999999991,823.138636979044,60.003758371842,-0.0018913687217985311,113.68715023453439,687.7365634568811
4,583.4850000000001,16.700000000000045,826.595626761179,60.00374692929672,-0.0018377915020540683,116.66587207437863,686.4642087159095
4,583.585,16.799999999999955,831.1294618358934,60.00373645894107,-0.0017827047852321306,119.72851584914277,685.2999566800634
4,583.685,16.899999999999864,835.9488604792484,60.00372883057755,-0.001726105690775745,122.87523813959292,684.4517201856107
4,583.7850000000001,17.0,840.4691528729094,60.003722173372644,-0.001668156902724681,126.09699748005885,683.7114717517843
4,583.885,17.09999999999991,844.2556866759069,60.003717388547784,-0.0016091197114767668,129.37926516872713,683.1794227675962
4,583.9850000000001,17.200000000000045,847.6071630069047,60.00371073031186,-0.0015489707273496256,132.7233488382099,682.4390596906851
4,584.085,17.299999999999955,850.8546447245284,60.0037069161301,-0.0014877997854457281,136.1242445703258,682.0149414441661
4,584.185,17.399999999999864,854.1926883127078,60.00370407104492,-0.0014257168794058759,139.57584063437758,681.6985819692748
4,584.2850000000001,17.5,857.5329493899839,60.00370407104492,-0.001362831054564735,143.0720702927592,681.6985819692748
4,584.385,17.59999999999991,860.9167994326493,60.00370407104492,-0.001299223687613208,146.60841514295836,681.6985819692748
4,584.4850000000001,17.700000000000045,864.3378898533448,60.00370407104492,-0.0012350313651334642,150.17728145362574,681.6985819692748
4,584.585,17.799999999999955,867.8104743328023,60.003705038079474,-0.001170394802458702,153.77084370176013,681.8061114533186
4,584.685,17.899999999999864,871.3496319995844,60.00370885226123,-0.0011054755743855678,157.3801142687829,682.2302296998375
4,584.7850000000001,18.0,874.9138970354251,60.003712666442986,-0.001040423276093508,160.99678265265175,682.6543479463566
4,584.885,18.09999999999991,878.524481436793,60.00371744611277,-0.0009754073471042648,164.61142621285413,683.1858237122924
4,584.9850000000001,18.200000000000045,882.1907646041662,60.003725074476286,-0.0009105217338183978,168.2188169167517,684.0340602053303
4,585.085,18.299999999999955,885.8866991442236,60.003732702839805,-0.0008457857313551793,171.81788895923904,684.8822966983684
4,585.185,18.399999999999864,889.655884971292,60.00374129514483,-0.000781126929047704,175.41266556238344,685.8377187447816
4,585.2850000000001,18.5,893.4819452382616,60.0037527376901,-0.0007164103718341588,179.01064448602162,687.1100734843385
4,585.385,18.59999999999991,897.3379037523371,60.00376418023538,-0.0006513604269229277,182.62715732619245,688.3824282253102
4,585.4850000000001,18.700000000000045,901.3015281244149,60.00377562278065,-0.0005855755085779253,186.2845307970819,689.6547829648671
4,585.585,18.799999999999955,905.3080434621479,60.00378706532592,-0.000518871172522226,189.99301931469896,690.927137704424
4,585.685,18.899999999999864,909.3216253886718,60.0037985078712,-0.00045125098884060433,193.75242436870528,692.199492443981
4,585.7850000000001,19.0,913.3391168067096,60.003809950416475,-0.000382685437341164,197.56438714841565,693.4718471835379
4,585.885,19.09999999999991,917.3810096190489,60.00382139296175,-0.00031321100714978704,201.426878963689,694.7442019230948
4,585.9850000000001,19.200000000000045,921.4459484308139,60.00383187568958,-0.0002431324912585085,205.32295738673034,695.9098296858589
4,586.085,19.299999999999955,925.5199105653659,60.00384046335503,-0.00017273299124547094,209.23688611430043,696.864735835562
4,586.185,19.399999999999864,929.6202630343861,60.003850947113875,-0.00010181555775831771,213.17960292394963,698.030478239996
4,586.2850000000001,19.5,933.7938551844031,60.003858575477395,-2.9938194249336424e-05,217.17569644785348,698.8787147344486
4,586.385,19.59999999999991,938.0179335327335,60.003866203840914,4.2915181629835065e-05,221.22605175633086,699.7269512274867
4,586.4850000000001,19.700000000000045,942.239752662922,60.00387383220443,0.0001167029103556673,225.32835271424727,700.5751877205246
4,586.585,19.799999999999955,946.6412169646759,60.00388050384354,0.00019140069295244766,229.4812516886639,701.3170411674381
4,586.685,19.899999999999864,951.1203676012749,60.00388527423419,0.00026697763379811523,233.68303449802275,701.8474851385392
4,586.7850000000001,20.0,955.6604650870329,60.003891946904325,0.00034339643379610043,237.93161412263686,702.589453229952
4,586.885,20.09999999999991,960.1979275804508,60.003895761086085,0.00042062735452542846,242.22535426644112,703.013571476471
4,586.9850000000001,20.200000000000045,964.6352060112656,60.00389957526784,0.0004986432985842014,246.56273830946492,703.4376897215753
4,587.085,20.299999999999955,968.978165812239,60.003902435302734,0.0005774191870415048,250.94237556759546,703.7557115325108
4,587.185,20.399999999999864,973.3063627129153,60.00390338893409,0.0006569216939214673,255.36241709958486,703.861750646552
4,587.2850000000001,20.5,977.6730760212868,60.00390625,0.0007371053998891947,259.8203231607435,704.179887100572
4,587.385,20.59999999999991,982.0937298251032,60.00390625,0.0008179131113112056,264.3129326577342,704.179887100572
4,587.4850000000001,20.700000000000045,986.5638150505995,60.00390625,0.0008992840526215105,268.8368556506848,704.179887100572
4,587.585,20.799999999999955,991.0672518800438,60.003905298430674,0.000981166883824785,273.3892417582495,704.0740772727
4,587.685,20.899999999999864,995.5996189079916,60.003901484248914,0.0010635256098294355,277.96809801367584,703.649959026181
4,587.7850000000001,21.0,1000.1736977277576,60.003897670067154,0.001146332614086434,282.5718774110079,703.225840779662
4,587.885,21.09999999999991,1004.7965853975807,60.003893855885394,0.001229548987598585,287.1984167580003,702.8017225317284
4,587.9850000000001,21.200000000000045,1009.4605386256011,60.00388909219634,0.0013131236948672666,291.8448828617946,702.272023746336
4,588.085,21.299999999999955,1014.1630065218712,60.003882412824616,0.0013970185367317358,296.50915652441546,701.5293104706292
4,588.185,21.399999999999864,1018.8962888414511,60.00387765016657,0.001481218573856281,301.19039013682396,700.9997263283213
4,588.2850000000001,21.5,1023.6604007517161,60.00387002180306,0.0015657257692110447,305.8887145419244,700.1514898352833
4,588.385,21.59999999999991,1028.4566311521276,60.00386144599427,0.001650572462109977,310.60591929740184,699.1979020881265
4,588.4850000000001,21.700000000000045,1033.2874981527937,60.003850950378755,0.0017358005837027175,315.3443404666326,698.0308412797315
4,588.585,21.799999999999955,1038.1473023390217,60.00384332201524,0.0018213812472971588,320.10234931536036,697.1826047866936
4,588.685,21.899999999999864,1043.0314731354179,60.00383569365172,0.0019072647006534553,324.87719326871223,696.3343682922409
4,588.7850000000001,22.0,1047.9445616353394,60.00382711990497,0.0019936476441084223,329.6798128667952,695.3810098340825
4,588.885,22.09999999999991,1052.885228784314,60.003816622227426,0.0020805439841666508,334.5109864252847,694.2137197381037
4,588.9850000000001,22.200000000000045,1057.8527501043488,60.00380804951168,0.0021679654925521605,339.3713491007042,693.26047592303
4,589.085,22.299999999999955,1062.8627952708896,60.00379755080313,0.0022559145312374723,344.2610518362934,692.0930711825519
4,589.185,22.399999999999864,1067.8831562870516,60.00378992243961,0.002344384336272291,349.1796937067396,691.2448346895139
4,589.2850000000001,22.5,1072.922723920128,60.00378135127039,0.00243337217492497,354.1271425627623,690.2917628404817
4,589.385,22.59999999999991,1077.9866230447064,60.00377085101531,0.0025228749039134476,359.10322922539183,689.1241861339621
4,589.4850000000001,22.700000000000045,1083.0781100544157,60.0037632226518,0.0026128884083314826,364.10769894666106,688.2759496409241
4,589.585,22.799999999999955,1088.194051766011,60.0037546530291,0.0027034055190583895,369.14017378346216,687.3230497579335
4,589.685,22.899999999999864,1093.3324223904137,60.003744151227494,0.0027944225636077047,374.2004553891552,686.1553010853722
4,589.7850000000001,23.0,1098.4997375064022,60.00373652286398,0.0028859344058438036,379.28823111842405,685.3070645923343
4,589.885,23.09999999999991,1103.7004239411654,60.003727954787806,0.00297793068835979,384.4029466388068,684.3543366753853
4,589.9850000000001,23.200000000000045,1108.9402214940103,60.003717451439684,0.0030704142509949007,389.5447659256812,683.1864160381971
4,590.085,23.299999999999955,1114.2133652730283,60.00370888439452,0.003163388667046698,394.7138650070981,682.2338027643327
4,590.185,23.399999999999864,1119.5174254871592,60.003698380015386,0.0032568507114338527,399.91008755200306,681.0657674826452
4,590.2850000000001,23.5,1124.8452428836888,60.00369075165187,0.0033507912998074667,405.1328994962659,680.2175309896073
4,590.385,23.59999999999991,1130.198656045062,60.00368218615323,0.0034452023514834917,410.3818745636223,679.2650896817844
4,590.4850000000001,23.700000000000045,1135.5784806111978,60.00367168022757,0.0035400739281784693,415.65646675706563,678.0968824340554
4,590.585,23.799999999999955,1140.9870926888755,60.00366405186405,0.00363539496023657,420.9560304623178,677.2486459410175
4,590.685,23.899999999999864,1146.4266124293408,60.003655487911935,0.003731159177672578,426.28024097684306,676.2963765978216
4,590.7850000000001,24.0,1151.895596565919,60.00364498043975,0.0038273666553464854,431.6291092740214,675.1279973854656
4,590.885,24.09999999999991,1157.3909909195029,60.00363641751865,0.003924016316221856,437.0025502750349,674.175842686769
4,590.9850000000001,24.200000000000045,1162.9063538438074,60.003625909015454,0.004021110283117088,442.40070755045195,673.0073488313284
4,591.085,24.299999999999955,1168.4223293338298,60.003618280651935,0.004118645492780665,447.82337861673017,672.1591123368758
4,591.185,24.399999999999864,1173.956871293332,60.00360971927736,0.004216617032999709,453.2703157972931,671.2071296042207
4,591.2850000000001,24.5,1179.5112888855904,60.00359920922764,0.0043150224828865475,458.74139178164756,670.0384637827386
4,591.385,24.59999999999991,1185.083675787245,60.00359064888408,0.004413857053140569,464.2363134407609,669.0865956931681
4,591.4850000000001,24.700000000000045,1190.6740944054097,60.00358013780334,0.004513117393062114,469.7549217058175,667.9178152271867
4,591.585,24.799999999999955,1196.2824822999828,60.00357250943983,0.004612796986035862,475.29682004986,667.0695787341488
4,591.685,24.899999999999864,1201.9113731754871,60.003563950642786,0.004712888406820281,480.8616226539394,666.1178826106199
4,591.7850000000001,25.0,1207.5752958607309,60.00355343801552,0.00481338016635138,486.44869853378776,664.9489301785969
4,591.885,25.09999999999991,1213.2895387958165,60.00354580965201,0.004914255315701706,492.0570699083653,664.1006936869736
4,591.9850000000001,25.200000000000045,1219.0308195875512,60.003537252401486,0.005015491183937514,497.68550430974335,663.1491695280716
4,592.085,25.299999999999955,1224.7875694110267,60.00352673822771,0.005117064902075071,503.3327383660403,661.9800451314218
4,592.185,25.399999999999864,1230.5603194560583,60.00351818200821,0.005218957585930584,508.9976925706626,661.0286356170191
4,592.2850000000001,25.5,1236.3503858143374,60.003507666803415,0.005321145030108816,514.6790511611614,659.8593965758699
4,592.385,25.59999999999991,1242.15523570694,60.00349911161492,0.005423616515820545,520.3761878958319,658.9081017059665
4,592.4850000000001,25.700000000000045,1247.9742368735026,60.00348859537911,0.005526367595836403,526.0888862037261,657.738748020318
4,592.585,25.799999999999955,1253.811799659635,60.003480041221636,0.005629411462286469,531.8178485021808,656.7875677934992
4,592.685,25.899999999999864,1259.6704865026604,60.00346859867636,0.005732759573715286,537.5637507567999,655.5152130539423
4,592.7850000000001,26.0,1265.5485393474007,60.003458080894035,0.005836357540256611,543.3235385176122,654.3456874050815
4,592.885,26.09999999999991,1271.4356151932457,60.00344952828308,0.005940132111982046,549.0931304616985,653.3946791428897
4,592.9850000000001,26.200000000000045,1277.3373672012742,60.003438085737805,0.0060442489247217015,554.8817756027435,652.1223244033328
4,593.085,26.299999999999955,1283.2596510219846,60.00342756640895,0.00614870137376081,560.6890751924374,650.9526267870158
4,593.185,26.399999999999864,1289.2012599868913,60.00341901534452,0.006253491658892697,566.5151423490412,650.0017904922802
4,593.2850000000001,26.5,1295.1588318552083,60.00340757279925,0.006358622137853436,572.3601496857876,648.7294357527232
4,593.385,26.59999999999991,1301.1338794417106,60.00339705192387,0.0064640903200164235,578.2239261811383,647.5595661703647
4,593.4850000000001,26.700000000000045,1307.1223541229108,60.00338850240596,0.006569888373414997,584.1060268996108,646.608901840256
4,593.585,26.799999999999955,1313.1216399623645,60.00337705986069,0.006676011193793092,590.0062109236488,645.336547100699
4,593.685,26.899999999999864,1319.141520664955,60.003366537438794,0.006782452152216069,595.9240761422021,644.1665055537136
4,593.7850000000001,27.0,1325.1819330647759,60.0033579894674,0.006889205838192112,601.8593119194938,643.2160131896464
4,593.885,27.09999999999991,1331.2423227306435,60.00334654692213,0.0069962692057887145,607.8117931197927,641.9436584500895
4,593.9850000000001,27.200000000000045,1337.3212691662152,60.00333510437685,0.007103634111202291,613.7810409097558,640.6713037091179
4,594.085,27.299999999999955,1343.4201009343092,60.003324579892926,0.007211300718101462,619.7670557971818,639.5010328745486
4,594.185,27.399999999999864,1349.535051777505,60.003316033983566,0.007319265750727043,625.7696453881257,638.5507697980653
4,594.2850000000001,27.5,1355.6609626923223,60.003304591438294,0.007427527347188984,631.7887521919162,637.2784150585084
4,594.385,27.59999999999991,1361.7996875257338,60.00329314889302,0.007536083757476281,637.824251786548,636.0060603189514
4,594.4850000000001,27.700000000000045,1367.9506107262177,60.003282622347065,0.007644933808804444,643.8760700626088,634.8355601967983
4,594.585,27.799999999999955,1374.1161207929022,60.003274078499736,0.0077540762534267045,649.9441269264327,633.8855264078989
4,594.685,27.899999999999864,1380.308684521453,60.003262635954464,0.007863506697420648,656.0282259546703,632.6131716669272
4,594.7850000000001,28.0,1386.5212407420954,60.003251193409184,0.007973180894063108,662.1258789661784,631.3408169273703
4,594.885,28.09999999999991,1392.7237513782757,60.003240664801204,0.008082671927681041,668.213341567508,630.1700875176333
4,594.9850000000001,28.200000000000045,1398.832118568245,60.003232123015906,0.008190639870607629,674.2161067914464,629.2202830163177
4,595.085,28.299999999999955,1404.7739742710223,60.003220680470626,0.008295718477226356,680.0582653269049,627.9479282753462
4,595.185,28.399999999999864,1410.519355768541,60.00321015031612,0.008397387898194239,685.7108763328287,626.7770269009822
4,595.2850000000001,28.5,1416.074613495766,60.0032025219526,0.008495577867776093,691.1700121448716,625.9287904079442
4,595.385,28.59999999999991,1421.4481890641196,60.003193982229334,0.00859028644377114,696.4356041376834,624.9792151927979
4,595.4850000000001,28.700000000000045,1426.64084322871,60.003183450528304,0.008681633774665076,701.5143437960228,623.8081418523924
4,595.585,28.799999999999955,1431.648488816126,60.00317582216479,0.008769745164953182,706.4131457625259,622.9599053593544
4,595.685,28.899999999999864,1436.4724359574318,60.00316819380127,0.008854705513374526,711.1367606459052,622.1116688663164
4,595.7850000000001,29.0,1441.1161678603337,60.00316056543775,0.00893654643630229,715.6869461586355,621.2634323718638
4,595.885,29.09999999999991,1445.5799258574086,60.00315293707424,0.009015325926777059,720.0669264757262,620.4151958802405
4,595.9850000000001,29.200000000000045,1449.8728319437128,60.00314530871072,0.009091127636036594,724.2813522908248,619.566959385788
4,596.085,29.299999999999955,1453.998820024247,60.00313768034721,0.009164019746139203,728.3340142606404,618.71872289275
4,596.185,29.399999999999864,1457.9616120310861,60.00313005198369,0.009234032718544942,732.2266058934563,617.870486399712
4,596.2850000000001,29.5,1461.7692068057027,60.00312333034036,0.009301168903354227,735.9592477058148,617.1230727306577
4,596.385,29.59999999999991,1465.4117454753687,60.00311860995392,0.009365422815512038,739.5316223081979,616.5981889816974
4,596.4850000000001,29.700000000000045,1468.8962075974914,60.0031109815904,0.009426780771027573,742.9430236832201,615.7499524886595
4,596.585,29.799999999999955,1472.2279392813443,60.003104258400555,0.00948527060427812,746.1949567240637,615.0023668535636
4,596.685,29.899999999999864,1475.4094475368797,60.00309953956064,0.00954093135087917,749.2895790619012,614.4776550706448
4,596.7850000000001,30.0,1478.4398895090947,60.003091911197124,0.009593820681427995,752.23015256395,613.6294185776069
4,596.885,30.09999999999991,1481.3260691987618,60.003084282833605,0.009644006828773054,755.0204379015403,612.7811820831542
4,596.9850000000001,30.200000000000045,1484.066670026646,60.00307665447009,0.009691566130460967,757.6646791607927,611.9329455915309
4,597.085,30.299999999999955,1486.681317920135,60.00306902610657,0.00973655552575182,760.1660419432459,611.0847090970783
4,597.185,30.399999999999864,1489.1608205460846,60.00306139774305,0.009779153426245406,762.5344453503743,610.2364726040404
4,597.2850000000001,30.5,1491.549075429238,60.00305376937954,0.009819550855950137,764.7805097004757,609.3882361110024
4,597.385,30.59999999999991,1493.8275344989079,60.00304523996642,0.009857863966239049,766.9107030663421,608.4398073337754
4,597.4850000000001,30.700000000000045,1496.0266163118238,60.00303469795524,0.009894161839323172,768.928879174786,607.2675875554505
4,597.585,30.799999999999955,1498.136801214683,60.00302616957313,0.00992850942784454,770.8386024200005,606.3192734227229
4,597.685,30.899999999999864,1500.177035669598,60.00301472702786,0.009961021314559617,772.6463005981071,605.0469186831659
4,597.7850000000001,31.0,1502.147137999856,60.00300238549501,0.009991776697560493,774.3563534892381,603.6746009470038
4,597.885,31.09999999999991,1504.0537457592206,60.00298802724004,0.010020881602746032,775.9746689473784,602.0780336345761
4,597.9850000000001,31.200000000000045,1505.9325453079036,60.00297568673821,0.010048439019172864,777.5069255380596,600.7058305429133
4,598.085,31.299999999999955,1507.839047982579,60.00296043001117,0.010074487390176561,778.9553185032661,599.0093575568374
4,598.185,31.399999999999864,1509.6184568853494,60.00294517328414,0.010099057168868511,780.3215066854015,597.3128845693468
4,598.2850000000001,31.5,1511.5332299882045,60.00292902014707,0.010122087380532331,781.6021105993605,595.5167351972066
4,598.385,31.59999999999991,1513.8558648246226,60.00291084513281,0.010143406680706676,782.7876172902859,593.495763027719
4,598.4850000000001,31.700000000000045,1516.0737987191808,60.002894693026754,0.010162865507032545,783.869663623698,591.699728300078
4,598.585,31.799999999999955,1520.0151698706875,60.00287562211796,0.010180475093372532,784.8489326194318,589.5791370660686
4,598.685,31.899999999999864,1524.7469504123576,60.00285655120917,0.010196387683635837,785.7338539852996,587.4585458334736
4,598.7850000000001,32.0,1529.675056013157,60.00283748030038,0.01021053379944398,786.5205648367667,585.3379545994641
4,598.885,32.09999999999991,1534.3861924064327,60.00281751607459,0.010222714440632105,787.1980118639899,583.1180309114734
4,598.9850000000001,32.200000000000045,1538.347339386638,60.00279552378553,0.010232824396262786,787.7603590703964,580.6725965647984
4,599.085,32.299999999999955,1541.1562032789955,60.002775560590756,0.010240801253893267,788.2040880965627,578.4527875198924
4,599.185,32.399999999999864,1545.332607183081,60.00275356727068,0.010246583781193355,788.5258428248218,576.0072385301327
4,599.2850000000001,32.5,1548.9696348929194,60.002733605106926,0.010250152161278855,788.7244729809869,573.7875441297258
4,599.385,32.59999999999991,1551.6874781938063,60.002710720016374,0.010251539258331973,788.8018646616326,571.2428346491973
4,599.4850000000001,32.700000000000045,1555.3340879365378,60.00268783492583,0.01025084181114807,788.763361321407,568.6981251700835
4,599.585,32.799999999999955,1558.5552510150817,60.00266494983528,0.0102480480278876,788.6083072451321,566.1534156909695
4,599.685,32.899999999999864,1561.2230248089027,60.00264206474473,0.010243110350366588,788.3340582024307,563.608706210441
4,599.7850000000001,33.0,1564.5606933194206,60.002619179654175,0.010235957629380356,787.9366583603648,561.0639967299124
4,599.885,33.09999999999991,1567.698881066553,60.00259629456363,0.010226663675504734,787.4202112670619,558.5192872507986
4,599.9850000000001,33.200000000000045,1570.3797766079026,60.00257340947308,0.010215251029923168,786.785970030553,555.9745777716847
4,600.085,33.299999999999955,1573.4439018793778,60.00255052438253,0.010201665280038404,786.0309093277091,553.4298682911563
4,600.185,33.399999999999864,1576.130212445784,60.002527639291976,0.010185843892585679,785.1515523427678,550.8851588106277
4,600.2850000000001,33.5,1579.0905538927939,60.00250475420143,0.010167866588408186,784.1523312242842,548.3404493315138
4,600.385,33.59999999999991,1581.7947484995605,60.00248186911088,0.010147757309525917,783.0345769641781,545.7957398509852
4,600.4850000000001,33.700000000000045,1584.7158063786808,60.00245898402033,0.010125444538856177,781.7943132675181,543.2510303718714
4,600.585,33.799999999999955,1587.5605297262457,60.00243698348315,0.010100885391608787,780.4291452843198,540.8046788748609
4,600.685,33.899999999999864,1590.3126065840108,60.0024170285365,0.01007408572396087,778.9393848641953,538.5857869802903
4,600.7850000000001,34.0,1593.152108484354,60.00239414344595,0.010045047715575515,777.3252116777923,536.0410775011763
4,600.885,34.09999999999991,1595.9648070513736,60.002372141362244,0.010013805977716237,775.5885049826798,533.5945540381242
4,600.9850000000001,34.200000000000045,1598.8243507968727,60.00235307045345,0.009980443798622628,773.7338713994458,531.4739628055294
4,601.085,34.299999999999955,1601.7297178083504,60.00233399954466,0.009945133548806585,771.7709286551349,529.3533715715198
4,601.185,34.399999999999864,1604.6786924360542,60.002314047175545,0.009908099596935886,769.7121612782043,527.1347662874902
4,601.2850000000001,34.5,1607.6952364670171,60.00229204302982,0.009869664982661555,767.5755429236683,524.6880135382687
4,601.385,34.59999999999991,1610.7799831678997,60.00227297212103,0.009829852285385517,765.3622710085385,522.5674223042591
4,601.4850000000001,34.700000000000045,1613.9414749678228,60.002253901212235,0.009788457695610348,763.0610482560472,520.4468310716643
4,601.585,34.799999999999955,1617.144744128424,60.00223483030344,0.009745657955018756,760.6817010214133,518.3262398376547
4,601.685,34.899999999999864,1620.4030619521182,60.00221575939465,0.009701887709544594,758.2483945588273,516.2056486050599
4,601.7850000000001,35.0,1623.662050795035,60.00219668848586,0.00965721790028218,755.765072985672,514.0850573710503
4,601.885,35.09999999999991,1626.920943560205,60.00217849542884,0.009611413640683474,753.2186671010749,512.0620789362648
4,601.9850000000001,35.200000000000045,1630.2480642125474,60.00216236136554,0.009564096081061756,750.5881003590817,510.2680504739218
4,602.085,35.299999999999955,1633.6171900202594,60.00214329045675,0.009515416039486375,747.8818145664886,508.1474592399122
4,602.185,35.399999999999864,1637.040845200553,60.00212421954796,0.009465564238483831,745.1103799740546,506.0268680073173
4,602.2850000000001,35.5,1640.5210036600267,60.00210514863917,0.009414647348784656,742.2797271844759,503.9062767733078
4,602.385,35.59999999999991,1644.0564890300886,60.002086953004614,0.009362754178084538,739.3947838794277,501.8830117293961
4,602.4850000000001,35.700000000000045,1647.6421484438818,60.00207082151885,0.009310010130207519,736.4625090763795,500.0892698761793
4,602.585,35.799999999999955,1651.276315906202,60.00205175061006,0.009256532794854755,733.4894962225088,497.9686786421697
4,602.685,35.899999999999864,1654.9664274619577,60.002032679701266,0.009202440168956,730.4822728100387,495.8480874095748
4,602.7850000000001,36.0,1658.7105456649122,60.00201273558027,0.009147855023673592,727.447674227828,493.6303992758806
4,602.885,36.09999999999991,1662.5055779913698,60.001990723186424,0.009092886784397044,724.3917972382151,491.1827293749091
4,602.9850000000001,36.200000000000045,1666.3464257407818,60.001970780096435,0.009037626831827484,721.3196770003102,488.9651558842995
4,603.085,36.299999999999955,1670.2471450587784,60.001948766671575,0.008982101603897197,718.2328286221011,486.51737134024336
4,603.185,36.399999999999864,1674.2011915825035,60.001928824612605,0.008926309716340668,715.1311300686698,484.29991249271836
4,603.2850000000001,36.5,1678.199500842968,60.001905939522054,0.008870256835543744,712.0149506224272,481.7552030136045
4,603.385,36.59999999999991,1682.2301288120668,60.0018830544315,0.008813944054890084,708.8843191087625,479.210493533076
4,603.4850000000001,36.700000000000045,1686.3191961685613,60.00186016934096,0.008757473509361256,705.7449140150313,476.6657840539621
4,603.585,36.799999999999955,1690.4228959410405,60.00183641516226,0.008701153069653017,702.6138615675641,474.024436247502
4,603.685,36.899999999999864,1694.5493662578745,60.00181058446259,0.008644763880959394,699.4790065155954,471.1521895248438
4,603.7850000000001,37.0,1698.707878685467,60.00178769937204,0.008588144641465924,696.3313276305969,468.60748004572986
4,603.885,37.09999999999991,1702.9035580984068,60.001763946739864,0.008531339676947613,693.1733296993938,465.96630420531136
4,603.9850000000001,37.200000000000045,1707.1403363433674,60.00173724746756,0.00847444998955354,690.0106497996621,462.9974764796785
4,604.085,37.299999999999955,1711.4187291513233,60.00171054819525,0.008417531944443628,686.846390710737,460.028648752631
4,604.185,37.399999999999864,1715.7407836080088,60.001683848922944,0.008360644515219107,683.6838312546798,457.0598210255835
4,604.2850000000001,37.5,1720.1058791763542,60.00165714965063,0.008303908605335026,680.5296934464193,454.09099329995064
4,604.385,37.59999999999991,1724.512749257023,60.00163045037833,0.008247405204028509,677.3884801526998,451.1221655729031
4,604.4850000000001,37.700000000000045,1728.9631866609545,60.00160288665744,0.008191157934413315,674.2615136023678,448.0572154166341
4,604.585,37.799999999999955,1733.4560855537886,60.001572373203366,0.008135238588456505,671.1528063525612,444.6642694430676
4,604.685,37.899999999999864,1737.9841060893596,60.0015418597493,0.008079727859003181,668.0668146111748,441.2713234709158
4,604.7850000000001,38.0,1742.5415310517278,60.00151134629524,0.008024646204427088,665.0046758606329,437.87837749734933
4,604.885,38.09999999999991,1747.146923427814,60.001480832841175,0.007969956516644098,661.9643269862553,434.4854315251975
4,604.9850000000001,38.200000000000045,1751.7893807105609,60.001450319387104,0.007915708135739203,658.9485112460286,431.092485551631
4,605.085,38.299999999999955,1756.4712005140027,60.0014189445775,0.007861947457711694,655.9598167566062,427.6037610809261
4,605.185,38.399999999999864,1761.1857855681985,60.00138461694168,0.007808702908190717,652.9998445022843,423.78669686084066
4,605.2850000000001,38.5,1765.9294841197425,60.001350289305854,0.007755979874356966,650.0688646370168,419.9696326407552
4,605.385,38.59999999999991,1770.7008975719252,60.00131596167003,0.007703812974242145,647.1688019156536,416.1525684220844
4,605.4850000000001,38.700000000000045,1775.515422939444,60.00128163403421,0.007652302035196869,644.3052066375051,412.3355042019989
4,605.585,38.799999999999955,1780.3716245017265,60.001247306398376,0.007601545382903626,641.4835456228589,408.51843998191345
4,605.685,38.899999999999864,1785.2714208516588,60.001212120500064,0.007551532568800975,638.7032462974825,404.6059411953581
4,605.7850000000001,39.0,1790.210871720348,60.00117483642946,0.007502491274304077,635.976979303708,400.46013597368125
4,605.885,39.09999999999991,1795.1708330647505,60.00113965156216,0.007455019494242171,633.3379519837558,396.5477518316252
4,605.9850000000001,39.200000000000045,1800.1257782997434,60.00110236646055,0.007409553993549503,630.8104883078355,392.401831965449
4,606.085,39.299999999999955,1805.0401614975626,60.00106803882473,0.0073661466054127794,628.3974220430125,388.5847677467782
4,606.185,39.399999999999864,1809.861646517012,60.0010337111889,0.007324787033920267,626.0982092387732,384.76770352669274
4,606.2850000000001,39.5,1814.511494096932,60.00099938355308,0.007285539692294006,623.91643136629,380.9506393066073
4,606.385,39.59999999999991,1818.9345127186423,60.000965055917256,0.007248412767779614,621.8525438091317,377.13357508793644
4,606.4850000000001,39.700000000000045,1823.1324398097133,60.00093158241987,0.007213113702252763,619.890272868264,373.4114868591531
4,606.585,39.799999999999955,1827.1693525184169,60.000900215342874,0.007178999143186038,617.9938374329284,369.9236222158268
4,606.685,39.899999999999864,1831.1020935963136,60.000866740814466,0.007145160581163615,616.1127649422203,366.20141934395883
4,606.7850000000001,40.0,1834.9323775503499,60.00083707995231,0.007110881737865836,614.2071759983525,362.90327739706754
4,606.885,40.09999999999991,1838.6568932633847,60.000809528603604,0.00707575933731916,612.2546649685421,359.83970296771645
4,606.9850000000001,40.200000000000045,1842.2949282150546,60.00077986671043,0.007039702201191931,610.2502014884113,356.5414463763259
4,607.085,40.299999999999955,1845.8653832315333,60.00075316743813,0.007002572962795623,608.1861012178009,353.572618650693
4,607.185,40.399999999999864,1849.4007494456232,60.0007273186957,0.006964097312203408,606.0471323604246,350.6983656627368
4,607.2850000000001,40.5,1852.9344173502382,60.00070358359078,0.006924109760362005,603.8240823592479,348.05913876607394
4,607.385,40.59999999999991,1856.478934436934,60.000676884318466,0.006882425172288827,601.5067041804496,345.09031103902646
4,607.4850000000001,40.700000000000045,1860.0489116821043,60.000651034029524,0.0068387990250528465,599.0813676319198,342.21588608644333
4,607.585,40.799999999999955,1863.6515660312932,60.00062814893897,0.00679323598630754,596.5483131167716,339.6711766059148
4,607.685,40.899999999999864,1867.247191044784,60.00060526384842,0.00674591873086652,593.9177240310811,337.1264671253863
4,607.7850000000001,41.0,1871.1307163159815,60.00058237875787,0.006697031688287957,591.1998543892252,334.58175764627237
4,607.885,41.09999999999991,1875.2370821349473,60.000560340588656,0.006646674388818009,588.4002303617018,332.1312216512097
4,607.9850000000001,41.200000000000045,1879.4581793165364,60.000541269679864,0.006594787210345548,585.5155182726401,330.0106304186148
4,608.085,41.299999999999955,1883.5477548450674,60.00052219877107,0.006541317384711887,582.5428106986213,327.8900391860199
4,608.185,41.399999999999864,1887.3067720065199,60.00050397323709,0.006486350392027826,579.4868527813107,325.86344947143465
4,608.2850000000001,41.5,1891.481691287877,60.000488716510056,0.006429973116219463,576.3524567455852,324.16697648535876
4,608.385,41.59999999999991,1895.665444651783,60.000473459783024,0.0063722373046116425,573.1425257858361,322.4705034992828
4,608.4850000000001,41.700000000000045,1899.8141028201035,60.00045820305599,0.006313262454396823,569.8637037974262,320.77403051179226
4,608.585,41.799999999999955,1903.8914494873684,60.000443789641736,0.006253150947256383,566.5216758520262,319.17132975755675
4,608.685,41.899999999999864,1907.8425922043523,60.000432347096464,0.006191999359365236,563.121793487771,317.8989750179998
4,608.7850000000001,42.0,1911.5712278742997,60.00042090455119,0.00612983114205047,559.6653861388086,316.6266202784429
4,608.885,42.09999999999991,1915.578375693297,60.00041030377217,0.006066687613457499,556.1547439572653,315.4478658046848
4,608.9850000000001,42.200000000000045,1919.53278902366,60.00040267540866,0.006002614739233445,552.5924049108708,314.5996293116468
4,609.085,42.299999999999955,1923.3719191428277,60.00039504704514,0.005937674196778516,548.9818233424356,313.75139281860885
4,609.185,42.399999999999864,1927.076433681258,60.00038825890136,0.0058719567924908535,545.3280410779082,312.99658462674284
4,609.2850000000001,42.5,1930.913793237444,60.0003844447196,0.005805538232006254,541.6352499525457,312.57246637880917
4,609.385,42.59999999999991,1934.708759940045,60.00038063053784,0.005738497552195239,537.9078690275774,312.1483481322902
4,609.4850000000001,42.700000000000045,1938.4416144599925,60.0003776550293,0.0056709038122227115,534.1497311647767,311.81748622090157
4,609.585,42.799999999999955,1942.168384396491,60.0003776550293,0.0056028019223123785,530.3633163491813,311.81748622090157
4,609.685,42.899999999999864,1945.9322543289643,60.0003776550293,0.005534227505612046,526.5506293928161,311.81748622090157
4,609.7850000000001,43.0,1949.737744926215,60.0003776550293,0.00546520199635713,522.7128620233503,311.81748622090157
4,609.885,43.09999999999991,1953.5858422012454,60.00037849164048,0.0053957388599124275,518.8507563443372,311.9105132698627
4,609.9850000000001,43.200000000000045,1957.474586885137,60.00038230582224,0.005325828817977075,514.963779972702,312.3346315163817
4,610.085,43.299999999999955,1961.4099690177227,60.00038528442383,0.005255392378347125,511.04754318381964,312.6658373584388
4,610.185,43.399999999999864,1965.3798647619515,60.00038611948849,0.00518433590728345,507.096849892018,312.75869243994373
4,610.2850000000001,43.5,1969.369728664489,60.000389099121094,0.005112636683544208,503.11040382287524,313.0900129265001
4,610.385,43.59999999999991,1973.3759459894754,60.00038993315474,0.0050403838874225415,499.0931960888951,313.18275336492036
4,610.4850000000001,43.700000000000045,1977.3958018670735,60.000392080300216,0.00496770202354131,495.05212278493804,313.42150537909805
4,610.585,43.799999999999955,1981.4464189630248,60.000389099121094,0.004894707058503047,490.9936796120014,313.0900129265001
4,610.685,43.899999999999864,1985.5608868752513,60.000389099121094,0.004821579953084415,486.9278672263302,313.0900129265001
4,610.7850000000001,44.0,1989.8237307455256,60.000388267149475,0.004748511017807454,482.8652951289439,312.9975017756637
4,610.885,44.09999999999991,1994.3271377204437,60.00038362151161,0.004675674514188938,478.815673555633,312.48092970126527
4,610.9850000000001,44.200000000000045,1998.9726533081766,60.0003768240887,0.004603212148735657,474.78686866049003,311.72508971456443
4,611.085,44.299999999999955,2003.6110462831464,60.000372179481836,0.004531280547869017,470.78755774148885,311.20863228183595
4,611.185,44.399999999999864,2008.204570819923,60.000364551118324,0.004460058642352776,466.8277258575016,310.36039578879803
4,611.2850000000001,44.5,2012.5949769662,60.00035609336073,0.004389644577971588,462.9128142482914,309.41993475546445
4,611.385,44.59999999999991,2016.6662343779155,60.00034465081545,0.004320228570107445,459.05341357839563,308.1475800144929
4,611.4850000000001,44.700000000000045,2020.9583377427193,60.00033320827018,0.0042520121703813725,455.26070894542374,306.87522527493593
4,611.585,44.799999999999955,2025.2046298232915,60.0003217657249,0.004185098854410706,451.5404535567936,305.60287053396434
4,611.685,44.899999999999864,2029.4398712752507,60.000309495847574,0.0041195802937085664,447.8977499245279,304.2385205416957
4,611.7850000000001,45.0,2033.6469515080803,60.000293412303996,0.004055330362462012,444.325605499689,302.45010962303576
4,611.885,45.09999999999991,2037.765568579208,60.000275167696245,0.0039923237365395055,440.82260069988365,300.42139900006794
4,611.9850000000001,45.200000000000045,2041.7372493591283,60.00025908518368,0.003930453223658183,437.38274683682147,298.63310272449263
4,612.085,45.299999999999955,2045.8502634067636,60.000239189004866,0.0038695559961081103,433.99703037363287,296.42074552535524
4,612.185,45.399999999999864,2049.9076478617017,60.00021712866883,0.003809532862483337,430.65992505428574,293.9677446898269
4,612.2850000000001,45.5,2053.9138844432996,60.000197233521035,0.0037503024245070025,427.3668769383616,291.75550213377414
4,612.385,45.59999999999991,2057.920714156216,60.000174348430484,0.0036919101623185072,424.1204481045624,289.2107926546602
4,612.4850000000001,45.700000000000045,2061.9735664756395,60.00015146333993,0.0036343809587553355,420.9220026114417,286.6660831741317
4,612.585,45.799999999999955,2066.0695111348564,60.0001277555569,0.003577705643770926,417.77103585379166,284.0298943390162
4,612.685,45.899999999999864,2070.2336679859905,60.00010105628459,0.0035218867469438133,414.6677020011139,281.06106661196867
4,612.7850000000001,46.0,2074.4581776650793,60.00007435701229,0.003466917322653192,411.6115959062115,278.0922388849212
4,612.885,46.09999999999991,2078.7290089724274,60.00004683659402,0.0034129524390795903,408.61134441693656,275.0321037679136
4,612.9850000000001,46.200000000000045,2083.047073314088,60.0000171437704,0.0033599716033784156,405.66581638307787,271.7304078627649
4,613.085,46.299999999999955,2087.4108821576947,59.99998962438315,0.003307935534815398,402.7728011395572,268.67038739025656
4,613.185,46.399999999999864,2091.802574376175,59.99995911092908,0.0032567453504827155,399.9268324214509,265.27744141669007
4,613.2850000000001,46.5,2096.234216401525,59.99992777839108,0.0032062489627008505,397.11944083233686,261.7934173393328
4,613.385,46.59999999999991,2100.7192226501493,59.99989426932368,0.0031564883814400643,394.35297015393763,258.06737390149584
4,613.4850000000001,46.700000000000045,2105.2522385392126,59.9998629378167,0.0031075426049604732,391.63178668202335,254.58346446863777
4,613.585,46.799999999999955,2109.8207496062596,59.99982861018088,0.0030594702538122654,388.9591804509026,250.76640024996695
4,613.685,46.899999999999864,2114.4252261626593,59.99979428254505,0.0030122266610519434,386.33265020723127,246.9493360298815
4,613.7850000000001,47.0,2119.073690313248,59.99975995490922,0.0029657121246781993,383.74665261329204,243.13227180979604
4,613.885,47.09999999999991,2123.7587997447276,59.9997256272734,0.0029198791484284677,381.19854694901085,239.31520758971055
4,613.9850000000001,47.200000000000045,2128.4808028757643,59.999690484162194,0.0028747038105594895,378.6870078957071,235.40746651945972
4,614.085,47.299999999999955,2133.232464105366,59.99965234234461,0.002830059331064498,376.20499888081724,231.16628405285525
4,614.185,47.399999999999864,2138.010899909843,59.99961420052703,0.002785749396345457,373.7415876612318,226.9251015862508
4,614.2850000000001,47.5,2142.8208020166403,59.99957687263831,0.002741464174544021,371.27954307034736,222.77442400518484
4,614.385,47.59999999999991,2147.6628571053793,59.99954173158913,0.0026969181922665815,368.80298523772785,218.8669122239325
4,614.4850000000001,47.700000000000045,2152.5354099217884,59.99950358977155,0.002651899265398091,366.3001456708931,214.62572975732806
4,614.585,47.799999999999955,2157.4459546141497,59.999465447953966,0.002606092980233296,363.7535260743815,210.38454729072362
4,614.685,47.899999999999864,2162.390195980559,59.99942730613638,0.0025593878008497526,361.1569249684416,206.14336482411917
4,614.7850000000001,48.0,2167.3535224471143,59.9993891643188,0.0025118686682284877,358.5150649930513,201.90218235751473
4,614.885,48.09999999999991,2172.2953768961693,59.999351022501216,0.002463891510031761,355.8477356923376,197.66099989091026
4,614.9850000000001,48.200000000000045,2177.143138769742,59.99931369100394,0.0024162194469447675,353.19736232626383,193.50992105621884
4,615.085,48.299999999999955,2181.84772049001,59.99927936336812,0.0023693942451071697,350.5940556961248,189.6928568361334
4,615.185,48.399999999999864,2186.390990175342,59.999245035732294,0.002323590080781677,348.0475162683204,185.87579261746257
4,615.2850000000001,48.5,2190.7664766676694,59.999211516870254,0.0022788590667655755,345.5606373913124,182.14866006324854
4,615.385,48.59999999999991,2194.979055374506,59.99918100341619,0.002235207871246935,343.13377860802245,178.7557140910967
4,615.4850000000001,48.700000000000045,2199.0257726338355,59.9991512977049,0.002192612047228281,340.7655923907926,175.45258514031704
4,615.585,48.799999999999955,2202.914491435126,59.99912459843259,0.002151004128951622,338.4523165407513,172.48375741326953
4,615.685,48.899999999999864,2206.6534612453424,59.99909789916028,0.002110339976713563,336.19151253376543,169.51492968763668
4,615.7850000000001,49.0,2210.2241765797585,59.99907119988797,0.0020705506528841326,333.97934747632917,166.54610196058917
4,615.885,49.09999999999991,2213.6484606607146,59.99904530629641,0.0020315186872281433,331.809285996896,163.66686196874463
4,615.9850000000001,49.200000000000045,2216.9421422167343,59.999023226371094,0.001993122334525056,329.67454415305275,161.21168290187674
4,616.085,49.299999999999955,2220.065680752878,59.9990041554623,0.0019552782209529018,327.57049071392987,159.09109166928184
4,616.185,49.399999999999864,2223.057862292239,59.99898508455351,0.001917795561383775,325.4865330605924,156.9705004352723
4,616.2850000000001,49.5,2225.947876271666,59.99896601364472,0.0018806207104508162,323.4196885039773,154.8499092026774
4,616.385,49.59999999999991,2228.6884058046453,59.99894774583913,0.0018436571161382952,321.3645848212472,152.8186190947446
4,616.4850000000001,49.700000000000045,2231.3305909379887,59.9989324891121,0.0018067414182099519,319.31212853388655,151.1221461086687
4,616.585,49.799999999999955,2233.8402017256494,59.998918034457255,0.0017697763317015274,317.25692142479056,149.51485960275565
4,616.685,49.899999999999864,2236.2647415129286,59.99890659191198,0.0017326799365148626,315.1943982402597,148.2425048631987
4,616.7850000000001,50.0,2238.5710376708657,59.99889514936671,0.0016954099264001234,313.1222212641591,146.97015012364176
4,616.885,50.09999999999991,2240.8102034123713,59.9988845073471,0.0016579425573584124,311.0390665495724,145.78680989962075
4,616.9850000000001,50.200000000000045,2242.9669056951716,59.99887687898359,0.0016203103706681854,308.9467331450062,144.9385734065828
4,617.085,50.299999999999955,2245.106939338105,59.99886925062007,0.0015825696438514863,306.8483643694561,144.0903369121302
4,617.185,50.399999999999864,2247.324638406908,59.99886162225655,0.0015447543889539526,304.7458513087998,143.24210041909222
4,617.2850000000001,50.5,2249.335173643632,59.998854792356674,0.0015069328882718462,302.6429868420417,142.4826491540063
4,617.385,50.59999999999991,2251.484757419407,59.99885177612305,0.0014691652384519753,300.5430987554308,142.14725881389708
4,617.4850000000001,50.700000000000045,2254.217937234127,59.99885097869042,0.001431538867004172,298.4510556236107,142.05858822902965
4,617.585,50.799999999999955,2256.527581739363,59.998848758342895,0.0013942001319566827,296.3750115559198,141.8116965077463
4,617.685,50.899999999999864,2260.1485247797496,59.99885177612305,0.0013573260838363182,294.3247808956978,142.14725881389708
4,617.7850000000001,51.0,2263.4778942081316,59.99885257200915,0.001321087839161074,292.30991125464476,142.23575743272298
4,617.885,51.09999999999991,2265.800599967366,59.99885638619091,0.0012857056871351479,290.34262763318986,142.6598756806566
4,617.9850000000001,51.200000000000045,2268.986982263073,59.99886020037267,0.0012513841258923624,288.4343136557596,143.08399392717558
4,618.085,51.299999999999955,2271.1856166797393,59.998864808894005,0.0012183279684662225,286.5963535854174,143.59643882647885
4,618.185,51.399999999999864,2274.1055221648107,59.99887243725752,0.0011867209371129665,284.8389529473831,144.44467531951682
4,618.2850000000001,51.5,2276.0984281308733,59.9988808589296,0.0011567079057545721,283.1701765486456,145.38112382225447
4,618.385,51.59999999999991,2278.5191461068816,59.998891508681815,0.0011284041791570863,281.59642931299277,146.56532387506866
4,618.4850000000001,51.700000000000045,2280.3233424076348,59.99889992932289,0.001101899862573166,280.12274012126045,147.5016577347217
4,618.585,51.799999999999955,2282.2984234796663,59.99891137186816,0.00107721906233532,278.7504269878169,148.77401247427863
4,618.685,51.899999999999864,2284.020634089353,59.99892360565997,0.0010543643104727394,277.47964018507446,150.13434993595138
4,618.7850000000001,52.0,2285.7935490215946,59.99893807165598,0.0010331782379004383,276.3016238893145,151.74289752286845
4,618.885,52.09999999999991,2287.5956451608927,59.99895030441677,0.0010135961560227675,275.2128000175926,153.10312034004193
4,618.9850000000001,52.200000000000045,2289.4364863099727,59.998965561143805,0.0009956989773566684,274.21764539427295,154.7995933275325
4,619.085,52.299999999999955,2291.303462430871,59.99898081787084,0.0009794803594040853,273.3158199369893,156.49606631360842
4,619.185,52.399999999999864,2293.12765686542,59.99899686326687,0.0009649573605266233,272.50826878502716,158.28023541267396
4,619.2850000000001,52.5,2295.104492455107,59.99901514602217,0.0009521647277166264,271.79691789451476,160.3131878552362
4,619.385,52.59999999999991,2297.0912375279654,59.999031190387186,0.0009411117710910411,271.18230324846104,162.09724230980248
4,619.4850000000001,52.700000000000045,2298.993511429238,59.99905026129598,0.0009316945542607584,270.65862427380966,164.21783354381202
4,619.585,52.799999999999955,2301.0834344528153,59.99906933220477,0.0009236956870934902,270.21380635482075,166.33842477640692
4,619.685,52.899999999999864,2303.095865942848,59.99908840311356,0.0009169792635257871,269.8402929992392,168.45901601041646
4,619.7850000000001,53.0,2305.3085488582465,59.99910825959831,0.0009115929607168819,269.54073181085556,170.6669594253325
4,619.885,53.09999999999991,2307.429279214496,59.99913114468885,0.0009075502123401277,269.3158605200603,173.21166890444638
4,619.9850000000001,53.200000000000045,2309.793900358427,59.99915324523447,0.0009048381769721592,269.16498060587134,175.66914084715305
4,620.085,53.299999999999955,2312.096550272696,59.99917388420212,0.0009034463037898874,269.0875081136265,177.9640925108924
4,620.185,53.399999999999864,2314.6229670918715,59.9991997999605,0.0009033987731570948,269.08475999934956,180.84579734320266
4,620.2850000000001,53.5,2317.148161133065,59.99922268505105,0.000904779732235579,269.16144857267244,183.3905068237312
4,620.385,53.59999999999991,2319.843529753255,59.99924635262451,0.0009075180214628456,269.31360175360516,186.02222455308305
4,620.4850000000001,53.700000000000045,2322.593647880971,59.99927226992942,0.0009113824219319062,269.5283576630441,188.9041013514349
4,620.585,53.799999999999955,2325.4402955804326,59.99929593647186,0.0009162794692522705,269.80053792176244,191.53570443770215
4,620.685,53.899999999999864,2328.3687576887114,59.99932263574417,0.0009222274619848513,270.13113832741243,194.504532163335
4,620.7850000000001,54.0,2331.343712839483,59.999349335016475,0.0009291622694924802,270.5166054920552,197.4733598903825
4,620.885,54.09999999999991,2334.383348228091,59.99937603428879,0.0009370638176581437,270.955823226282,200.44218761743002
4,620.9850000000001,54.200000000000045,2337.478222926791,59.99940351295096,0.0009459200817338891,271.44811969046657,203.49767966263238
4,621.085,54.299999999999955,2340.6220998114363,59.99943324753067,0.0009556328670449706,271.98802910179137,206.80401863817167
4,621.185,54.399999999999864,2343.806936607794,59.99945994680297,0.0009661738046699169,272.57399582626215,209.77284636380452
4,621.2850000000001,54.5,2347.043078860545,59.99948742391863,0.0009776038924442238,273.2093956235664,212.82816644437995
4,621.385,54.59999999999991,2350.3286314051147,59.999517937372694,0.000989828668082933,273.8889669587093,216.22111241794644
4,621.4850000000001,54.700000000000045,2353.6600561508435,59.99954767401443,0.0010027650203526838,274.6081045223683,219.52768068106963
4,621.585,54.799999999999955,2357.046584878867,59.999575149583556,0.0010162780646763745,275.35931489002184,222.58282879418883
4,621.685,54.899999999999864,2360.45992142718,59.99960566303763,0.0010301743932366392,276.13182252535853,225.97577476775533
4,621.7850000000001,55.0,2363.9283797664034,59.9996369517575,0.0010443048408891324,276.91734319786076,229.45492648430888
4,621.885,55.09999999999991,2367.466155303395,59.99967050464302,0.0010586145096507392,277.71281829190707,233.18584228294958
4,621.9850000000001,55.200000000000045,2371.0685902416594,59.99970101809709,0.0010731361775393785,278.5200924887626,236.57878825651605
4,622.085,55.299999999999955,2374.7188849025515,59.99973230527044,0.0010878889739981345,279.34021337764074,240.05776800702807
4,622.185,55.399999999999864,2378.420847097548,59.999765859702485,0.0011028482287833946,280.171802926987,243.78885577029567
4,622.2850000000001,55.5,2382.1680811186957,59.99979714584482,0.0011179768981758097,281.01282067619616,247.26772087772306
4,622.385,55.59999999999991,2385.965184060014,59.99983147348065,0.0011332691018110588,281.8629171313952,251.08478509780855
4,622.4850000000001,55.700000000000045,2389.8058310593997,59.99986580111647,0.0011487163077583313,282.7216307851173,254.90184931647934
4,622.585,55.799999999999955,2393.68976990405,59.999900128752294,0.001164293563263214,283.5875742592063,258.7189135365648
4,622.685,55.899999999999864,2397.6145678537537,59.99993445638812,0.0011799852585866613,284.45987964662345,262.5359777566503
4,622.7850000000001,56.0,2401.58061441763,59.99996878402394,0.0011957529331559004,285.3364085447903,266.3530419753211
4,622.885,56.09999999999991,2405.586776751497,60.00000311165977,0.0012115679399043843,286.2155681823577,270.1701061968212
4,622.9850000000001,56.200000000000045,2409.627146570861,60.000038208375315,0.0012274165851799365,287.0965938571275,274.0726882971421
4,623.085,56.299999999999955,2413.6933677770853,60.000075581628685,0.0012432531839492121,287.9769389082949,278.2284102036388
4,623.185,56.399999999999864,2417.779981208514,60.00011067731321,0.001259044239977943,288.85476075528493,282.1308776608751
4,623.2850000000001,56.5,2421.9083344753667,60.0001480515976,0.001274877673646789,289.7349278662722,286.286714211871
4,623.385,56.59999999999991,2426.079297141871,60.00018314625111,0.0012907590157523617,290.6177676773675,290.18906702460805
4,623.4850000000001,56.700000000000045,2430.288628583016,60.000221288068694,0.0013066777063365839,291.5026696791564,294.4302494912125
4,623.585,56.799999999999955,2434.5365728404254,60.00025942988628,0.0013226472944392205,292.39040052996427,298.67143195781694
4,623.685,56.899999999999864,2438.823226985301,60.00029757170386,0.0013386886242605092,293.28211914844854,302.9126144244214
4,623.7850000000001,57.0,2443.1477112770485,60.000335713521444,0.0013548343612538307,294.1796417039608,307.1537968910258
4,623.885,57.09999999999991,2447.509101948436,60.00037385533902,0.001371099601661061,295.0838075264156,311.39497935621563
4,623.9850000000001,57.200000000000045,2451.910030424048,60.000411997156604,0.0013874776761493856,295.99424579453193,315.6361618228201
4,624.085,57.299999999999955,2456.3455695054877,60.00045013897419,0.0014039345388997405,296.9090635771213,319.8773442894245
4,624.185,57.399999999999864,2460.8189888786947,60.0004890436854,0.0014204456580719923,297.8268934825353,324.2033567735128
4,624.2850000000001,57.5,2465.328433714229,60.00053023730662,0.0014369739574199045,298.74566717595104,328.7838847906947
4,624.385,57.59999999999991,2469.8741473169007,60.00056914098682,0.0014534986305333854,299.66424848136506,333.10978263169835
4,624.4850000000001,57.700000000000045,2474.4560375717424,60.000611096986155,0.0014699948498187346,300.58123283289467,337.7750833448218
4,624.585,57.799999999999955,2479.0650651536803,60.0006522921539,0.0014864264679330407,301.4946277257216,342.3557833266306
4,624.685,57.899999999999864,2483.7073842071254,60.000691194287576,0.0015027711410355144,302.40319790611414,346.6815092015927
4,624.7850000000001,58.0,2488.382753406822,60.00073315028691,0.0015190305753092468,303.3070138271712,351.3468099147161
4,624.885,58.09999999999991,2493.0892636616986,60.000775106286255,0.001535166099688497,304.20393934435276,356.01211062783955
4,624.9850000000001,58.200000000000045,2497.8303788807093,60.0008170622856,0.001551119036544048,305.09071205955496,360.677411340963
4,625.085,58.299999999999955,2502.6098623464627,60.000859018284935,0.0015668739867852168,305.9664758202431,365.3427120540864
4,625.185,58.399999999999864,2507.425872804105,60.00090173202283,0.0015824310816801377,306.83123443161634,370.0922695664413
4,625.2850000000001,58.5,2512.2716982505344,60.00094674498089,0.001597803010290912,307.68568621299005,375.09748904839455
4,625.385,58.59999999999991,2517.1539353911508,60.00098870098022,0.0016129874051837106,308.5297244473352,379.762789761518
4,625.4850000000001,58.700000000000045,2522.072655284427,60.0010314131716,0.0016280295178764108,309.3658473677667,384.5121753078313
4,625.585,58.799999999999955,2527.0190084916167,60.001076427676175,0.001642936436495654,310.1944418024564,389.5175667558261
4,625.685,58.899999999999864,2531.991185280354,60.001119138836536,0.001657697781113763,311.0149522209818,394.26683765905483
4,625.7850000000001,59.0,2536.989521176741,60.00116415437212,0.0016722468708334302,311.82364964326985,399.27234375013427
4,625.885,59.09999999999991,2542.016121467048,60.00120686450146,0.0016864680776058562,312.6141270371504,404.0215000088637
4,625.9850000000001,59.200000000000045,2547.070356259021,60.001252634682565,0.001700219254502001,313.3784559460892,409.11091896992076
4,626.085,59.299999999999955,2552.1514269295335,60.00129840486366,0.0017134769332599015,314.11534604674495,414.2003379281485
4,626.185,59.399999999999864,2557.263780823472,60.001344175044764,0.0017261545795613316,314.8199862221199,419.28975688920553
4,626.2850000000001,59.5,2562.409043487247,60.00138994522586,0.0017379274870264133,315.47432338029665,424.3791758474333
4,626.385,59.59999999999991,2567.585059555662,60.00143571540696,0.0017482375869062516,316.0473299113243,429.46859480849037
4,626.4850000000001,59.700000000000045,2572.7751499999126,60.00148148558806,0.0017566313946146743,316.51379299635767,434.55801376671815
4,626.585,59.799999999999955,2577.9042390428654,60.00152725576916,0.001762839523567435,316.8587354215013,439.6474327277752
4,626.685,59.899999999999864,2582.9404845943036,60.00157302595026,0.0017668308045624304,317.08042448563754,444.7368516860029
4,626.7850000000001,60.0,2587.8730209649175,60.00161879613136,0.001768569854681694,317.17689321734673,449.82627064705997
4,626.885,60.09999999999991,2592.7063935788356,60.00166381733752,0.0017682103202580316,317.15668792345093,454.8324072779341
4,626.9850000000001,60.200000000000045,2597.4288651883076,60.001705773336866,0.0017658872470729297,317.02732823517084,459.49770799105755
4,627.085,60.299999999999955,2602.0250129638434,60.00174772933621,0.0017619218926977704,316.80666097942867,464.163008704181
4,627.185,60.399999999999864,2606.525917756717,60.001788937907136,0.0017563797399024208,316.4983306214617,468.74519905457765
4,627.2850000000001,60.5,2610.940269417408,60.00182707972472,0.001749195925157915,316.0987421106446,472.9863815211821
4,627.385,60.59999999999991,2615.253938483642,60.0018652215423,0.0017404220962383267,315.610752433349,477.22756398778654
4,627.4850000000001,60.700000000000045,2619.4468798880207,60.001902617477995,0.0017300560857724018,315.03424479266306,481.38580805770584
4,627.585,60.799999999999955,2623.528927113704,60.001936945113826,0.0017181188505982518,314.370395511774,485.20287227779136
4,627.685,60.899999999999864,2627.483803933308,60.00197127274965,0.0017046047285950814,313.618875287484,489.0199364978768
4,627.7850000000001,61.0,2631.2825998906505,60.00200485605011,0.0016896114933941542,312.7851237832353,492.75423428590403
4,627.885,61.09999999999991,2635.026164437764,60.00203611332403,0.0016732667082656003,311.87624079788725,496.2298893685718
4,627.9850000000001,61.200000000000045,2638.6421009328888,60.00206969765551,0.0016554998439150899,310.8882832003712,499.9643018010983
4,628.085,61.299999999999955,2642.1284624242735,60.00209946832073,0.001636198387978275,309.81502453019453,503.2746533100628
4,628.185,61.399999999999864,2645.547450938582,60.00212616759303,0.0016153590594165607,308.65627883552855,506.24348103569565
4,628.2850000000001,61.5,2648.873178529628,60.00215360862317,0.0015930327023328905,307.4148551594218,509.2947885828459
4,628.385,61.59999999999991,2652.1369957877846,60.002183380834914,0.0015692535854622575,306.0926515573411,512.6053120564372
4,628.4850000000001,61.700000000000045,2655.3068161412853,60.002209339380414,0.001544095191475815,304.693782046502,515.4917746064667
4,628.585,61.799999999999955,2658.404574891561,60.002232964682264,0.0015176930496058547,303.22577480431096,518.1187919410564
4,628.685,61.899999999999864,2661.470649237294,60.002258924258776,0.0014902037941568462,301.6973169697288,521.0053691341703
4,628.7850000000001,62.0,2664.3775851654514,60.00228180934933,0.0014617918728924719,300.1175762216246,523.5500786146989
4,628.885,62.09999999999991,2667.226158855437,60.00230395577509,0.0014325806460387508,298.493400392526,526.0126522043785
4,628.9850000000001,62.200000000000045,2670.1160584169725,60.00232376483316,0.0014025914644266572,296.8259837007642,528.2153220048654
4,629.085,62.299999999999955,2672.8804341533605,60.00234591228994,0.0013718365437903972,295.115984317079,530.6780102390443
4,629.185,62.399999999999864,2675.7035215548462,60.002365720316995,0.0013403881236852685,293.36743955313784,532.8805653964465
4,629.2850000000001,62.5,2678.412105643186,60.00238786880479,0.0013083599523355293,291.586652757898,535.34336827371
4,629.385,62.59999999999991,2681.14027753795,60.00240620362633,0.0012758985048105206,289.78179476337914,537.3821102259968
4,629.4850000000001,62.700000000000045,2683.7454132766075,60.00242219592511,0.0012431461780544899,287.9607757948447,539.1603751722531
4,629.585,62.799999999999955,2686.333789418818,60.002440531777665,0.001210209562503662,286.1295015692607,541.1992317676246
4,629.685,62.899999999999864,2688.7911920540746,60.0024557885047,0.001177183822553976,284.29328649505624,542.8957047551152
4,629.7850000000001,63.0,2691.2108645683093,60.00247031120651,0.0011441542634443968,282.45686306574794,544.5105577470523
4,629.885,63.09999999999991,2693.485722452871,60.002482487261496,0.0011111400538048916,280.6213037881876,545.8644751592058
4,629.9850000000001,63.200000000000045,2695.7465569899664,60.002497010994325,0.001078137246465713,278.78636923265276,547.4794427956421
4,630.085,63.299999999999955,2697.8764442087927,60.00250772106091,0.0010451147865337804,276.95035881273554,548.6703495085164
4,630.185,63.399999999999864,2700.019377178822,60.00251608138761,0.0010121237491054905,275.1161057698454,549.5999767081094
4,630.2850000000001,63.5,2702.092377062281,60.002526792485206,0.0009791443354950427,273.28248973498154,550.7909980640683
4,630.385,63.59999999999991,2704.088519072932,60.00253442084872,0.0009460201324270869,271.44083701759575,551.6392345571062
4,630.4850000000001,63.700000000000045,2706.1106802041786,60.00254204921224,0.0009124248476204028,269.5729937847405,552.4874710501441
4,630.585,63.799999999999955,2708.0984247253155,60.00254967757576,0.0008781349322744763,267.6665313051953,553.3357075445967
4,630.685,63.899999999999864,2710.093954392027,60.00255730593927,0.0008434190790682732,265.7363882148004,554.1839440376348
4,630.7850000000001,64.0,2712.0154813471136,60.00256420543264,0.0008087919112959157,263.8111791575358,554.9511337562009
4,630.885,64.09999999999991,2713.839596786684,60.0025680196144,0.0007744980641767435,261.90451448352786,555.3752520027199
4,630.9850000000001,64.20000000000005,2715.5988572859474,60.00257110595703,0.0007405959543636979,260.0196324726964,555.7184381192662
4,631.085,64.29999999999995,2717.289530362576,60.002571833280655,0.0007071579925681981,258.16056527331915,555.7993129276965
4,631.185,64.39999999999986,2718.898854418534,60.0025749206543,0.0006742540828338735,256.33118088628913,556.1426136873275
4,631.2850000000001,64.5,2720.549682597027,60.00257419436169,0.0006419847285624823,254.53709098452006,556.0618535233966
4,631.385,64.59999999999991,2722.6006351219435,60.00257110595703,0.000610420263557716,252.78220009081855,555.7184381192662
4,631.4850000000001,64.70000000000005,2724.1164809075653,60.00257038069544,0.0005796121579788175,251.06935169895354,555.6377925984199
4,631.585,64.79999999999995,2726.0471556999496,60.00256656651368,0.0005497153201555498,249.40717905017993,555.213674351901
4,631.685,64.89999999999986,2730.2005269601577,60.002562028101345,0.0005207893276875207,247.7989854248402,554.7090252276203
4,631.7850000000001,65.0,2734.7585826286067,60.00255439973783,0.0004930209783392625,246.2551650625789,553.8607887345822
4,631.885,65.09999999999991,2738.154281284224,60.00254677137431,0.0004666225523203842,244.78750857319423,553.0125522415443
4,631.9850000000001,65.20000000000005,2739.653040430031,60.00253914301079,0.00044150327250377523,243.3909690066526,552.1643157470917
4,632.085,65.29999999999995,2741.3815889888488,60.00253079247873,0.0004174158068496865,242.05179799850126,551.2357776652905
4,632.185,65.39999999999986,2743.687092715268,60.002520071586495,0.0003942501408468922,240.76388499722134,550.0436671929544
4,632.2850000000001,65.5,2745.1797609595733,60.00251100094791,0.00037205902879880915,239.53014833858316,549.0350568071447
4,632.385,65.59999999999991,2746.76317827463,60.002496464842906,0.0003509149052311358,238.35464095000725,547.4187134452051
4,632.4850000000001,65.70000000000005,2748.4302105443194,60.002485022297634,0.00033085182918987004,237.239225484678,546.1463587056481
4,632.585,65.79999999999995,2750.067835201606,60.00247286016135,0.0003119909301396978,236.19065023846866,544.7939889850395
4,632.685,65.89999999999986,2751.7835078617977,60.002457603434316,0.00029442436418698455,235.21404730800216,543.0975159989636
4,632.7850000000001,66.0,2753.57935008746,60.002442346707284,0.0002781452768327649,234.30902455306028,541.4010430128876
4,632.885,66.09999999999991,2755.4555264596975,60.002427089980245,0.00026305902795463644,233.47032026520213,539.7045700253971
4,632.9850000000001,66.20000000000005,2757.4339560989874,60.002411115724236,0.0002490517860839511,232.69160826289624,537.9283113472679
4,633.085,66.29999999999995,2759.465505582648,60.002392044815444,0.0002361071669126794,231.97198597840185,535.8077201132584
4,633.185,66.39999999999986,2761.585086059615,60.00237297390665,0.00022421428934147518,231.31083757217482,533.6871288806635
4,633.2850000000001,66.5,2763.8051176265208,60.00235390299786,0.00021340074183074707,230.70969694700136,531.566537646654
4,633.385,66.59999999999991,2766.0794756897985,60.00233483208907,0.00020357950522097019,230.1637260968527,529.4459464140591
4,633.4850000000001,66.70000000000005,2768.4398553985443,60.00231504622883,0.0001944648764441153,229.65704313682465,527.2458560971226
4,633.585,66.79999999999995,2770.870665133803,60.00229216113828,0.00018584721481828238,229.17800081542893,524.701146616594
4,633.685,66.89999999999986,2773.3752623414707,60.002269276047734,0.00017762355848936675,228.72086393994744,522.1564371374801
4,633.7850000000001,67.0,2775.953779200393,60.00224639095718,0.00016966376876700548,228.27839712234785,519.6117276583662
4,633.885,67.09999999999991,2778.610671094589,60.00222350586663,0.0001619200611138633,227.84794366696784,517.0670181778378
4,633.9850000000001,67.20000000000005,2781.3319876816104,60.002199908402176,0.0001544175954587809,227.4309048700623,514.4430962249231
4,634.085,67.29999999999995,2784.127516082877,60.00217392098827,0.00014710490407566037,227.02442499921207,511.55342365013405
4,634.185,67.39999999999986,2786.983185515083,60.002150324554826,0.00013994340546764813,226.62634260058212,508.929616340304
4,634.2850000000001,67.5,2789.891492756996,60.002123625282515,0.00013292481069390982,226.23621566587124,505.9607886132565
4,634.385,67.59999999999991,2792.854868943196,60.00209692601021,0.00012605741748972598,225.85449489341383,502.99196088762363
4,634.4850000000001,67.70000000000005,2795.901941216189,60.0020702267379,0.00011936181511232644,225.48232501160786,500.0231331605761
4,634.585,67.79999999999995,2798.9924837833937,60.002042818184734,0.00011285146729333752,225.1204570001574,496.97543689181094
4,634.685,67.89999999999986,2802.156524611006,60.00201301349602,0.00010655059834111797,224.77024341143553,493.66130213983445
4,634.7850000000001,68.0,2805.342322917969,60.001985605973864,0.00010047546847406675,224.4325719971922,490.61372051415395
4,634.885,68.09999999999991,2808.5915757191297,60.0019550925198,9.458873598973236e-05,224.10538532907316,487.22077454200206
4,634.9850000000001,68.20000000000005,2811.907580146487,60.00192457906573,8.883264830561687e-05,223.78546194367698,483.8278285684356
4,635.085,68.29999999999995,2815.270620881366,60.001894065611665,8.320558581273335e-05,223.47271180405323,480.4348825948691
4,635.185,68.39999999999986,2818.694870147936,60.0018635521576,7.773699925696832e-05,223.16877232308784,477.0419366227173
4,635.2850000000001,68.5,2822.176586511923,60.00183303870354,7.242873410277578e-05,222.87374611717635,473.6489906491508
4,635.385,68.59999999999991,2825.710253925311,60.001801820092666,6.726270334146506e-05,222.58662996837182,470.1776347090344
4,635.4850000000001,68.70000000000005,2829.2969147962535,60.00176819709814,6.223379803165145e-05,222.30714554090846,466.4389231339565
4,635.585,68.79999999999995,2832.933336940265,60.00173697951828,5.7351543507259517e-05,222.03580626482054,462.9676818369248
4,635.685,68.89999999999986,2836.621312933653,60.001702651882454,5.257792089232369e-05,221.7705168902459,459.15061761683927
4,635.7850000000001,69.0,2840.351733404674,60.00166832424663,4.788430809368367e-05,221.50967564019254,455.3335533981685
4,635.885,69.09999999999991,2844.131418454427,60.001633996610806,4.326818895217057e-05,221.25314262764886,451.516489178083
4,635.9850000000001,69.20000000000005,2847.962898363571,60.00159966897498,3.8719234700819414e-05,221.00034359810797,447.69942495799756
4,636.085,69.29999999999995,2851.8451505120943,60.00156534133916,3.423644893670593e-05,220.75122315910968,443.8823607393267
4,636.185,69.39999999999986,2855.7650116662835,60.001531013703335,2.983009574805773e-05,220.5063519821625,440.06529651924126
4,636.2850000000001,69.5,2859.7307538379528,60.00149598555027,2.549795220795757e-05,220.2656088150731,436.170338229316
4,636.385,69.59999999999991,2863.738303765527,60.00145854373442,2.123021871376628e-05,220.0284545123308,432.00699251100906
4,636.4850000000001,69.70000000000005,2867.7825599184375,60.00142351661237,1.698666087936323e-05,219.79263604679684,428.1121488641684
4,636.585,69.79999999999995,2871.8752534958207,60.00138537479479,1.2709792121081764e-05,219.5549756330625,423.87096639897857
4,636.685,69.89999999999986,2876.0057481940344,60.00134793143242,8.3889368467261e-06,219.31486704785647,419.7074487160447
4,636.7850000000001,70.0,2880.181634374764,60.00131290585689,4.0355146603020155e-06,219.07293951416034,415.81277703383097
4,636.885,70.09999999999991,2884.3995070682786,60.00127476403931,-3.3608612018260833e-07,218.83001132859567,411.57159456864116
4,636.9850000000001,70.20000000000005,2888.6622820722637,60.00123592531304,-4.7083225850427976e-06,218.58704982213234,407.25291928440765
4,637.085,70.29999999999995,2892.964357316329,60.001194665706876,-9.060626298842655e-06,218.34520425216095,402.6650540659563
4,637.185,70.39999999999986,2897.3091866613727,60.00115652388929,-1.3394480523071646e-05,218.10437386834263,398.4238716007665
4,637.2850000000001,70.5,2901.6930248313406,60.00111838207171,-1.7698181123140604e-05,217.86521970715668,394.1826891341621
4,637.385,70.59999999999991,2906.117422838967,60.00107954540747,-2.1987805331879083e-05,217.62685018430193,389.86424313751246
4,637.4850000000001,70.70000000000005,2910.5803846397284,60.001037589408135,-2.6278065492712034e-05,217.38845527261697,385.1989424258037
4,637.585,70.79999999999995,2915.081421787401,60.000996327224435,-3.056931483807964e-05,217.15000278376598,380.6107905982262
4,637.685,70.89999999999986,2919.619314073752,60.000957492106714,-3.485484517530869e-05,216.91186000995248,376.2925165676181
4,637.7850000000001,71.0,2924.196991813149,60.00091553610738,-3.914392515553284e-05,216.67352982111603,371.6272158544947
4,637.885,71.09999999999991,2928.808838418505,60.000873580108035,-4.3455113327696494e-05,216.43397013986296,366.96191514137126
4,637.9850000000001,71.20000000000005,2933.4588060946867,60.00083162410869,-4.77932981430697e-05,216.19290917143732,362.29661442824784
4,638.085,71.29999999999995,2938.1448525783453,60.000789668109356,-5.215603945767707e-05,215.95048258234291,357.63131371653907
4,638.185,71.39999999999986,2942.865849702927,60.00074771211001,-5.655039942318282e-05,215.7062977217582,352.96601300200103
4,638.2850000000001,71.5,2947.6185278704884,60.00070575611067,-6.0968554711762e-05,215.46078955543493,348.3007122888776
4,638.385,71.59999999999991,2952.406158064644,60.000663110419744,-6.539251386595867e-05,215.21496063175408,343.55872126537605
4,638.4850000000001,71.70000000000005,2957.223659518079,60.000618029414724,-6.98216731549046e-05,214.96885018102864,338.54593529456946
4,638.585,71.79999999999995,2962.0669888090697,60.00057538475482,-7.424502231784747e-05,214.7230545254922,333.80405891556717
4,638.685,71.89999999999986,2966.9364303913967,60.00053030271878,-7.864976921884003e-05,214.47830072378042,328.7911583002613
4,638.7850000000001,72.0,2971.835548889009,60.000487659089885,-8.304228288576841e-05,214.23421885035307,324.0493965643436
4,638.885,72.09999999999991,2976.769622877424,60.00044257602283,-8.746120545176154e-05,213.9886762381739,319.03638130595317
4,638.9850000000001,72.20000000000005,2981.7340108474323,60.00039993342495,-9.193681283131423e-05,213.73997377423424,314.2947342131201
4,639.085,72.29999999999995,2986.727633571271,60.00035416324385,-9.651525654645925e-05,213.48556345515019,309.2053152534777
4,639.185,72.39999999999986,2991.7542118812594,60.00030839306275,-0.00010118702458538087,213.22596401487732,304.1158962938353
4,639.2850000000001,72.5,2996.811543595906,60.00026262288165,-0.0001059256241493031,212.9626484252667,299.02647733419286
4,639.385,72.59999999999991,3001.899190611818,60.000216852700554,-0.00011070866445146303,212.69686159285067,293.9370583745505
4,639.4850000000001,72.70000000000005,3007.0155880594334,60.00017108251945,-0.00011553488957173601,212.42867334095143,288.8476394149081
4,639.585,72.79999999999995,3012.162301468165,60.000125312338355,-0.00012039714854995526,212.1584812542101,283.75822045526564
4,639.685,72.89999999999986,3017.3373275351514,60.00007954215726,-0.00012531613940990925,211.88513452843716,278.6688014970379
4,639.7850000000001,73.0,3022.540185798356,60.00003308950168,-0.00013032090193310824,211.6070207410237,273.503494731439
4,639.885,73.09999999999991,3027.7695884516106,59.999984187097795,-0.00013537972604780877,211.32590858506617,268.06578800827714
4,639.9850000000001,73.20000000000005,3033.029788121911,59.99993841691669,-0.00014043484498629116,211.0449920286122,262.97636904863475
4,640.085,73.29999999999995,3038.320898112708,59.999891965807635,-0.0001454948186745499,210.76380732989062,257.811234250492
4,640.185,73.39999999999986,3043.641690051972,59.99984238144478,-0.0001506033599046122,210.47993186252972,252.29769704433065
4,640.2850000000001,73.5,3048.9892241711814,59.999793476978866,-0.00015575653000821085,210.1935724550711,246.85976103358496
4,640.385,73.59999999999991,3054.3666420867867,59.999747027416326,-0.00016091805051265774,209.90674055510388,241.69479820006916
4,640.4850000000001,73.70000000000005,3059.7698450194075,59.99969744305347,-0.000166045969674708,209.62178641296805,236.18126099390778
4,640.585,73.79999999999995,3065.1985185434405,59.99964853704104,-0.00017114304022097413,209.33854487635824,230.74315301712053
4,640.685,73.89999999999986,3070.6525434021055,59.999602089025025,-0.00017622824888712937,209.05595467375647,225.5783621496463
4,640.7850000000001,74.0,3076.1295979738325,59.99955250466217,-0.00018130229612921725,208.77399454533432,220.06482494348492
4,640.885,74.09999999999991,3081.630430234588,59.99950292029931,-0.0001863592395873385,208.49298496436046,214.55128773732352
4,640.9850000000001,74.20000000000005,3087.155347784205,59.99945333593645,-0.00019140222307323867,208.2127511369185,209.03775053116215
4,641.085,74.29999999999995,3092.7005758293385,59.99940307580071,-0.00019643249721737794,207.933225653363,203.4490707047528
4,641.185,74.39999999999986,3098.2756929496763,59.999350352513474,-0.0002014546776187801,207.65415748853877,197.58650055077808
4,641.2850000000001,74.5,3103.875688761841,59.99930076815061,-0.00020646535672272847,207.37571851445188,192.07296334320205
4,641.385,74.59999999999991,3109.496935230323,59.999251183787756,-0.00021146216931999473,207.09805010342083,186.55942613704067
4,641.4850000000001,74.70000000000005,3115.14357931822,59.99920092571404,-0.00021643428624319876,206.82175646755255,180.9709755982152
4,641.585,74.79999999999995,3120.814272186952,59.99914820036478,-0.00022139158121534314,206.54629421867423,175.1081761566566
4,641.685,74.89999999999986,3126.5121726091033,59.99909794332208,-0.00022635036646954346,206.27074097515143,169.51984026091577
4,641.7850000000001,75.0,3132.2354970849638,59.999045216941795,-0.0002313401030974718,205.99347409259298,163.6569261748579
4,641.885,75.09999999999991,3137.9906598935695,59.99899496093011,-0.00023641475193830348,205.71147793195757,158.0687049236163
4,641.9850000000001,75.20000000000005,3143.75966066129,59.99894223351882,-0.00024166325417972334,205.41982268550564,152.20567619447385
4,642.085,75.29999999999995,3149.546680032819,59.99889197853815,-0.0002471554991175101,205.11460709031687,146.61756958631688
4,642.185,75.39999999999986,3155.352460357125,59.99883857999353,-0.00025287701133457985,204.7966533739659,140.67991413363652
4,642.2850000000001,75.5,3161.1822848433417,59.99878585103571,-0.00025876978777257997,204.46917468137713,134.81671343845247
4,642.385,75.59999999999991,3167.0402635542723,59.998735597601566,-0.0002647823634846923,204.13502691208305,129.22877879633708
4,642.4850000000001,75.70000000000005,3172.923547142788,59.99868219905695,-0.0002708942599969335,203.7953660178586,123.29112334365671
4,642.585,75.79999999999995,3178.8155551542063,59.998628800512336,-0.0002770887379806646,203.45111298484255,117.35346789097633
4,642.685,75.89999999999986,3184.713366662375,59.99857540196772,-0.0002833300430583323,203.10425577307143,111.41581243829597
4,642.7850000000001,76.0,3190.6325769007653,59.998522003423105,-0.0002896169305204017,202.75486358311403,105.47815698561561
4,642.885,76.09999999999991,3196.57609265274,59.99846860487849,-0.0002959323419571389,202.40388487119154,99.54050153293524
4,642.9850000000001,76.20000000000005,3202.538096154174,59.998415206333874,-0.00030224756103391644,202.0529162878323,93.60284608025488
4,643.085,76.29999999999995,3208.5197501330563,59.99836180778926,-0.0003085520216780098,201.70254531680632,87.66519062615987
4,643.185,76.39999999999986,3214.517407898506,59.99830840924464,-0.0003148221134191021,201.35408472534144,81.7275351734795
4,643.2850000000001,76.5,3220.5328831126935,59.99825501070003,-0.00032101003609355235,201.01019225714722,75.78987972079914
4,643.385,76.59999999999991,3226.565793359851,59.998200948239194,-0.00032708014802982125,200.67285165269098,69.77840005183178
4,643.4850000000001,76.70000000000005,3232.612923281686,59.99814439891353,-0.00033304103688429153,200.34159095411565,63.49039324737711
4,643.585,76.79999999999995,3238.6707589416637,59.998091000368916,-0.0003389400592838012,200.01376001261053,57.55273779469675
4,643.685,76.89999999999986,3244.7529082973765,59.99803693945461,-0.0003448200156966368,199.6869906329619,51.54143009035632
4,643.7850000000001,77.0,3250.854474653839,59.99798038858242,-0.0003506906994348116,199.36074379395959,45.253251319860084
4,643.885,77.09999999999991,3256.983182692395,59.99792632869912,-0.00035654447957087876,199.03542876633492,39.24205825860427
4,643.9850000000001,77.20000000000005,3263.1411093698125,59.99786977679592,-0.0003623737991123332,198.71148073346626,32.95376484502342
4,644.085,77.29999999999995,3269.3106394922,59.997815717943645,-0.00036818006007202896,198.38880676123605,26.942686429681515
4,644.185,77.39999999999986,3275.498653404936,59.99775916500943,-0.0003739548166642494,198.06789141633655,20.654278371601404
4,644.2850000000001,77.5,3281.7080556552596,59.99770510718816,-0.00037969671810488177,197.7487948614384,14.643314597929464
4,644.385,77.59999999999991,3287.940429617849,59.997647894461785,-0.0003854219999057879,197.43063127645132,8.28154089873012
4,644.4850000000001,77.70000000000005,3294.1844028023975,59.99759133998105,-0.0003911332294462051,197.1132465081545,1.992960876023084
4,644.585,77.79999999999995,3300.4468584575725,59.99753728370631,-0.00039684978159950973,196.7955578205553,-4.017830931607284
4,644.685,77.89999999999986,3306.7311623580595,59.99748007097993,-0.0004025616419954523,196.4781388562056,-10.379604630806629
4,644.7850000000001,78.0,3313.0384412664293,59.99742285825356,-0.0004082898387827955,196.15981101070986,-16.741378330005976
4,644.885,78.09999999999991,3319.3329143778187,59.997366301710784,-0.0004140065329238472,195.84212023991932,-23.030187641711535
4,644.9850000000001,78.20000000000005,3325.5512776400733,59.99731224749807,-0.0004196008926342896,195.53122355037613,-29.040750161758027
4,645.085,78.29999999999995,3331.6161519176317,59.99725568992429,-0.000424951763761146,195.23387216292465,-35.3296741165482
4,645.185,78.39999999999986,3337.490518407187,59.997202946016756,-0.0004300103325820484,194.95276160344147,-41.194537146361704
4,645.2850000000001,78.5,3343.162213678869,59.9971533616539,-0.00043478708126373983,194.68731105498424,-46.70807435252309
4,645.385,78.59999999999991,3348.6450715603805,59.997103777291045,-0.00043930834988756593,194.43606531394792,-52.22161155868447
4,645.4850000000001,78.70000000000005,3353.9463229604376,59.99705484601875,-0.00044358904394802863,194.19819371933428,-57.66252830660592
4,645.585,78.79999999999995,3359.0732096642564,59.997009075837646,-0.0004476166699348889,193.97438362075079,-62.75194726766297
4,645.685,78.89999999999986,3364.0373985136894,59.99696395771609,-0.0004513581690553969,193.76648056633493,-67.76886041356471
4,645.7850000000001,79.0,3368.835098996337,59.996922001716754,-0.00045474445828499343,193.57831841725292,-72.43416112668812
4,645.885,79.09999999999991,3373.4702872109056,59.99688069674594,-0.000457669888878457,193.41577888088315,-77.02707066915549
4,645.9850000000001,79.20000000000005,3377.953629234947,59.996841904415334,-0.00046006899785770353,193.28249645987214,-81.34058698345905
4,646.085,79.29999999999995,3382.296525639052,59.996800598413515,-0.0004618925840058562,193.18122159475578,-85.93361117042568
4,646.185,79.39999999999986,3386.504101297825,59.996763106077935,-0.0004630363811851149,193.11773330424603,-90.10257443383027
4,646.2850000000001,79.5,3390.581564153586,59.99672812947561,-0.00046327534453492264,193.10454846961824,-93.99180053415863
4,646.385,79.59999999999991,3394.534319659892,59.99669063610902,-0.00046229209560643347,193.15932885288757,-98.16087844064785
4,646.4850000000001,79.70000000000005,3398.3678387310742,59.9966563084732,-0.0004597924639340078,193.29841455727887,-101.97794266073332
4,646.585,79.79999999999995,3402.0897515836973,59.996622628257356,-0.0004555381253015084,193.53506446202846,-105.72301696378817
4,646.685,79.89999999999986,3405.695018441763,59.99659146789882,-0.00044941702472813704,193.87550375371418,-109.18789553142831
4,646.7850000000001,80.0,3409.1884370521852,59.996557786651955,-0.00044147385204904195,194.31726247842917,-112.93308447898242
4,646.885,80.09999999999991,3412.5654596446643,59.99652727319789,-0.0004317183888869238,194.85978020575655,-116.32603045113426
4,646.9850000000001,80.20000000000005,3415.8358816364157,59.99649740510177,-0.0004200799208714204,195.5069963475581,-119.64721579666866
4,647.085,80.29999999999995,3419.020392151891,59.996470705829466,-0.0004065615680910359,196.2587300569803,-122.61604352230152
4,647.185,80.39999999999986,3422.171048476261,59.996444006557155,-0.0003911847173054054,197.11380163385004,-125.58487124934902
4,647.2850000000001,80.5,3425.2599168075053,59.99641730728485,-0.000373906481668587,198.0745958229705,-128.5536989749819
4,647.385,80.59999999999991,3428.5059092779456,59.99639060801254,-0.00035458144654110794,199.14919818615877,-131.52252670202938
4,647.4850000000001,80.70000000000005,3431.5726610691017,59.99636455152065,-0.00033307036386711676,200.34534947374257,-134.41988040875634
4,647.585,80.79999999999995,3435.076765871461,59.99634102416519,-0.0003093261194915763,201.66566371736303,-137.03600658664848
4,647.685,80.89999999999986,3438.5156304767506,59.99631496664228,-0.0002833275885949466,203.11133102477626,-139.93347493646004
4,647.7850000000001,81.0,3441.571264923013,59.996292722785626,-0.00025501352594847683,204.68573748570026,-142.40688236270958
4,647.885,81.09999999999991,3445.0495005885555,59.99627301115845,-0.0002243636984530316,206.39001196996884,-144.59871832804117
4,647.9850000000001,81.20000000000005,3448.404785746452,59.99625076627078,-0.00019152575997088555,208.21596038083788,-147.0722403973753
4,648.085,81.29999999999995,3451.4019643695665,59.996231695361985,-0.00015664217719807319,210.15564338374583,-149.19283162997021
4,648.185,81.39999999999986,3454.8096780219225,59.99621326362505,-0.00011981195870944894,212.20356377722803,-151.24235009728466
4,648.2850000000001,81.5,3458.1382793672333,59.99619736824167,-8.10698985287302e-05,214.35778080194208,-153.00983852851337
4,648.385,81.59999999999991,3461.1054502118955,59.99617893547372,-4.039944168717426e-05,216.61923139949928,-155.05947163891244
4,648.4850000000001,81.70000000000005,3464.486468610614,59.99616431637203,2.1714935624237973e-06,218.986342567236,-156.68504382433483
4,648.585,81.79999999999995,3467.7372926929024,59.996152236716924,4.651092533643349e-05,221.45177966667632,-158.028242043003
4,648.685,81.89999999999986,3470.682040940988,59.996137616584214,9.244846213967827e-05,224.00608541774415,-159.65392887292464
4,648.7850000000001,82.0,3473.852887902905,59.99612617403894,0.00013992462886506976,226.6459336025314,-160.92628361248157
4,648.885,82.09999999999991,3476.8017026124303,59.99611536705697,0.00018887404467107156,229.3676973363361,-162.12796683896886
4,648.9850000000001,82.20000000000005,3479.869130694269,59.996107103645656,0.00023917647904961894,232.16468472702525,-163.04681752353417
4,649.085,82.29999999999995,3482.876983437751,59.996096295632675,0.0002907555758527763,235.0326679338901,-164.24861539452073
4,649.185,82.39999999999986,3485.894297373698,59.99608930128595,0.000343565845068403,237.96909508017185,-165.0263523405306
4,649.2850000000001,82.5,3488.952137421684,59.99608485360291,0.0003974951143784474,240.96773319134624,-165.52091281253536
4,649.385,82.59999999999991,3492.0400625348116,59.99607785822516,0.0004524442292308382,244.0230874436335,-166.29876440162985
4,649.4850000000001,82.70000000000005,3495.1728882611287,59.996074044043404,0.0005083784312259749,247.13320414364918,-166.7228826481488
4,649.585,82.79999999999995,3498.3284376586575,59.996070861816406,0.0005652830623109746,250.2972774655082,-167.07673063522358
4,649.685,82.89999999999986,3501.5461689317763,59.99607023037716,0.0006231228583535605,253.5133391871647,-167.1469435731255
4,649.7850000000001,83.0,3504.782124025566,59.99606704711914,0.0006818451505601688,256.77848020328497,-167.50090620328487
4,649.885,83.09999999999991,3508.068929723188,59.99606704711914,0.0007414064789647724,260.0902618558396,-167.50090620328487
4,649.9850000000001,83.20000000000005,3511.4188927041764,59.99606767701187,0.0008017640484588714,263.4463143016704,-167.43086523142455
4,650.085,83.29999999999995,3514.7797389191337,59.996071491193625,0.0008628581994469634,266.84330989675885,-167.00674698490556
4,650.185,83.39999999999986,3518.190688121194,59.996075305375385,0.0009246227428679511,270.27758084844845,-166.5826287383866
4,650.2850000000001,83.5,3521.681381406818,59.996079119557145,0.0009869801831944966,273.7448181762377,-166.15851049186762
4,650.385,83.59999999999991,3525.1831975580703,59.9960835615696,0.0010498544110232799,277.24078734251043,-165.66458055965754
4,650.4850000000001,83.70000000000005,3528.738512574888,59.99609118993312,0.001113166767514724,280.7611037288215,-164.81634406661956
4,650.585,83.79999999999995,3532.3497366269626,59.99609881829664,0.0011768297759225783,284.30091655200266,-163.96810757216696
4,650.685,83.89999999999986,3536.0291456704986,59.996107072944326,0.0012407287290398682,287.853845032991,-163.05023136089412
4,650.7850000000001,84.0,3539.7251336217123,59.996118515489606,0.0013047851621636544,291.4155149235969,-161.77787661992255
4,650.885,84.09999999999991,3543.469096160678,59.99612995803488,0.0013689483006004283,294.98311669986134,-160.5055218803656
4,650.9850000000001,84.20000000000005,3547.2618259278793,59.99614140058015,0.00143312285731966,298.55135213092484,-159.23316714080866
4,651.085,84.29999999999995,3551.118655727314,59.996153467347575,0.0014971843534741683,302.1132969923808,-157.89140196918606
4,651.185,84.39999999999986,3554.991400336283,59.99616872407461,0.001560943486857077,305.6584136016378,-156.19492898311015
4,651.2850000000001,84.5,3558.909078525255,59.99618460399277,0.0016243565812660023,309.1842849329793,-154.4291602080532
4,651.385,84.59999999999991,3562.867596995226,59.99620305222594,0.0016873756498186686,312.68823350492517,-152.3778074414824
4,651.4850000000001,84.70000000000005,3566.8706816740323,59.99621893111309,0.001749791154864832,316.15863260614634,-150.61215330951003
4,651.585,84.79999999999995,3570.8885927920433,59.99623800202188,0.0018115927311998256,319.59487850343044,-148.49156207691513
4,651.685,84.89999999999986,3574.9453404079645,59.99625769405978,0.0018727275936044345,322.9940482767756,-146.30190434292308
4,651.7850000000001,85.0,3579.043898466861,59.99628057915032,0.0019330400041278634,326.34746972683854,-143.75719486380922
4,651.885,85.09999999999991,3583.1850683998437,59.996303464240874,0.001992432109027603,329.6497173928607,-141.21248538328067
4,651.9850000000001,85.20000000000005,3587.3650338907505,59.996326349331426,0.002050846160453817,332.89758039350676,-138.6677759041668
4,652.085,85.29999999999995,3591.5862479958146,59.99634985348905,0.002108299111766065,336.0919982923801,-136.05422921123963
4,652.185,85.39999999999986,3595.8482356674526,59.996376552761355,0.002164707267684589,339.22830417248855,-133.08540148560678
4,652.2850000000001,85.5,3600.1485826118933,59.996403252033666,0.002220026515131629,342.3040613772858,-130.11657375855927
4,652.385,85.59999999999991,3604.4866634018304,59.996430568826526,0.002274251128708493,345.3189484103738,-127.07908078374005
4,652.4850000000001,85.70000000000005,3608.8590116722416,59.99646108228059,0.002327257620767064,348.2660854588606,-123.68613481158822
4,652.585,85.79999999999995,3613.269489727142,59.99649159573465,0.0023790294044547973,351.1445668827974,-120.29318883802173
4,652.685,85.89999999999986,3617.7104458938393,59.99652210918872,0.002429486464998177,353.94994375556604,-116.9002428658699
4,652.7850000000001,86.0,3622.1658959466463,59.996553238101306,0.0024785009085097195,356.675101643825,-113.43886093353022
4,652.885,86.09999999999991,3626.69434116864,59.99658695079412,0.0025259776150833198,359.31474099622164,-109.69017535067563
4,652.9850000000001,86.20000000000005,3631.275072606902,59.996618078675695,0.0025720457292092644,361.8760706476021,-106.22890806142058
4,653.085,86.29999999999995,3635.909709993827,59.99665240631152,0.0026167573160061647,364.3619541003138,-102.41184384133511
4,653.185,86.39999999999986,3640.5829179629986,59.99668734734383,0.0026599540895259916,366.76360437482003,-98.52657295006034
4,653.2850000000001,86.5,3645.2839982875626,59.99672487628043,0.0027016093011396065,369.0795232377718,-94.35353983451755
4,653.385,86.59999999999991,3650.023476713386,59.99675981628173,0.002741665229096076,371.3065301519,-90.46838358632739
4,653.4850000000001,86.70000000000005,3654.797964642371,59.996797958099314,0.0027800834552521108,373.4424567006916,-86.22720111972293
4,653.585,86.79999999999995,3659.584337790356,59.9968360999169,0.0028168286463486,375.4853562930478,-81.98601865311849
4,653.685,86.89999999999986,3664.365194446773,59.99687485255344,0.0028519413136381504,377.43747812054073,-77.67691612303628
4,653.7850000000001,87.0,3669.1417267212773,59.99691619824933,0.002885410138605781,379.29818159146663,-73.07947815184832
4,653.885,87.09999999999991,3673.932238749185,59.99695494985485,0.002917291423161327,381.0706270387618,-68.77049026626537
4,653.9850000000001,87.20000000000005,3678.744666924581,59.996996296581756,0.00294782597529719,382.7681742388692,-64.17293765057813
4,654.085,87.29999999999995,3683.5823195712087,59.99703504715627,0.0029771705939412524,384.39957163585484,-59.864064409494446
4,654.185,87.39999999999986,3688.43392146055,59.99707700315561,0.0030057052201815627,385.9859111940218,-55.198763696371024
4,654.2850000000001,87.5,3693.3185726310076,59.99711895915495,0.0030342954846008,387.57534233408785,-50.533462983247595
4,654.385,87.59999999999991,3698.234571033934,59.99716091515429,0.0030638360790760017,389.21761167668683,-45.868162270124174
4,654.4850000000001,87.70000000000005,3703.1784829155367,59.99720287115363,0.0030949951367213106,390.9498686118367,-41.202861557000745
4,654.585,87.79999999999995,3708.1162651111413,59.997244220973585,0.003128087010628292,392.78959519432726,-36.604965010645024
4,654.685,87.89999999999986,3713.012266227075,59.997282968455046,0.003163023345058513,394.73189043836436,-32.29643570022983
4,654.7850000000001,88.0,3717.8497551907335,59.99732431930601,0.003199612049119947,396.76604257141935,-27.698424509374846
4,654.885,88.09999999999991,3722.6398554066045,59.99736246112359,0.003237951948486865,398.8975811069128,-23.4572420427704
4,654.9850000000001,88.20000000000005,3727.423025322856,59.99740060294118,0.003278243820467586,401.1376503046078,-19.216059576165954
4,655.085,88.29999999999995,3732.1563109480944,59.99743874475876,0.0033206380219866875,403.49461008217884,-14.974877109561508
4,655.185,88.39999999999986,3736.891384549017,59.997476283489995,0.0033651612574769557,405.96994874963275,-10.800754879056274
4,655.2850000000001,88.5,3741.6373521944647,59.997510611125826,0.0034119982132854378,408.5739511467339,-6.983690657556159
4,655.385,88.59999999999991,3746.400481878508,59.99754493876165,0.003461131286839782,411.30561875939793,-3.1666264388853413
4,655.4850000000001,88.70000000000005,3751.191536229345,59.99757926639747,0.003512574120591738,414.1657099312471,0.650437781200125
4,655.585,88.79999999999995,3756.0284298768293,59.9976135940333,0.003566227335808537,417.14869884736703,4.467502001285591
4,655.685,88.89999999999986,3760.934857838223,59.99764792166912,0.003622046681012725,420.2521248654746,8.284566219956409
4,655.7850000000001,89.0,3765.9063758956113,59.997681649311644,0.0036799131389819253,423.46937409884043,12.034914137440452
4,655.885,89.09999999999991,3770.9003610160903,59.99771216276571,0.0037398950647291305,426.8042639651124,15.42786010959229
4,655.9850000000001,89.20000000000005,3775.8895781745364,59.99774267621977,0.003802017390980287,430.25816018301845,18.820806083158775
4,656.085,89.29999999999995,3780.8906550928,59.99777318967384,0.003866238816007361,433.82876615191805,22.213752056725262
4,656.185,89.39999999999986,3785.909058069914,59.99780310519664,0.003932402943241467,437.5073897919569,25.540211013859555
4,656.2850000000001,89.5,3790.9268257256745,59.99782980446894,0.004000371923118505,441.28638389017306,28.509038739492414
4,656.385,89.59999999999991,3795.938879924793,59.997856503741254,0.0040699366212555545,445.1540990766634,31.47786646653992
4,656.4850000000001,89.70000000000005,3800.94088684952,59.99788320301356,0.004141015780635753,449.106017243526,34.44669419217278
4,656.585,89.79999999999995,3805.916373622644,59.997909306416624,0.004213499941224218,453.1360562455033,37.34926419037197
4,656.685,89.89999999999986,3810.849345031981,59.99793159615344,0.004287230802375748,457.2354366115611,39.827773265009135
4,656.7850000000001,90.0,3815.7451455683654,59.99795126190046,0.004362125150700284,461.3995239115804,42.01450758195309
4,656.885,90.09999999999991,3820.613470252873,59.997973552668284,0.004438089227175513,465.6230685223999,44.493131299674864
4,656.9850000000001,90.20000000000005,3825.4584338809523,59.99799202976987,0.004515040735491544,469.901539829634,46.547694092419974
4,657.085,90.29999999999995,3830.276136933038,59.9980072864969,0.004592854383528002,474.22796787576647,48.2441670784959
4,657.185,90.39999999999986,3835.0565788081003,59.99802254322393,0.004671455508536432,478.5981786235551,49.94064006457182
4,657.2850000000001,90.5,3839.795091584611,59.998037799950964,0.004750701751304998,483.00425669568455,51.63711305206238
4,657.385,90.59999999999991,3844.501209698302,59.99805246493281,0.004830509318329474,487.44154740606797,53.26778688445774
4,657.4850000000001,90.70000000000005,3849.182662984722,59.99806331624841,0.004910769094386806,491.90400786851006,54.47439979329108
4,657.585,90.79999999999995,3853.8438235952044,59.9980715353261,0.004991395136668887,496.3868514556081,55.38832079551033
4,657.685,90.89999999999986,3858.487128984253,59.99808179747405,0.005072369981105288,500.8890722782561,56.529421161203935
4,657.7850000000001,91.0,3863.112787986888,59.998086201338964,0.005153770876560942,505.41502539436044,57.0191092738196
4,657.885,91.09999999999991,3867.7214488978266,59.998093240534836,0.005235604503235729,509.9650179643782,57.801833223717836
4,657.9850000000001,91.20000000000005,3872.310642432201,59.998097054716595,0.005317811205597352,514.5357780924809,58.225951470236815
4,658.085,91.29999999999995,3876.9114668246198,59.99810028076172,0.005400322945734139,519.1235027668301,58.58467181670068
4,658.185,91.39999999999986,3881.5028298449474,59.99810086838284,0.005483053643200744,523.7234221623276,58.65001239379884
4,658.2850000000001,91.5,3886.087451583186,59.99810350835337,0.005565900747745763,528.3297974584033,58.943564129206116
4,658.385,91.59999999999991,3890.656527627981,59.99810028076172,0.005648745599260138,532.9360943767573,58.58467181670068
4,658.4850000000001,91.70000000000005,3895.2107711153035,59.99809969468712,0.0057314946766748925,537.5370451315943,58.519503204229444
4,658.585,91.79999999999995,3899.7523217572193,59.99809529494626,0.005814042378932536,542.1268305196313,58.03027366678154
4,658.685,91.89999999999986,3904.2849886225804,59.998088251626335,0.005896322943240129,546.7017851748894,57.24709114171555
4,658.7850000000001,92.0,3908.8138109632,59.998083852916494,0.005978313758249482,551.2606083640976,56.75797624876691
4,658.885,92.09999999999991,3913.332008400877,59.99807564054041,0.006059973216821049,555.8010403816608,55.84480043084159
4,658.9850000000001,92.20000000000005,3917.8390450535844,59.9980647814922,0.006141303190815969,560.3231762008177,54.63732769321505
4,659.085,92.29999999999995,3922.3665669042753,59.99805657014712,0.006222299286954235,564.8267268875192,53.72426651837435
4,659.185,92.39999999999986,3926.9994710610245,59.9980445451358,0.006302963408588702,569.311853319066,52.38714441997163
4,659.2850000000001,92.5,3931.523018455289,59.998029288408766,0.006383224116555952,573.7745791085664,50.6906714338957
4,659.385,92.59999999999991,3936.09511882466,59.998014031681734,0.006463088787439697,578.2152867998974,48.994198447819784
4,659.4850000000001,92.70000000000005,3940.7694992363076,59.9979987749547,0.006542561070415461,582.6341792765871,47.29772546032922
4,659.585,92.79999999999995,3945.52311310702,59.99798293782364,0.006621646546041893,587.0315719591641,45.536714401576745
4,659.685,92.89999999999986,3950.3243542940672,59.997964446803365,0.006700450754105094,591.4133516296091,43.48060391870145
4,659.7850000000001,93.0,3955.162743713926,59.997948610703325,0.006779001894322552,595.7810389404884,41.71970750444823
4,659.885,93.09999999999991,3960.017457801455,59.99792896093704,0.006857333817211878,600.136574160848,39.53475016521835
4,659.9850000000001,93.20000000000005,3964.8936515424016,59.99790665418848,0.006935522669822304,604.4841813434538,37.0543494697825
4,660.085,93.29999999999995,3969.7997111391787,59.99788700545321,0.0070139006848795775,608.8422846876148,34.869506775051875
4,660.185,93.39999999999986,3974.743558623136,59.997864697673634,0.0070926902568629775,613.2232983936298,32.388991435116765
4,660.2850000000001,93.5,3979.7181126294436,59.99784504996937,0.007171886217525866,617.6268859994094,30.204263383470757
4,660.385,93.59999999999991,3984.7026216961767,59.997822741158785,0.007251195507374225,622.0368025000859,27.723633400451032
4,660.4850000000001,93.70000000000005,3989.6580795425384,59.99780309448554,0.007329899273194993,626.4130287705368,25.53901999188964
4,660.585,93.79999999999995,3994.5275371628645,59.997780784643936,0.0074070753851943495,630.7043432703077,23.0582753657853
4,660.685,93.89999999999986,3999.25751404643,59.997761713735144,0.0074820557700403575,634.8735439436264,20.93768413177575
4,660.7850000000001,94.0,4003.828551189424,59.99774264282635,0.007554513471266516,638.9024820868203,18.817092899180853
4,660.885,94.09999999999991,4008.243063054213,59.99772357191756,0.0076243785774363065,642.7872703984076,16.696501665171304
4,660.9850000000001,94.20000000000005,4012.50265254341,59.99770450100877,0.007691610341617877,646.5256431628707,14.575910432576407
4,661.085,94.29999999999995,4016.616710340876,59.99768600277139,0.0077562942334198325,650.1223468672532,12.518997442450212
4,661.185,94.39999999999986,4020.575842133569,59.99767017388845,0.007818463957884528,653.5792346407522,10.758903534033248
4,661.2850000000001,94.5,4024.3913848679467,59.99765167462006,0.00787823434959283,656.9027439587736,8.701875900822438
4,661.385,94.59999999999991,4028.067967739699,59.99763641789303,0.007935691039144679,660.0975773178577,7.0054029147465195
4,661.4850000000001,94.70000000000005,4031.6272902640744,59.99762059055661,0.007990886245755986,663.1666758484344,5.245480972371125
4,661.585,94.79999999999995,4035.0303182156167,59.99760208974169,0.008043825069221485,666.1103442665371,3.188281373118746
4,661.685,94.89999999999986,4038.2950463189363,59.99758683301466,0.008094473597423608,668.9266374296843,1.4918083856281785
4,661.7850000000001,95.0,4041.487577839508,59.997571576287626,0.008142851100247242,671.6166592014134,-0.2046646004477406
4,661.885,95.09999999999991,4044.486897329449,59.997556319560594,0.008189074314297117,674.1869002402087,-1.9011375865236597
4,661.9850000000001,95.20000000000005,4047.3910503939355,59.99754106283356,0.008233236357301572,676.6425379621458,-3.597610572599579
4,662.085,95.29999999999995,4050.319851642826,59.99752523859019,0.00827552856651101,678.994216780237,-5.35718858430648
4,662.185,95.39999999999986,4053.093145992155,59.99750673468223,0.008316132078649596,681.2520299321391,-7.414732114227353
4,662.2850000000001,95.5,4055.9276092638834,59.997490911469875,0.008355081860762488,683.4178664740016,-9.17419548143499
4,662.385,95.59999999999991,4058.6406386552153,59.997472406530896,0.008392360966020135,685.4908393596562,-11.231853657269774
4,662.4850000000001,95.70000000000005,4061.4289949476984,59.99745658434956,0.008427998558066443,687.4725145744422,-12.99120237997815
4,662.585,95.79999999999995,4064.1258926113223,59.997437513440765,0.008461993913115586,689.3629133663029,-15.111793613987697
4,662.685,95.89999999999986,4066.9027276174065,59.99741844253197,0.008494380027638906,691.1638366604668,-17.232384846582598
4,662.7850000000001,96.0,4069.6282410044655,59.9973988077154,0.008525193791947444,692.8773414510754,-19.41567985118303
4,662.885,96.09999999999991,4072.3955716492665,59.997376486017124,0.008554481510081053,694.5060245747941,-21.89774288124833
4,662.9850000000001,96.20000000000005,4075.2145583321285,59.99735685223157,0.008582286994279093,696.052265642209,-24.0809232413495
4,663.085,96.29999999999995,4078.032004944735,59.99733396714102,0.008608614976318535,697.5163900974218,-26.625632721878027
4,663.185,96.39999999999986,4080.8844239439622,59.997311082050466,0.008633450268673204,698.8975192738511,-29.170342200991907
4,663.2850000000001,96.5,4083.7609523605443,59.997288196959914,0.00865671321169407,700.1912238608744,-31.715051681520432
4,663.385,96.59999999999991,4086.6501578741086,59.99726475105463,0.008678265559334486,701.3898229729058,-34.322121000556706
4,663.4850000000001,96.70000000000005,4089.6257669723254,59.99723861208155,0.008697934725784664,702.4837430786886,-37.228646209224124
4,663.585,96.79999999999995,4092.6491016567843,59.99721516720728,0.008715577575495063,703.4649683006808,-39.835600885175786
4,663.685,96.89999999999986,4095.5903196883996,59.99718846793497,0.008731008564855636,704.3232451352685,-42.80442861222329
4,663.7850000000001,97.0,4098.692300382646,59.997162327415374,0.008744032954650247,705.0477050450254,-45.71112578551763
4,663.885,97.09999999999991,4101.631576374726,59.99713888408762,0.008754598815314329,705.6354376606525,-48.31790849684237
4,663.9850000000001,97.20000000000005,4104.882859297992,59.99711218481531,0.00876262904278078,706.0822191522177,-51.286736223889875
4,664.085,97.29999999999995,4108.1797008949425,59.997085485543,0.008768002547075458,706.3812818066143,-54.25556394952273
4,664.185,97.39999999999986,4111.15770822326,59.99705878627069,0.008770699153868331,706.5315037108958,-57.22439167657024
4,664.2850000000001,97.5,4114.775758058497,59.99703264317356,0.008770809324410721,706.5379085790897,-60.13137545899077
4,664.385,97.59999999999991,4118.355767632465,59.99700920242334,0.008768532765075054,706.4115774201023,-62.737871561189316
4,664.4850000000001,97.70000000000005,4121.2926922291,59.99698250315104,0.00876376267471559,706.1466353551319,-65.70669928682217
4,664.585,97.79999999999995,4124.763307850728,59.99695635850738,0.00875633302297119,705.7338098627109,-68.61385503528427
4,664.685,97.89999999999986,4127.985147471066,59.99693291930369,0.008746231388916587,705.1723872254158,-71.22017917144126
4,664.7850000000001,98.0,4130.830474613866,59.996906773629014,0.008733444621604077,704.4616937522484,-74.12744956440261
4,664.885,98.09999999999991,4133.941113826726,59.99688388853847,0.0087180732849654,703.6072573024431,-76.67215904351649
4,664.9850000000001,98.20000000000005,4136.7894811818005,59.99686100344792,0.008700191014719954,702.6132067858113,-79.21686852263038
4,665.085,98.29999999999995,4139.859571503162,59.996837566306255,0.008679477316618327,701.461727712995,-81.82296337120347
4,665.185,98.39999999999986,4142.867326794214,59.99681141856956,0.008656341137998305,700.1755811244458,-84.73046305174871
4,665.2850000000001,98.5,4145.756717655826,59.996788533479005,0.008631182103518683,698.7769236634939,-87.27517253086259
4,665.385,98.59999999999991,4148.745697275802,59.996765648388454,0.008603960811490176,697.2635989775991,-89.81988201139112
4,665.4850000000001,98.70000000000005,4151.694032062174,59.99674331328699,0.008574557850749636,695.6289616283393,-92.3034354100443
4,665.585,98.79999999999995,4154.689447824209,59.996723692904624,0.00854295668750017,693.8720695151364,-94.4851254015576
4,665.685,98.89999999999986,4157.699441874418,59.99670080781407,0.008509204814368553,691.995625981707,-97.02983488208612
4,665.7850000000001,99.0,4160.769396904658,59.996678471166085,0.008473352713166328,690.0023977705192,-99.51356024678087
4,665.885,99.09999999999991,4163.842513280863,59.99665885233024,0.00843544157453237,687.8946525573481,-101.69507827225259
4,665.9850000000001,99.20000000000005,4166.993205882295,59.996636514651236,0.008395746690897408,685.6877537601254,-104.1789182814466
4,666.085,99.29999999999995,4170.104365041845,59.996617443742444,0.008354455639989097,683.3920689622322,-106.29950951545615
4,666.185,99.39999999999986,4173.300965809884,59.99659782645312,0.008311289948624291,680.9921538847916,-108.48085557630094
4,666.2850000000001,99.5,4176.5980922271865,59.9965754872276,0.00826628597769245,678.4900524388673,-110.96486754870723
4,666.385,99.59999999999991,4179.900106911738,59.99655641631881,0.008219622186618898,675.8956258082632,-113.08545878271678
4,666.4850000000001,99.70000000000005,4183.26014217175,59.99653734541002,0.008171386083227124,673.2137732034429,-115.20605001531167
4,666.585,99.79999999999995,4186.730866008685,59.99651827450123,0.008121629934754333,670.4474007381382,-117.32664124932123
4,666.685,99.89999999999986,4190.202684616484,59.996499203592435,0.00807039337673072,667.5987121746756,-119.44723248191613
4,666.7850000000001,100.0,4193.742012361298,59.996480132683644,0.00801770260825492,664.6691641782364,-121.56782371592567
4,666.885,100.09999999999991,4197.34456552991,59.99646160454684,0.007963589794727296,661.6605397296833,-123.62806137389612
4,666.9850000000001,100.20000000000005,4201.035403524915,59.996445805563326,0.007908119167115833,658.5763884819513,-125.38483061305418
4,667.085,100.29999999999995,4204.7313701409885,59.996426734654534,0.007851356313944902,655.4204170971465,-127.50542184706373
4,667.185,100.39999999999986,4208.467358575496,59.99640766374574,0.0077933425211332875,652.194888398913,-129.62601307965863
4,667.2850000000001,100.5,4212.259476251701,59.996389133546906,0.00773412818140022,648.9025989913065,-131.6864800266276
4,667.385,100.59999999999991,4216.15154094785,59.996373336625425,0.00767376891872409,645.5466203471616,-133.4430199782018
4,667.4850000000001,100.70000000000005,4220.047101211053,59.99635426571663,0.007612290192629707,642.1284267515205,-135.5636112107967
4,667.585,100.79999999999995,4224.030794278651,59.99633573397127,0.00754969029973644,638.6478861261959,-137.62425012380723
4,667.685,100.89999999999986,4228.096582059109,59.996319938596315,0.007486063756133333,635.1102327612454,-139.38061810933985
4,667.7850000000001,101.0,4232.173247046929,59.99630140581994,0.007421660745075099,631.5294301586503,-141.44137166402035
4,667.885,101.09999999999991,4236.322261240664,59.996285611476004,0.007356451196850942,627.9037539170146,-143.19762500646834
4,667.9850000000001,101.20000000000005,4240.495284217391,59.99626654056721,0.007290390616926277,624.2307871835619,-145.31821623906325
4,668.085,101.29999999999995,4244.686743973845,59.996248006244315,0.007223501191947774,620.5117272507337,-147.37914176119997
4,668.185,101.39999999999986,4248.914593414853,59.996232213446895,0.007155838619323514,616.7496505469461,-149.1352231376064
4,668.2850000000001,101.5,4253.184270007695,59.9962131425381,0.007087442872158276,612.9468358869519,-151.2558143702013
4,668.385,101.59999999999991,4257.501014386537,59.99619460666868,0.00701835104934223,609.1053103698705,-153.31691185837963
4,668.4850000000001,101.70000000000005,4261.8639645534195,59.996178815417785,0.006948601989567365,605.2272133853932,-155.07282126874446
4,668.585,101.79999999999995,4266.2612708735305,59.996159744508994,0.006878231040223658,601.3145655508,-157.19341250133937
4,668.685,101.89999999999986,4270.700001595366,59.9961406736002,0.006807261289172276,597.3686203956528,-159.3140037353489
4,668.7850000000001,102.0,4275.179736856741,59.99612160269141,0.0067357110400571435,593.39039562572,-161.4345949679438
4,668.885,102.09999999999991,4279.70081743321,59.99610253178262,0.0066635930766055715,589.3806020248221,-163.5551862005387
4,668.9850000000001,102.20000000000005,4284.265819919526,59.99608346087383,0.00659091662147544,585.3397523719173,-165.67577743454825
4,669.085,102.29999999999995,4288.876052181245,59.996064389965035,0.00651769805047233,581.2687571822146,-167.79636866714316
4,669.185,102.39999999999986,4293.5216350626115,59.99604531905624,0.006443966729553796,577.1692492621274,-169.91695990115272
4,669.2850000000001,102.5,4298.203353901772,59.99602624814745,0.006369756739708483,573.0431235894417,-172.0375511337476
4,669.385,102.59999999999991,4302.917520814877,59.99600717723866,0.006295092595001486,568.8917431951036,-174.15814236775716
4,669.4850000000001,102.70000000000005,4307.6596477553685,59.99598757696108,0.0062199883504897874,564.7158940778526,-176.33759680497397
4,669.585,102.79999999999995,4312.431523208457,59.99596522072382,0.006144451300776481,560.516000578955,-178.82350040100823
4,669.685,102.89999999999986,4317.238763050057,59.99594562147725,0.006068480730857683,556.2919760440808,-181.0028401965551
4,669.7850000000001,103.0,4322.07887445699,59.99592326420897,0.005992085563594772,552.0443631297517,-183.48885843708862
4,669.885,103.09999999999991,4326.945527962835,59.99590366599342,0.005915299092899634,547.7749668498634,-185.66808358672156
4,669.9850000000001,103.20000000000005,4331.8323494440665,59.99588130769412,0.005838270992073323,543.4921553421606,-188.15421647175435
4,670.085,103.29999999999995,4336.749570907242,59.99586171050958,0.005760852592980108,539.1876166627416,-190.3333269783027
4,670.185,103.39999999999986,4341.698303113592,59.99583882541903,0.0056830063821731785,534.8593143645595,-192.87803645883122
4,670.2850000000001,103.5,4346.680229471005,59.99581646557321,0.005604740484193428,530.5076689551827,-195.36434130849094
4,670.385,103.59999999999991,4351.694342499334,59.9957968699352,0.005526051059921087,526.1324492446287,-197.54327984899768
4,670.4850000000001,103.70000000000005,4356.73392484339,59.99577398484465,0.00544694165869878,521.7339008476728,-200.0879893295262
4,670.585,103.79999999999995,4361.797589770905,59.995751099754095,0.00536741347718255,517.3120639045719,-202.63269881005473
4,670.685,103.89999999999986,4366.892362317575,59.99572821466355,0.005287476427827737,512.8674895550956,-205.1774082891686
4,670.7850000000001,104.0,4372.017533922425,59.995705329573,0.005207125241143107,508.39988477514294,-207.7221177682825
4,670.885,104.09999999999991,4377.173145056194,59.99568244448245,0.005126327015357783,503.90742009682776,-210.266827248811
4,670.9850000000001,104.20000000000005,4382.35560888003,59.9956595593919,0.0050450540354544824,499.3885544499702,-212.8115367279249
4,671.085,104.29999999999995,4387.573128495444,59.99563667430135,0.0049633217629210455,494.8441475160923,-215.35624620845343
4,671.185,104.39999999999986,4392.818894131643,59.9956137892108,0.004881131784826101,490.27428751489407,-217.9009556875673
4,671.2850000000001,104.5,4398.092617419773,59.99559090412025,0.004798486132154393,485.67908734939255,-220.44566516809581
4,671.385,104.59999999999991,4403.395740064839,59.995567499455554,0.004715382582892502,481.0584272194151,-223.0481487368692
4,671.4850000000001,104.70000000000005,4408.730993828857,59.99554131924189,0.004631821709756155,476.4123550769431,-225.95925969579952
4,671.585,104.79999999999995,4414.092095970086,59.995518434151336,0.0045478018963592435,471.74073715057546,-228.50396917632804
4,671.685,104.89999999999986,4419.481866303768,59.995495549060784,0.0044633377321028345,467.0444085897936,-231.04867865544193
4,671.7850000000001,105.0,4424.899527387979,59.99547214645812,0.0043784244758264,462.32310936026795,-233.65093293663142
4,671.885,105.09999999999991,4430.345501130425,59.99544596418242,0.004293061062366592,457.5767957415296,-236.5622731831456
4,671.9850000000001,105.20000000000005,4435.819787531124,59.99542307909187,0.004207253023729389,452.8057331190887,-239.10698266367413
4,672.085,105.29999999999995,4441.322386590064,59.995399678035724,0.0041209979588007276,448.00981448807045,-241.70906497882206
4,672.185,105.39999999999986,4446.853958083368,59.99537349421351,0.004034300849063416,443.1893318803088,-244.62057719137783
4,672.2850000000001,105.5,4452.4166804673,59.99535060912296,0.00394716187551958,438.3442544351126,-247.16528667190636
4,672.385,105.59999999999991,4457.998781287421,59.99532720961333,0.003859591760926398,433.47520405460307,-249.76719702242735
4,672.4850000000001,105.70000000000005,4463.608509277549,59.9953010242446,0.003771586487922685,428.5819719326431,-252.67888119961006
4,672.585,105.79999999999995,4469.243743051051,59.99527762576598,0.0036831525150028076,423.6648808566303,-255.28067690704643
4,672.685,105.89999999999986,4474.8997787172875,59.99525143936623,0.0035942989188801973,418.7244713981994,-258.19247572731376
4,672.7850000000001,106.0,4480.580964896664,59.99522804191863,0.0035050346824531185,413.76120751388527,-260.79415679025084
4,672.885,106.09999999999991,4486.283374018671,59.99520185448787,0.0034153665284898473,408.77549808245516,-263.70607025501744
4,672.9850000000001,106.20000000000005,4492.010280608164,59.99517845807128,0.0033252925602585107,403.76720292585725,-266.30763667486997
4,673.085,106.29999999999995,4497.754050265802,59.995151758798976,0.003234823807707185,398.7369726810902,-269.27646440191745
4,673.185,106.39999999999986,4503.522192994633,59.99512556982169,0.0031439686640552518,393.68525057515865,-272.1885498313109
4,673.2850000000001,106.5,4509.311978660296,59.995102174951626,0.003052733084612554,388.61235442383474,-274.78994428512186
4,673.385,106.59999999999991,4515.127962166754,59.995075475679315,0.0029611169617479063,383.5183142097207,-277.7587720121694
4,673.4850000000001,106.70000000000005,4520.971867612626,59.9950492851555,0.0028691258512820086,378.4034162621063,-280.6710294090191
4,673.585,106.79999999999995,4526.841547143986,59.995025891831965,0.0027767741684663217,373.2684493070095,-283.2722518967885
4,673.685,106.89999999999986,4532.740189211965,59.99499919255966,0.00268405739705953,368.11319680734994,-286.2410796224213
4,673.7850000000001,107.0,4538.6710516032235,59.99497249328735,0.0025909758179060213,362.93765544879096,-289.20990734946884
4,673.885,107.09999999999991,4544.6270724917595,59.994946300701514,0.0024975405043744826,357.74243818907047,-292.12239403248776
4,673.9850000000001,107.20000000000005,4550.600226576172,59.99492290944,0.002403884243847209,352.5349163882876,-294.7233872340879
4,674.085,107.29999999999995,4556.569405302341,59.994896210167695,0.0023102633700994558,347.32937591138295,-297.6922149597208
4,674.185,107.39999999999986,4562.538661546154,59.994869510895384,0.002216696486617225,342.12683330231226,-300.66104268676827
4,674.2850000000001,107.5,4568.499977125225,59.99484281162308,0.0021229653794336938,336.91515501426943,-303.62987041240115
4,674.385,107.59999999999991,4574.481758506364,59.9948166164597,0.0020288687694102942,331.68314659705567,-306.5426437059609
4,674.4850000000001,107.70000000000005,4580.487937952339,59.99479322777573,0.0019344028076093132,326.43058277181206,-309.1433502970202
4,674.585,107.79999999999995,4586.523518529511,59.99476652850342,0.0018395658106002393,321.157400269148,-312.1121780240677
4,674.685,107.89999999999986,4592.578636456625,59.994739829231115,0.001744364847881092,315.86397556173364,-315.0810057497006
4,674.7850000000001,108.0,4598.647512772344,59.994713129958804,0.0016488039296019355,310.55053160554434,-318.04983347674806
4,674.885,108.09999999999991,4604.734347638244,59.9946864306865,0.0015529039191914328,305.21822846736836,-321.01866120238094
4,674.9850000000001,108.20000000000005,4610.84174890395,59.99465973141419,0.0014566879314262373,299.868351399971,-323.9874889294284
4,675.085,108.29999999999995,4616.970396844887,59.994633032141884,0.0013601751538534197,294.50196728816667,-326.95631665647596
4,675.185,108.39999999999986,4623.1226277826245,59.99460633286957,0.0012633692361724677,289.1192790502783,-329.92514438210884
4,675.2850000000001,108.5,4629.301788180242,59.99457963359727,0.0011662647149825128,283.71998287890096,-332.8939721091563
4,675.385,108.59999999999991,4635.501491934235,59.994552435371105,0.0010688646081815426,278.3042486601593,-335.9182810486099
4,675.4850000000001,108.70000000000005,4641.719215663081,59.99452242035539,0.0009711667534444693,272.87196557525203,-339.25580312989797
4,675.585,108.79999999999995,4647.95786607684,59.99449572108308,0.0008731693707021214,267.42300914421526,-342.22463085694545
4,675.685,108.89999999999986,4654.216318410838,59.99446902181077,0.0007748617895852588,261.9567999749387,-345.19345858257833
4,675.7850000000001,109.0,4660.49060299623,59.99444232253846,0.0006762411176914007,256.47317721667474,-348.16228630962587
4,675.885,109.09999999999991,4666.784436808829,59.994415126889834,0.0005773089398001751,250.97223085154016,-351.1863086413679
4,675.9850000000001,109.20000000000005,4673.093037406608,59.99438510929658,0.0004780554792529758,245.45342573668688,-354.5241173317821
4,676.085,109.29999999999995,4679.426451129144,59.994358410024276,0.0003784784909192477,239.916614039677,-357.492945057415
4,676.185,109.39999999999986,4685.780728594308,59.994331710751965,0.0002785832677539069,234.36210263584587,-360.4617727844625
4,676.2850000000001,109.5,4692.154767091048,59.99430451716537,0.00017838470031962956,228.7907211931999,-363.485565827206
4,676.385,109.59999999999991,4698.54623504869,59.994274497510084,7.790178654749238e-05,223.20353379981984,-366.8236038052042
4,676.4850000000001,109.70000000000005,4704.951135597951,59.99424779823778,-2.2848524096471153e-05,217.6014619708752,-369.792431530837
4,676.585,109.79999999999995,4711.372871780282,59.9942206061977,-0.00012385579990408093,211.98509879682743,-372.8160526103683
4,676.685,109.89999999999986,4717.820274272715,59.99419058499589,-0.0002251067251961992,206.35519183186057,-376.1542625529933
4,676.7850000000001,110.0,4724.2764312882155,59.99416388572359,-0.00032657346979174666,200.71326916042895,-379.12309028004086
4,676.885,110.09999999999991,4730.747469426099,59.99413669523003,-0.0004282428165376157,195.06007779153,-382.1465393921158
4,676.9850000000001,110.20000000000005,4737.230933870542,59.994106672481706,-0.0005301171667188114,189.39549076363198,-385.4849213007825
4,677.085,110.29999999999995,4743.722097020273,59.99407948301916,-0.0006322091962215284,183.7187867667257,-388.50825576977286
4,677.185,110.39999999999986,4750.223887375071,59.994049459239825,-0.0007345089643928311,178.03053450943082,-391.84675232293876
4,677.2850000000001,110.5,4756.736854164308,59.9940222708083,-0.0008369868156802373,172.33236746456276,-394.8699721474299
4,677.385,110.59999999999991,4763.2440027018065,59.993992245997944,-0.0009394179652152986,166.63679971332036,-398.20858334368046
4,677.4850000000001,110.70000000000005,4769.71197868376,59.99396554672563,-0.0010410751130448248,160.98425679901504,-401.17741107072794
4,677.585,110.79999999999995,4776.062756175546,59.99393884745333,-0.0011408478296775163,155.43649250305498,-404.1462387963608
4,677.685,110.89999999999986,4782.245225586095,59.99391214818102,-0.0012379668750503957,150.0362803114573,-407.1150665234083
4,677.7850000000001,111.0,4788.253363421201,59.99388544890871,-0.0013322567142751726,144.79338097072113,-410.0838942490412
4,677.885,111.09999999999991,4794.0861216493095,59.9938587496364,-0.0014237061986969027,139.70841458933447,-413.05272197608866
4,677.9850000000001,111.20000000000005,4799.740173199635,59.99383253591476,-0.0015123524264806314,134.77931753483526,-415.9675588579033
4,678.085,111.29999999999995,4805.221659716057,59.99380965082421,-0.0015982670541640404,130.00210006907867,-418.51226833701725
4,678.185,111.39999999999986,4810.530117309788,59.99378676573366,-0.0016815539851588064,125.37099184901156,-421.05697781754577
4,678.2850000000001,111.5,4815.674068596133,59.993763880643115,-0.001762301275242534,120.88109670059394,-423.60168729665963
4,678.385,111.59999999999991,4820.654194327067,59.9937414790412,-0.001840642223475336,116.52500184616768,-426.0926352195392
4,678.4850000000001,111.70000000000005,4825.4764816244615,59.99372192515928,-0.001916629158428473,112.2997937820267,-428.26693068824073
4,678.585,111.79999999999995,4830.150562691737,59.99369952252635,-0.001990297943664698,108.20348829592523,-430.75799325420496
4,678.685,111.89999999999986,4834.681066182073,59.99368045161756,-0.0020617034241189416,104.23302560736587,-432.87858448679987
4,678.7850000000001,112.0,4839.066887786125,59.993661380708765,-0.002130886315110977,100.3861475079516,-434.9991757208094
4,678.885,112.09999999999991,4843.304443729623,59.99364279071108,-0.0021978881904556598,96.66054169331298,-437.0662920048815
4,678.9850000000001,112.20000000000005,4847.40387230588,59.993627053588455,-0.0022627534881115258,93.05373404143053,-438.8161826179379
4,679.085,112.29999999999995,4851.378431532324,59.99360846255974,-0.002325542009387651,89.56240757914414,-440.8834135465093
4,679.185,112.39999999999986,4855.204855132546,59.99359320583271,-0.002386346235598708,86.18141147195473,-442.57988653399985
4,679.2850000000001,112.5,4858.907236291619,59.99357794910568,-0.002445357948030663,82.90008649127218,-444.2763595200758
4,679.385,112.59999999999991,4862.500889271751,59.993562692378646,-0.0025027222711604836,79.71036306112627,-445.9728325061517
4,679.4850000000001,112.70000000000005,4865.9953142625345,59.993547435651614,-0.0025584984132210006,76.60894897099703,-447.66930549222764
4,679.585,112.79999999999995,4869.357880895592,59.993532656227124,-0.0026127734035544157,73.59100448331881,-449.3127047848209
4,679.685,112.89999999999986,4872.607136189521,59.99352121368185,-0.002665719586047106,70.6469434800512,-450.5850595243778
4,679.7850000000001,113.0,4875.753394668737,59.99350977113657,-0.0027175673441544902,67.7639593830539,-451.85741426393474
4,679.885,113.09999999999991,4878.780353257285,59.993498804347325,-0.002768504630389843,64.93160064961293,-453.07686727463596
4,679.9850000000001,113.20000000000005,4881.714329177418,59.993491175983806,-0.0028186307977832894,62.144340147202996,-453.92510376908854
4,680.085,113.29999999999995,4884.533648750648,59.99348354762029,-0.00286789616417182,59.40494388961793,-454.77334026071185
4,680.185,113.39999999999986,4887.245375474563,59.99347639346628,-0.0029162506595842843,56.716195630796655,-455.56884699093564
4,680.2850000000001,113.5,4889.867495495724,59.99347257928452,-0.002963732133398554,54.07598848585172,-455.99296523745465
4,680.385,113.59999999999991,4892.375206004995,59.99346876510276,-0.0030104183214452406,51.48000295549173,-456.4170834839736
4,680.4850000000001,113.70000000000005,4894.823685518342,59.993464950921,-0.003056436107744726,48.92118365241267,-456.84120173049257
4,680.585,113.79999999999995,4897.2001419966655,59.99346160888672,-0.0031018699505771736,46.3948339430759,-457.21281950178127
4,680.685,113.89999999999986,4899.516471762781,59.99346160888672,-0.0031467441725589753,43.89959952159617,-457.21281950178127
4,680.7850000000001,114.0,4901.806900099796,59.99346208000318,-0.0031909858014293056,41.43954019168092,-457.1604336696356
4,680.885,114.09999999999991,4904.523599625007,59.993465894184936,-0.0032345305061778308,39.018231442162936,-456.736315421702
4,680.9850000000001,114.20000000000005,4907.70434092655,59.993469708366696,-0.003277330633515398,36.63832524853741,-456.312197175183
4,681.085,114.29999999999995,4910.2354207587105,59.99347352254845,-0.0033193230479757665,34.303332255267534,-455.8880789300787
4,681.185,114.39999999999986,4913.895777346329,59.993477805784636,-0.0033605373784898643,32.01160470917644,-455.4118041375832
4,681.2850000000001,114.5,4916.423668595405,59.993485434148155,-0.0034009559313552353,29.764125216247212,-454.5635676445453
4,681.385,114.59999999999991,4919.949894743751,59.99349353053508,-0.0034405423164310727,27.56291877584506,-453.6632892500301
4,681.4850000000001,114.70000000000005,4922.9890428335575,59.99350450557245,-0.0034792782340798863,25.40900204410913,-452.4429190889934
4,681.585,114.79999999999995,4925.3434211676995,59.993513067920766,-0.003517118765295987,23.304874864650085,-451.4908280819996
4,681.685,114.89999999999986,4927.981350638767,59.99352785817091,-0.0035539740357799893,21.255531675148756,-449.84622502994466
4,681.7850000000001,115.0,4930.321365707679,59.99353976667757,-0.003589733508482037,19.26712208266487,-448.5220576764944
4,681.885,115.09999999999991,4932.749839641924,59.993554557958724,-0.003624401466438409,17.33940612576031,-446.8773399827695
4,681.9850000000001,115.20000000000005,4935.131759277662,59.99356693036474,-0.0036580575437215436,15.46795720390686,-445.5015893015952
4,682.085,115.29999999999995,4937.513113833001,59.99358553685867,-0.0036908440181561415,13.644861940877286,-443.432638716852
4,682.185,115.39999999999986,4939.967701763186,59.993601257485054,-0.003722947208801981,11.859762183941982,-441.68458240446665
4,682.2850000000001,115.5,4942.418080719119,59.993619865010004,-0.003754479330338406,10.10641709964516,-439.6155171752242
4,682.385,115.59999999999991,4945.004547821604,59.99363558460537,-0.0037853580479323356,8.389405844860567,-437.86757550733813
4,682.4850000000001,115.70000000000005,4947.642923116283,59.993655117867,-0.003815389064472959,6.719531363025451,-435.69557291306074
4,682.585,115.79999999999995,4950.388282835106,59.99367754112022,-0.0038444389027588203,5.104215957670726,-433.20221747267243
4,682.685,115.89999999999986,4953.198219921244,59.99369707335083,-0.0038724360454276663,3.547436808599055,-431.03032952289425
4,682.7850000000001,116.0,4956.091154687539,59.99371995844138,-0.003899323620458117,2.0523558271622595,-428.4856200423657
4,682.885,116.09999999999991,4959.037053573732,59.99374330382273,-0.003925035095753252,0.6226727100744125,-425.88972849056785
4,682.9850000000001,116.20000000000005,4962.030060188829,59.99376954331974,-0.0039494428150038926,-0.7345142493187548,-422.97202551466205
4,683.085,116.29999999999995,4965.106204936684,59.99379288767008,-0.003972471379754199,-2.0150126201345633,-420.3762486059488
4,683.185,116.39999999999986,4968.19285263996,59.993819586942394,-0.003994180146803008,-3.222122868902365,-417.4074208789013
4,683.2850000000001,116.5,4971.385621816304,59.99384674444347,-0.004014673296157009,-4.361637994767146,-414.38764036675366
4,683.385,116.59999999999991,4974.569957237062,59.993876800184275,-0.004033999740640271,-5.436277641043853,-411.045589856745
4,683.4850000000001,116.70000000000005,4977.8206539061,59.99390395665434,-0.004052245953901468,-6.450850661158449,-408.0259239890966
4,683.585,116.79999999999995,4981.177549565834,59.993934013426156,-0.004069582289961718,-7.414829093655782,-404.68375883600334
4,683.685,116.89999999999986,4984.5184762900535,59.993961168865205,-0.004086057281020891,-8.33091222709189,-401.6642076114396
4,683.7850000000001,117.0,4987.897190560532,59.993991682319276,-0.004101603120337714,-9.195329002110217,-398.2712616378731
4,683.885,117.09999999999991,4991.403226907148,59.994022650909066,-0.004116144985409782,-10.003919322144851,-394.8277068127043
4,683.9850000000001,117.20000000000005,4994.796261845913,59.99405652392467,-0.004129605507172576,-10.752380776877384,-391.0611941240935
4,684.085,117.29999999999995,4998.208471019471,59.99408749148345,-0.004141957045039309,-11.439177422273138,-387.61775394059464
4,684.185,117.39999999999986,5001.877606141325,59.99412136553007,-0.004153158165279867,-12.062004473089369,-383.8511266088992
4,684.2850000000001,117.5,5005.397437461526,59.99415233205784,-0.004163135084111861,-12.61676034458053,-380.4078010698997
4,684.385,117.59999999999991,5009.013855269153,59.99418665969366,-0.004171888466629813,-13.103480946319095,-376.5907368498142
4,684.4850000000001,117.70000000000005,5012.711843121357,59.994220987329484,-0.004179474956331703,-13.525316626608747,-372.7736726297287
4,684.585,117.79999999999995,5016.5876471112315,59.994255766492486,-0.004185955678122384,-13.8856662057515,-368.90640081025174
4,684.685,117.89999999999986,5020.382214823043,59.9942934572984,-0.0041912782788610025,-14.181618182299859,-364.71536862291117
4,684.7850000000001,118.0,5024.293864774218,59.99432823543039,-0.004195394867872263,-14.41051096622147,-360.84821144510414
4,684.885,118.09999999999991,5028.288285644598,59.99436592726731,-0.0041983091050850725,-14.572546918200874,-356.6570646146789
4,684.9850000000001,118.20000000000005,5032.3329318345095,59.99440070436828,-0.004200066711188541,-14.67026968925886,-352.7900220813712
4,685.085,118.29999999999995,5036.438393399475,59.994438846185865,-0.004200705234316538,-14.705765834273748,-348.5488396161814
4,685.185,118.39999999999986,5040.578053860895,59.99447653956931,-0.0042003574414738185,-14.686418707189755,-344.3575208183
4,685.2850000000001,118.5,5044.756191301263,59.994511315123766,-0.004199195535139955,-14.62180412632375,-340.4906502510338
4,685.385,118.59999999999991,5048.976909514817,59.99454990434447,-0.00419735871405866,-14.51966070730448,-336.19971875879094
4,685.4850000000001,118.70000000000005,5053.248852866426,59.9945914134562,-0.004194926370616181,-14.384403271797838,-331.5841097497636
4,685.585,118.79999999999995,5057.573812004143,59.99462955527378,-0.004191998129835266,-14.221572809731029,-327.34292728315916
4,685.685,118.89999999999986,5061.939059253536,59.994667697091366,-0.004188652166736202,-14.035515478437947,-323.1017448165547
4,685.7850000000001,119.0,5066.342300259472,59.994706284250036,-0.004184973883867568,-13.83097995071492,-318.81104261189574
4,685.885,119.09999999999991,5070.7815580103825,59.99474779542379,-0.004181123117503241,-13.616853288312758,-314.1952043166992
4,685.9850000000001,119.20000000000005,5075.274284695358,59.99478638155145,-0.0041771868236919335,-13.397971822248664,-309.90461675512483
4,686.085,119.29999999999995,5079.816539781532,59.99482833755079,-0.004173171639507161,-13.174703325841115,-305.2393160420014
4,686.185,119.39999999999986,5084.391046951712,59.99487029355013,-0.004169100101384813,-12.948301614411173,-300.57401533029264
4,686.2850000000001,119.5,5088.994298255704,59.99491224954947,-0.004165026714818085,-12.721797409444376,-295.9087146171692
4,686.385,119.59999999999991,5093.626711334169,59.994954205548815,-0.004160990031232285,-12.497334317629,-291.2434139026311
4,686.4850000000001,119.70000000000005,5098.294815851864,59.99499616154815,-0.004156986905730364,-12.274737466906318,-286.57811319092235
4,686.585,119.79999999999995,5102.999608174076,59.995038117547494,-0.004153026524709908,-12.054517651872057,-281.9128124777989
4,686.685,119.89999999999986,5107.745969133766,59.99508007354684,-0.004149126185440121,-11.837636660409581,-277.2475117646755
4,686.7850000000001,120.0,5112.537709031508,59.995122469732195,-0.004145316823383513,-11.625814534338051,-272.5332645317499
4,686.885,120.09999999999991,5117.369984895016,59.99516780024278,-0.004141617095504754,-11.420088232884947,-267.49273477036735
4,686.9850000000001,120.20000000000005,5122.234049613585,59.995209756242126,-0.004138020200152247,-11.220080644347975,-262.8274340572439
4,687.085,120.29999999999995,5127.119610063884,59.99525215088096,-0.004134516086176861,-11.025232212098969,-258.1133587903599
4,687.185,120.39999999999986,5132.030834676099,59.99529792106206,-0.004131108340461926,-10.835741892539286,-253.0239398307175
4,687.2850000000001,120.5,5136.97027589449,59.99534325363468,-0.0041277578557937815,-10.649435819711327,-247.98318078033643
4,687.385,120.59999999999991,5141.940622979395,59.99538564672699,-0.004124438906153553,-10.464883923528657,-243.2692774809086
4,687.4850000000001,120.70000000000005,5146.939841541707,59.99543141690809,-0.004121146744395728,-10.281821236965726,-238.17985851985156
4,687.585,120.79999999999995,5151.971975175407,59.995477187089186,-0.004117879455400087,-10.100141813293853,-233.0904395616238
4,687.685,120.89999999999986,5157.034304714295,59.99552295727029,-0.004114632850948918,-9.919612770743292,-228.00102060056676
4,687.7850000000001,121.0,5162.123063004656,59.995568727451385,-0.004111384913462855,-9.739009856789295,-222.911601642339
4,687.885,121.09999999999991,5167.242018519886,59.99561449763249,-0.004108086597304405,-9.555605974026847,-217.82218268128196
4,687.9850000000001,121.20000000000005,5172.38767922684,59.995660267813584,-0.004104685232125882,-9.36647248701594,-212.73276372305418
4,688.085,121.29999999999995,5177.566867000869,59.9957064714791,-0.004101143486909512,-9.16953362398786,-207.59514342790357
4,688.185,121.39999999999986,5182.7818453014925,59.99575562287305,-0.004097464439156268,-8.964960183259313,-202.12975023429345
4,688.2850000000001,121.5,5188.029740983005,59.99580139305415,-0.004093660762203153,-8.753457723296476,-197.04033127465104
4,688.385,121.59999999999991,5193.308666509397,59.995847595173146,-0.004089740049351828,-8.535447945074461,-191.902882945542
4,688.4850000000001,121.70000000000005,5198.62056529859,59.99589674811361,-0.004085668722115668,-8.309063484602282,-186.43731778730495
4,688.585,121.79999999999995,5203.96276798832,59.99594294920159,-0.004081455146078504,-8.074770262578154,-181.29998410269513
4,688.685,121.89999999999986,5209.327362793249,59.995992533564454,-0.0040771208620620615,-7.833765247468587,-175.7864468951191
4,688.7850000000001,122.0,5214.710569362676,59.99604168805144,-0.0040726503335895585,-7.585185055249156,-170.3207097708405
4,688.885,122.09999999999991,5220.117048697004,59.9960878875929,-0.004068045533612229,-7.329139679390147,-165.18354805227227
4,688.9850000000001,122.20000000000005,5225.549345051054,59.996137471955755,-0.004063314392174162,-7.066069357100326,-159.6700108461109
4,689.085,122.29999999999995,5231.007957212315,59.99618705631862,-0.004058475627643923,-6.797015285586681,-154.15647363853486
4,689.185,122.39999999999986,5236.499375511156,59.996236640681474,-0.004053543656055636,-6.522779049325643,-148.64293643237346
4,689.2850000000001,122.5,5242.016009391629,59.99628622504433,-0.004048523404850907,-6.243634639026374,-143.1293992262121
4,689.385,122.59999999999991,5247.553913841199,59.996335809407185,-0.004043430109996675,-5.9604292259900795,-137.61586202146535
4,689.4850000000001,122.70000000000005,5253.122132287031,59.99638539377004,-0.004038256847117461,-5.6727778059512985,-132.10232481530397
4,689.585,122.79999999999995,5258.713566230168,59.99643540388471,-0.00403300532673315,-5.380775463594342,-126.54144610101291
4,689.685,122.89999999999986,5264.3301662148915,59.996488377193025,-0.004027682216066791,-5.084792733911857,-120.65107483350526
4,689.7850000000001,123.0,5269.970143000815,59.99653796155588,-0.004022285397418454,-4.7847123761921235,-115.13753762734387
4,689.885,123.09999999999991,5275.633117101159,59.996587970124025,-0.004016821386829875,-4.480896403195238,-109.57683088050904
4,689.9850000000001,123.20000000000005,5281.319468134672,59.996640944978864,-0.004011294528734347,-4.173586229826166,-103.68628764554516
4,690.085,123.29999999999995,5287.027624691889,59.99669052934172,-0.004005722664939338,-3.863774323520228,-98.17275043938378
4,690.185,123.39999999999986,5292.749933839094,59.99674053636334,-0.00400013196621887,-3.5529155933196823,-92.61221565859051
4,690.2850000000001,123.5,5298.497250348763,59.996793934907956,-0.0039945466337589575,-3.242355543097673,-86.67456020591015
4,690.385,123.59999999999991,5304.263168065289,59.996846911824825,-0.003988994974254799,-2.933668304208854,-80.7837876833624
4,690.4850000000001,123.70000000000005,5310.051759286173,59.99689691729992,-0.0039834785383397586,-2.6269401860900907,-75.2234248686107
4,690.585,123.79999999999995,5315.861391140621,59.996950315844536,-0.0039780008376421525,-2.3223661736670604,-69.28576941593035
4,690.685,123.89999999999986,5321.696191676051,59.99700371438915,-0.003972570309861414,-2.020415565949417,-63.34811396324998
4,690.7850000000001,124.0,5327.554691899007,59.99705669336805,-0.003967185790589105,-1.7210236240012031,-57.457112153118345
4,690.885,124.09999999999991,5333.437347604107,59.99710669678112,-0.003961826783764575,-1.4230507688157674,-51.89697862595054
4,690.9850000000001,124.20000000000005,5339.3313794654005,59.99716009532573,-0.003956484950660314,-1.1260331988732442,-45.95932317327017
4,691.085,124.29999999999995,5345.24591359644,59.99721349387035,-0.0039511602340257254,-0.8299678169276656,-40.021667719175156
4,691.185,124.39999999999986,5351.180629354414,59.99726689241496,-0.003945856707605206,-0.5350811285060211,-34.08401226649479
4,691.2850000000001,124.5,5357.133025235461,59.99732029095958,-0.0039405905237672595,-0.2422712320223284,-28.146356813814425
4,691.385,124.59999999999991,5363.104450565664,59.997373689504194,-0.003935426921959618,0.04483444771932948,-22.20870136113406
4,691.4850000000001,124.70000000000005,5369.098552699455,59.997427088048816,-0.003930465691244683,0.3206874788837484,-16.27104590703905
4,691.585,124.79999999999995,5375.11368886832,59.99748090203509,-0.0039257638184703745,0.5821193196332148,-10.287195385563054
