lap,session_time_s,lap_time_s,lap_distance_m,latitude_deg,longitude_deg,x_east_m,y_north_m
3,435.6975,0.0,0.0,60.000499751219095,-0.003107633427272896,0.0,0.0
3,435.7975,0.10000000000002274,7.307809068080045,60.00056078330841,-0.0031428290798839486,-1.9567603405752207,6.78646806824331
3,435.8975,0.19999999999998863,14.243218797731057,60.00061871472222,-0.0031779252124695574,-3.9079842792019135,13.22815627452542
3,435.9975,0.30000000000001137,21.186156549346865,60.00067903278976,-0.0032129038209653105,-5.8526706553830445,19.935228633839348
3,436.0975,0.4000000000000341,28.130542158607476,60.000740064879075,-0.003247819548351744,-7.793857431865147,26.721696702082657
3,436.1975,0.5,35.08300972971563,60.00080109696839,-0.0032827114794893707,-9.733717639873005,33.50816477032597
3,436.2975,0.6000000000000227,42.0355464578211,60.00085902914894,-0.0033174948996370756,-11.667541995501114,39.94993823462169
3,436.3975,0.6999999999999886,49.00383171647658,60.00091934644974,-0.0033521865281081155,-13.59625919201562,46.65692533733665
3,436.4975,0.8000000000000114,55.98662093219758,60.000980378539055,-0.0033869376861252088,-15.528282326142445,53.44339340557996
3,436.5975,0.9000000000000341,62.980871804459404,60.00104141062836,-0.0034218609084799437,-17.46986802662277,60.22986147240862
3,436.6975,1.0,69.98617512805379,60.001102442717674,-0.0034568813129484226,-19.41685310035559,67.01632954065194
3,436.7975,1.1000000000000227,77.00701961342064,60.00116347480699,-0.0034919210145858675,-21.364907429904743,73.8027976074806
3,436.8975,1.1999999999999886,84.03456226438935,60.00122450689629,-0.003527015041856434,-23.315978457984365,80.58926567572391
3,436.9975,1.3000000000000114,91.06921764412061,60.001282440418635,-0.003562245408532516,-25.274627000965626,87.03118834012882
3,437.0975,1.400000000000034,98.11250698127418,60.00134275637765,-0.0035976750177768527,-27.244348221001513,93.73802624273459
3,437.1975,1.5,105.16104400505664,60.00140378846696,-0.003633323884963833,-29.226255384651598,100.52449430956325
3,437.2975,1.6000000000000227,112.21849009262428,60.00146482055627,-0.0036691828066553623,-31.21983705844332,107.31096237780656
3,437.3975,1.6999999999999886,119.2876806349725,60.001525852645585,-0.0037052593696369207,-33.22551500374994,114.09743044604987
3,437.4975,1.8000000000000114,126.36543178889377,60.00158688473489,-0.0037415937480692087,-35.24552270114649,120.88389851287853
3,437.5975,1.900000000000034,133.45630024811885,60.001647916824204,-0.0037782100039538487,-37.2811978556348,127.67036658112184
3,437.6975,2.0,140.55077984763807,60.00170894891352,-0.003815081435180856,-39.331055901772125,134.45683464936516
3,437.7975,2.1000000000000227,147.65801950735477,60.00176998100282,-0.0038522104903270264,-41.395232930469675,141.24330271619382
3,437.8975,2.1999999999999886,154.76726208611984,60.001831013092136,-0.0038895770544438452,-43.472610599827505,148.02977078443712
3,437.9975,2.3000000000000114,161.88707144953642,60.00189204518145,-0.003927077677838052,-45.557437532758875,154.81623885268044
3,438.0975,2.400000000000034,169.01028311577775,60.00195307727076,-0.003964640822946313,-47.64573654354498,161.60270692092374
3,438.1975,2.5,176.13817546099227,60.00201410936007,-0.004002231751988803,-49.735576360842046,168.3891749877524
3,438.2975,2.6000000000000227,183.27338378332936,60.00207514144938,-0.004039861659836347,-51.82757936342898,175.17564305599572
3,438.3975,2.6999999999999886,190.41185707861555,60.002139269422095,-0.004077488676446946,-53.91941524346106,182.30635812644442
3,438.4975,2.8000000000000114,197.5471466641021,60.002201020325266,-0.004115047395889367,-56.007452080976535,189.172754759129
3,438.5975,2.900000000000034,204.69326339437362,60.00226205241458,-0.004152496380392748,-58.08938491361539,195.9592228273723
3,438.6975,3.0,211.84119788874517,60.00232308450389,-0.004189822915749595,-60.16450632390157,202.7456908956156
3,438.7975,3.1000000000000227,219.00864733770885,60.0023841165932,-0.004227013507352788,-62.23206609641774,209.53215896244427
3,438.8975,3.1999999999999886,226.1887522971929,60.00244514868251,-0.004264012831852164,-64.28898854681292,216.31862703068757
3,438.9975,3.3000000000000114,233.37431143458804,60.00250927550512,-0.004300786771866157,-66.33337384515177,223.4492142155305
3,439.0975,3.400000000000034,240.5831318663565,60.002571027558396,-0.004337353653310844,-68.36624622172046,230.31573873382084
3,439.1975,3.5,247.8088177300972,60.00263205964771,-0.004373658109431201,-70.38452605734444,237.10220680206413
3,439.2975,3.6000000000000227,255.0157036715898,60.00269618589527,-0.004409607427933089,-72.3830549583268,244.2327300448115
3,439.3975,3.6999999999999886,262.14676705171524,60.002757938523594,-0.0044450424484278475,-74.3529903573473,251.0993185051974
3,439.4975,3.8000000000000114,269.14300803319713,60.00281587683803,-0.004479771377851507,-76.28367151985857,257.54177402794346
3,439.5975,3.900000000000034,275.97190204365614,60.002876188004954,-0.004513680149077722,-78.16875004358984,264.24807907362276
3,439.6975,4.0,282.63557726897955,60.002934126702755,-0.004546705878481828,-80.00473559604018,270.690577223961
3,439.7975,4.100000000000023,289.1249303789501,60.002988251086656,-0.004578870943825205,-81.79287436927409,276.7089424338301
3,439.8975,4.199999999999989,295.44467716361703,60.00304474717294,-0.00461021396371033,-83.5353059632707,282.9910292824412
3,439.9975,4.300000000000011,301.60360369982465,60.003095779123754,-0.004640673823304788,-85.22864275351657,288.6655311469223
3,440.0975,4.400000000000034,307.6034160276861,60.00314846032109,-0.004670121326018092,-86.8656933155713,294.5234211115541
3,440.1975,4.5,313.44231971329265,60.00319877096615,-0.004698433404271067,-88.43962116362488,300.11771732587897
3,440.2975,4.600000000000023,319.1207590058597,60.003248359538716,-0.004725448967477419,-89.94146863652325,305.6317226306193
3,440.3975,4.699999999999989,324.63987606878766,60.00329485606155,-0.004751045834431258,-91.36444663402544,310.8019072175638
3,440.4975,4.800000000000011,330.00078092551826,60.003343721986575,-0.0047750939458251485,-92.70131731082796,316.23555767062413
3,440.5975,4.900000000000034,335.20096097692993,60.003387127226425,-0.004797488560487435,-93.94626882497381,321.06200679920096
3,440.6975,5.0,340.2433911356069,60.0034321782625,-0.0048181020914839934,-95.09219835176289,326.0714603696966
3,440.7975,5.100000000000023,345.13339185554236,60.00347486104649,-0.004836935453032847,-96.13916266662586,330.8175759610968
3,440.8975,5.199999999999989,349.8710951224556,60.00351682060789,-0.004853930677194669,-97.08393698017508,335.48327275730674
3,440.9975,5.300000000000011,354.45005560882146,60.0035587801693,-0.004868881460997106,-97.91505121311985,340.14896955493134
3,441.0975,5.400000000000034,358.870570433571,60.00359764902276,-0.004881718886429241,-98.6286787552608,344.4709948334546
3,441.1975,5.5,363.1339406735685,60.003635794078576,-0.004892379579495887,-99.22129314558637,348.7125373761067
3,441.2975,5.600000000000023,367.2654929406683,60.003673939134394,-0.004900691959748444,-99.68335467306282,352.9540799173441
3,441.3975,5.699999999999989,371.25224964894414,60.00370899405733,-0.004906669543578437,-100.01561966566227,356.85201488581964
3,441.4975,5.800000000000011,375.1202695775726,60.00374641454877,-0.0049103305889516774,-100.21909514415606,361.0129894345869
3,441.5975,5.900000000000034,378.90890548780413,60.00378146985507,-0.004911623795746426,-100.29093650140277,364.91096703065466
3,441.6975,6.0,382.67761481037616,60.003815800405306,-0.004910467386905202,-100.22659516226943,368.7283553183342
3,441.7975,6.100000000000023,386.32673839233587,60.00384704158939,-0.00490685828292364,-100.02590371039537,372.20222128985085
3,441.8975,6.199999999999989,390.10024939459623,60.00388064680851,-0.004900767150814274,-99.68722335899423,375.938956325632
3,441.9975,6.300000000000011,393.9739242376603,60.00391188837597,-0.004892129062919082,-99.20695186740704,379.41286492615546
3,442.0975,6.400000000000034,397.9155423610191,60.00394240442062,-0.004880778609918812,-98.57589120976938,382.8060989588625
3,442.1975,6.5,401.42305465827747,60.00397292046527,-0.004866737031172085,-97.79522127772366,386.1993329929841
3,442.2975,6.600000000000023,405.2515279337545,60.004000348102196,-0.00485057604478711,-96.89673075887256,389.24915128063066
3,442.3975,6.699999999999989,409.10942521192646,60.00403013785732,-0.004832965588235212,-95.91765609928407,392.5616254917515
3,442.4975,6.800000000000011,412.74584618053757,60.00405756587761,-0.004814357257076419,-94.8831101590089,395.6114864084048
3,442.5975,6.900000000000034,415.89575126613136,60.00408735524937,-0.004794746434312197,-93.79282952383605,398.92391799193354
3,442.6975,7.0,418.9353156523216,60.00411478365302,-0.0047734906453727145,-92.61110348512888,401.97382153759366
3,442.7975,7.100000000000023,421.9132913810217,60.00414148519209,-0.0047502392766039896,-91.31843788472864,404.9429013167428
3,442.8975,7.199999999999989,424.79664653910055,60.00416509947353,-0.00472481091651432,-89.90475070106737,407.5686932350225
3,442.9975,7.300000000000011,427.63868471320734,60.004191073572976,-0.004697241601100606,-88.37203796014842,410.45688530697976
3,443.0975,7.400000000000034,430.5800889144922,60.00421468823778,-0.004667619946587998,-86.7252326457136,413.0827198542663
3,443.1975,7.5,433.43972809143037,60.004237575271276,-0.004636006045464703,-84.96767336321946,415.6276453812722
3,443.2975,7.600000000000023,436.40484284231013,60.004260462304764,-0.004602422833602346,-83.10063434189279,418.17257090544877
3,443.3975,7.699999999999989,439.36764570837664,60.00428334933826,-0.0045668812434064565,-81.12472346627688,420.71749643104
3,443.4975,7.800000000000011,442.40939303145495,60.00430315026422,-0.004529456978659222,-79.04415317517801,422.9192619827823
3,443.5975,7.900000000000034,445.51003056100717,60.004325308707976,-0.004490277834989489,-76.86602155122168,425.3831719141612
3,443.6975,8.0,448.6394121528393,60.004345110017304,-0.00444931863687761,-74.58893464681681,427.5849800934957
3,443.7975,8.100000000000023,451.7895345924112,60.00436418254521,-0.004406620396515396,-72.21517053924687,429.70575136411435
3,443.8975,8.199999999999989,454.9613543322995,60.00438016973233,-0.0043624242711347416,-69.75813847809727,431.48344791889775
3,443.9975,8.300000000000011,458.13649002381175,60.00439851290377,-0.004316904412254082,-67.22751433020976,433.52311833870516
3,444.0975,8.400000000000034,461.34894758780194,60.00441450047425,-0.004269886236317905,-64.61359733457884,435.3008575210807
3,444.1975,8.5,464.5586588963874,60.00442975849658,-0.004221247949231608,-61.90961480293168,436.99747453814155
3,444.2975,8.600000000000023,467.8013769277912,60.00444810109296,-0.004171064347040914,-59.119721464902305,439.03708101443874
3,444.3975,8.699999999999989,471.0963298800852,60.00446100485612,-0.004119585420222047,-56.25782284226726,440.47191599417687
3,444.4975,8.800000000000011,474.4293531100902,60.00447553256356,-0.004067150919658535,-53.34280047104011,442.08732558790933
3,444.5975,8.900000000000034,477.8091528361416,60.00449079058588,-0.0040139372905684464,-50.3844644614836,443.7839426049702
3,444.6975,9.0,481.2333130554474,60.004506048608214,-0.003960041444644559,-47.38820310869255,445.480559622031
3,444.7975,9.100000000000023,484.7148430722069,60.004521306630544,-0.0039056579048758035,-44.36483061779485,447.17717663909184
3,444.8975,9.199999999999989,488.26072891991953,60.00453964807683,-0.0038508472153723937,-41.31771092905724,449.2166552311979
3,444.9975,9.300000000000011,491.83253156591917,60.00455563737246,-0.003795574605315184,-38.244914606652635,450.99458624127476
3,445.0975,9.400000000000034,495.4664397851414,60.00457089539479,-0.0037397924059262566,-35.14379041660455,452.69120325833563
3,445.1975,9.5,499.140248356869,60.00458923626603,-0.0036834798459418313,-32.0131816875034,454.73061790693146
3,445.2975,9.600000000000023,502.85056670625795,60.004608308793934,-0.0036266238090912734,-28.852360730964367,456.8513891775502
3,445.3975,9.699999999999989,506.5984484189145,60.00462429885631,-0.003569180448723272,-25.658891580389064,458.6294054470553
3,445.4975,9.800000000000011,510.3919320650659,60.004642639152486,-0.0035110722120284305,-22.428460560494326,460.66875615214093
3,445.5975,9.900000000000034,514.2240257518141,60.0046617116804,-0.003452203065111703,-19.155729683199876,462.78952742275965
3,445.6975,10.0,518.0907903147676,60.00468078420831,-0.0033923194486515772,-15.826603098441938,464.910298694793
3,445.7975,10.100000000000023,521.9971666419915,60.00469677503741,-0.003331127304763595,-12.424733823686108,466.6884002194825
3,445.8975,10.199999999999989,525.9283592730537,60.004715114566864,-0.003268459011833786,-8.940802086732337,468.7276656679692
3,445.9975,10.300000000000011,529.8840955631999,60.004731105779335,-0.003204275392283511,-5.372630703761527,470.5058098216654
3,446.0975,10.400000000000034,533.863494497348,60.00474636380166,-0.0031385749083378657,-1.7201338241495607,472.20242683872624
3,446.1975,10.5,537.8562865063873,60.00476162182399,-0.0030713547212320017,2.0168464086381106,473.8990438557871
3,446.2975,10.600000000000023,541.8654482878727,60.00477687984632,-0.0030025879333579956,5.839805257705275,475.59566087284793
3,446.3975,10.699999999999989,545.886037070632,60.00478905731994,-0.002932275842032345,9.748670995691759,476.94973602958527
3,446.4975,10.800000000000011,549.9888757240188,60.00480050083669,-0.0028604736335343032,13.740375658152203,478.2221987916736
3,446.5975,10.900000000000034,554.3089772063371,60.004811944353435,-0.0027872767495449456,17.80961324064135,479.4946615551765
3,446.6975,11.0,558.8815116178846,60.00482030789652,-0.0027127776568105287,21.951244214950705,480.42464639903693
3,446.7975,11.100000000000023,563.6074004125602,60.00482793690769,-0.0026370901320537446,26.158943007915987,481.272954908982
3,446.8975,11.199999999999989,568.3341045622095,60.00483556591885,-0.0025603132993557926,30.42719878828225,482.1212634175124
3,446.9975,11.300000000000011,572.9239009893423,60.004840115531415,-0.002482530539721021,34.75137774842798,482.6271579513251
3,447.0975,11.400000000000034,577.320051951253,60.00484700924392,-0.0024038286472798367,39.12665212233486,483.3937048650973
3,447.1975,11.5,581.7550291514999,60.004851559239846,-0.0023242868309915165,43.54862104817304,483.8996420279168
3,447.2975,11.600000000000023,586.196964331963,60.004852294921875,-0.0022439902265898428,48.01255309929331,483.98144625026725
3,447.3975,11.699999999999989,590.6378573818322,60.004852294921875,-0.0021630285302757803,52.513460117623815,483.98144625026725
3,447.4975,11.800000000000011,595.0694100224839,60.004852294921875,-0.002081466889048442,57.04771989897328,483.98144625026725
3,447.5975,11.900000000000034,599.501290414654,60.004852294921875,-0.0019993557904330298,61.612525688210994,483.98144625026725
3,447.6975,12.0,603.9837453267179,60.00484921686506,-0.0019167675153522205,66.20386224939014,483.63918147565875
3,447.7975,12.100000000000023,608.5378835900556,60.00484540235948,-0.001833783149970109,70.81721989319347,483.21502722210084
3,447.8975,12.199999999999989,613.1527052654526,60.004841587853896,-0.0017504598201353284,75.44942213728051,482.79087296712834
3,447.9975,12.300000000000011,617.8214217812261,60.004837773348314,-0.0016668245102068183,80.09896884197019,482.36671871357044
3,448.0975,12.400000000000034,622.5378057235357,60.00483088155265,-0.001582879058822603,84.7657617379053,481.60038494058836
3,448.1975,12.5,627.2747733298852,60.004823252541485,-0.0014987551452419977,89.44247786368348,480.75207643205795
3,448.2975,12.600000000000023,632.0465744460965,60.00481562353032,-0.0014145119593176197,94.12582578428577,479.90376792352754
3,448.3975,12.699999999999989,636.8510659318786,60.00480799451916,-0.0013300709329274584,98.82017334587172,479.0554594164118
3,448.4975,12.800000000000011,641.6838035961115,60.00479728898465,-0.0012454135275060836,103.52655598297801,477.8650566464708
3,448.5975,12.900000000000034,646.5450615832824,60.0047858454679,-0.0011605091183596776,108.24667305314173,476.5925938843825
3,448.6975,13.0,651.3984950879149,60.00477440195116,-0.0010759865447418095,112.94556433260321,475.32013112229424
3,448.7975,13.100000000000023,656.1640651283666,60.00476295843441,-0.00099321909457056,117.54688445374718,474.04766835879127
3,448.8975,13.199999999999989,660.78189993041,60.004751514917665,-0.0009132461777738116,121.99284931768365,472.77520559670296
3,448.9975,13.300000000000011,665.2256884468761,60.00474007140092,-0.0008364620548126343,126.26154066806505,471.50274283320005
3,449.0975,13.400000000000034,669.5031407665211,60.00472862788418,-0.000762864035037296,130.3531079945769,470.23028007111174
3,449.1975,13.5,673.6214635676554,60.00471718436743,-0.0006923848649080057,134.27129004182513,468.95781730760876
3,449.2975,13.600000000000023,677.5684372445863,60.00470574085068,-0.0006250787083597598,138.0130755752215,467.6853545455205
3,449.3975,13.699999999999989,681.345295626927,60.004694297333934,-0.0005609485361829573,141.57829934755128,466.41289178201754
3,449.4975,13.800000000000011,684.9539399102717,60.004682853817194,-0.0004999277253120172,144.97066505558334,465.14042901992923
3,449.5975,13.900000000000034,688.3937350541919,60.004671410300446,-0.0004420133009307658,148.1903379891447,463.867966257841
3,449.6975,14.0,691.6831710828453,60.0046599667837,-0.00038712526258032347,151.24176554044894,462.595503494338
3,449.7975,14.100000000000023,694.7946794518616,60.00464852326695,-0.0003352069817498055,154.12809578308858,461.3230407322497
3,449.8975,14.199999999999989,697.7294393748068,60.00463400591043,-0.0002862605357253882,156.84922043648677,459.7087821089692
3,449.9975,14.300000000000011,700.5635103540361,60.0046218215362,-0.00024031950556126032,159.4032598631283,458.3539396385972
3,450.0975,14.400000000000034,703.2506285017103,60.00461037801945,-0.00019736324719436894,161.79136526482407,457.0814768750942
3,450.1975,14.5,705.8188658493325,60.0045989345027,-0.00015741491663610156,164.0122509939958,455.8090141115913
3,450.2975,14.600000000000023,708.3402754523565,60.004584417912916,-0.0001204536898653203,166.06708235370803,454.1948407463244
3,450.3975,14.699999999999989,710.6783234205352,60.00457223277195,-8.643608958512154e-05,167.95826284484124,452.8399130193534
3,450.4975,14.800000000000011,713.0991314630725,60.0045607892552,-5.526643423378115e-05,169.6911155075733,451.5674502558505
3,450.5975,14.900000000000034,715.2288824922629,60.004549345738454,-2.687737930216374e-05,171.26938602478228,450.2949874923475
3,450.6975,15.0,717.1875781946799,60.00453790222171,-1.1643994387572552e-06,172.69888522616418,449.02252473025925
3,450.7975,15.100000000000023,719.3061581954697,60.004526458704966,2.1992240455941612e-05,173.98626950576576,447.75006196817094
3,450.8975,15.199999999999989,721.111012696441,60.00451194326528,4.267951599267815e-05,175.1363821860776,446.13601648709516
3,450.9975,15.300000000000011,722.7751612578217,60.004499756974205,6.091459712828074e-05,176.15016349040172,444.78096087310377
3,451.0975,15.400000000000034,724.4555406838314,60.004488313457465,7.674985339963645e-05,177.0305288794287,443.50849811101546
3,451.1975,15.5,725.9952973732417,60.00447686994072,9.026253661556375e-05,177.7817749378401,442.23603534892715
3,451.2975,15.600000000000023,727.4877636028078,60.00446542642397,0.00010152324816594999,178.40782656764586,440.96357258542423
3,451.3975,15.699999999999989,728.828849291419,60.004450911942705,0.0001106970504840581,178.91786838775147,439.3496336768655
3,451.4975,15.800000000000011,730.2175827750929,60.004438724693216,0.00011797702712795387,179.32261993018093,437.99447149177166
3,451.5975,15.900000000000034,731.6399327580947,60.00442728117647,0.00012349467759250433,179.62939589760424,436.7220087296834
3,451.6975,16.0,733.0850725403486,60.00441276727025,0.0001273281013925189,179.84254841609786,435.1081337632202
3,451.7975,16.100000000000023,734.2183029353456,60.00440057944571,0.0001294903041711646,179.9627858013858,433.75290763461624
3,451.8975,16.19999999999999,735.6047080969496,60.004386065922866,0.00012993266447055773,179.98741761226128,432.13907529857454
3,451.9975,16.30000000000001,737.1023154212972,60.004373877714954,0.00012859923564686803,179.91332087237447,430.78380654096367
3,452.0975,16.400000000000034,738.0836392707381,60.00435936457547,0.00012543234640606318,179.7373020233101,429.17001683251414
3,452.1975,16.5,739.4714342863624,60.00434717598419,0.00012039690633975898,179.45739756888932,427.81470544731116
3,452.2975,16.600000000000023,741.0296107731563,60.004332663228084,0.0001134216274908099,179.06965691953022,426.2009583678684
3,452.3975,16.69999999999999,742.6324253111986,60.004317405205754,0.00010441144027686587,178.56879045123176,424.504341349393
3,452.4975,16.80000000000001,743.4185675698714,60.00430521603943,9.331611664527863e-05,177.95199545526722,423.1489660220944
3,452.5975,16.900000000000034,744.836404162396,60.004290703858366,8.010655086187477e-05,177.2176683077833,421.53528288474723
3,452.6975,17.0,746.4991159210495,60.00427851430867,6.477882919779957e-05,176.36557889067217,420.1798649284419
3,452.7975,17.100000000000023,748.2104316390553,60.00426400251098,4.736221118425335e-05,175.39736618466847,418.5662244201015
3,452.8975,17.19999999999999,749.040418804773,60.00425181257791,2.7912416123519665e-05,174.31611540782853,417.21076383478936
3,452.9975,17.30000000000001,750.5745413214601,60.004240369061165,6.479497709247273e-06,173.12461339730316,415.9383010712864
3,453.0975,17.400000000000034,752.3745236338085,60.00422892554442,-1.688083897982762e-05,171.82595891890253,414.6658383091981
3,453.1975,17.5,753.8300697277202,60.00421748202768,-4.2120573012089475e-05,170.42282157232674,413.3933755471098
3,453.2975,17.600000000000023,755.6249098319893,60.00420603851093,-6.917920096449911e-05,168.9185649055777,412.12091278360685
3,453.3975,17.69999999999999,757.5661294955436,60.00419766212503,-9.797214827240281e-05,167.3178829127505,411.18949988216485
3,453.4975,17.80000000000001,759.5754601426961,60.0041869661747,-0.0001284046573590198,165.62605718093164,410.0001628260769
3,453.5975,17.900000000000034,761.6193183387901,60.004178589405434,-0.00016042926213322492,163.84571481035553,409.0687072956281
3,453.6975,18.0,763.663700671718,60.00417096039427,-0.00019406595423123813,161.97574839496326,408.2203987870977
3,453.7975,18.100000000000023,765.7976602437685,60.004163331383104,-0.00022935332682617844,160.0140142416348,407.37209027856727
3,453.8975,18.19999999999999,767.9705680171273,60.004155702371946,-0.0002663608531830504,157.95665004778272,406.52378177145147
3,453.9975,18.30000000000001,770.2373055033057,60.00414807336078,-0.0003050813923274247,155.80405277304254,405.67547326150645
3,454.0975,18.400000000000034,772.5783360238163,60.004140444349616,-0.0003454808877658327,153.5581157089265,404.827164752976
3,454.1975,18.5,774.9818968640856,60.00413281533845,-0.0003875269465583883,151.2206396648094,403.9788562444456
3,454.2975,18.600000000000023,777.4544528742482,60.004125186327286,-0.00043111184140834537,148.79761356302697,403.1305477359152
3,454.3975,18.69999999999999,780.0048528178352,60.00411755731612,-0.0004760765583864744,146.2978775402804,402.28223922738476
3,454.4975,18.80000000000001,782.6223783558695,60.00411299332728,-0.0005222770591363182,143.7294325310666,401.77474612279246
3,454.5975,18.900000000000034,785.3208531952403,60.004106113991064,-0.0005695672246648248,141.10041364447173,401.0097977797999
3,454.6975,19.0,788.0955763316008,60.00409542034094,-0.0006177833663251136,138.41992377580394,399.82071649633815
3,454.7975,19.100000000000023,790.9389462427652,60.00408704127147,-0.0006667989903075273,135.6949821224583,398.88900519467774
3,454.8975,19.19999999999999,793.858652334057,60.004076348004716,-0.0007165088622795351,132.93144861976407,397.6999665402228
3,454.9975,19.30000000000001,796.8479311980283,60.00406796855187,-0.0007668062861510116,130.13524548587856,396.768212608141
3,455.0975,19.400000000000034,799.9063508930985,60.00405727566849,-0.0008175689494775641,127.3131817091504,395.5792165826929
3,455.1975,19.5,803.0290986525875,60.00404276847121,-0.0008686736794551918,124.47210743953858,393.9660876167756
3,455.2975,19.600000000000023,806.2077330822246,60.00403057393773,-0.0009198853584095431,121.6250819788731,392.61011548904037
3,455.3975,19.69999999999999,809.4058972498563,60.004016067123814,-0.000970446837519209,118.81420666473547,390.99702915071526
3,455.4975,19.80000000000001,812.6257917824828,60.00400080910149,-0.001020184280366954,116.04914270759635,389.3004121350691
3,455.5975,19.900000000000034,815.8867971593675,60.00398555107916,-0.001069420230436679,113.31195734951125,387.60379511800824
3,455.6975,20.0,819.1940051129055,60.00397029305683,-0.0011181924623446852,110.60055057592545,385.9071781009474
3,455.7975,20.100000000000023,822.5432461086419,60.00395197250407,-0.001166377446898626,107.92179485761655,383.8700227656634
3,455.8975,20.19999999999999,825.9191303317372,60.00393289997616,-0.001213674372183317,105.29240945467295,381.74925149504475
3,455.9975,20.30000000000001,829.3057979773317,60.00391076530118,-0.001259750809699159,102.73087888169773,379.28798453520966
3,456.0975,20.400000000000034,832.699334465615,60.00389094022307,-0.0013044347633279175,100.24675663817291,377.08353338433136
3,456.1975,20.5,836.0693463742924,60.00386880593146,-0.0013474172473902282,97.85722759438082,374.62230905208844
3,456.2975,20.600000000000023,839.4793470691411,60.00384591889797,-0.001388363887692891,95.58087850813294,372.0773835279119
3,456.3975,20.69999999999999,842.997374568198,60.00382303186448,-0.0014270713820890115,93.4290107169509,369.532458000906
3,456.4975,20.80000000000001,846.3573786587599,60.00379708364234,-0.0014636162624827602,91.39737387027951,366.6471433586154
3,456.5975,20.900000000000034,850.0380023480748,60.00377344310023,-0.0014980349664311015,89.48393485741785,364.0184313816622
3,456.6975,21.0,853.8972547195775,60.00374749526146,-0.0015301922727730933,87.696217603898,361.1331593683784
3,456.7975,21.100000000000023,857.7437736197267,60.00372079372238,-0.0015599588751190263,86.04140870868235,358.1640795878147
3,456.8975,21.19999999999999,861.1552761578731,60.00369409218331,-0.0015873297588763584,84.51978609454054,355.19499980866556
3,456.9975,21.30000000000001,864.8544273033359,60.00366739064424,-0.001612381390350447,83.12709885204671,352.22592002951643
3,457.0975,21.400000000000034,868.6043071897312,60.00364068910516,-0.0016350946023414154,81.86441271980041,349.25684024895264
3,457.1975,21.5,871.9616932950177,60.00361398756609,-0.0016555375270084951,80.72794011029883,346.2877604698035
3,457.2975,21.600000000000023,875.5334923526967,60.003584226371835,-0.001673771783828014,79.71425918352706,342.978462087153
3,457.3975,21.69999999999999,879.1831425817794,60.00355676979068,-0.001689910298698135,78.81708555576446,339.9254253420293
3,457.4975,21.80000000000001,882.8713584789882,60.0035300682516,-0.0017039704999653562,78.03545237957717,336.9563455614656
3,457.5975,21.900000000000034,886.2233849731472,60.0035003076324,-0.0017159161905488884,77.37137662934916,333.64711112232527
3,457.6975,22.0,889.8586503436136,60.00346979158775,-0.0017257243492881295,76.82613553947213,330.2538770882036
3,457.7975,22.100000000000023,893.5743937004795,60.00344233423985,-0.0017335035793062024,76.39368714417353,327.20075508648097
3,457.8975,22.19999999999999,896.9702723672599,60.0034125741957,-0.0017392935455337257,76.07183266706092,323.8915845894362
3,457.9975,22.30000000000001,900.6226790968566,60.00338205815105,-0.0017431602929958631,75.85689872465406,320.4983505553146
3,458.0975,22.400000000000034,904.3773781138269,60.00335154210639,-0.0017450943130744383,75.7494132169053,317.1051165211929
3,458.1975,22.5,908.0978990595733,60.003321026061734,-0.001745068120913966,75.75090429461399,313.71188248707125
3,458.2975,22.600000000000023,911.5545640188956,60.003290510017074,-0.0017431038881315908,75.8601394918356,310.3186484529496
3,458.3975,22.69999999999999,915.113079451535,60.00325999397242,-0.0017391763978910283,76.07852087206528,306.9254144202426
3,458.4975,22.80000000000001,918.6503582687914,60.00322642057279,-0.0017333915584536437,76.40016421030481,303.1922175538311
3,458.5975,22.900000000000034,922.1775587927344,60.00319514718584,-0.0017259150725958698,76.81585133461473,299.7147707825233
3,458.6975,23.0,925.7557132230809,60.00316463114119,-0.001716991930942734,77.31196401651286,296.32153674981635
3,458.7975,23.100000000000023,929.3869107679935,60.00313105831661,-0.0017068870812830936,77.87377720398447,292.58840382691506
3,458.8975,23.19999999999999,933.0733469756077,60.00309672776637,-0.001695706682141146,78.49538651482946,288.77101553782086
3,458.9975,23.30000000000001,936.8169932130851,60.00306545361269,-0.0016834541897901409,79.17659534865568,285.2934835113288
3,459.0975,23.400000000000034,940.6145959118745,60.003031881363164,-0.0016701587934431052,79.91578740219609,281.5604145305231
3,459.1975,23.5,944.4625556723038,60.00299755081293,-0.001655912178732906,80.70786373591814,277.74302624284354
3,459.2975,23.600000000000023,948.3523212607488,60.002963220262686,-0.0016407649918758803,81.55000786692995,273.925637955164
3,459.3975,23.69999999999999,952.2906901246117,60.00292888971245,-0.001624671767035142,82.44474753086631,270.1082496660698
3,459.4975,23.80000000000001,956.265706789134,60.002894559162215,-0.0016076199358133914,83.39278154572987,266.2908613783903
3,459.5975,23.900000000000034,960.2809992685236,60.00285717336552,-0.0015896651142047805,84.3910219365046,262.13374471512907
3,459.6975,24.0,964.3267559766305,60.00282208336447,-0.001570877864144258,85.43553914267595,258.23190923355526
3,459.7975,24.100000000000023,968.4081137635943,60.002787752814235,-0.0015512496424518025,86.52681009477284,254.41452094587572
3,459.8975,24.19999999999999,972.5323439005235,60.002753422264,-0.0015309389796998474,87.65602235791803,250.5971326581962
3,459.9975,24.30000000000001,976.6963605988558,60.00271603723404,-0.0015100408582842625,88.8178995613898,246.44010125153392
3,460.0975,24.400000000000034,980.903467872146,60.002680946466256,-0.0014885649290182809,90.0118981081741,242.53818051336117
3,460.1975,24.5,985.1512418386296,60.00264356181967,-0.0014665348466985908,91.23670916688093,238.38119173570573
3,460.2975,24.600000000000023,989.4388067277015,60.00260541676385,-0.001444017687469139,92.48860167961219,234.13964919305366
3,460.3975,24.69999999999999,993.7643547412695,60.00257032542101,-0.0014210830520385448,93.76370088167802,230.2376645113707
3,460.4975,24.80000000000001,998.1283638740783,60.00253294134947,-0.001397796959798421,95.05834396849474,226.08073967722544
3,460.5975,24.900000000000034,1002.5293066892074,60.002494796293654,-0.0013741774207799817,96.3715276082916,221.83919713457337
3,460.6975,25.0,1006.9675753132276,60.002456651237836,-0.001350279054740432,97.70021416613021,217.5976545919213
3,460.7975,25.100000000000023,1011.4434256331524,60.00241850618202,-0.0013262652665331615,99.0353191616659,213.3561120506839
3,460.8975,25.19999999999999,1015.9559417934681,60.00237730837163,-0.0013022943198896968,100.3680485463755,208.7751182181651
3,460.9975,25.30000000000001,1020.5031828449272,60.002338401373116,-0.0012783793106182404,101.69766622236324,204.44885139731846
3,461.0975,25.400000000000034,1025.0864803727686,60.00230025631729,-0.0012544787241645036,103.02648243634292,200.2073088546664
3,461.1975,25.5,1029.7044175308367,60.00225905908196,-0.001230614369942547,104.35329065822329,195.6263789656578
3,461.2975,25.600000000000023,1034.3575075775482,60.00222015150839,-0.001206723323578467,105.68158083132958,191.30004820130097
3,461.3975,25.69999999999999,1039.0442366226478,60.00217895465642,-0.001182691906870631,107.01768019957412,186.71916094129918
3,461.4975,25.80000000000001,1043.7640678045784,60.00214004669949,-0.0011584951038446172,108.36297218845803,182.39278754793554
3,461.5975,25.900000000000034,1048.5170743618442,60.00209885023089,-0.0011341467198448725,109.7166967530054,177.81194291694058
3,461.6975,26.0,1053.3014255648452,60.002056890669486,-0.0011096531570297188,111.07849555769386,173.14624612073064
3,461.7975,26.100000000000023,1058.1167550861137,60.00201493110808,-0.0010850126233483877,112.4484669977675,168.48054932310603
3,461.8975,26.19999999999999,1062.9621110826693,60.00197297154668,-0.001060204193162918,113.82777445928573,163.81485252689606
3,461.9975,26.30000000000001,1067.8267062094103,60.00193101198528,-0.0010352946591045981,115.21270459045004,159.14915573068612
3,462.0975,26.400000000000034,1072.7175650696563,60.00188905242388,-0.0010102357310146166,116.60594211905627,154.48345893447618
3,462.1975,26.5,1077.63896213012,60.00184709286248,-0.000985026822259445,118.0075196751316,149.81776213685157
3,462.2975,26.600000000000023,1082.5895074907896,60.001805133301076,-0.000959664496899379,119.4176282976814,145.15206534064163
3,462.3975,26.69999999999999,1087.5697124533522,60.001760123860365,-0.0009341275760590503,120.8374510267602,140.1472369692867
3,462.4975,26.80000000000001,1092.5797240468755,60.00171739948101,-0.000908401074505034,122.26781133296993,135.3964961787458
3,462.5975,26.900000000000034,1097.6196153871822,60.00167543991961,-0.0008825013406081388,123.70780303196968,130.73079938253582
3,462.6975,27.0,1102.6884351710853,60.00163043105395,-0.0008564553066532266,125.15593598726028,125.72603495469113
3,462.7975,27.100000000000023,1107.785060451089,60.001587706099535,-0.0008302525358554297,126.61278045009468,120.97523022063999
3,462.8975,27.19999999999999,1112.911124593102,60.001542697617246,-0.0008038687276965724,128.07969613629353,115.9705084218021
3,462.9975,27.30000000000001,1118.0652393287212,60.00149692355026,-0.0007772912073992086,129.5573849108377,110.88065737061962
3,463.0975,27.400000000000034,1123.2479147144568,60.0014541980208,-0.0007505575172228746,131.0437520965946,106.12978869447291
3,463.1975,27.5,1128.4583227810158,60.00140919011356,-0.0007237705009992877,132.5330904858043,101.12513083773058
3,463.2975,27.600000000000023,1133.6946332527168,60.00136341604658,-0.0006970104404799185,134.0209338247909,96.0352797865481
3,463.3975,27.69999999999999,1138.9582094821496,60.0013176419796,-0.0006703051789357071,135.50573261798192,90.94542873536562
3,463.4975,27.80000000000001,1144.2475423144372,60.001271867912614,-0.0006436823949648883,136.98594803828496,85.85557768559778
3,463.5975,27.900000000000034,1149.5623362070503,60.001226093845624,-0.0006171484266625334,138.4612277028788,80.76572663300065
3,463.6975,28.0,1154.9025427146094,60.00118031977864,-0.0005906615760270827,139.93388984895572,75.67587558323282
3,463.7975,28.100000000000023,1160.267357213372,60.00113454571166,-0.0005641979433339318,141.4052632041515,70.58602453205033
3,463.8975,28.19999999999999,1165.6581433871586,60.001088771644675,-0.0005378100892497929,142.87242559217458,65.49617348086785
3,463.9975,28.30000000000001,1171.0737341306778,60.001039950765325,-0.0005115647261975181,144.3316746912124,60.06753188518023
3,464.0975,28.400000000000034,1176.5145164180374,60.00099340881344,-0.00048544975212850677,145.7836717785963,54.8922958104416
3,464.1975,28.5,1181.9806867787017,60.00094458831746,-0.0004594543609605759,147.22902760975694,49.46369684234614
3,464.2975,28.600000000000023,1187.4713678963324,60.00089804598221,-0.0004335982867081734,148.66663494010606,44.28841814143
3,464.3975,28.69999999999999,1192.9881905606085,60.000849225869594,-0.000407855110338199,150.09797274447368,38.859861800926694
3,464.4975,28.80000000000001,1198.5306472053774,60.00080268315098,-0.00038216864707627646,151.52615439769644,33.68454047100374
3,464.5975,28.900000000000034,1204.0993690741825,60.00075386342173,-0.0003565268302470775,152.951861139793,28.25602675950725
3,464.6975,29.0,1209.6945775386976,60.00070427484916,-0.0003309261051030819,154.37528722487193,22.742021454766885
3,464.7975,29.100000000000023,1215.314615967203,60.0006546862766,-0.00030531656857513893,155.79920532633002,17.22801615002652
3,464.8975,29.19999999999999,1220.9588711190693,60.00060814279125,-0.00027964244889105955,157.22670893007432,12.052609562089954
3,464.9975,29.30000000000001,1226.6283655670259,60.00055932382873,-0.0002538915287977374,158.65848984451716,6.624181107192429
3,465.0975,29.400000000000034,1232.3197652169752,60.000509735256166,-0.00022805388601097323,160.09509622899304,1.1101758024520634
3,465.1975,29.5,1238.0330356701197,60.0004601466836,-0.0002021126681457718,161.53746320289534,-4.403829502288302
3,465.2975,29.600000000000023,1243.770249576223,60.000407513790556,-0.0001760553903783359,162.98629239504635,-10.256348267233495
3,465.3975,29.69999999999999,1249.5325569761212,60.00035715484121,-0.00014989319494882397,164.440951328756,-15.85601567983032
3,465.4975,29.80000000000001,1255.3194485493748,60.000307566268646,-0.00012363202683919443,165.90111311543097,-21.370020985985335
3,465.5975,29.900000000000034,1261.129680333178,60.00025797769608,-9.726936425071743e-05,167.36691986953002,-26.8840262907257
3,465.6975,30.0,1266.9631758748747,60.00020534556976,-7.079163924919001e-05,168.83913370670052,-32.73645979907192
3,465.7975,30.100000000000023,1272.8216400920883,60.00015498585368,-4.421689058183744e-05,170.31673825997865,-38.336212469682366
3,465.8975,30.19999999999999,1278.699357351114,60.00010539728112,-1.7584336218159538e-05,171.79755688521794,-43.85021777442273
3,465.9975,30.30000000000001,1284.5903911373014,60.000052765729855,9.018391220253219e-06,173.2767274102348,-49.70258733925874
3,466.0975,30.400000000000034,1290.502393954567,60.00000240543872,3.558676397482074e-05,174.75398426759867,-55.3024039533794
3,466.1975,30.5,1296.4383667047355,59.999949774270824,6.211715440866717e-05,176.22913771352907,-61.15473089062325
3,466.2975,30.600000000000023,1302.3934443881014,59.999899413596324,8.868019801166133e-05,177.70610283258546,-66.75459013092141
3,466.3975,30.69999999999999,1308.359138588061,59.999846782811794,0.00011554376349908385,179.19978453826516,-72.60687444057311
3,466.4975,30.80000000000001,1314.348709387836,59.999793379733646,0.0001429811212227033,180.725372025,-78.545034000286
3,466.5975,30.900000000000034,1320.3657926867404,59.9997430184841,0.0001710776758732131,182.28760318801508,-84.14495718409438
3,466.6975,31.0,1326.383280643726,59.99969038827462,0.00019966066117332214,183.87688730421286,-89.99717754882121
3,466.7975,31.100000000000023,1332.3306481585814,59.9996400266417,0.00022825403609561998,185.46674522537074,-95.59714336305105
3,466.8975,31.19999999999999,1338.1433525394043,59.99958739681559,0.00025627694698115907,187.02489562435505,-101.44932109877107
3,466.9975,31.30000000000001,1343.7941126815047,59.99954007586117,0.00028354037423044707,188.54080797298272,-106.71117842270216
3,467.0975,31.400000000000034,1349.2818426185215,59.99949126092401,0.0003101517477389513,190.02047419275598,-112.13915927727214
3,467.1975,31.5,1354.6061650371958,59.99944471302994,0.00033630411756847,191.4746165369156,-117.31505609312842
3,467.2975,31.600000000000023,1359.7563969910336,59.999401979449765,0.0003621061537571221,192.90927208649143,-122.06681996851557
3,467.3975,31.69999999999999,1364.7236623716597,59.999360019888364,0.0003873895765780964,194.3150935269078,-126.73251676614017
3,467.4975,31.80000000000001,1369.5117265706954,59.999318060326964,0.0004119195439227462,195.67902636390622,-131.39821356235012
3,467.5975,31.900000000000034,1374.1253568997106,59.999279140677324,0.00043567230365648766,196.99974090130127,-135.72588712627496
3,467.6975,32.0,1378.5707705964323,59.999240995621506,0.0004589855880027152,198.29602082425154,-139.96742966892702
3,467.7975,32.10000000000002,1382.847482912734,59.99920285056568,0.0004820377020869639,199.57778175242393,-144.2089722115791
3,467.8975,32.19999999999999,1386.9790456963628,59.999167744846574,0.000504731328061394,200.83960377389081,-148.1125554640416
3,467.9975,32.30000000000001,1390.945715164576,59.99913341429634,0.0005273017397003299,202.0945743144375,-151.92994375172114
3,468.0975,32.400000000000034,1394.7411848194458,59.99910212269944,0.0005498876618353118,203.35039916735286,-155.40941537963258
3,468.1975,32.5,1398.3557078179067,59.99907160665479,0.0005722251573149646,204.59241080920285,-158.80264941375424
3,468.2975,32.60000000000002,1401.812252945784,59.99904109061013,0.0005944922977204841,205.83051200049374,-162.1958834478759
3,468.3975,32.69999999999999,1405.0892251176997,59.99901361294376,0.0006167493496511635,207.06804392576294,-165.25126476432501
3,468.4975,32.80000000000001,1408.2023928664162,59.9989899495913,0.0006391806521976183,208.31525284983312,-167.882513140305
3,468.5975,32.900000000000034,1411.1759912985299,59.99896402456288,0.0006618143839601943,209.57372448755848,-170.76524875456198
3,468.6975,33.0,1413.9857470995091,59.99894036082705,0.0006846080138724704,210.8410799244632,-173.39653975954877
3,468.7975,33.10000000000002,1416.6541941632079,59.99892051140511,0.000707605501777985,212.11975814156233,-175.60369782406647
3,468.8975,33.19999999999999,1419.1650770986798,59.998901438877205,0.0007308557720390533,213.41248882437927,-177.72446909468516
3,468.9975,33.30000000000001,1421.5354117260326,59.99888236634929,0.0007543264021315753,214.7174718314752,-179.84524036671854
3,469.0975,33.400000000000034,1423.7549835921213,59.99886329382139,0.0007779516915088438,216.03105434949654,-181.96601163733723
3,469.1975,33.5,1425.8532877452856,59.9988472581383,0.00080171461892993,217.35228006062096,-183.749100704896
3,469.2975,33.60000000000002,1427.822218584288,59.9988350367691,0.0008257214723617234,218.68705562761986,-185.1080568334003
3,469.3975,33.69999999999999,1429.817529528735,59.9988205567909,0.0008502403148099352,220.05030482124158,-186.71815917095637
3,469.4975,33.80000000000001,1431.652471990994,59.99880833503835,0.0008754260098667814,221.45062280655097,-188.0771579270528
3,469.5975,33.900000000000034,1433.8217869984746,59.9987968915216,0.000901267189266895,222.88738239234436,-189.34962068914112
3,469.6975,34.0,1435.6468324971302,59.99878848389126,0.000927720999700235,224.35819332652198,-190.28450782068649
3,469.7975,34.10000000000002,1437.286483860491,59.998780854880096,0.0009547720537796464,225.8622076154409,-191.1328163292169
3,469.8975,34.19999999999999,1439.7667869957743,59.99877322586893,0.0009823868545741775,227.39756552624578,-191.9811248377473
3,469.9975,34.30000000000001,1441.5918552633875,59.99876863216912,0.0010105011158654893,228.9606823702209,-192.4919216564157
3,470.0975,34.400000000000034,1444.386059879461,59.998764817663535,0.001039019477236901,230.54626393645654,-192.91607591138825
3,470.1975,34.5,1446.2938624376698,59.99876100315795,0.0010678318713564048,232.14819336569417,-193.34023016494615
3,470.2975,34.60000000000002,1449.2622618497214,59.99875718865237,0.0010968101613692452,233.7593464868259,-193.76438441991866
3,470.3975,34.69999999999999,1451.2201127330766,59.998756408691406,0.0011258597178282917,235.37445128178297,-193.85111224162816
3,470.4975,34.80000000000001,1454.28375180655,59.99875944304434,0.0011549933571240257,236.99421730301816,-193.51370712286854
3,470.5975,34.900000000000034,1456.2924780826718,59.99876022338867,0.0011841866157297726,238.61730602902955,-193.42693667215224
3,470.6975,35.0,1459.4180915931802,59.998763257358235,0.0012133393596449528,240.23813399121192,-193.08957418381405
3,470.7975,35.10000000000002,1461.4684215737525,59.99876707186382,0.0012423329744383077,241.85011166559866,-192.66541992884152
3,470.8975,35.19999999999999,1464.4585329522233,59.998773919955596,0.0012710247989914155,243.44529901169588,-191.90394581453762
3,470.9975,35.30000000000001,1466.4750244422785,59.99878154896676,0.001299210187376897,245.012326224229,-191.0556373060072
3,471.0975,35.400000000000034,1469.0859362486892,59.998789177977926,0.0013266639696302865,246.53867713691278,-190.2073287974768
3,471.1975,35.5,1470.9871957620887,59.99879680698909,0.0013531557930444174,248.01154458376996,-189.35902028894637
3,471.2975,35.60000000000002,1473.2218569075137,59.99880746881972,0.0013784956544650262,249.42035333067886,-188.17347717626893
3,471.3975,35.69999999999999,1475.0046291888984,59.99881891233646,0.0014025277847804615,250.75645127861634,-186.90101441418062
3,471.4975,35.80000000000001,1476.691282075767,59.99883035585321,0.001425099164921352,252.01133382558055,-185.6285516520923
3,471.5975,35.900000000000034,1478.5152639169855,59.99884483161437,0.001446061746847826,253.1767582214234,-184.01891822795255
3,471.6975,36.0,1480.271407192409,59.99886008963669,0.0014652508497065,254.24357707230078,-182.3223012108917
3,471.7975,36.10000000000002,1482.0590555696988,59.99887534765902,0.0014825959314983073,255.20787142747469,-180.6256841938309
3,471.8975,36.19999999999999,1483.8623283520014,59.99889060568135,0.0014981907250950703,256.0748527229999,-178.92906717677008
3,471.9975,36.30000000000001,1485.7554613231005,59.998905863703676,0.0015121367496706644,256.85016529325463,-177.2324501611239
3,472.0975,36.400000000000034,1487.7314025716366,59.998924153012,0.0015246915631709943,257.5481171150673,-175.1987690545286
3,472.1975,36.5,1489.7912360643188,59.9989401944456,0.001536347848318012,258.19612093612255,-173.41504055752628
3,472.2975,36.60000000000002,1491.9285135370274,59.99895848337055,0.0015473499286461285,258.8077431733507,-171.38140208135246
3,472.3975,36.69999999999999,1494.1453429890548,59.99897755589846,0.001557734564423964,259.38503333045014,-169.2606308093191
3,472.4975,36.80000000000001,1496.4357735156705,59.99899965894563,0.0015674530833771094,259.9252765097718,-166.80288070576492
3,472.5975,36.900000000000034,1498.7840104231284,59.99901951565155,0.0015764508437534068,260.42545547659887,-164.59491269860575
3,472.6975,37.0,1501.2180514800687,59.999041618315346,0.0015847167299457947,260.88493459903106,-162.13720522405836
3,472.7975,37.10000000000002,1503.7046760738115,59.99906450534884,0.00159230115690191,261.3065226092232,-159.5922796984671
3,472.8975,37.19999999999999,1506.2771828215673,59.99908739238233,0.001599313445856731,261.69630066367847,-157.04735417287588
3,472.9975,37.30000000000001,1508.9110028846894,59.999110279415824,0.001605884012377574,262.0615196228836,-154.50242864728463
3,473.0975,37.400000000000034,1511.6213454475635,59.99913316644931,0.0016121054510037267,262.407327569502,-151.9575031216934
3,473.1975,37.5,1514.3934338807662,59.99915908266028,0.0016180488453834665,262.7376645906015,-149.0757479646905
3,473.2975,37.60000000000002,1517.233325450482,59.999185784199355,0.0016237368330175171,263.0537981758656,-146.10666818412673
3,473.3975,37.69999999999999,1520.132477038193,59.99920945694432,0.0016292089850830213,263.357943583488,-143.4743754087971
3,473.4975,37.80000000000001,1523.0976858275608,59.99923537258024,0.0016345321977865113,263.6537991396359,-140.59268419388977
3,473.5975,37.900000000000034,1526.1209281414203,59.99926207411931,0.0016397751018180915,263.94518634780445,-137.62360441474064
3,473.6975,38.0,1529.207214990325,59.99929180387743,0.0016449936117007625,264.23520496726735,-134.31780157386757
3,473.7975,38.10000000000002,1532.3438304519477,59.99931929189472,0.0016502405720233199,264.52681406787195,-131.26126928696647
3,473.8975,38.19999999999999,1535.536542212074,59.99934902126948,0.0016555671641347303,264.82284129623105,-127.95550907510021
3,473.9975,38.30000000000001,1538.7729216040307,59.999376509670135,0.0016609504051666771,265.12202678511073,-124.89893415919227
3,474.0975,38.400000000000034,1542.0182845637676,59.99940623866153,0.0016663316212236806,265.4210904526086,-121.59321657491819
3,474.1975,38.5,1545.3060853495288,59.99943372744555,0.0016717426277749277,265.7218191285404,-118.53659903141809
3,474.2975,38.60000000000002,1548.6407102731766,59.99946345605357,0.0016772232495537906,266.02640898585986,-115.23092407615081
3,474.3975,38.69999999999999,1552.0241773561345,59.99949397209823,0.0016827677895391864,266.33454909481185,-111.83769004202915
3,474.4975,38.80000000000001,1555.453860525618,59.99952448814288,0.001688367225014284,266.64574097244537,-108.44445600932214
3,474.5975,38.900000000000034,1558.9296988599435,59.99955803068144,0.001694012239044607,266.9594544041358,-104.71469074259255
3,474.6975,39.0,1562.4572455431733,59.99958933492946,0.001699671419007936,267.273964149867,-101.2338123716029
3,474.7975,39.10000000000002,1566.0290754419932,59.99961985097411,0.0017053199405550987,267.58788420515384,-97.8405783388959
3,474.8975,39.19999999999999,1569.6455077020887,59.99965339293762,0.0017109657036891454,267.9016383570928,-94.11087701567651
3,474.9975,39.30000000000001,1573.302866449668,59.99968469776069,0.001716594757594763,268.21447227089146,-90.6299347025913
3,475.0975,39.400000000000034,1577.0131832502548,59.99971823934083,0.0017222029953691694,268.5261394880597,-86.90027600696408
3,475.1975,39.5,1580.75965736818,59.999752569891065,0.0017278132255355559,268.8379139547354,-83.08288771928453
3,475.2975,39.60000000000002,1584.5466926581987,59.9997869004413,0.0017334198311087688,269.1494865800862,-79.265499431605
3,475.3975,39.69999999999999,1588.3785568152175,59.99982123099154,0.0017390126934615966,269.4602947963727,-75.44811114251081
3,475.4975,39.80000000000001,1592.2592858330388,59.99985556154178,0.0017445918039013645,269.7703381214957,-71.63072285483128
3,475.5975,39.900000000000034,1596.177522651924,59.999889892092014,0.0017501720435598056,270.08044390609103,-67.81333456715173
3,475.6975,40.0,1600.1360581619717,59.999927247027635,0.0017557539417782804,270.3906292193228,-63.6596495035724
3,475.7975,40.10000000000002,1604.1234918388002,59.99996236788976,0.001761330194447401,270.700509446726,-59.75438242231672
3,475.8975,40.19999999999999,1608.143402947617,59.99999669843999,0.0017668957914204729,271.0098001563078,-55.93699413463718
3,475.9975,40.30000000000001,1612.2018698919526,60.00003405280056,0.0017724443276728543,271.3181296175421,-51.78337301456807
3,476.0975,40.400000000000034,1616.2992316544528,60.000072197856376,0.0017779506414550843,271.6241080388731,-47.541830471916
3,476.1975,40.5,1620.434415070172,60.00010731948524,0.0017833803896915056,271.92584171732227,-43.6364781326467
3,476.2975,40.60000000000002,1624.604580288395,60.00014467327075,0.0017886981633232796,272.2213404384809,-39.482920956087796
3,476.3975,40.69999999999999,1628.809817716347,60.00018281832657,0.0017938125780542803,272.50552942839903,-35.24137841343573
3,476.4975,40.80000000000001,1633.0495560691443,60.00022096338239,0.0017986757130888152,272.7757477095808,-30.999835870783663
3,476.5975,40.900000000000034,1637.3244632586604,60.00025910843821,0.0018032576279808515,273.0303307101351,-26.758293328131593
3,476.6975,41.0,1641.6311886783903,60.000297253494026,0.0018073577279052577,273.25812601262083,-22.51675078689417
3,476.7975,41.10000000000002,1645.9636690018915,60.00033539854985,0.001810557686122979,273.4358760193077,-18.2752082442421
3,476.8975,41.19999999999999,1650.318626799825,60.00037656569084,0.0018123972104674385,273.53797754725514,-13.69762469831645
3,476.9975,41.30000000000001,1654.6974890576535,60.00041550335875,0.0018126001218001107,273.5490977705223,-9.367947590876678
3,477.0975,41.400000000000034,1659.1067579808164,60.00045667011638,0.0018110310487977224,273.4616922173789,-4.790406673957833
3,477.1975,41.5,1663.5541941644324,60.000495608167654,0.0018074809296360738,273.2641563458285,-0.46068693751125306
3,477.2975,41.60000000000002,1668.0414212706405,60.000536774541914,0.001801827293653378,272.94966298063844,4.116811350400783
3,477.3975,41.69999999999999,1672.5666991304213,60.00057571297656,0.001793929933923697,272.5104356946422,8.446573715854171
3,477.4975,41.80000000000001,1677.1181638171465,60.000616878967456,0.0017838048714439395,271.9473470621413,13.024029376174047
3,477.5975,41.900000000000034,1681.7137955744706,60.00065883852886,0.0017715731506843754,271.2671329077492,17.689726172384
3,477.6975,42.0,1686.3583316947665,60.00069777753855,0.0017571751520483365,270.4664944289456,22.01955247993295
3,477.7975,42.10000000000002,1691.0445134139093,60.00073894295439,0.0017405229193055887,269.5405202927046,26.596944196742616
3,477.8975,42.19999999999999,1695.7608215169473,60.00078090251579,0.0017217359202215522,268.4958586243142,31.262640992952566
3,477.9975,42.30000000000001,1700.5055844913757,60.00082286207719,0.001700909768640371,267.33782868448634,35.92833779057717
3,478.0975,42.400000000000034,1705.278258041366,60.000861801853624,0.0016778954891832917,266.05816033946934,40.25824935472509
3,478.1975,42.5,1710.0776724976602,60.00090296650273,0.0016526228442883136,264.65292769526735,44.83555581493578
3,478.2975,42.60000000000002,1714.903573549667,60.00094492606413,0.0016253655173743076,263.13735260784586,49.50125261114574
3,478.3975,42.69999999999999,1719.7524830675497,60.00098386641561,0.0015963610638178622,261.52465761687785,53.83122811880387
3,478.4975,42.80000000000001,1724.6173987507718,60.00102503048967,0.0015654476735635257,259.8058260492548,58.408470636919
3,478.5975,42.900000000000034,1729.481840506014,60.00106699005107,0.0015324362183122906,257.9703490266117,63.07416743312895
3,478.6975,43.0,1734.3619802053345,60.0011059309776,0.0014972870313200819,256.01603627726337,67.40420688288265
3,478.7975,43.10000000000002,1739.263983199994,60.00114407603342,0.0014602606524052797,253.9573642246662,71.64574942553472
3,478.8975,43.19999999999999,1744.1863401878848,60.00118523934074,0.0014216031866235367,251.80800094572962,76.22290668563623
3,478.9975,43.30000000000001,1749.1320694419824,60.00122418084233,0.0013812946679310843,249.56685663720512,80.55301007890014
3,479.0975,43.400000000000034,1754.1064339770935,60.00126534376628,0.0013393326073881731,247.23377625550762,85.13012470999485
3,479.1975,43.5,1759.1045936050411,60.00130428565123,0.0012958222925070328,244.81463021326317,89.46027073085092
3,479.2975,43.60000000000002,1764.121298535663,60.00134243070705,0.0012509796111935848,242.32141570477026,93.70181327350299
3,479.3975,43.69999999999999,1769.163593755152,60.001380575762866,0.0012053116907427294,239.78232410913733,97.94335581615506
3,479.4975,43.80000000000001,1774.2413199303833,60.00142173792009,0.0011593814379313428,237.228640011444,102.5203851906508
3,479.5975,43.900000000000034,1779.3593176175675,60.001460680571775,0.0011137795585921516,234.693223180739,106.85061646952049
3,479.6975,44.0,1784.5111832194837,60.001501842345625,0.0010690201779782777,232.2046409869337,111.42760321500941
3,479.7975,44.10000000000002,1789.690684231184,60.001543801907026,0.0010253630685006154,229.77734079023702,116.093300012634
3,479.8975,44.19999999999999,1794.8931970210538,60.00158576146843,0.0009828733981823282,227.41494837178988,120.75899680884396
3,479.9975,44.30000000000001,1800.1152928860638,60.00162772102983,0.0009414049524180689,225.10933469711944,125.42469360505392
3,480.0975,44.400000000000034,1805.3552461331549,60.00166968059123,0.0009008305885016188,222.85343106828222,130.09039040126387
3,480.1975,44.5,1810.6120037042228,60.00171164015263,0.0008613512490358425,220.65840893169837,134.75608719747382
3,480.2975,44.60000000000002,1815.8870981365085,60.00175661528196,0.0008227979510593024,218.51486349412139,139.7571003123295
3,480.3975,44.69999999999999,1821.1661297335363,60.001799373972695,0.0007845661504609901,216.38920206210918,144.51165635936965
3,480.4975,44.80000000000001,1826.3848576393088,60.0018413335341,0.0007465978638875215,214.27819617894792,149.17735315699426
3,480.5975,44.900000000000034,1831.4932419075503,60.0018832930955,0.0007090104707885874,212.18836895083476,153.8430499532042
3,480.6975,45.0,1836.4744390433304,60.0019252526569,0.0006718323474822545,210.12129793313218,158.50874674941414
3,480.7975,45.10000000000002,1841.3255085021929,60.00196419760879,0.0006350807940861098,208.0779543723737,162.83923379949542
3,480.8975,45.19999999999999,1846.0531651879435,60.00200234266461,0.0005988384067182453,206.0629230164545,167.0807763421475
3,480.9975,45.30000000000001,1850.6619528077558,60.00204048772043,0.0005631879919930818,204.08080494312816,171.32231888479956
3,481.0975,45.400000000000034,1855.150659258201,60.002075618741785,0.0005283224846122562,202.14233558173464,175.22871562200382
3,481.1975,45.5,1859.5136608830892,60.0021129631348,0.0004945444303222604,200.26431890999763,179.38122840062775
3,481.2975,45.60000000000002,1863.7469962888579,60.00214809453953,0.0004622147314878008,198.46683277232802,183.2876677682535
3,481.3975,45.69999999999999,1867.8499737028365,60.00217941163036,0.0004316383104776421,196.76683386958004,186.7699741954101
3,481.4975,45.80000000000001,1871.824328767241,60.00221294094274,0.0004029894056347679,195.17399081666977,190.49826877555128
3,481.5975,45.900000000000034,1875.6826716072694,60.00224425841693,0.0003763494185083692,193.6928421012134,193.98061783030005
3,481.6975,46.0,1879.4352709118134,60.002277787345946,0.00035178446843557094,192.32705047513048,197.70886978284906
3,481.7975,46.10000000000002,1883.1067506753652,60.00230910520351,0.00032931553730234346,191.07779516521208,201.19126146660466
3,481.8975,46.19999999999999,1886.6628695281363,60.00233962124816,0.00030892782737355705,189.94424915211673,204.5844955007263
3,481.9975,46.30000000000001,1890.2352762078049,60.002367124983515,0.0002906186731939727,188.92627036088942,207.6427755599308
3,482.0975,46.400000000000034,1893.8879977433714,60.00239683864021,0.00027443519659842814,188.02646340942243,210.94678800090833
3,482.1975,46.5,1897.3060761364445,60.00242735468486,0.00026049044752992343,187.25111723314137,214.34002203361533
3,482.2975,46.60000000000002,1900.9542489963997,60.00245787072952,0.00024888965598328833,186.60608421857103,217.733256067737
3,482.3975,46.69999999999999,1904.7069715918994,60.0024853752316,0.00023971288426355252,186.09582372304013,220.79162138354047
3,482.4975,46.80000000000001,1908.4220027809536,60.00251508812156,0.00023306109386713649,185.7259338097691,224.09554856650436
3,482.5975,46.900000000000034,1911.764906655376,60.00254560416622,0.00022883351884944112,185.49081618608108,227.48878260204066
3,482.6975,47.0,1915.2916876343056,60.00257310924336,0.00022680009043711047,185.37769069878888,230.5472118599397
3,482.7975,47.10000000000002,1918.887025155625,60.00260282155826,0.00022709527164364475,185.39401801958064,233.85107510080803
3,482.8975,47.19999999999999,1922.208656169571,60.00263333760292,0.00022988546173387651,185.54905286035648,237.2443091349297
3,482.9975,47.30000000000001,1925.7603153125053,60.00266084325511,0.00023507251797022882,185.8373495039935,240.30280233633894
3,483.0975,47.400000000000034,1929.397061566816,60.00269055499497,0.00024250455972987518,186.2504493549143,243.60660163369707
3,483.1975,47.5,1933.0315690720818,60.00272107103962,0.00025227967429502786,186.7938093076526,246.99983566781873
3,483.2975,47.60000000000002,1936.4322879086449,60.00274857726686,0.00026459785234906035,187.47855841452272,250.05839281132356
3,483.3975,47.69999999999999,1940.0122837169945,60.00277828843167,0.00027938642996022374,188.3006420136149,253.3621281665861
3,483.4975,47.80000000000001,1943.632415282308,60.002808804476324,0.000296418836097161,189.24746768098615,256.75536220070774
3,483.5975,47.900000000000034,1947.1057003100418,60.00283932052098,0.0003155846770543164,190.3129002162715,260.1485962348294
3,483.6975,48.0,1950.6818310144483,60.00286682751495,0.0003369905271073258,191.50287313160075,263.2072386363478
3,483.7975,48.10000000000002,1954.2849498388612,60.002896537913024,0.00036068573647542635,192.82011485157443,266.5108887335968
3,483.8975,48.19999999999999,1957.8565421357698,60.00292705395768,0.00038663115333632494,194.26245254535002,269.90412276771843
3,483.9975,48.30000000000001,1961.4257448761023,60.00295757000234,0.0004147586351533953,195.82610001253144,273.29735680184007
3,484.0975,48.400000000000034,1965.0233204533345,60.00298808604699,0.00044490729345695944,197.50211255366787,276.69059083596176
3,484.1975,48.5,1968.6698961617806,60.00301559399938,0.0004769159561038265,199.28153877653676,279.74933980858253
3,484.2975,48.60000000000002,1972.393123255036,60.00304530343904,0.0005107485661872595,201.1623583856238,283.05288333472913
3,484.3975,48.69999999999999,1976.1487240625263,60.00307581948369,0.0005464753443488356,203.14847922380744,286.44611736885076
3,484.4975,48.80000000000001,1979.9709533627,60.003106335528344,0.0005840640782772306,205.23811274748527,289.8393514015578
3,484.5975,48.900000000000034,1983.8692742454054,60.00313384424747,0.00062333168346153,207.4210897536505,292.8981856321922
3,484.6975,49.0,1987.8305618917152,60.00316355292039,0.0006642200581558884,209.69416378223266,296.2016439017398
3,484.7975,49.10000000000002,1991.8358517115796,60.003194068965044,0.0007067958652477725,212.06104503458172,299.5948779344468
3,484.8975,49.19999999999999,1995.8747746290408,60.00322157825922,0.0007509159165762653,214.51378520067945,302.65377610859144
3,484.9975,49.30000000000001,1999.9178720984785,60.00325128635709,0.0007963311292496944,217.0385198175942,305.95717043462884
3,485.0975,49.400000000000034,2003.9097645343977,60.003278796034635,0.000842238030297604,219.5905945661208,309.01611123636565
3,485.1975,49.5,2007.814970057595,60.003305497573706,0.0008879399011907611,222.13127138912213,311.9851910155148
3,485.2975,49.60000000000002,2011.5976882995135,60.003329193129034,0.0009332146574768286,224.64821122276348,314.62002019128585
3,485.3975,49.69999999999999,2015.273491901364,60.00335508595459,0.0009780441868860765,227.14038963129468,317.49917500575174
3,485.4975,49.80000000000001,2018.8217894949632,60.003375776292906,0.001022536764348882,229.61385154561006,319.79983883615836
3,485.5975,49.900000000000034,2022.2370661225714,60.00339785422951,0.0010668385037967156,232.07669754548425,322.2547967680596
3,485.6975,50.0,2025.5240190591367,60.00341773604599,0.0011110251165345943,234.5331493045641,324.46555694687174
3,485.7975,50.10000000000002,2028.6630167780238,60.0034368085739,0.0011551406680988944,236.9856518948961,326.58632821749046
3,485.8975,50.19999999999999,2031.7120237178422,60.00345287626817,0.0011992607685007118,239.43841683579612,328.37297677175155
3,485.9975,50.30000000000001,2034.5809563798323,60.00346813429049,0.001243395382098495,241.89199039534378,330.0695937873977
3,486.0975,50.400000000000034,2037.399464501382,60.00348339231282,0.0012875137276538837,244.3446584143748,331.7662108044586
3,486.1975,50.5,2040.0422367574965,60.00349564607656,0.001331511002087673,246.79060565976945,333.12876904584266
3,486.2975,50.60000000000002,2042.6607402933598,60.003507089593306,0.0013752890596146182,249.22436786900948,334.40123180934563
3,486.3975,50.69999999999999,2045.1826076983893,60.00351853311005,0.0014187863210570633,251.64251861286172,335.67369457143394
3,486.4975,50.80000000000001,2047.6559835995304,60.003526972943256,0.0014619058858251098,254.03968232764677,336.6121625027704
3,486.5975,50.900000000000034,2050.1611425653678,60.00353460195442,0.0015045848011269309,256.4123510413762,337.4604710113008
3,486.6975,51.0,2052.542233604683,60.00353922766541,0.0015468139529431677,258.76002673948693,337.9748273152569
3,486.7975,51.10000000000002,2055.0986975126484,60.00354304217099,0.0015885952531385947,261.0828073841649,338.39898156881475
3,486.8975,51.19999999999999,2057.4469259062816,60.00354685667657,0.001629931755420259,263.38085960371143,338.8231358237873
3,486.9975,51.30000000000001,2060.0487741100683,60.00354766845703,0.0016708456206828474,265.65542747627063,338.9134018176957
3,487.0975,51.400000000000034,2062.379237148201,60.00354766845703,0.0017113277088757033,267.9059943064436,338.9134018176957
3,487.1975,51.5,2064.972612221021,60.00354766845703,0.0017513008657954652,270.1282675407771,338.9134018176957
3,487.2975,51.60000000000002,2067.2748927380962,60.00354466630696,0.0017906580051754565,272.31630616853306,338.5795774987272
3,487.3975,51.69999999999999,2069.838815221282,60.003540851801375,0.0018292861844633123,274.4638224530013,338.1554232451693
3,487.4975,51.80000000000001,2072.105490095897,60.00353703729579,0.001867049655414792,276.5632662621179,337.7312689901968
3,487.5975,51.900000000000034,2074.628260131794,60.00353022121519,0.00190381049277636,278.6069823912913,336.97335436118055
3,487.6975,52.0,2076.8625999969363,60.00352559358737,0.0019395038979933587,280.5913466667425,336.45878491360503
3,487.7975,52.10000000000002,2079.363415078957,60.00351577669848,0.0019741220522745307,282.5159557070223,335.36719516572947
3,487.8975,52.19999999999999,2081.590898249557,60.003507334181705,0.0020076098608768386,284.37771877626585,334.4284288355893
3,487.9975,52.30000000000001,2084.0805660382175,60.003496704362256,0.0020399174584224355,286.17387891698166,333.2464452096142
3,488.0975,52.400000000000034,2086.316614507438,60.00348526084551,0.0020710359603765957,287.90393636921317,331.9739824461112
3,488.1975,52.5,2088.7760891142602,60.00347381732876,0.0021009342002616758,289.5661549253827,330.7015196840229
3,488.2975,52.60000000000002,2091.0162239732185,60.00345937357878,0.002129564495892189,291.1578969014595,329.0954457451708
3,488.3975,52.69999999999999,2093.389921137461,60.003447115598,0.0021568999175220083,292.67764238561824,327.73241858895574
3,488.4975,52.80000000000001,2095.620634187569,60.00343267223139,0.002182821057439061,294.1187722411532,326.12638728052514
3,488.5975,52.900000000000034,2097.8850521507256,60.00341441455088,0.0022070914593301056,295.468148223489,324.09622303162536
3,488.6975,53.0,2100.1111224683264,60.00339834148947,0.002229537302092314,296.71608012632316,322.30897767834216
3,488.7975,53.10000000000002,2102.351528407904,60.00338008419232,0.0022500413836162793,297.85607165621286,320.27885605703455
3,488.8975,53.19999999999999,2104.6108036661353,60.003364010747546,0.00226858295163802,298.8869493940273,318.4915680747446
3,488.9975,53.30000000000001,2106.903413743735,60.00334575383377,0.002285219760804278,299.81194378032455,316.46148908385845
3,489.0975,53.400000000000034,2109.1920408365168,60.003326681305865,0.0023000947253509173,300.6389938233566,314.3407178118251
3,489.1975,53.5,2111.548522964552,60.00330461026987,0.002313411049219558,301.3794064028669,311.8865271949732
3,489.2975,53.60000000000002,2113.911523356533,60.00328472155278,0.0023253533076657796,302.04341922248506,309.67499970111174
3,489.3975,53.69999999999999,2116.3602481207754,60.003262650900155,0.002336178292766451,302.64532830826204,307.220851711852
3,489.4975,53.80000000000001,2118.8447804424877,60.00323976386666,0.0023460360263337604,303.19346777152396,304.67592618626077
3,489.5975,53.900000000000034,2121.399214098067,60.00321687683317,0.002354890927022835,303.6858557049656,302.13100066208415
3,489.6975,54.0,2124.012701323701,60.003193989799676,0.0023627712388368635,304.1240622601511,299.58607513507826
3,489.7975,54.10000000000002,2126.6772261218425,60.00317110276619,0.0023697782193325685,304.51371673955276,297.0411496109017
3,489.8975,54.19999999999999,2129.392527066596,60.00314821573269,0.002375925541720849,304.85557924775327,294.4962240853105
3,489.9975,54.30000000000001,2132.1553434495872,60.00312233172459,0.0023811746437086083,305.14751970795237,291.618049726684
3,490.0975,54.400000000000034,2134.9644024174563,60.003098626968445,0.0023854697043449906,305.38641086744383,288.9821974660667
3,490.1975,54.5,2137.819023980715,60.003072743343715,0.002388888317726607,305.5765865839664,286.104065736447
3,490.2975,54.60000000000002,2140.7251877629224,60.00304604180464,0.0023916944868010532,305.7327176575885,283.1349859572979
3,490.3975,54.69999999999999,2143.678240861599,60.00301934026557,0.0023941333240079556,305.86842719520547,280.16590617814876
3,490.4975,54.80000000000001,2146.6870014138353,60.00299263872649,0.0023964095295425933,305.9950953986382,277.196826397585
3,490.5975,54.900000000000034,2149.7464887840333,60.00296294136291,0.0023986970761325807,306.12240806871966,273.89462567100645
3,490.6975,55.0,2152.859731709558,60.002935420951076,0.002401068084698936,306.25435081487575,270.8344912698108
3,490.7975,55.10000000000002,2156.028336579546,60.002908719412005,0.002403590953680254,306.39473250873294,267.8654114906617
3,490.8975,55.19999999999999,2159.251397322017,60.002879022623475,0.0024063672343477985,306.5492165414151,264.56327470759334
3,490.9975,55.30000000000001,2162.527501734171,60.002848506578815,0.0024094917991227013,306.72306727047743,261.17004067205704
3,491.0975,55.400000000000034,2165.8551851930724,60.00281799053416,0.002413010338617464,306.9188210866235,257.77680663935
3,491.1975,55.5,2169.2318331208216,60.00278747448951,0.0024169212315347795,307.13638788450004,254.38357260522838
3,491.2975,55.60000000000002,2172.6562410936094,60.00275695844485,0.002421202154796498,307.3745266471539,250.99033857110672
3,491.3975,55.69999999999999,2176.1420493969554,60.002726442400196,0.0024258067166307027,307.63065826042896,247.59710453698506
3,491.4975,55.80000000000001,2179.6704252578575,60.00269592635554,0.002430731198345587,307.90457600909394,244.20387050427806
3,491.5975,55.900000000000034,2183.2501200031975,60.00266241640321,0.0024359829517550417,308.1967025886573,240.47772866634637
3,491.6975,56.0,2186.889252655134,60.002628085852976,0.002441566717988712,308.5072915141235,236.66034037725217
3,491.7975,56.10000000000002,2190.578005720602,60.002596748827045,0.0024475122667977477,308.8379800675857,233.17581726579053
3,491.8975,56.19999999999999,2194.31932373108,60.00256323944976,0.002453844687172746,309.19018719796986,229.4497393699544
3,491.9975,56.30000000000001,2198.1121536591495,60.00252890889953,0.0024605887848841777,309.5652857266924,225.63235108227485
3,492.0975,56.400000000000034,2201.952311856287,60.00249457834929,0.0024677420354727044,309.96313150846333,221.81496279459532
3,492.1975,56.5,2205.8440235955068,60.00246024779906,0.0024752709976792434,310.3818654101363,217.99757450550112
3,492.2975,56.60000000000002,2209.783537372297,60.002425917248814,0.0024831460919622394,310.81984298720585,214.18018621782159
3,492.3975,56.69999999999999,2213.7721143733743,60.00238859432438,0.002491357897636538,311.27655460537034,210.03006064094458
3,492.4975,56.80000000000001,2217.8070440624447,60.00235344145108,0.002499899019366323,311.75156488609235,206.12123407298657
3,492.5975,56.900000000000034,2221.8689965524654,60.00231611891,0.002508740491011897,312.2432839170779,201.97115112370173
3,492.6975,57.0,2225.959046695201,60.002280965653334,0.002517885425257245,312.75186431282515,198.06228192815155
3,492.7975,57.10000000000002,2230.0851972758323,60.00224364349563,0.0025274318649091618,313.28277730631925,193.91224160787354
3,492.8975,57.19999999999999,2234.248802949109,60.002205498439814,0.0025374019546760443,313.8372477432154,189.67069906522147
3,492.9975,57.30000000000001,2238.455118657667,60.00216735338399,0.002547788382217946,314.4148652422736,185.4291565225694
3,493.0975,57.400000000000034,2242.7082993434715,60.00212920832817,0.002558536497604815,315.0125915625906,181.18761397991733
3,493.1975,57.5,2247.012528115244,60.00209106327235,0.0025696364748008294,315.6298804569212,176.9460714386799
3,493.2975,57.60000000000002,2251.3607147494363,60.002052918216535,0.002581113715171793,316.2681441580672,172.70452889602782
3,493.3975,57.69999999999999,2255.7561955237984,60.00201477316072,0.002592961530507986,316.92701086843357,168.46298635337578
3,493.4975,57.80000000000001,2260.2003081390603,60.0019766281049,0.002605104523108017,317.6022888538362,164.22144381213835
3,493.5975,57.900000000000034,2264.693191220861,60.00193549297508,0.002617463614297638,318.28959611071906,159.64741975150037
3,493.6975,58.0,2269.2345148156205,60.00189652329599,0.0026299406995087126,318.9834537209008,155.3141831573583
3,493.7975,58.10000000000002,2273.8262781383078,60.001855388549544,0.002642430756432018,319.6780437798143,150.7402017257271
3,493.8975,58.19999999999999,2278.4652351650434,60.00181342898814,0.0026548278316229084,320.3674693216508,146.07450492951716
3,493.9975,58.30000000000001,2283.1516693423464,60.001771469426735,0.002667119003711883,321.05100798789545,141.40880813330722
3,494.0975,58.400000000000034,2287.8863328799825,60.001732498980914,0.00267935247003441,321.7313247937196,137.07548628256615
3,494.1975,58.5,2292.6679923654287,60.001688376077304,0.0026915466094934305,322.40948110655415,132.1692364751538
3,494.2975,58.60000000000002,2297.4934088410496,60.001645590742534,0.0027036426539076737,323.0821781250508,127.4117177432627
3,494.3975,58.69999999999999,2302.3619810150085,60.00160363118113,0.0027156713499201512,323.75112768577577,122.74602094705276
3,494.4975,58.80000000000001,2307.2544450498713,60.00156167161973,0.002727653097618151,324.4174679652868,118.08032414942815
3,494.5975,58.900000000000034,2312.1866897760115,60.00151672390117,0.0027397126570341333,325.0881497813206,113.08235897743704
3,494.6975,59.0,2317.15636132989,60.001473937799666,0.002751925726872819,325.7673564117281,108.32475498894696
3,494.7975,59.10000000000002,2322.1586997728614,60.00142899046447,0.0027643605707718074,326.4589043175662,103.32683244454802
3,494.8975,59.19999999999999,2327.1949294761007,60.001383216397485,0.002777170732801384,327.17132342190735,98.23698139478019
3,494.9975,59.30000000000001,2332.265388354973,60.0013374423305,0.002790576878674993,327.91687782726603,93.1471303435977
3,495.0975,59.400000000000034,2337.3719352935714,60.00129166826352,0.002804836650492676,328.7098914815475,88.05727929241522
3,495.1975,59.5,2342.5147173086843,60.001245894196536,0.0028201228008352735,329.5599688483809,82.96742824123274
3,495.2975,59.60000000000002,2347.6932461926776,60.00120012012955,0.0028365633654042263,330.4742283333581,77.8775771914649
3,495.3975,59.69999999999999,2352.908945177064,60.00115434606257,0.002854319308151075,331.4616190457065,72.78772614028242
3,495.4975,59.80000000000001,2358.159562196153,60.00110857199559,0.002873580427127157,332.5326931854683,67.69787508909994
3,495.5975,59.900000000000034,2363.4365195731575,60.001062797928604,0.0028944746807122532,333.6945649294721,62.6080240393321
3,495.6975,60.0,2368.733631193644,60.00101702386162,0.002917165065472593,334.9562964665503,57.518172988149615
3,495.7975,60.10000000000002,2374.04691744644,60.00097124979464,0.0029418932219909223,336.331322327261,52.42832193696714
3,495.8975,60.19999999999999,2379.3704237832744,60.000925475727655,0.002968846685669351,337.8300690291937,47.33847088578465
3,495.9975,60.30000000000001,2384.7027182993315,60.00087671618708,0.0029980075705142626,339.45155775095384,41.91664986045403
3,496.0975,60.400000000000034,2390.0438009946106,60.00083011289642,0.0030294229338204554,341.19837868314687,36.73459321677305
3,496.1975,60.5,2395.4137316754054,60.00078433882944,0.0030633184618137437,343.08308615682523,31.644742165590564
3,496.2975,60.60000000000002,2400.8585818281963,60.00073856476246,0.003099931505381959,345.11888059141876,26.554891114408083
3,496.3975,60.69999999999999,2406.426854102121,60.00069577540233,0.0031392955331842253,347.30760737335333,21.79692478218942
3,496.4975,60.80000000000001,2412.3319445292273,60.00065083132576,0.003181405988053001,349.6490403025116,16.79936458151905
3,496.5975,60.900000000000034,2418.231886853599,60.000605057258774,0.0032264730695308183,352.154859249972,11.709513530336569
3,496.6975,61.0,2424.0995252181883,60.000562267323595,0.0032747916513978497,354.8414381886255,6.9514832560223425
3,496.7975,61.10000000000002,2429.916881299249,60.000520307762194,0.003326194747624186,357.6995048814831,2.2857864583977427
3,496.8975,61.19999999999999,2435.698446556054,60.000478348200794,0.003380516331487365,360.7198335339662,-2.3799103378122086
3,496.9975,61.30000000000001,2441.4640527741226,60.00043638863939,0.00343799062606398,363.9154464974363,-7.045607134022161
3,497.0975,61.400000000000034,2447.392105865442,60.00039741244306,0.0034984894882048013,367.2792031955869,-11.379568412792121
3,497.1975,61.5,2453.259063038307,60.00035628421385,0.003561919185283653,370.8059210179993,-15.952825159795426
3,497.2975,61.60000000000002,2459.1022812065235,60.00032029061585,0.003628290882384659,374.4961801093775,-19.95513617630972
3,497.3975,61.69999999999999,2464.9202856385205,60.0002829772756,0.0036974799020967368,378.34308511376275,-24.10419603933368
3,497.4975,61.80000000000001,2470.720476809426,60.00024781481812,0.003769208960988385,382.33120036624445,-28.01408832114473
3,497.5975,61.900000000000034,2476.516075042653,60.00021348426788,0.0038434187257951227,386.45723465975885,-31.831476608824264
3,497.6975,62.0,2482.3932645427844,60.00017915371764,0.003920023100188341,390.7164062715111,-35.64886489791845
3,497.7975,62.10000000000002,2488.127510473722,60.000147805190686,0.003998831642811219,395.09810963233986,-39.134666866852534
3,497.8975,62.19999999999999,2493.778243810767,60.00011728914603,0.004079751666663505,399.59720418618593,-42.52790090097419
3,497.9975,62.30000000000001,2499.427172499477,60.00008677310137,0.004162603880859842,404.2037269681093,-45.92113493509584
3,498.0975,62.400000000000034,2505.097581109993,60.00005923850495,0.004247199894675007,408.9071857264449,-48.98284659398226
3,498.1975,62.5,2510.78629571604,60.00002955570933,0.004333447652621499,413.7024940056676,-52.28342743386322
3,498.2975,62.60000000000002,2516.4898931228154,60.000005001794406,0.004421200415587629,418.581448082663,-55.01370197411336
3,498.3975,62.69999999999999,2522.2017885505875,59.999979133887734,0.004510336114026875,423.5373014453603,-57.89008593142963
3,498.4975,62.80000000000001,2527.9298132935774,59.99995541303016,0.004600773088578431,428.56549203061496,-60.527728593357125
3,498.5975,62.900000000000034,2533.674918213322,59.99993252599666,0.004692422393256452,433.66108288910186,-63.07265411894837
3,498.6975,63.0,2539.432998984621,59.999909638963175,0.004785018102028841,438.80929468701845,-65.6175796445396
3,498.7975,63.10000000000002,2545.2034228979333,59.99988675192968,0.004878291413725194,443.9951828824234,-68.16250517013086
3,498.8975,63.19999999999999,2550.9849617299947,59.99986386489619,0.004972101201129503,449.21090123148434,-70.7074306957221
3,498.9975,63.30000000000001,2556.7698042811926,59.999840977862696,0.005066202842500312,454.4428494681142,-73.25235622131333
3,499.0975,63.400000000000034,2562.5110552606507,59.9998210703606,0.005159703051045906,459.64134259915414,-75.46597251387408
3,499.1975,63.5,2568.1517316257446,59.99979901849298,0.005251560397935624,464.7485152707642,-77.91803170301988
3,499.2975,63.60000000000002,2573.655549057191,59.99977911060752,0.005341070809808146,469.7251928567177,-80.13169062458743
3,499.3975,63.69999999999999,2579.005530954885,59.99975705912326,0.005427852060104247,474.55015473703696,-82.58370718472644
3,499.4975,63.80000000000001,2584.2045095512826,59.99973715085443,0.005511792321930853,479.21715289955335,-84.79740873530079
3,499.5975,63.900000000000034,2589.26037984704,59.999718078326524,0.005592936484652209,483.72869203781346,-86.9181800059195
3,499.6975,64.0,2594.1773849402193,59.99969602741732,0.005671333184730728,488.08750404448745,-89.37013262396293
3,499.7975,64.10000000000002,2598.9552673060775,59.99967611857344,0.0057470461382768175,492.2970937036248,-91.58389811663285
3,499.8975,64.19999999999999,2603.5966182628404,59.99965704604553,0.005820213163154611,496.365132584064,-93.70466938866622
3,499.9975,64.30000000000001,2608.119392837808,59.999637973517615,0.0058912176251449495,500.3129408832929,-95.82544065928492
3,500.0975,64.40000000000003,2612.548037750244,59.99961890098971,0.005960514851696587,504.16583353802656,-97.94621193131829
3,500.1975,64.5,2616.8943568393033,59.9995998284618,0.006028291381465743,507.934181540987,-100.06698320193699
3,500.2975,64.60000000000002,2621.155735134521,59.9995777787027,0.006094488563874037,511.6147470182641,-102.51880793437465
3,500.3975,64.69999999999999,2625.3275109006368,59.99955786870871,0.006158935194095174,515.1979719720804,-104.73270131265035
3,500.4975,64.80000000000001,2629.403385086256,59.99953879618081,0.00622139599007756,518.6707850811421,-106.85347258326907
3,500.5975,64.90000000000003,2633.3923347817804,59.999519723652895,0.006281718355803596,522.0247087654315,-108.97424385530242
3,500.6975,65.0,2637.268163002565,59.99950065112498,0.006339837985791722,525.2561676955563,-111.09501512592114
3,500.7975,65.10000000000002,2641.100000998598,59.99948157859708,0.006395793234260547,528.3672941664122,-113.21578639795449
3,500.8975,65.19999999999999,2644.9174336672577,59.999462506069165,0.006449944025866684,531.3780990108784,-115.3365576685732
3,500.9975,65.30000000000001,2648.7131376853513,59.99944343354126,0.0065026123742235355,534.3064853223551,-117.45732893919191
3,501.0975,65.40000000000003,2652.445008051084,59.99942138531563,0.006553828474380372,537.1541559618466,-119.90898315701698
3,501.1975,65.5,2656.0206201483475,59.99940147378817,0.006603356724001554,539.9079705812885,-122.12304705131992
3,501.2975,65.60000000000002,2659.5552960420687,59.99938240126026,0.006651004396781834,542.5572243438734,-124.24381832193862
3,501.3975,65.69999999999999,2663.034133585269,59.99936332873235,0.006696706443950515,545.0983074119498,-126.36458959255734
3,501.4975,65.80000000000001,2666.390526538985,59.99934128127346,0.006740478740671017,547.5321269343693,-128.81615855378342
3,501.5975,65.90000000000003,2669.7514251698267,59.99932136897927,0.006782389781200335,549.8624487842353,-131.0303077032707
3,501.6975,66.0,2673.1082083118076,59.99929932190374,0.0068224729649251975,552.0911652037147,-133.48183403548998
3,501.7975,66.10000000000002,2676.3188691616274,59.99927940922618,0.00686067362017804,554.2152009237728,-135.69602581398405
3,501.8975,66.19999999999999,2679.57463937457,59.999257362534024,0.006896965594441919,556.2331375098358,-138.14750951861117
3,501.9975,66.30000000000001,2682.8244310435293,59.99923447550053,0.006931481995852847,558.1523646518897,-140.69243504420243
3,502.0975,66.40000000000003,2685.9304043172897,59.99921158846704,0.006964402763644439,559.9828794304187,-143.23736056837902
3,502.1975,66.5,2689.0894699146497,59.999188701433546,0.006995779166022324,561.727532152897,-145.7822860953849
3,502.2975,66.60000000000002,2692.174272009238,59.99916581440006,0.007025580991792011,563.3846430536255,-148.3272116195615
3,502.3975,66.69999999999999,2695.2809943276825,59.99914292736656,0.007053763591872285,564.9517296492612,-150.87213714515272
3,502.4975,66.80000000000001,2698.3518894725185,59.99912004033307,0.007080293780180664,566.4269467712193,-153.41706267074397
3,502.5975,66.90000000000003,2701.3766568464102,59.999094180477115,0.0071051152676715,567.8071902863658,-156.2925514288198
3,502.6975,67.0,2704.3821010314537,59.99907045156882,0.007128066656343849,569.0834429778196,-158.93108928998774
3,502.7975,67.10000000000002,2707.3526760320037,59.99904459209623,0.007148873647271058,570.2404908911938,-161.80653541905676
3,502.8975,67.19999999999999,2710.2807177388413,59.99902086280457,0.007167332856234743,571.266989463647,-164.4451159092315
3,502.9975,67.30000000000001,2713.159708243795,59.99899797577108,0.0071833447377632155,572.1574150683829,-166.99004143482276
3,503.0975,67.40000000000003,2715.9713752631205,59.998972116873546,0.007196838793671779,572.9078810015183,-169.8654236217962
3,503.1975,67.5,2718.744881327611,59.998948387006834,0.007207790837932934,573.5169982873798,-172.50406805406652
3,503.2975,67.60000000000002,2721.43885897301,59.99892252849266,0.007216195034442638,573.9844791774927,-175.37940761203316
3,503.3975,67.69999999999999,2724.130129921921,59.998898798242585,0.007222066779014584,574.3111425754937,-178.0180946733103
3,503.4975,67.80000000000001,2726.721564701818,59.99887591120909,0.00722545821396672,574.4998984689449,-180.56302019890154
3,503.5975,67.90000000000003,2729.4115466775397,59.9988530241756,0.00722636360240626,574.550435069956,-183.10794572449277
3,503.6975,68.0,2731.9467057245856,59.99883013714211,0.007224818828214004,574.4647473107933,-185.65287125008402
3,503.7975,68.10000000000002,2734.7640388526715,59.99880725010862,0.00722095311741624,574.2500197745206,-188.19779677567524
3,503.8975,68.19999999999999,2737.3097029760197,59.998784363075124,0.007214933275450339,573.9155263995663,-190.7427223012665
3,503.9975,68.30000000000001,2740.3075668160923,59.998761476041636,0.0072067888766165124,573.4629113383411,-193.2876478254431
3,504.0975,68.40000000000003,2743.5892988653222,59.99874155895535,0.0071965121126587525,572.891714626297,-195.50232983327152
3,504.1975,68.5,2746.2227175029075,59.99871951667192,0.007184163790760944,572.2053610694026,-197.95332330856428
3,504.2975,68.60000000000002,2749.4738424071224,59.99869959920227,0.0071698432048567145,571.409334345886,-200.16804794398487
3,504.3975,68.69999999999999,2752.128465886607,59.99868052667436,0.007153531872397774,570.502617872839,-202.2888192146036
3,504.4975,68.80000000000001,2755.430971860513,59.99865848496597,0.007135158490418044,569.4812800998494,-204.73974874780077
3,504.5975,68.90000000000003,2758.8601524445407,59.99864153591007,0.007114811605530945,568.3501745583175,-206.6244003786565
3,504.6975,69.0,2761.447027937214,59.99862330909063,0.00709265678410909,567.1185612355322,-208.65113302787435
3,504.7975,69.10000000000002,2764.30908263237,59.99860423656272,0.007068314442732003,565.7653320919777,-210.77190429990773
3,504.8975,69.19999999999999,2766.818811306886,59.99858813244855,0.007041677404895176,564.2844956074169,-212.56260256737622
3,504.9975,69.30000000000001,2769.4965554592877,59.99856990620417,0.0070130530745305935,562.6931863242886,-214.58927127308385
3,505.0975,69.40000000000003,2771.9787385546747,59.998553801706635,0.006982606002124687,561.0005167465125,-216.3800121681445
3,505.1975,69.5,2774.608864796268,59.998538543684305,0.006950321807703194,559.205698239036,-218.07662918661998
3,505.2975,69.60000000000002,2777.1063795450564,59.998523285661975,0.006916226281146951,557.3101718055242,-219.7732462036808
3,505.3975,69.69999999999999,2779.656811262134,59.99851099509497,0.006880408725672496,555.3188775826682,-221.13989678727913
3,505.4975,69.80000000000001,2782.1583287836324,59.99849658431459,0.006842955064901171,553.2366355422434,-222.74230466832654
3,505.5975,69.90000000000003,2784.636204424303,59.998484293364214,0.006803915991004828,551.0662285119896,-224.10899788093167
3,505.6975,70.0,2787.171396864183,59.99847284984747,0.006763326525989576,548.8096143736398,-225.3814606444346
3,505.7975,70.10000000000002,2789.752266136811,59.99846140633072,0.006721187858097705,546.466866233091,-226.6539234065229
3,505.8975,70.19999999999999,2792.4136366984344,59.99844996281398,0.006677477949553832,544.0367587800977,-227.9263861686112
3,505.9975,70.30000000000001,2795.185996353335,59.99843851929723,0.00663217724501731,541.518204723046,-229.19884893211415
3,506.0975,70.40000000000003,2798.045890745616,59.998427075780484,0.006585287604044649,538.9113074044868,-230.47131169420246
3,506.1975,70.5,2800.9338717373644,59.998418598185594,0.006536892868855868,536.2207042379964,-231.41397853885547
3,506.2975,70.60000000000002,2803.8908924861666,59.99841096917443,0.006487074834806342,533.4509603205032,-232.26228704738588
3,506.3975,70.69999999999999,2806.887504757435,59.998403340163264,0.00643587515767446,530.60439853395,-233.1105955559163
3,506.4975,70.80000000000001,2809.9321710705285,59.9983957111521,0.0063833114840129756,527.6819999730673,-233.95890406444673
3,506.5975,70.90000000000003,2813.0300823058533,59.998388082140934,0.00632934447018136,524.6815771652176,-234.80721257297714
3,506.6975,71.0,2816.196526860694,59.998383418093205,0.0062739894952866465,521.6039617630357,-235.32583173517466
3,506.7975,71.10000000000002,2819.425526129733,59.99837663881588,0.006217384003044749,518.4568356355642,-236.07965402056203
3,506.8975,71.19999999999999,2822.7186433195866,59.99836900980471,0.006159618316863811,515.2452104494774,-236.92796252909244
3,506.9975,71.30000000000001,2826.086290222539,59.998364345181926,0.006100711665155047,511.97012561486747,-237.44664563480018
3,507.0975,71.40000000000003,2829.516659957022,59.99835756647965,0.006040674958867203,508.6322272331198,-238.20040397809197
3,507.1975,71.5,2833.0168096359184,59.99834993746848,0.005979506658096026,505.23141969791425,-239.04871248662238
3,507.2975,71.60000000000002,2836.5846388720843,59.99834230845732,0.005917208411620719,501.7677880772576,-239.89702099515281
3,507.3975,71.69999999999999,2840.218813240285,59.998337643067806,0.005853774176374133,498.24097404558614,-240.41578935604485
3,507.4975,71.80000000000001,2843.9193871848265,59.99833086513226,0.005789207043770635,494.651187893381,-241.16946244273768
3,507.5975,71.90000000000003,2847.681998818958,59.998323236121095,0.005723520043107121,490.9991443054488,-242.01777095268275
3,507.6975,72.0,2851.5027404696207,59.99831560710993,0.005656737115799095,487.2861679586705,-242.86607946121316
3,507.7975,72.10000000000002,2855.3859692146057,59.998307978098765,0.005588891310717923,483.51409630103217,-243.7143879697436
3,507.8975,72.19999999999999,2859.3282265034177,59.9983003490876,0.005520038523082642,479.6860370051356,-244.562696478274
3,507.9975,72.30000000000001,2863.327147198456,59.99829272007644,0.00545025875799958,475.8064382199076,-245.41100498538975
3,508.0975,72.40000000000003,2867.3773398905646,59.99828509106528,0.005379743892534737,471.88596801633116,-246.2593134939202
3,508.1975,72.5,2871.4435881563927,59.99827746205411,0.005309110243148807,467.95889269272686,-247.1076220024506
3,508.2975,72.60000000000002,2875.5158043177994,59.998266871146456,0.005238662920074203,464.0421967148883,-248.28527882950337
3,508.3975,72.69999999999999,2879.6149192163302,59.99825542762971,0.005168084534464781,460.11821852100354,-249.5577415930063
3,508.4975,72.80000000000001,2883.76253180784,59.998246945626086,0.005097045999246459,456.1686348784688,-250.50089866557906
3,508.5975,72.90000000000003,2887.9581899518835,59.998233393972036,0.005025529244510399,452.1924965369302,-252.00777592554843
3,508.6975,73.0,2892.1993371951885,59.99822109707947,0.004953607086943609,448.19380823004616,-253.37512988068585
3,508.7975,73.10000000000002,2896.4848879149054,59.998209653562725,0.004881372509846102,444.1777426110608,-254.64759264277416
3,508.8975,73.19999999999999,2900.810454915896,59.998195249299584,0.004808904854965908,440.14873649324403,-256.2492758391937
3,508.9975,73.30000000000001,2905.1746468996143,59.998179991277254,0.004736269116390437,436.11038902233975,-257.9458928562545
3,509.0975,73.40000000000003,2909.578356541639,59.99816473325493,0.00466352804469829,432.06618330834726,-259.6425098719007
3,509.1975,73.5,2914.026025027497,59.99814651506126,0.004590830495758436,428.02441468689494,-261.66828337978257
3,509.2975,73.60000000000002,2918.532873453577,59.99812744253335,0.004518362420119359,423.99540773010216,-263.7890546504012
3,509.3975,73.69999999999999,2923.1395072478886,59.99810837000544,0.004446289828709349,419.9883868631944,-265.9098259224346
3,509.4975,73.80000000000001,2927.8542085446984,59.998089297477534,0.004374774121354362,416.01232572985776,-268.0305971930533
3,509.5975,73.90000000000003,2932.6219625770605,59.99806726554501,0.00430400369540146,412.0777174446073,-270.48043969647944
3,509.6975,74.0,2937.427255760741,59.99804437851152,0.004234165895130704,408.1949646486034,-273.02536522207066
3,509.7975,74.10000000000002,2942.134738010281,59.99801853245679,0.004165399686706797,404.3718064537509,-275.8993193514625
3,509.8975,74.19999999999999,2947.205763070656,59.997994789747274,0.004097895431883816,400.61879565030574,-278.53939184131445
3,509.9975,74.30000000000001,2952.047129874913,59.997965985438036,0.004031871210107573,396.9481006197575,-281.74228931790793
3,510.0975,74.40000000000003,2956.9844785398677,59.99793842783957,0.003967572630108212,393.37333868495267,-284.80655869032455
3,510.1975,74.5,2962.1695897868262,59.997908768045995,0.003905170534731203,389.90402857363364,-288.1045818166753
3,510.2975,74.60000000000002,2967.057731989167,59.997878252001335,0.00384501137335352,386.5594250229956,-291.49781585079694
3,510.3975,74.69999999999999,2972.0494523084585,59.99784773595668,0.0037871833443196105,383.3444268480997,-294.8910498849186
3,510.4975,74.80000000000001,2977.2525239191823,59.99781426223257,0.00373148533591116,380.2478696255404,-298.6131633227317
3,510.5975,74.90000000000003,2982.271493244589,59.99777993168234,0.0036779022735344254,377.2689030080731,-302.4305516104112
3,510.6975,75.0,2987.107213114583,59.997745601132095,0.0036262792811607714,374.398911259663,-306.24793989950535
3,510.7975,75.10000000000002,2992.188124428815,59.99771127058186,0.0035766008982550637,371.63703495898744,-310.06532818718495
3,510.8975,75.19999999999999,2997.092037004069,59.99767398311891,0.003529057896894311,368.9938975159641,-314.2115106219569
3,510.9975,75.30000000000001,3002.0352458168913,59.99763583806308,0.003483935977417886,366.4853718325293,-318.45305316460895
3,511.0975,75.40000000000003,3006.982418697651,59.997597693007265,0.0034413166622097808,364.1159858986863,-322.69459570726104
3,511.1975,75.5,3011.8944573735685,59.99755954795145,0.0034011973063064,361.88559289731654,-326.9361382499131
3,511.2975,75.60000000000002,3016.7698053607564,59.99752140289563,0.0033637859912998163,359.8057622395182,-331.1776807911505
3,511.3975,75.69999999999999,3021.605722594418,59.99748325783981,0.0033292302858861653,357.88469889234125,-335.4192233338026
3,511.4975,75.80000000000001,3026.3968755692226,59.997442157021375,0.0032974048791879463,356.11545184671564,-339.9894321379413
3,511.5975,75.90000000000003,3031.150970117022,59.9974031530309,0.003268187777213881,354.4912112957481,-344.32648398716805
3,511.6975,76.0,3035.8895587233947,59.99736205259583,0.003241425996671467,353.0034942541346,-348.8966501622999
3,511.7975,76.10000000000002,3040.625136454258,59.99732009303443,0.003216898430298495,351.64000083353324,-353.5623469599245
3,511.8975,76.19999999999999,3045.3707066654715,59.99727813347303,0.0031943492594469877,350.38650330191643,-358.2280437561345
3,511.9975,76.30000000000001,3050.144965957957,59.99723617391163,0.0031735702570655825,349.2314245605447,-362.89374055234447
3,512.0975000000001,76.40000000000009,3054.9652835122743,59.99719421435023,0.003154522674734757,348.17261040477166,-367.5594373485544
3,512.1975,76.5,3059.8420186515023,59.99715225478883,0.0031371254688703117,347.2055550339159,-372.22513414476435
3,512.2975,76.60000000000002,3064.766320508196,59.99711029522743,0.003121228255819616,346.32189735936726,-376.89083094238896
3,512.3975,76.70000000000005,3069.7091504926957,59.997065381628566,0.0031066846138182737,345.51351197715223,-381.8850021709696
3,512.4975000000001,76.80000000000007,3074.6559709944117,59.99702256140736,0.003093205527231879,344.7643034695681,-386.64640010287013
3,512.5975000000001,76.90000000000009,3079.6138180502257,59.996977648191866,0.0030803584351922863,344.0502435563644,-391.6405287038586
3,512.6975,77.0,3084.5762625705233,59.99693187412488,0.0030679004933609477,343.35782377475243,-396.7303797550411
3,512.7975,77.10000000000002,3089.5024801355603,59.99688905332862,0.0030558805221857425,342.6897387915201,-401.49184163045186
3,512.8975,77.20000000000005,3094.333144929217,59.99684709376722,0.003044424209476802,342.0529877720436,-406.1575384266618
3,512.9975000000001,77.30000000000007,3099.027176773566,59.99680513420582,0.003033626768401551,341.4528690789359,-410.8232352228718
3,513.0975000000001,77.40000000000009,3103.5678101843428,59.99676317464442,0.0030235545317914706,340.8930708767255,-415.48893202049635
3,513.1975,77.5,3107.947540447286,59.99672416758701,0.003014265195772679,340.37678595038074,-419.82632489894826
3,513.2975,77.60000000000002,3112.1664450946246,59.99668602253119,0.0030057942994667283,339.90600115748316,-424.06786744018564
3,513.3975,77.70000000000005,3116.216652299489,59.996650829596,0.0029981810851852303,339.4828877408037,-427.9811486926718
3,513.4975000000001,77.80000000000007,3120.1025353699083,59.996616499045764,0.0029914469692058025,339.10864728790244,-431.79853698035134
3,513.5975000000001,77.90000000000009,3123.830048375692,59.99658216849553,0.0029856390241495305,338.78590154263986,-435.61592526944554
3,513.6975,78.0,3127.4109289591865,59.99655078949087,0.0029807932298092504,338.51663596121006,-439.1051162090547
3,513.7975,78.10000000000002,3130.8465693022263,59.99652027344621,0.0029768888183607485,338.2997066430089,-442.498350244591
3,513.8975,78.20000000000005,3134.14478281262,59.996489757401555,0.0029740295885619782,338.1408892974052,-445.891584277298
3,513.9975000000001,78.30000000000007,3137.302334262118,59.99646219232742,0.002972372894465824,338.0489178278164,-448.95668490827416
3,514.0975000000001,78.40000000000009,3140.3232315268187,59.99643549078835,0.002971960243361241,338.0261108047296,-451.9257646874233
3,514.1975,78.5,3143.2066777055206,59.99640878924928,0.0029727990539712393,338.07288520716935,-454.8948444665724
3,514.2975,78.60000000000002,3145.9562971597115,59.9963820877102,0.0029750207220308783,338.1965467433317,-457.8639242471362
3,514.3975,78.70000000000005,3148.5982848989224,59.99635833637492,0.0029787485640600667,338.4039368381066,-460.50495587832415
3,514.4975000000001,78.80000000000007,3151.105390383572,59.99633544934143,0.002984030986416553,338.69775763494704,-463.0498814039154
3,514.5975000000001,78.90000000000009,3153.618899293692,59.996315512128355,0.0029909140962832564,339.0805620934554,-465.26680141196687
3,514.6975,79.0,3155.9449487364805,59.99629348997171,0.0029994102964752143,339.55306568074593,-467.71555688562194
3,514.7975,79.10000000000002,3158.502220979199,59.99627355237527,0.0030095324522279965,340.11596240800594,-469.93251952268025
3,514.8975,79.20000000000005,3160.7429473157763,59.996254479847366,0.0030213238603775867,340.7716659002976,-472.05329079329897
3,514.9975000000001,79.30000000000007,3163.427198592999,59.99623835637314,0.003034802436692726,341.52116157696736,-473.84614180297694
3,515.0975000000001,79.40000000000009,3165.6395997835784,59.99622014948881,0.0030500202451752526,342.3673702207918,-475.8706577664751
3,515.1975,79.5,3168.369228057301,59.99620402563122,0.0030669637677488964,343.309518763537,-477.66355140515986
3,515.2975,79.60000000000002,3170.5589076205542,59.99618876760889,0.003085538328157149,344.34234949077256,-479.3601684222207
3,515.3975,79.70000000000005,3173.250064786025,59.99617350958656,0.003105667994420044,345.46164510195666,-481.0567854392815
3,515.4975000000001,79.80000000000007,3175.4014902208323,59.996161199659504,0.003127319379856383,346.6655338992649,-482.42558876650395
3,515.5975000000001,79.90000000000009,3177.309983367866,59.99614975614276,0.003150465447787158,347.95252346755206,-483.69805152859226
3,515.6975,80.0,3179.9513207074233,59.996138312626016,0.0031750223094753837,349.31795412930506,-484.97051429209523
3,515.7975,80.10000000000002,3182.0502166387696,59.99612686910927,0.0032008561682026248,350.7543867775146,-486.2429770541835
3,515.8975,80.20000000000005,3184.6599434780296,59.99611542559252,0.0032278138549125166,352.253305190586,-487.51543981768646
3,515.9975000000001,80.30000000000007,3186.729187395086,59.99610692921263,0.0032557482106586643,353.8065115459439,-488.4601954610387
3,516.0975000000001,80.40000000000009,3189.3039762277376,59.996099300201465,0.0032845387716201233,355.40731899247936,-489.30850396956913
3,516.1975,80.5,3191.3436772154005,59.9960916711903,0.003314079540444228,357.04983866879616,-490.1568124780996
3,516.2975,80.60000000000002,3193.900213809824,59.996084042179135,0.003344213996066828,358.7253679538382,-491.00512098663
3,516.3975,80.70000000000005,3195.916900939927,59.996079359538086,0.0033748233328994236,360.4272851684265,-491.525807634438
3,516.4975000000001,80.80000000000007,3198.4965995250714,59.996075545032504,0.0034058763506997795,362.15386671972374,-491.94996188799587
3,516.5975000000001,80.90000000000009,3200.522699459493,59.99607173052692,0.0034374439532021536,363.9090595963118,-492.37411614296843
3,516.6975,81.0,3202.3267135577944,59.996070861816406,0.0034695532844981167,365.69435674448937,-492.4707124778995
3,516.7975,81.10000000000002,3205.0159631729807,59.99606791621302,0.0035021883689378636,367.5088975727171,-492.7982490820229
3,516.8975,81.20000000000005,3207.11385030216,59.99606704711914,0.003535289538956941,369.34934152795984,-492.8948880459608
3,516.9975000000001,81.30000000000007,3209.843531965162,59.99606999233915,0.0035687758313112717,371.21117709734733,-492.56739407084416
3,517.0975000000001,81.40000000000009,3211.984184199581,59.996070861816406,0.0036025472090354337,373.0888750721443,-492.4707124778995
3,517.1975,81.5,3214.7073941425097,59.99607380665305,0.0036366319206720316,374.9839827330422,-492.14326113037504
3,517.2975,81.60000000000002,3216.8970795942864,59.99607762115863,0.003671066923362109,376.89856159990035,-491.71910687681714
3,517.3975,81.70000000000005,3219.6266285446964,59.996081435664216,0.0037057906544184062,378.8291936624352,-491.29495262184463
3,517.4975000000001,81.80000000000007,3221.857912413517,59.996088194431394,0.0037406791764315246,380.76897100309986,-490.5434109642725
3,517.5975000000001,81.90000000000009,3224.4838201661705,59.99609582344256,0.003775639622066262,382.71274189595385,-489.69510245432747
3,517.6975,82.0,3226.7249837010595,59.996103452453724,0.0038106345672801302,384.65843053075844,-488.846793945797
3,517.7975,82.10000000000002,3229.109574731347,59.99611108146488,0.0038456497565106653,386.6052442920431,-487.99848543868126
3,517.8975,82.20000000000005,3231.347330676008,59.99612165397091,0.003880643473938037,388.5508464781057,-486.8228747827356
3,517.9975000000001,82.30000000000007,3233.6176856322595,59.99613309748766,0.003915486285636793,390.4880524873962,-485.5504120192326
3,518.0975000000001,82.40000000000009,3235.9108726747218,59.9961445410044,0.003949978054546016,392.40573972105045,-484.2779492571443
3,518.1975,82.5,3238.2639276454584,59.996155984521145,0.003983964961611603,394.2953557958786,-483.00548649505606
3,518.2975,82.60000000000002,3240.6626990247246,59.996170370766016,0.004017303151400836,396.1488846961031,-481.40580684215143
3,518.3975,82.70000000000005,3243.1207841731616,59.996185628788346,0.004049908210082176,397.9616452178793,-479.7091898250906
3,518.4975000000001,82.80000000000007,3245.6245547908447,59.99620088681067,0.004081788013347284,399.73408047557194,-478.0125728080298
3,518.5975000000001,82.90000000000009,3248.1835009321535,59.99621908698607,0.004113017611868613,401.4703454845181,-475.9888028436629
3,518.6975,83.0,3250.8022555153875,59.996238159513986,0.004143780636382188,403.18066257587554,-473.86803157304416
3,518.7975,83.10000000000002,3253.4874081046887,59.99625723204189,0.0041742788759573084,404.8762565682674,-471.74726030242545
3,518.8975,83.20000000000005,3256.2411014600407,59.996276304569804,0.00420466050780155,406.5653661641156,-469.6264890303921
3,518.9975000000001,83.30000000000007,3259.0615089492794,59.99629537709771,0.00423508346582733,408.2567725314078,-467.5057177597734
3,519.0975000000001,83.40000000000009,3261.9465660071073,59.99631739082028,0.00426564338255702,409.95577463329886,-465.05790011153636
3,519.1975,83.5,3264.894131578755,59.9963373368508,0.004296383266341652,411.6647946731053,-462.8399996476454
3,519.2975,83.60000000000002,3267.901820517912,59.99635935019,0.004327357819899238,413.3868484478998,-460.3922246298298
3,519.3975,83.70000000000005,3270.970014781174,59.996382237223486,0.004358592498389538,415.12335858312804,-457.8472991042385
3,519.4975000000001,83.80000000000007,3274.0963593273036,59.9964080646849,0.004390106507994958,416.8753798395994,-454.9754124604572
3,519.5975000000001,83.90000000000009,3277.278565753507,59.996431825987734,0.004421934332430146,418.6448609427832,-452.3332724849948
3,519.6975,84.0,3280.4962412697732,59.99645471302123,0.004453957062098549,420.4251830804983,-449.78834695940355
3,519.7975,84.10000000000002,3283.722570118083,59.99648053990759,0.0044860003337217095,422.20662736077105,-446.9165242591324
3,519.8975,84.20000000000005,3286.9776794915115,59.99650430178548,0.004518358745487686,424.00560529323417,-444.27432034015976
3,519.9975000000001,84.30000000000007,3290.282763227784,59.99653012828847,0.004551364177572456,425.84054299925754,-441.4025402674808
3,520.0975000000001,84.40000000000009,3293.641984733612,59.99655389054973,0.0045850889539291615,427.7154881688218,-438.76029372091597
3,520.1975,84.5,3297.059538244585,59.99657971666935,0.004619536188552159,429.6305872666799,-435.8885562772438
3,520.2975,84.60000000000002,3300.5317657610253,59.99660641820842,0.004654791546645481,431.59061080172984,-432.9194764980947
3,520.3975,84.70000000000005,3304.063793279175,59.9966331197475,0.004690933446473123,433.59992443026925,-429.95039671753096
3,520.4975000000001,84.80000000000007,3307.659274750347,59.99665982128657,0.004728031871631363,435.6624191754693,-426.98131693838184
3,520.5975000000001,84.90000000000009,3311.3019779696624,59.99668652282565,0.004766118388765654,437.7798500754173,-424.0122371592327
3,520.6975,85.0,3315.0045890487986,59.99671322436472,0.004805258926538407,439.95588268946216,-421.0431573786689
3,520.7975,85.10000000000002,3318.7603453378415,59.996739925903796,0.004845544577338829,442.1955816707168,-418.0740775995198
3,520.8975,85.20000000000005,3322.5684774276224,59.99676662744287,0.004887008175002471,444.5007724980119,-415.10499782037067
3,520.9975000000001,85.30000000000007,3326.4168545923426,59.99679332898194,0.004929545818822489,446.86567823198664,-412.13591804122154
3,521.0975000000001,85.40000000000009,3330.3126965294614,59.996820030521015,0.004972907859174256,449.2764183330286,-409.16683826065776
3,521.1975,85.5,3334.218711184818,59.996849669229384,0.005016601935678955,451.70559756928895,-405.87115970563246
3,521.2975,85.60000000000002,3338.0695783729097,59.99687724829643,0.005059908145579973,454.1132234820898,-402.8045031328836
3,521.3975,85.70000000000005,3341.79621671218,59.996901013049566,0.005102210767988543,456.46507451813363,-400.1619795006038
3,521.4975000000001,85.80000000000007,3345.3917536336107,59.996926836677304,0.005143226337720717,458.7453498408049,-397.29051914264664
3,521.5975000000001,85.90000000000009,3348.8124668402543,59.996950601813815,0.005182991761726953,460.9561300212566,-394.64795288136
3,521.6975,86.0,3352.1224640706864,59.99697348884731,0.005221848176947367,463.11637417786966,-392.1030273557688
3,521.7975,86.10000000000002,3355.2761065222076,59.996993439861605,0.005260298092514071,465.2540362496387,-389.884572720448
3,521.8975,86.20000000000005,3358.3346861397504,59.99701544821703,0.005298849131690535,467.3973049336059,-387.43735187264764
3,521.9975000000001,86.30000000000007,3361.3753228014807,59.99703539961469,0.005337855703711305,469.56591423844736,-385.2188546097346
3,522.0975000000001,86.40000000000009,3364.304986600176,59.9970544721426,0.00537749685050946,471.76981060245646,-383.0980833377012
3,522.1975,86.5,3367.212465216003,59.997070609418046,0.005417882151608577,474.0151013911757,-381.30369770075396
3,522.2975,86.60000000000002,3369.9736838831723,59.997085867440376,0.005459069180629972,476.30497314068174,-379.60708068369314
3,522.3975,86.70000000000005,3372.5777768042635,59.997101125462706,0.005501114815171435,478.64258191986397,-377.91046366521766
3,522.4975000000001,86.80000000000007,3375.3181807932674,59.99711638348503,0.0055440401760060735,481.0291020010368,-376.21384664957145
3,522.5975000000001,86.90000000000009,3377.898824878952,59.99712870702163,0.005587825559654888,483.463459289046,-374.84353000816844
3,522.6975,87.0,3380.601442190111,59.99714015053838,0.005632452594386731,485.9446175321333,-373.57106724466547
3,522.7975,87.10000000000002,3383.229658844974,59.997148659952764,0.005677888007355999,488.4707420160138,-372.6248622306428
3,522.8975,87.20000000000005,3385.937179480323,59.9971592228746,0.005724059130879858,491.037755755301,-371.4503172885502
3,522.9975000000001,87.30000000000007,3388.6171190091145,59.99716773267236,0.005770874494864271,493.64060343985193,-370.50406964410604
3,523.0975000000001,87.40000000000009,3391.3291849464426,59.99717242815621,0.00581823288797708,496.27367120959667,-369.98195494013106
3,523.1975,87.5,3394.0344344029327,59.99717917599742,0.005866008390384769,498.9299141938918,-369.23162819652117
3,523.2975,87.60000000000002,3396.7380977366292,59.99718387186464,0.005914059715431349,501.6015077897578,-368.70947086353937
3,523.3975,87.70000000000005,3399.4382159217416,59.99718475341797,0.005962242279417007,504.28042689560687,-368.6114464710267
3,523.4975000000001,87.80000000000007,3402.1240474086967,59.99718475341797,0.006010413073527619,506.9586982858182,-368.6114464710267
3,523.5975000000001,87.90000000000009,3404.8062292257828,59.99718475341797,0.006058427836991415,509.62829445227453,-368.6114464710267
3,523.6975,88.0,3407.468761911992,59.99718475341797,0.0061061396232419286,512.2810452414186,-368.6114464710267
3,523.7975,88.10000000000002,3410.1279939337405,59.997181821232445,0.00615340048197069,514.9087475118274,-368.9374910754729
3,523.8975,88.20000000000005,3412.7743182390527,59.99717800672686,0.006200069155489569,517.5035317202093,-369.3616453290308
3,523.9975000000001,88.30000000000007,3415.398694092399,59.99717419222128,0.006246012516124535,520.0579891978507,-369.78579958400337
3,524.0975000000001,88.40000000000009,3418.0109486783804,59.99716744610523,0.006291084236958511,522.5640073890288,-370.5359344999119
3,524.1975,88.5,3420.6093495934742,59.997159817094065,0.0063351520741169315,525.0142176605929,-371.3842430084423
3,524.2975,88.60000000000002,3423.193871983211,59.9971492568558,0.006378196731565786,527.407563569249,-372.55848954890195
3,524.3975,88.70000000000005,3425.7889790301847,59.99714074437447,0.006420305308884345,529.7488482356808,-373.50503559356446
3,524.4975000000001,88.80000000000007,3428.372832581827,59.99713018451957,0.0064615056486444205,532.0396523868305,-374.6792395064319
3,524.5975000000001,88.90000000000009,3430.996313244703,59.99711581035078,0.0065017781142645515,534.2788986946863,-376.2775763583538
3,524.6975,89.0,3433.5922578482255,59.997103482788816,0.006541100101996888,536.4652832324875,-377.64834060008445
3,524.7975,89.10000000000002,3436.254071263596,59.99708910900338,0.006579413351673397,538.5955998455166,-379.24663482441423
3,524.8975,89.20000000000005,3438.8894140374737,59.99707092090406,0.006616637759959111,540.6654094314702,-381.26906198779847
3,524.9975000000001,89.30000000000007,3441.604525101892,59.997054778261464,0.006652675322316189,542.6692152231913,-383.06404442659715
3,525.0975000000001,89.40000000000009,3444.31022112926,59.997036590545505,0.006687437913849363,544.6021509471806,-385.0864289623893
3,525.1975,89.5,3447.0944159797054,59.99701751801759,0.006720851383503168,546.46008437016,-387.207200233008
3,525.2975,89.60000000000002,3449.8634285980247,59.99699844548968,0.006752839847277133,548.2387890467007,-389.3279715050413
3,525.3975,89.70000000000005,3452.6406336733044,59.99697644384319,0.006783337816478103,549.9346481056617,-391.77444635229574
3,525.4975000000001,89.80000000000007,3455.525408916227,59.9969564857366,0.006812315188107958,551.5459465194415,-393.9936896157547
3,525.5975000000001,89.90000000000009,3458.395616946464,59.99693448447347,0.006839679616322459,553.0675838231122,-396.4401218340023
3,525.6975,90.0,3461.352436185091,59.99691159743998,0.006865323466092445,554.4935658913115,-398.9850473595936
3,525.7975,90.10000000000002,3464.2962980106017,59.99688578205464,0.006889146767677592,555.8183515501222,-401.8555912038069
3,525.8975,90.20000000000005,3467.322821489323,59.99685908051557,0.006911059859951969,557.0369385261246,-404.82467098295604
3,525.9975000000001,90.30000000000007,3470.345351371614,59.99683530694497,0.006930942794923086,558.1426254819148,-407.4681750724898
3,526.0975000000001,90.40000000000009,3473.4002426635857,59.99680949213469,0.006948687473749011,559.1294438690668,-410.338654973193
3,526.1975,90.5,3476.546840453996,59.9967798630105,0.006964210623504709,559.9927786866836,-413.63326781436524
3,526.2975,90.60000000000002,3479.722393965364,59.996752274359274,0.006977514893739962,560.7327276133295,-416.70099010096715
3,526.3975,90.70000000000005,3482.9495004299606,59.996722645618455,0.0069885972734857246,561.349157637532,-419.9955603145473
3,526.4975000000001,90.80000000000007,3486.23935061808,59.99669505658386,0.00699739492062698,561.8385399905226,-423.06332522874135
3,526.5975000000001,90.90000000000009,3489.594390671326,59.99666542822641,0.00700382318486308,562.1962025782536,-426.35785281331465
3,526.6975,91.0,3493.0234529573745,59.996634912181754,0.007007830834420444,562.419286983342,-429.7510868474363
3,526.7975,91.10000000000002,3496.475358112991,59.9966043961371,0.0070093709327191415,562.5051758089784,-433.1443208801433
3,526.8975,91.20000000000005,3500.0244977163334,59.996570953849115,0.007008371731418659,562.4499045334243,-436.8629387761789
3,526.9975000000001,91.30000000000007,3503.656245497736,59.99653954935052,0.007004805265758145,562.2518759096155,-440.3549645178625
3,527.0975000000001,91.40000000000009,3507.2761672844067,59.99650903330587,0.006998722182211374,561.9139154603366,-443.74819855056955
3,527.1975,91.5,3511.0045848041536,59.99647559159293,0.0069900858925442035,561.4340210618549,-447.4667525045096
3,527.2975,91.60000000000002,3514.809184835051,59.9964412610427,0.006978784992728016,560.8059810943911,-451.28414079218913
3,527.3975,91.70000000000005,3518.670315203816,59.99640985577737,0.006964902282398546,560.034366689152,-454.7762517890571
3,527.4975000000001,91.80000000000007,3522.5768885818798,59.99637641463949,0.006948536358717359,559.124701687114,-458.4947417994869
3,527.5975000000001,91.90000000000009,3526.449205169592,59.99634208408925,0.006929882891289156,558.0878553927621,-462.31213008858106
3,527.6975,92.0,3530.4090329037904,59.996307753539014,0.0069090882308042185,556.9319572107862,-466.12951837626065
3,527.7975,92.10000000000002,3534.421640992544,59.99627634750695,0.006886166331891878,555.6577582760326,-469.6217146311422
3,527.8975,92.20000000000005,3538.4525739937108,59.99624290713581,0.006861079651315781,554.2632127159063,-473.34011938355843
3,527.9975000000001,92.30000000000007,3542.47805628339,59.996208576585566,0.006833797025406145,552.7465779510742,-477.15750767123797
3,528.0975000000001,92.40000000000009,3546.4828386475006,59.99617424603533,0.006804394849943998,551.1120939465908,-480.97489596033216
3,528.1975,92.5,3550.4735418716214,59.99614283923653,0.006773048953680264,549.3695123851977,-484.4671774718127
3,528.2975,92.60000000000002,3554.4694812441708,59.996109399632125,0.0067397438294224885,547.5180121545118,-488.18549696762994
3,528.3975,92.70000000000005,3558.4897056592254,59.996077992449955,0.00670454035380243,545.5609441647664,-491.6778211081173
3,528.4975000000001,92.80000000000007,3562.561502901279,59.99604455322891,0.006667600874254363,543.5073684226015,-495.3960979749277
3,528.5975000000001,92.90000000000009,3566.709659751809,59.99601314566338,0.006629075602519278,541.3656031866046,-498.88846474442187
3,528.6975,93.0,3570.904054329182,59.9959797068257,0.006589020697568366,539.1388041019253,-502.6066989836402
3,528.7975,93.10000000000002,3575.147313086498,59.995948298876804,0.006547454649648107,536.8279659433341,-506.0991083807265
3,528.8975,93.20000000000005,3579.44204876149,59.995914860422495,0.006504368456129662,534.4326210582431,-509.81729999093795
3,528.9975000000001,93.30000000000007,3583.782381062629,59.995883452090226,0.006459813597376438,531.9555987890355,-513.3097520170311
3,529.0975000000001,93.40000000000009,3588.16628024051,59.99585001401928,0.006413835488057822,529.3994568146052,-517.0279009982357
3,529.1975,93.5,3592.604103937537,59.99581860530365,0.006366459605375347,526.7655790119924,-520.5203956533356
3,529.2975,93.60000000000002,3597.084091987764,59.99578516761608,0.006317818392328126,524.0613615752447,-524.2385020055335
3,529.3975,93.70000000000005,3601.6203712036704,59.995753758517075,0.006268191827502011,521.3023391829121,-527.7310392896403
3,529.4975000000001,93.80000000000007,3606.1932292631714,59.995720321212865,0.00621783795122269,518.5028910282639,-531.4491030142459
3,529.5975000000001,93.90000000000009,3610.7930235378008,59.9956889117305,0.006166870889722035,515.6693306845671,-534.9416829259449
3,529.6975,94.0,3615.428716089959,59.99565547480966,0.006115342892859318,512.8045949261584,-538.6597040215437
3,529.7975,94.10000000000002,3620.1004192432233,59.99562406494392,0.006063270244131907,509.90955757119366,-542.1523265622494
3,529.8975,94.20000000000005,3624.801667767168,59.99559062840645,0.006010667879612105,506.98508036212996,-545.8703050288416
3,529.9975000000001,94.30000000000007,3629.529624129681,59.99555629785621,0.0059575380539232505,504.03127971613594,-549.6876933165211
3,530.0975000000001,94.40000000000009,3634.2891778659864,59.995521967305976,0.005903891271622177,501.04873276033175,-553.5050816042007
3,530.1975,94.5,3639.082678889408,59.9954905566735,0.005849749807608707,498.03865597579255,-556.9977894029199
3,530.2975,94.60000000000002,3643.912224790056,59.99545712090276,0.005795126933030534,495.0018246057503,-560.715682612913
3,530.3975,94.70000000000005,3648.77745385312,59.99542279035253,0.005740033138077589,491.93881319119276,-564.5330709005926
3,530.4975000000001,94.80000000000007,3653.6762113698182,59.99538845980229,0.005684533298836773,488.85322213115296,-568.3504591882721
3,530.5975000000001,94.90000000000009,3658.609979640921,59.99535412925206,0.005628641545171674,485.74583702537825,-572.1678474759517
3,530.6975,95.0,3663.5730372055536,59.995319798701814,0.005572263704510181,482.6114217457628,-575.9852357650458
3,530.7975,95.10000000000002,3668.54942568743,59.99528546815158,0.005515300457156443,479.4444539676846,-579.8026240527254
3,530.8975,95.20000000000005,3673.53129747622,59.99525113760134,0.005457650956239448,476.2393264424255,-583.6200123418196
3,530.9975000000001,95.30000000000007,3678.5259683013915,59.9952168070511,0.00539916659703049,472.9877765183119,-587.437400629499
3,531.0975000000001,95.40000000000009,3683.552080172342,59.995182476500865,0.005339639291479303,469.6782341843347,-591.2547889171786
3,531.1975,95.5,3688.619047390051,59.99514814595063,0.0052788626254922505,466.29922247946456,-595.0721772062728
3,531.2975,95.60000000000002,3693.7204036199905,59.995113815400394,0.005216620394833768,462.83872007495654,-598.8895654939523
3,531.3975,95.70000000000005,3698.846083229175,59.99507948485015,0.005152787714883965,459.2897831023621,-602.7069537816319
3,531.4975000000001,95.80000000000007,3703.986264676164,59.9950480717258,0.005087333955327433,455.650688248199,-606.1999386646515
3,531.5975000000001,95.90000000000009,3709.12595612442,59.995014638446946,0.005020022635293776,451.90832094394676,-609.9175547889297
3,531.6975,96.0,3714.2605067201785,59.99498322493922,0.004950638662930685,448.0506939381176,-613.4105823009562
3,531.7975,96.10000000000002,3719.400327433788,59.994952708894566,0.004879204234423996,444.07904909053116,-616.8038163350778
3,531.8975,96.20000000000005,3724.545705551567,59.994922192849906,0.0048057895719919716,439.9972968258463,-620.1970503691995
3,531.9975000000001,96.30000000000007,3729.6955352211253,59.99489459327271,0.004730420340822922,435.8068448028306,-623.2659875697636
3,532.0975000000001,96.40000000000009,3734.867489937005,59.994864975457865,0.004653127130611805,431.50942645290104,-626.5593428679668
3,532.1975,96.5,3740.090731702494,59.9948373754973,0.004573934756886346,427.10639496535396,-629.6283226975378
3,532.2975,96.60000000000002,3745.3699486898668,59.99481067395823,0.004492959673857305,422.6042327872629,-632.597402476687
3,532.3975,96.70000000000005,3750.679144259203,59.994786888119876,0.0044105081316810485,418.019955206213,-635.2422706817068
3,532.4975000000001,96.80000000000007,3755.9960001715517,59.99476400108638,0.004326878898414813,413.3701872979426,-637.787196207298
3,532.5975000000001,96.90000000000009,3761.300170266649,59.99474111405289,0.004242207994607345,408.66249768712515,-640.3321217314747
3,532.6975,97.0,3766.5875102754753,59.994721142145075,0.004156614788286328,403.90350556692704,-642.5528996250322
3,532.7975,97.10000000000002,3771.8675781789802,59.99470206961716,0.0040702885192290305,399.1037457074855,-644.673670895651
3,532.8975,97.20000000000005,3777.2115269166347,59.99468299708926,0.003983456520042206,394.2758636824317,-646.7944421662696
3,532.9975000000001,97.30000000000007,3782.5318668718755,59.994666839111964,0.003896221302673485,389.42554214234343,-648.5911297483649
3,533.0975000000001,97.40000000000009,3787.830895304809,59.9946486667307,0.0038086098036195946,384.5543080713634,-650.6118091408604
3,533.1975,97.5,3793.112397100511,59.994632508370046,0.003720631148973792,379.66264531778324,-652.4085393505478
3,533.2975,97.60000000000002,3798.3841961925427,59.99462016432329,0.0036323853407433165,374.75610439257014,-653.7811366197661
3,533.3975,97.70000000000005,3803.647539328466,59.99460580702266,0.0035438849832195095,369.8354195285956,-655.3775978151936
3,533.4975000000001,97.80000000000007,3808.8996125302697,59.99459346259253,0.003455032463257562,364.8951406104617,-656.7502377134186
3,533.5975000000001,97.90000000000009,3814.153894823812,59.994582019075786,0.003365786144781138,359.93295909149674,-658.0227004769216
3,533.6975,98.0,3819.426514309799,59.99457348876788,0.003276235308005537,354.9538284980321,-658.9712287491809
3,533.7975,98.10000000000002,3824.703579532652,59.994562946739556,0.003186366511895364,349.9570281852931,-660.1434504330368
3,533.8975,98.20000000000005,3829.9804139744683,59.99455441604828,0.0030960111022202068,344.93315925440464,-661.092021334303
3,533.9975000000001,98.30000000000007,3835.268992155702,59.994546787037116,0.0030050508917189656,339.8756564401908,-661.9403298428334
3,534.0975000000001,98.40000000000009,3840.5731360468712,59.99454207046806,0.0029134848172396176,334.78445065074493,-662.4647891181339
3,534.1975,98.5,3845.8884301511216,59.994538255962475,0.002821383964981052,329.663505081695,-662.8889433716918
3,534.2975,98.60000000000002,3851.21125243785,59.99453444145689,0.0027288296955003443,324.51734814788676,-663.3130976266643
3,534.3975,98.70000000000005,3856.5371827852555,59.99453353881836,0.0026359028564395966,319.35046105850216,-663.4134665905025
3,534.4975000000001,98.80000000000007,3861.8587302557826,59.99453353881836,0.0025427052532520727,314.1685145925446,-663.4134665905025
3,534.5975000000001,98.90000000000009,3867.239334277431,59.99453645030204,0.0024493430034320403,308.9773998958095,-663.089723928375
3,534.6975,99.0,3872.5628878205916,59.994540264807625,0.002355928671008142,303.78338562815867,-662.665569674817
3,534.7975,99.10000000000002,3877.8679448376924,59.99454407931321,0.002262546640995904,298.5911680285444,-662.2414154198445
3,534.8975,99.20000000000005,3883.182946355948,59.99455080472742,0.0021692743609097918,293.4050404022062,-661.4935824476693
3,534.9975000000001,99.30000000000007,3888.5141491030045,59.99456134445553,0.002076210125188095,288.2304648333781,-660.3216165336102
3,535.0975000000001,99.40000000000009,3893.862986050973,59.99456987744701,0.0019834426486823537,283.07239980976857,-659.3727898611324
3,535.1975,99.5,3899.229585618736,59.994580416791756,0.0018910513857885102,277.9352457961339,-658.2008665774949
3,535.2975,99.60000000000002,3904.6171718954147,59.9945947704504,0.0017991215442506698,272.8237334873437,-656.6048103533882
3,535.3975,99.70000000000005,3910.0252387256396,59.99461002847273,0.0017077642496330671,267.7440542903617,-654.9081933363274
3,535.4975000000001,99.80000000000007,3915.4531368506537,59.99462528649506,0.001617108295527211,262.7033731165047,-653.2115763192666
3,535.5975000000001,99.90000000000009,3920.8967117088005,59.994643454084226,0.0015272552210309916,257.70732434516646,-651.1914297836976
3,535.6975,100.0,3926.353758416171,59.99466252661214,0.0014383200926374189,252.7623141381394,-649.0706585116642
3,535.7975,100.10000000000002,3931.820822200755,59.99468450832352,0.0013503277349938255,247.86971543573625,-646.6264003515441
3,535.8975,100.20000000000005,3937.3168390564547,59.99470739535702,0.0012633259426356861,243.03219364240906,-644.0814748245382
3,535.9975000000001,100.30000000000007,3942.7968137470925,59.994730282390506,0.0011774485013072368,238.25719085400323,-641.5365493003616
3,536.0975000000001,100.40000000000009,3948.2777579462672,59.99475607803243,0.00109281281117794,233.5512243678381,-638.6682008273646
3,536.1975,100.5,3953.7704899015753,59.9947827795715,0.0010095026993578986,228.91896256599293,-635.6991210468008
3,536.2975,100.60000000000002,3959.276114177286,59.99480948111057,0.000927543256885156,224.36180372019118,-632.7300412676517
3,536.3975,100.70000000000005,3964.7967818631923,59.99483909068302,0.0008470537883821549,219.8863715864746,-629.4376024831922
3,536.4975000000001,100.80000000000007,3970.331211960139,59.99486960672768,0.000768351944786192,215.5103350108319,-626.0443684490706
3,536.5975000000001,100.90000000000009,3975.8764051611147,59.99490303042234,0.0006914556626470513,211.2346849441688,-622.3278180400602
3,536.6975,101.0,3981.4290020390995,59.994934453514254,0.0006163005737332619,207.05585819566275,-618.8337248141806
3,536.7975,101.10000000000002,3986.9327426621167,59.994970784092196,0.0005430372067237458,202.98220265383645,-614.7939432840511
3,536.8975,101.20000000000005,3992.4711684410127,59.995006022073056,0.00047180392743207647,199.021430420426,-610.8756531756069
3,536.9975000000001,101.30000000000007,3998.030355790952,59.995043259506566,0.00040259026357153806,195.17294972540583,-606.7350337682229
3,537.0975000000001,101.40000000000009,4003.5911115122426,59.995081404562384,0.00033552632974114183,191.4439984218644,-602.4934912269855
3,537.1975,101.5,4009.1544714574443,59.99512245611811,0.00027073583766959317,187.84144930489396,-597.9287601936358
3,537.2975,101.60000000000002,4014.713622875129,59.99516150937129,0.000208397118045536,184.37523167869176,-593.5862305722054
3,537.3975,101.70000000000005,4020.263579277974,59.995202560543646,0.00014855184028895644,181.04765092085935,-589.0215421692772
3,537.4975000000001,101.80000000000007,4025.8059446506322,59.995247426029906,9.116993552308511e-05,177.8570303290742,-584.0327208244651
3,537.5975000000001,101.90000000000009,4031.3368255997075,59.99529029436372,3.6262812565976195e-05,174.80401987254672,-579.2659730073813
3,537.6975,102.0,4036.8460285272454,59.995335159466606,-1.6002754858590755e-05,171.89788142418683,-574.277194291576
3,537.7975,102.10000000000002,4042.1885739194167,59.99538093353359,-6.576926901467158e-05,169.13069446045446,-569.1873432403936
3,537.8975,102.20000000000005,4047.7072513335556,59.99542670760057,-0.00011315947989268656,166.49563607668017,-564.0974921906258
3,537.9975000000001,102.30000000000007,4053.358167092145,59.995472481667555,-0.00015810726137402978,163.9963826719972,-559.0076411394433
3,538.0975000000001,102.40000000000009,4059.0561781551114,59.99552116050929,-0.00020059684777369618,161.6338034545487,-553.5947934266791
3,538.1975,102.5,4064.7839285787923,59.99557074908186,-0.0002407472876904363,159.40128403802754,-548.0807881219388
3,538.2975,102.60000000000002,4070.5366617859013,59.995617433263035,-0.0002788371783331915,157.28334306118748,-542.8897368497733
3,538.3975,102.70000000000005,4076.310402716591,59.99566611152972,-0.0003149780778027297,155.27376579109492,-537.4769530805193
3,538.4975000000001,102.80000000000007,4082.0839028066866,59.99571570010229,-0.0003487696478700707,153.39481377646558,-531.962947775779
3,538.5975000000001,102.90000000000009,4087.924034395064,59.995768192491184,-0.00038004341844383204,151.6558492831205,-526.1260523805593
3,538.6975,103.0,4093.817333520654,59.995818691944685,-0.00040904529141871606,150.04321101112413,-520.5107615968222
3,538.7975,103.10000000000002,4099.723946081932,59.995871183950214,-0.00043612886918146355,148.53722907577168,-514.6739088306094
3,538.8975,103.20000000000005,4105.63030754677,59.995921683787074,-0.0004617663882914259,147.11165560940526,-509.0585754178656
3,538.9975000000001,103.30000000000007,4111.558556186133,59.995974175409245,-0.0004863390292572847,145.74528769399774,-503.2217652792449
3,539.0975000000001,103.40000000000009,4117.555484732435,59.99602757848739,-0.0005102998895055111,144.41293524580675,-497.28360572094664
3,539.1975,103.5,4123.563238518951,59.9960780788993,-0.0005343519091865398,143.07552272283368,-491.66820836610725
3,539.2975,103.60000000000002,4129.574995151784,59.996130569946416,-0.0005588094751686342,141.71555945173353,-485.8314621709968
3,539.3975,103.70000000000005,4135.595539963839,59.996183973024564,-0.0005836341479472913,140.33518514563747,-479.8933026112839
3,539.4975000000001,103.80000000000007,4141.625987358127,59.99623737610271,-0.0006087827448262898,138.9368027962699,-473.955143051571
3,539.5975000000001,103.90000000000009,4147.665944741904,59.99629077918086,-0.0006341997166007299,137.52350099621037,-468.01698349327273
3,539.6975,104.0,4153.7170356300785,59.99634418225901,-0.0006598753779732468,136.09581828598726,-462.0788239335599
3,539.7975,104.10000000000002,4159.780958272749,59.99639468382102,-0.0006859261447161473,134.6472878711005,-456.4632986931147
3,539.8975,104.20000000000005,4165.867347422475,59.99644717371803,-0.0007124181531277388,133.17422258099228,-450.62668038361
3,539.9975000000001,104.30000000000007,4171.990636340315,59.99650057679618,-0.0007393131114382822,131.67875377131375,-444.6885208238971
3,540.0975000000001,104.40000000000009,4178.119544405947,59.99655397987433,-0.0007666274128625108,130.15997189169735,-438.7503612655989
3,540.1975,104.5,4184.257562458585,59.996607382952476,-0.0007943927295104333,128.61611603019824,-432.81220170588597
3,540.2975,104.60000000000002,4190.41259245472,59.996660786030624,-0.0008225770161475088,127.04896796021538,-426.87404214617305
3,540.3975,104.70000000000005,4196.574920882785,59.99671418910877,-0.000851119114080068,125.46192815426978,-420.9358825864602
3,540.4975000000001,104.80000000000007,4202.730389721116,59.99676759218691,-0.0008799713527225685,123.85764713729729,-414.99772302816194
3,540.5975000000001,104.90000000000009,4208.901960726104,59.99682099526506,-0.0009091617071927577,122.23456954033595,-409.059563468449
3,540.6975,105.0,4215.083096410235,59.99687439834321,-0.0009387242831611804,120.59079914226254,-403.1214039087361
3,540.7975,105.10000000000002,4221.266516375198,59.99692780142136,-0.0009686504699099138,118.92681474654026,-397.18324435043786
3,540.8975,105.20000000000005,4227.453256657567,59.99698410390712,-0.0009988743454626798,117.24627650339059,-390.9226849281654
3,540.9975000000001,105.30000000000007,4233.679157263024,59.99703842227492,-0.001029369934224471,115.55063743768898,-384.8827496629508
3,541.0975000000001,105.40000000000009,4239.938276328174,59.99709182535307,-0.0010601378563828544,113.83986111291661,-378.9445901032379
3,541.1975,105.5,4246.215206262206,59.99714522843121,-0.0010911734045259958,112.11420767360086,-373.00643054493963
3,541.2975,105.60000000000002,4252.513090604157,59.997198631509356,-0.00112247402240719,110.37381928174653,-367.0682709852268
3,541.3975,105.70000000000005,4258.819081798653,59.99725493303669,-0.001154035389661386,108.61893142448838,-360.8078181354713
3,541.4975000000001,105.80000000000007,4265.134055272822,59.99730925236292,-0.0011858596700540878,106.84943194748367,-354.76777629773966
3,541.5975000000001,105.90000000000009,4271.456802235524,59.997362655441066,-0.0012179438855326533,105.06548461273168,-348.8296167380268
3,541.6975,106.0,4277.788980943956,59.997416058519214,-0.0012502786137388732,103.26761182746573,-342.89145717972855
3,541.7975,106.10000000000002,4284.136976078463,59.99747235927981,-0.0012828670296270747,101.4556326569266,-336.6310895879867
3,541.8975,106.20000000000005,4290.496613510315,59.99752667937277,-0.001315734383932696,99.62815080054534,-330.59096249224143
3,541.9975000000001,106.30000000000007,4296.853406540113,59.99758297975001,-0.0013488427324325708,97.7872699448624,-324.33063752809176
3,542.0975000000001,106.40000000000009,4303.239705634692,59.99763730022633,-0.0013820567702094377,95.94051886392053,-318.29046780616903
3,542.1975,106.5,4309.58395586473,59.9976936002202,-0.0014152357421423456,94.09571762795866,-312.0301854696115
3,542.2975,106.60000000000002,4315.992222291358,59.99774792107989,-0.001448325630129798,92.25587527044314,-305.9899731186819
3,542.3975,106.70000000000005,4322.500873758703,59.99780422069039,-0.0014813248168463996,90.42107612658796,-299.72973341113124
3,542.4975000000001,106.80000000000007,4328.976167674522,59.99785854193345,-0.0015142308888839262,88.59145982965926,-293.68947843119486
3,542.5975000000001,106.90000000000009,4335.436328380168,59.997914841160586,-0.0015470202849535441,86.76833099535743,-287.42928135265095
3,542.6975,107.0,4341.904472451131,59.99797205874431,-0.0015796627006629358,84.95337601978069,-281.0669675393802
3,542.7975,107.10000000000002,4348.3822635915,59.99802638056242,-0.0016121776301821454,83.1455158985517,-275.0266486159336
3,542.8975,107.20000000000005,4354.880938379354,59.998082679214505,-0.0016446274100346573,81.34127855440678,-268.7665154808999
3,542.9975000000001,107.30000000000007,4361.399206860087,59.998139896798236,-0.0016771501684652024,79.53298566312105,-262.40420166762914
3,543.0975000000001,107.40000000000009,4367.935539931449,59.99819711438196,-0.0017099028965046404,77.71190990299431,-256.0418878543583
3,543.1975,107.5,4374.489937593432,59.998251436966804,-0.0017429408177945078,75.8749842708011,-250.0014836743128
3,543.2975,107.60000000000002,4381.059435563461,59.998307734852155,-0.0017762971665371136,74.02035534229583,-243.74143579587806
3,543.3975,107.70000000000005,4387.649390950049,59.998364952435885,-0.0018099850543583512,72.14729549325156,-237.37912198119264
3,543.4975000000001,107.80000000000007,4394.249578970597,59.99842217001961,-0.0018439284787540237,70.26003144735526,-231.0168081693365
3,543.5975000000001,107.90000000000009,4400.859818626619,59.99847938760334,-0.0018779988011386071,68.36571534074544,-224.6544943546511
3,543.6975,108.0,4407.48536243173,59.99853660518707,-0.0019121248793081166,66.46830258087961,-218.2921805413803
3,543.7975,108.10000000000002,4414.1223203539175,59.9985938227708,-0.0019462785358234213,64.56935979356763,-211.92986672810952
3,543.8975,108.20000000000005,4420.770894860227,59.99865104035453,-0.0019804763818598637,62.667963430447244,-205.56755291483876
3,543.9975000000001,108.30000000000007,4427.433156625298,59.998708257938254,-0.0020147241811662633,60.76379304380186,-199.20523910156797
3,544.0975000000001,108.40000000000009,4434.107725428369,59.998765475521985,-0.002049015387716289,58.85721258784211,-192.84292528829718
3,544.1975,108.5,4440.796233690752,59.998822693105716,-0.002083340617607881,56.94874379604522,-186.48061147361176
3,544.2975,108.60000000000002,4447.505313557976,59.998879910689446,-0.0021176960967406663,55.03859650598476,-180.11829766034097
3,544.3975,108.70000000000005,4454.215006444991,59.99893712827317,-0.002152068133477047,53.12753194987537,-173.7559838470702
3,544.4975000000001,108.80000000000007,4460.927978576961,59.9989972383639,-0.0021864353841695916,51.21673455429067,-167.07203748628916
3,544.5975000000001,108.90000000000009,4467.645076429105,59.999055378137896,-0.0022208036894500872,49.305883466224316,-160.60718065105272
3,544.6975,109.0,4474.372995742991,59.99911259572163,-0.002255214249894827,47.39268710015561,-154.24486683778193
3,544.7975,109.10000000000002,4481.113356991131,59.99916981330535,-0.0022897164744454346,45.47439771894941,-147.88255302451114
3,544.8975,109.20000000000005,4487.863333044472,59.99922992262935,-0.0023243175327788686,43.55061481425343,-141.19869192032908
3,544.9975000000001,109.30000000000007,4494.628019168524,59.99928806317008,-0.0023589949026924313,41.622593894152885,-134.73374982849367
3,545.0975000000001,109.40000000000009,4501.403383687735,59.99934528075381,-0.0023937650001211452,39.689421482563944,-128.37143601522288
3,545.1975,109.5,4508.181615279814,59.99940538950275,-0.002428665909178435,37.74897794953733,-121.68763885455101
3,545.2975,109.60000000000002,4514.975255076106,59.99946353061853,-0.0024636947293381044,35.80142746076221,-115.22263282062003
3,545.3975,109.70000000000005,4521.782252030369,59.99952074820226,-0.002498840521818451,33.84737749623847,-108.86031900593461
3,545.4975000000001,109.80000000000007,4528.5982583515,59.99958085637615,-0.0025341286109794754,31.885418182313586,-102.1765857873583
3,545.5975000000001,109.90000000000009,4535.425154416706,59.999638998066985,-0.0025695423881494884,29.91647539330833,-95.71151580991712
3,545.6975,110.0,4542.261178428926,59.9996991058575,-0.0026050188712647268,27.944048948551362,-89.02782522176227
3,545.7975,110.10000000000002,4549.108091841731,59.999757247931704,-0.0026405574526677552,25.968174360797065,-82.56271261531427
3,545.8975,110.20000000000005,4555.964133545035,59.99981735533886,-0.002676218402608072,23.98549917610419,-75.87906465333694
3,545.9975000000001,110.30000000000007,4562.832173924008,59.99987549779643,-0.002712004983803372,21.995843498368973,-69.41390941929677
3,546.0975000000001,110.40000000000009,4569.7085885435645,59.999935604820216,-0.0027478863475095994,20.000921083873386,-62.7303040877409
3,546.1975,110.5,4576.594427180169,59.99999374766115,-0.002783858315001057,18.000965518780294,-56.26510622469393
3,546.2975,110.60000000000002,4583.492367688812,60.00005385430157,-0.0028199044316175106,15.996890519507568,-49.581543520730214
3,546.3975,110.70000000000005,4590.396346289129,60.00011199752588,-0.002855984258065477,13.990945410582246,-43.116303028676434
3,546.4975000000001,110.80000000000007,4597.304230746884,60.00017210378293,-0.0028921187553504406,11.98196393865904,-36.43278295371953
3,546.5975000000001,110.90000000000009,4604.214911885124,60.0002302473906,-0.0029283375987388,9.968297028834417,-29.96749983407359
3,546.6975,111.0,4611.130991793165,60.00029035326428,-0.0029646064580827287,7.95185269160169,-23.28402238670884
3,546.7975,111.10000000000002,4618.052309689803,60.000351385353596,-0.0030008910044395745,5.934539787082523,-16.497554318465532
3,546.8975,111.20000000000005,4624.984793992967,60.00040952953632,-0.0030371836924164026,3.9167781277236746,-10.03220725530938
3,546.9975000000001,111.30000000000007,4632.863770021966,60.00046963483495,-0.0030734964572365175,1.8979037519981707,-3.348793751454848
