{
  "type": "FeatureCollection",
  "features": [
    {
      "type": "Feature",
      "properties": {
        "source_file": "Algarve International Circuit_P_2026-09-01T02_52_16Z.duckdb",
        "track_name": "Algarve International Circuit",
        "track_layout": "Algarve International Circuit",
        "lap": 3
      },
      "geometry": {
        "type": "LineString",
        "coordinates": [
          [
            -0.003107633427272896,
            60.000499751219095
          ],
          [
            -0.0031428290798839486,
            60.00056078330841
          ],
          [
            -0.0031779252124695574,
            60.00061871472222
          ],
          [
            -0.0032129038209653105,
            60.00067903278976
          ],
          [
            -0.003247819548351744,
            60.000740064879075
          ],
          [
            -0.0032827114794893707,
            60.00080109696839
          ],
          [
            -0.0033174948996370756,
            60.00085902914894
          ],
          [
            -0.0033521865281081155,
            60.00091934644974
          ],
          [
            -0.0033869376861252088,
            60.000980378539055
          ],
          [
            -0.0034218609084799437,
            60.00104141062836
          ],
          [
            -0.0034568813129484226,
            60.001102442717674
          ],
          [
            -0.0034919210145858675,
            60.00116347480699
          ],
          [
            -0.003527015041856434,
            60.00122450689629
          ],
          [
            -0.003562245408532516,
            60.001282440418635
          ],
          [
            -0.0035976750177768527,
            60.00134275637765
          ],
          [
            -0.003633323884963833,
            60.00140378846696
          ],
          [
            -0.0036691828066553623,
            60.00146482055627
          ],
          [
            -0.0037052593696369207,
            60.001525852645585
          ],
          [
            -0.0037415937480692087,
            60.00158688473489
          ],
          [
            -0.0037782100039538487,
            60.001647916824204
          ],
          [
            -0.003815081435180856,
            60.00170894891352
          ],
          [
            -0.0038522104903270264,
            60.00176998100282
          ],
          [
            -0.0038895770544438452,
            60.001831013092136
          ],
          [
            -0.003927077677838052,
            60.00189204518145
          ],
          [
            -0.003964640822946313,
            60.00195307727076
          ],
          [
            -0.004002231751988803,
            60.00201410936007
          ],
          [
            -0.004039861659836347,
            60.00207514144938
          ],
          [
            -0.004077488676446946,
            60.002139269422095
          ],
          [
            -0.004115047395889367,
            60.002201020325266
          ],
          [
            -0.004152496380392748,
            60.00226205241458
          ],
          [
            -0.004189822915749595,
            60.00232308450389
          ],
          [
            -0.004227013507352788,
            60.0023841165932
          ],
          [
            -0.004264012831852164,
            60.00244514868251
          ],
          [
            -0.004300786771866157,
            60.00250927550512
          ],
          [
            -0.004337353653310844,
            60.002571027558396
          ],
          [
            -0.004373658109431201,
            60.00263205964771
          ],
          [
            -0.004409607427933089,
            60.00269618589527
          ],
          [
            -0.0044450424484278475,
            60.002757938523594
          ],
          [
            -0.004479771377851507,
            60.00281587683803
          ],
          [
            -0.004513680149077722,
            60.002876188004954
          ],
          [
            -0.004546705878481828,
            60.002934126702755
          ],
          [
            -0.004578870943825205,
            60.002988251086656
          ],
          [
            -0.00461021396371033,
            60.00304474717294
          ],
          [
            -0.004640673823304788,
            60.003095779123754
          ],
          [
            -0.004670121326018092,
            60.00314846032109
          ],
          [
            -0.004698433404271067,
            60.00319877096615
          ],
          [
            -0.004725448967477419,
            60.003248359538716
          ],
          [
            -0.004751045834431258,
            60.00329485606155
          ],
          [
            -0.0047750939458251485,
            60.003343721986575
          ],
          [
            -0.004797488560487435,
            60.003387127226425
          ],
          [
            -0.0048181020914839934,
            60.0034321782625
          ],
          [
            -0.004836935453032847,
            60.00347486104649
          ],
          [
            -0.004853930677194669,
            60.00351682060789
          ],
          [
            -0.004868881460997106,
            60.0035587801693
          ],
          [
            -0.004881718886429241,
            60.00359764902276
          ],
          [
            -0.004892379579495887,
            60.003635794078576
          ],
          [
            -0.004900691959748444,
            60.003673939134394
          ],
          [
            -0.004906669543578437,
            60.00370899405733
          ],
          [
            -0.0049103305889516774,
            60.00374641454877
          ],
          [
            -0.004911623795746426,
            60.00378146985507
          ],
          [
            -0.004910467386905202,
            60.003815800405306
          ],
          [
            -0.00490685828292364,
            60.00384704158939
          ],
          [
            -0.004900767150814274,
            60.00388064680851
          ],
          [
            -0.004892129062919082,
            60.00391188837597
          ],
          [
            -0.004880778609918812,
            60.00394240442062
          ],
          [
            -0.004866737031172085,
            60.00397292046527
          ],
          [
            -0.00485057604478711,
            60.004000348102196
          ],
          [
            -0.004832965588235212,
            60.00403013785732
          ],
          [
            -0.004814357257076419,
            60.00405756587761
          ],
          [
            -0.004794746434312197,
            60.00408735524937
          ],
          [
            -0.0047734906453727145,
            60.00411478365302
          ],
          [
            -0.0047502392766039896,
            60.00414148519209
          ],
          [
            -0.00472481091651432,
            60.00416509947353
          ],
          [
            -0.004697241601100606,
            60.004191073572976
          ],
          [
            -0.004667619946587998,
            60.00421468823778
          ],
          [
            -0.004636006045464703,
            60.004237575271276
          ],
          [
            -0.004602422833602346,
            60.004260462304764
          ],
          [
            -0.0045668812434064565,
            60.00428334933826
          ],
          [
            -0.004529456978659222,
            60.00430315026422
          ],
          [
            -0.004490277834989489,
            60.004325308707976
          ],
          [
            -0.00444931863687761,
            60.004345110017304
          ],
          [
            -0.004406620396515396,
            60.00436418254521
          ],
          [
            -0.0043624242711347416,
            60.00438016973233
          ],
          [
            -0.004316904412254082,
            60.00439851290377
          ],
          [
            -0.004269886236317905,
            60.00441450047425
          ],
          [
            -0.004221247949231608,
            60.00442975849658
          ],
          [
            -0.004171064347040914,
            60.00444810109296
          ],
          [
            -0.004119585420222047,
            60.00446100485612
          ],
          [
            -0.004067150919658535,
            60.00447553256356
          ],
          [
            -0.0040139372905684464,
            60.00449079058588
          ],
          [
            -0.003960041444644559,
            60.004506048608214
          ],
          [
            -0.0039056579048758035,
            60.004521306630544
          ],
          [
            -0.0038508472153723937,
            60.00453964807683
          ],
          [
            -0.003795574605315184,
            60.00455563737246
          ],
          [
            -0.0037397924059262566,
            60.00457089539479
          ],
          [
            -0.0036834798459418313,
            60.00458923626603
          ],
          [
            -0.0036266238090912734,
            60.004608308793934
          ],
          [
            -0.003569180448723272,
            60.00462429885631
          ],
          [
            -0.0035110722120284305,
            60.004642639152486
          ],
          [
            -0.003452203065111703,
            60.0046617116804
          ],
          [
            -0.0033923194486515772,
            60.00468078420831
          ],
          [
            -0.003331127304763595,
            60.00469677503741
          ],
          [
            -0.003268459011833786,
            60.004715114566864
          ],
          [
            -0.003204275392283511,
            60.004731105779335
          ],
          [
            -0.0031385749083378657,
            60.00474636380166
          ],
          [
            -0.0030713547212320017,
            60.00476162182399
          ],
          [
            -0.0030025879333579956,
            60.00477687984632
          ],
          [
            -0.002932275842032345,
            60.00478905731994
          ],
          [
            -0.0028604736335343032,
            60.00480050083669
          ],
          [
            -0.0027872767495449456,
            60.004811944353435
          ],
          [
            -0.0027127776568105287,
            60.00482030789652
          ],
          [
            -0.0026370901320537446,
            60.00482793690769
          ],
          [
            -0.0025603132993557926,
            60.00483556591885
          ],
          [
            -0.002482530539721021,
            60.004840115531415
          ],
          [
            -0.0024038286472798367,
            60.00484700924392
          ],
          [
            -0.0023242868309915165,
            60.004851559239846
          ],
          [
            -0.0022439902265898428,
            60.004852294921875
          ],
          [
            -0.0021630285302757803,
            60.004852294921875
          ],
          [
            -0.002081466889048442,
            60.004852294921875
          ],
          [
            -0.0019993557904330298,
            60.004852294921875
          ],
          [
            -0.0019167675153522205,
            60.00484921686506
          ],
          [
            -0.001833783149970109,
            60.00484540235948
          ],
          [
            -0.0017504598201353284,
            60.004841587853896
          ],
          [
            -0.0016668245102068183,
            60.004837773348314
          ],
          [
            -0.001582879058822603,
            60.00483088155265
          ],
          [
            -0.0014987551452419977,
            60.004823252541485
          ],
          [
            -0.0014145119593176197,
            60.00481562353032
          ],
          [
            -0.0013300709329274584,
            60.00480799451916
          ],
          [
            -0.0012454135275060836,
            60.00479728898465
          ],
          [
            -0.0011605091183596776,
            60.0047858454679
          ],
          [
            -0.0010759865447418095,
            60.00477440195116
          ],
          [
            -0.00099321909457056,
            60.00476295843441
          ],
          [
            -0.0009132461777738116,
            60.004751514917665
          ],
          [
            -0.0008364620548126343,
            60.00474007140092
          ],
          [
            -0.000762864035037296,
            60.00472862788418
          ],
          [
            -0.0006923848649080057,
            60.00471718436743
          ],
          [
            -0.0006250787083597598,
            60.00470574085068
          ],
          [
            -0.0005609485361829573,
            60.004694297333934
          ],
          [
            -0.0004999277253120172,
            60.004682853817194
          ],
          [
            -0.0004420133009307658,
            60.004671410300446
          ],
          [
            -0.00038712526258032347,
            60.0046599667837
          ],
          [
            -0.0003352069817498055,
            60.00464852326695
          ],
          [
            -0.0002862605357253882,
            60.00463400591043
          ],
          [
            -0.00024031950556126032,
            60.0046218215362
          ],
          [
            -0.00019736324719436894,
            60.00461037801945
          ],
          [
            -0.00015741491663610156,
            60.0045989345027
          ],
          [
            -0.0001204536898653203,
            60.004584417912916
          ],
          [
            -8.643608958512154e-05,
            60.00457223277195
          ],
          [
            -5.526643423378115e-05,
            60.0045607892552
          ],
          [
            -2.687737930216374e-05,
            60.004549345738454
          ],
          [
            -1.1643994387572552e-06,
            60.00453790222171
          ],
          [
            2.1992240455941612e-05,
            60.004526458704966
          ],
          [
            4.267951599267815e-05,
            60.00451194326528
          ],
          [
            6.091459712828074e-05,
            60.004499756974205
          ],
          [
            7.674985339963645e-05,
            60.004488313457465
          ],
          [
            9.026253661556375e-05,
            60.00447686994072
          ],
          [
            0.00010152324816594999,
            60.00446542642397
          ],
          [
            0.0001106970504840581,
            60.004450911942705
          ],
          [
            0.00011797702712795387,
            60.004438724693216
          ],
          [
            0.00012349467759250433,
            60.00442728117647
          ],
          [
            0.0001273281013925189,
            60.00441276727025
          ],
          [
            0.0001294903041711646,
            60.00440057944571
          ],
          [
            0.00012993266447055773,
            60.004386065922866
          ],
          [
            0.00012859923564686803,
            60.004373877714954
          ],
          [
            0.00012543234640606318,
            60.00435936457547
          ],
          [
            0.00012039690633975898,
            60.00434717598419
          ],
          [
            0.0001134216274908099,
            60.004332663228084
          ],
          [
            0.00010441144027686587,
            60.004317405205754
          ],
          [
            9.331611664527863e-05,
            60.00430521603943
          ],
          [
            8.010655086187477e-05,
            60.004290703858366
          ],
          [
            6.477882919779957e-05,
            60.00427851430867
          ],
          [
            4.736221118425335e-05,
            60.00426400251098
          ],
          [
            2.7912416123519665e-05,
            60.00425181257791
          ],
          [
            6.479497709247273e-06,
            60.004240369061165
          ],
          [
            -1.688083897982762e-05,
            60.00422892554442
          ],
          [
            -4.2120573012089475e-05,
            60.00421748202768
          ],
          [
            -6.917920096449911e-05,
            60.00420603851093
          ],
          [
            -9.797214827240281e-05,
            60.00419766212503
          ],
          [
            -0.0001284046573590198,
            60.0041869661747
          ],
          [
            -0.00016042926213322492,
            60.004178589405434
          ],
          [
            -0.00019406595423123813,
            60.00417096039427
          ],
          [
            -0.00022935332682617844,
            60.004163331383104
          ],
          [
            -0.0002663608531830504,
            60.004155702371946
          ],
          [
            -0.0003050813923274247,
            60.00414807336078
          ],
          [
            -0.0003454808877658327,
            60.004140444349616
          ],
          [
            -0.0003875269465583883,
            60.00413281533845
          ],
          [
            -0.00043111184140834537,
            60.004125186327286
          ],
          [
            -0.0004760765583864744,
            60.00411755731612
          ],
          [
            -0.0005222770591363182,
            60.00411299332728
          ],
          [
            -0.0005695672246648248,
            60.004106113991064
          ],
          [
            -0.0006177833663251136,
            60.00409542034094
          ],
          [
            -0.0006667989903075273,
            60.00408704127147
          ],
          [
            -0.0007165088622795351,
            60.004076348004716
          ],
          [
            -0.0007668062861510116,
            60.00406796855187
          ],
          [
            -0.0008175689494775641,
            60.00405727566849
          ],
          [
            -0.0008686736794551918,
            60.00404276847121
          ],
          [
            -0.0009198853584095431,
            60.00403057393773
          ],
          [
            -0.000970446837519209,
            60.004016067123814
          ],
          [
            -0.001020184280366954,
            60.00400080910149
          ],
          [
            -0.001069420230436679,
            60.00398555107916
          ],
          [
            -0.0011181924623446852,
            60.00397029305683
          ],
          [
            -0.001166377446898626,
            60.00395197250407
          ],
          [
            -0.001213674372183317,
            60.00393289997616
          ],
          [
            -0.001259750809699159,
            60.00391076530118
          ],
          [
            -0.0013044347633279175,
            60.00389094022307
          ],
          [
            -0.0013474172473902282,
            60.00386880593146
          ],
          [
            -0.001388363887692891,
            60.00384591889797
          ],
          [
            -0.0014270713820890115,
            60.00382303186448
          ],
          [
            -0.0014636162624827602,
            60.00379708364234
          ],
          [
            -0.0014980349664311015,
            60.00377344310023
          ],
          [
            -0.0015301922727730933,
            60.00374749526146
          ],
          [
            -0.0015599588751190263,
            60.00372079372238
          ],
          [
            -0.0015873297588763584,
            60.00369409218331
          ],
          [
            -0.001612381390350447,
            60.00366739064424
          ],
          [
            -0.0016350946023414154,
            60.00364068910516
          ],
          [
            -0.0016555375270084951,
            60.00361398756609
          ],
          [
            -0.001673771783828014,
            60.003584226371835
          ],
          [
            -0.001689910298698135,
            60.00355676979068
          ],
          [
            -0.0017039704999653562,
            60.0035300682516
          ],
          [
            -0.0017159161905488884,
            60.0035003076324
          ],
          [
            -0.0017257243492881295,
            60.00346979158775
          ],
          [
            -0.0017335035793062024,
            60.00344233423985
          ],
          [
            -0.0017392935455337257,
            60.0034125741957
          ],
          [
            -0.0017431602929958631,
            60.00338205815105
          ],
          [
            -0.0017450943130744383,
            60.00335154210639
          ],
          [
            -0.001745068120913966,
            60.003321026061734
          ],
          [
            -0.0017431038881315908,
            60.003290510017074
          ],
          [
            -0.0017391763978910283,
            60.00325999397242
          ],
          [
            -0.0017333915584536437,
            60.00322642057279
          ],
          [
            -0.0017259150725958698,
            60.00319514718584
          ],
          [
            -0.001716991930942734,
            60.00316463114119
          ],
          [
            -0.0017068870812830936,
            60.00313105831661
          ],
          [
            -0.001695706682141146,
            60.00309672776637
          ],
          [
            -0.0016834541897901409,
            60.00306545361269
          ],
          [
            -0.0016701587934431052,
            60.003031881363164
          ],
          [
            -0.001655912178732906,
            60.00299755081293
          ],
          [
            -0.0016407649918758803,
            60.002963220262686
          ],
          [
            -0.001624671767035142,
            60.00292888971245
          ],
          [
            -0.0016076199358133914,
            60.002894559162215
          ],
          [
            -0.0015896651142047805,
            60.00285717336552
          ],
          [
            -0.001570877864144258,
            60.00282208336447
          ],
          [
            -0.0015512496424518025,
            60.002787752814235
          ],
          [
            -0.0015309389796998474,
            60.002753422264
          ],
          [
            -0.0015100408582842625,
            60.00271603723404
          ],
          [
            -0.0014885649290182809,
            60.002680946466256
          ],
          [
            -0.0014665348466985908,
            60.00264356181967
          ],
          [
            -0.001444017687469139,
            60.00260541676385
          ],
          [
            -0.0014210830520385448,
            60.00257032542101
          ],
          [
            -0.001397796959798421,
            60.00253294134947
          ],
          [
            -0.0013741774207799817,
            60.002494796293654
          ],
          [
            -0.001350279054740432,
            60.002456651237836
          ],
          [
            -0.0013262652665331615,
            60.00241850618202
          ],
          [
            -0.0013022943198896968,
            60.00237730837163
          ],
          [
            -0.0012783793106182404,
            60.002338401373116
          ],
          [
            -0.0012544787241645036,
            60.00230025631729
          ],
          [
            -0.001230614369942547,
            60.00225905908196
          ],
          [
            -0.001206723323578467,
            60.00222015150839
          ],
          [
            -0.001182691906870631,
            60.00217895465642
          ],
          [
            -0.0011584951038446172,
            60.00214004669949
          ],
          [
            -0.0011341467198448725,
            60.00209885023089
          ],
          [
            -0.0011096531570297188,
            60.002056890669486
          ],
          [
            -0.0010850126233483877,
            60.00201493110808
          ],
          [
            -0.001060204193162918,
            60.00197297154668
          ],
          [
            -0.0010352946591045981,
            60.00193101198528
          ],
          [
            -0.0010102357310146166,
            60.00188905242388
          ],
          [
            -0.000985026822259445,
            60.00184709286248
          ],
          [
            -0.000959664496899379,
            60.001805133301076
          ],
          [
            -0.0009341275760590503,
            60.001760123860365
          ],
          [
            -0.000908401074505034,
            60.00171739948101
          ],
          [
            -0.0008825013406081388,
            60.00167543991961
          ],
          [
            -0.0008564553066532266,
            60.00163043105395
          ],
          [
            -0.0008302525358554297,
            60.001587706099535
          ],
          [
            -0.0008038687276965724,
            60.001542697617246
          ],
          [
            -0.0007772912073992086,
            60.00149692355026
          ],
          [
            -0.0007505575172228746,
            60.0014541980208
          ],
          [
            -0.0007237705009992877,
            60.00140919011356
          ],
          [
            -0.0006970104404799185,
            60.00136341604658
          ],
          [
            -0.0006703051789357071,
            60.0013176419796
          ],
          [
            -0.0006436823949648883,
            60.001271867912614
          ],
          [
            -0.0006171484266625334,
            60.001226093845624
          ],
          [
            -0.0005906615760270827,
            60.00118031977864
          ],
          [
            -0.0005641979433339318,
            60.00113454571166
          ],
          [
            -0.0005378100892497929,
            60.001088771644675
          ],
          [
            -0.0005115647261975181,
            60.001039950765325
          ],
          [
            -0.00048544975212850677,
            60.00099340881344
          ],
          [
            -0.0004594543609605759,
            60.00094458831746
          ],
          [
            -0.0004335982867081734,
            60.00089804598221
          ],
          [
            -0.000407855110338199,
            60.000849225869594
          ],
          [
            -0.00038216864707627646,
            60.00080268315098
          ],
          [
            -0.0003565268302470775,
            60.00075386342173
          ],
          [
            -0.0003309261051030819,
            60.00070427484916
          ],
          [
            -0.00030531656857513893,
            60.0006546862766
          ],
          [
            -0.00027964244889105955,
            60.00060814279125
          ],
          [
            -0.0002538915287977374,
            60.00055932382873
          ],
          [
            -0.00022805388601097323,
            60.000509735256166
          ],
          [
            -0.0002021126681457718,
            60.0004601466836
          ],
          [
            -0.0001760553903783359,
            60.000407513790556
          ],
          [
            -0.00014989319494882397,
            60.00035715484121
          ],
          [
            -0.00012363202683919443,
            60.000307566268646
          ],
          [
            -9.726936425071743e-05,
            60.00025797769608
          ],
          [
            -7.079163924919001e-05,
            60.00020534556976
          ],
          [
            -4.421689058183744e-05,
            60.00015498585368
          ],
          [
            -1.7584336218159538e-05,
            60.00010539728112
          ],
          [
            9.018391220253219e-06,
            60.000052765729855
          ],
          [
            3.558676397482074e-05,
            60.00000240543872
          ],
          [
            6.211715440866717e-05,
            59.999949774270824
          ],
          [
            8.868019801166133e-05,
            59.999899413596324
          ],
          [
            0.00011554376349908385,
            59.999846782811794
          ],
          [
            0.0001429811212227033,
            59.999793379733646
          ],
          [
            0.0001710776758732131,
            59.9997430184841
          ],
          [
            0.00019966066117332214,
            59.99969038827462
          ],
          [
            0.00022825403609561998,
            59.9996400266417
          ],
          [
            0.00025627694698115907,
            59.99958739681559
          ],
          [
            0.00028354037423044707,
            59.99954007586117
          ],
          [
            0.0003101517477389513,
            59.99949126092401
          ],
          [
            0.00033630411756847,
            59.99944471302994
          ],
          [
            0.0003621061537571221,
            59.999401979449765
          ],
          [
            0.0003873895765780964,
            59.999360019888364
          ],
          [
            0.0004119195439227462,
            59.999318060326964
          ],
          [
            0.00043567230365648766,
            59.999279140677324
          ],
          [
            0.0004589855880027152,
            59.999240995621506
          ],
          [
            0.0004820377020869639,
            59.99920285056568
          ],
          [
            0.000504731328061394,
            59.999167744846574
          ],
          [
            0.0005273017397003299,
            59.99913341429634
          ],
          [
            0.0005498876618353118,
            59.99910212269944
          ],
          [
            0.0005722251573149646,
            59.99907160665479
          ],
          [
            0.0005944922977204841,
            59.99904109061013
          ],
          [
            0.0006167493496511635,
            59.99901361294376
          ],
          [
            0.0006391806521976183,
            59.9989899495913
          ],
          [
            0.0006618143839601943,
            59.99896402456288
          ],
          [
            0.0006846080138724704,
            59.99894036082705
          ],
          [
            0.000707605501777985,
            59.99892051140511
          ],
          [
            0.0007308557720390533,
            59.998901438877205
          ],
          [
            0.0007543264021315753,
            59.99888236634929
          ],
          [
            0.0007779516915088438,
            59.99886329382139
          ],
          [
            0.00080171461892993,
            59.9988472581383
          ],
          [
            0.0008257214723617234,
            59.9988350367691
          ],
          [
            0.0008502403148099352,
            59.9988205567909
          ],
          [
            0.0008754260098667814,
            59.99880833503835
          ],
          [
            0.000901267189266895,
            59.9987968915216
          ],
          [
            0.000927720999700235,
            59.99878848389126
          ],
          [
            0.0009547720537796464,
            59.998780854880096
          ],
          [
            0.0009823868545741775,
            59.99877322586893
          ],
          [
            0.0010105011158654893,
            59.99876863216912
          ],
          [
            0.001039019477236901,
            59.998764817663535
          ],
          [
            0.0010678318713564048,
            59.99876100315795
          ],
          [
            0.0010968101613692452,
            59.99875718865237
          ],
          [
            0.0011258597178282917,
            59.998756408691406
          ],
          [
            0.0011549933571240257,
            59.99875944304434
          ],
          [
            0.0011841866157297726,
            59.99876022338867
          ],
          [
            0.0012133393596449528,
            59.998763257358235
          ],
          [
            0.0012423329744383077,
            59.99876707186382
          ],
          [
            0.0012710247989914155,
            59.998773919955596
          ],
          [
            0.001299210187376897,
            59.99878154896676
          ],
          [
            0.0013266639696302865,
            59.998789177977926
          ],
          [
            0.0013531557930444174,
            59.99879680698909
          ],
          [
            0.0013784956544650262,
            59.99880746881972
          ],
          [
            0.0014025277847804615,
            59.99881891233646
          ],
          [
            0.001425099164921352,
            59.99883035585321
          ],
          [
            0.001446061746847826,
            59.99884483161437
          ],
          [
            0.0014652508497065,
            59.99886008963669
          ],
          [
            0.0014825959314983073,
            59.99887534765902
          ],
          [
            0.0014981907250950703,
            59.99889060568135
          ],
          [
            0.0015121367496706644,
            59.998905863703676
          ],
          [
            0.0015246915631709943,
            59.998924153012
          ],
          [
            0.001536347848318012,
            59.9989401944456
          ],
          [
            0.0015473499286461285,
            59.99895848337055
          ],
          [
            0.001557734564423964,
            59.99897755589846
          ],
          [
            0.0015674530833771094,
            59.99899965894563
          ],
          [
            0.0015764508437534068,
            59.99901951565155
          ],
          [
            0.0015847167299457947,
            59.999041618315346
          ],
          [
            0.00159230115690191,
            59.99906450534884
          ],
          [
            0.001599313445856731,
            59.99908739238233
          ],
          [
            0.001605884012377574,
            59.999110279415824
          ],
          [
            0.0016121054510037267,
            59.99913316644931
          ],
          [
            0.0016180488453834665,
            59.99915908266028
          ],
          [
            0.0016237368330175171,
            59.999185784199355
          ],
          [
            0.0016292089850830213,
            59.99920945694432
          ],
          [
            0.0016345321977865113,
            59.99923537258024
          ],
          [
            0.0016397751018180915,
            59.99926207411931
          ],
          [
            0.0016449936117007625,
            59.99929180387743
          ],
          [
            0.0016502405720233199,
            59.99931929189472
          ],
          [
            0.0016555671641347303,
            59.99934902126948
          ],
          [
            0.0016609504051666771,
            59.999376509670135
          ],
          [
            0.0016663316212236806,
            59.99940623866153
          ],
          [
            0.0016717426277749277,
            59.99943372744555
          ],
          [
            0.0016772232495537906,
            59.99946345605357
          ],
          [
            0.0016827677895391864,
            59.99949397209823
          ],
          [
            0.001688367225014284,
            59.99952448814288
          ],
          [
            0.001694012239044607,
            59.99955803068144
          ],
          [
            0.001699671419007936,
            59.99958933492946
          ],
          [
            0.0017053199405550987,
            59.99961985097411
          ],
          [
            0.0017109657036891454,
            59.99965339293762
          ],
          [
            0.001716594757594763,
            59.99968469776069
          ],
          [
            0.0017222029953691694,
            59.99971823934083
          ],
          [
            0.0017278132255355559,
            59.999752569891065
          ],
          [
            0.0017334198311087688,
            59.9997869004413
          ],
          [
            0.0017390126934615966,
            59.99982123099154
          ],
          [
            0.0017445918039013645,
            59.99985556154178
          ],
          [
            0.0017501720435598056,
            59.999889892092014
          ],
          [
            0.0017557539417782804,
            59.999927247027635
          ],
          [
            0.001761330194447401,
            59.99996236788976
          ],
          [
            0.0017668957914204729,
            59.99999669843999
          ],
          [
            0.0017724443276728543,
            60.00003405280056
          ],
          [
            0.0017779506414550843,
            60.000072197856376
          ],
          [
            0.0017833803896915056,
            60.00010731948524
          ],
          [
            0.0017886981633232796,
            60.00014467327075
          ],
          [
            0.0017938125780542803,
            60.00018281832657
          ],
          [
            0.0017986757130888152,
            60.00022096338239
          ],
          [
            0.0018032576279808515,
            60.00025910843821
          ],
          [
            0.0018073577279052577,
            60.000297253494026
          ],
          [
            0.001810557686122979,
            60.00033539854985
          ],
          [
            0.0018123972104674385,
            60.00037656569084
          ],
          [
            0.0018126001218001107,
            60.00041550335875
          ],
          [
            0.0018110310487977224,
            60.00045667011638
          ],
          [
            0.0018074809296360738,
            60.000495608167654
          ],
          [
            0.001801827293653378,
            60.000536774541914
          ],
          [
            0.001793929933923697,
            60.00057571297656
          ],
          [
            0.0017838048714439395,
            60.000616878967456
          ],
          [
            0.0017715731506843754,
            60.00065883852886
          ],
          [
            0.0017571751520483365,
            60.00069777753855
          ],
          [
            0.0017405229193055887,
            60.00073894295439
          ],
          [
            0.0017217359202215522,
            60.00078090251579
          ],
          [
            0.001700909768640371,
            60.00082286207719
          ],
          [
            0.0016778954891832917,
            60.000861801853624
          ],
          [
            0.0016526228442883136,
            60.00090296650273
          ],
          [
            0.0016253655173743076,
            60.00094492606413
          ],
          [
            0.0015963610638178622,
            60.00098386641561
          ],
          [
            0.0015654476735635257,
            60.00102503048967
          ],
          [
            0.0015324362183122906,
            60.00106699005107
          ],
          [
            0.0014972870313200819,
            60.0011059309776
          ],
          [
            0.0014602606524052797,
            60.00114407603342
          ],
          [
            0.0014216031866235367,
            60.00118523934074
          ],
          [
            0.0013812946679310843,
            60.00122418084233
          ],
          [
            0.0013393326073881731,
            60.00126534376628
          ],
          [
            0.0012958222925070328,
            60.00130428565123
          ],
          [
            0.0012509796111935848,
            60.00134243070705
          ],
          [
            0.0012053116907427294,
            60.001380575762866
          ],
          [
            0.0011593814379313428,
            60.00142173792009
          ],
          [
            0.0011137795585921516,
            60.001460680571775
          ],
          [
            0.0010690201779782777,
            60.001501842345625
          ],
          [
            0.0010253630685006154,
            60.001543801907026
          ],
          [
            0.0009828733981823282,
            60.00158576146843
          ],
          [
            0.0009414049524180689,
            60.00162772102983
          ],
          [
            0.0009008305885016188,
            60.00166968059123
          ],
          [
            0.0008613512490358425,
            60.00171164015263
          ],
          [
            0.0008227979510593024,
            60.00175661528196
          ],
          [
            0.0007845661504609901,
            60.001799373972695
          ],
          [
            0.0007465978638875215,
            60.0018413335341
          ],
          [
            0.0007090104707885874,
            60.0018832930955
          ],
          [
            0.0006718323474822545,
            60.0019252526569
          ],
          [
            0.0006350807940861098,
            60.00196419760879
          ],
          [
            0.0005988384067182453,
            60.00200234266461
          ],
          [
            0.0005631879919930818,
            60.00204048772043
          ],
          [
            0.0005283224846122562,
            60.002075618741785
          ],
          [
            0.0004945444303222604,
            60.0021129631348
          ],
          [
            0.0004622147314878008,
            60.00214809453953
          ],
          [
            0.0004316383104776421,
            60.00217941163036
          ],
          [
            0.0004029894056347679,
            60.00221294094274
          ],
          [
            0.0003763494185083692,
            60.00224425841693
          ],
          [
            0.00035178446843557094,
            60.002277787345946
          ],
          [
            0.00032931553730234346,
            60.00230910520351
          ],
          [
            0.00030892782737355705,
            60.00233962124816
          ],
          [
            0.0002906186731939727,
            60.002367124983515
          ],
          [
            0.00027443519659842814,
            60.00239683864021
          ],
          [
            0.00026049044752992343,
            60.00242735468486
          ],
          [
            0.00024888965598328833,
            60.00245787072952
          ],
          [
            0.00023971288426355252,
            60.0024853752316
          ],
          [
            0.00023306109386713649,
            60.00251508812156
          ],
          [
            0.00022883351884944112,
            60.00254560416622
          ],
          [
            0.00022680009043711047,
            60.00257310924336
          ],
          [
            0.00022709527164364475,
            60.00260282155826
          ],
          [
            0.00022988546173387651,
            60.00263333760292
          ],
          [
            0.00023507251797022882,
            60.00266084325511
          ],
          [
            0.00024250455972987518,
            60.00269055499497
          ],
          [
            0.00025227967429502786,
            60.00272107103962
          ],
          [
            0.00026459785234906035,
            60.00274857726686
          ],
          [
            0.00027938642996022374,
            60.00277828843167
          ],
          [
            0.000296418836097161,
            60.002808804476324
          ],
          [
            0.0003155846770543164,
            60.00283932052098
          ],
          [
            0.0003369905271073258,
            60.00286682751495
          ],
          [
            0.00036068573647542635,
            60.002896537913024
          ],
          [
            0.00038663115333632494,
            60.00292705395768
          ],
          [
            0.0004147586351533953,
            60.00295757000234
          ],
          [
            0.00044490729345695944,
            60.00298808604699
          ],
          [
            0.0004769159561038265,
            60.00301559399938
          ],
          [
            0.0005107485661872595,
            60.00304530343904
          ],
          [
            0.0005464753443488356,
            60.00307581948369
          ],
          [
            0.0005840640782772306,
            60.003106335528344
          ],
          [
            0.00062333168346153,
            60.00313384424747
          ],
          [
            0.0006642200581558884,
            60.00316355292039
          ],
          [
            0.0007067958652477725,
            60.003194068965044
          ],
          [
            0.0007509159165762653,
            60.00322157825922
          ],
          [
            0.0007963311292496944,
            60.00325128635709
          ],
          [
            0.000842238030297604,
            60.003278796034635
          ],
          [
            0.0008879399011907611,
            60.003305497573706
          ],
          [
            0.0009332146574768286,
            60.003329193129034
          ],
          [
            0.0009780441868860765,
            60.00335508595459
          ],
          [
            0.001022536764348882,
            60.003375776292906
          ],
          [
            0.0010668385037967156,
            60.00339785422951
          ],
          [
            0.0011110251165345943,
            60.00341773604599
          ],
          [
            0.0011551406680988944,
            60.0034368085739
          ],
          [
            0.0011992607685007118,
            60.00345287626817
          ],
          [
            0.001243395382098495,
            60.00346813429049
          ],
          [
            0.0012875137276538837,
            60.00348339231282
          ],
          [
            0.001331511002087673,
            60.00349564607656
          ],
          [
            0.0013752890596146182,
            60.003507089593306
          ],
          [
            0.0014187863210570633,
            60.00351853311005
          ],
          [
            0.0014619058858251098,
            60.003526972943256
          ],
          [
            0.0015045848011269309,
            60.00353460195442
          ],
          [
            0.0015468139529431677,
            60.00353922766541
          ],
          [
            0.0015885952531385947,
            60.00354304217099
          ],
          [
            0.001629931755420259,
            60.00354685667657
          ],
          [
            0.0016708456206828474,
            60.00354766845703
          ],
          [
            0.0017113277088757033,
            60.00354766845703
          ],
          [
            0.0017513008657954652,
            60.00354766845703
          ],
          [
            0.0017906580051754565,
            60.00354466630696
          ],
          [
            0.0018292861844633123,
            60.003540851801375
          ],
          [
            0.001867049655414792,
            60.00353703729579
          ],
          [
            0.00190381049277636,
            60.00353022121519
          ],
          [
            0.0019395038979933587,
            60.00352559358737
          ],
          [
            0.0019741220522745307,
            60.00351577669848
          ],
          [
            0.0020076098608768386,
            60.003507334181705
          ],
          [
            0.0020399174584224355,
            60.003496704362256
          ],
          [
            0.0020710359603765957,
            60.00348526084551
          ],
          [
            0.0021009342002616758,
            60.00347381732876
          ],
          [
            0.002129564495892189,
            60.00345937357878
          ],
          [
            0.0021568999175220083,
            60.003447115598
          ],
          [
            0.002182821057439061,
            60.00343267223139
          ],
          [
            0.0022070914593301056,
            60.00341441455088
          ],
          [
            0.002229537302092314,
            60.00339834148947
          ],
          [
            0.0022500413836162793,
            60.00338008419232
          ],
          [
            0.00226858295163802,
            60.003364010747546
          ],
          [
            0.002285219760804278,
            60.00334575383377
          ],
          [
            0.0023000947253509173,
            60.003326681305865
          ],
          [
            0.002313411049219558,
            60.00330461026987
          ],
          [
            0.0023253533076657796,
            60.00328472155278
          ],
          [
            0.002336178292766451,
            60.003262650900155
          ],
          [
            0.0023460360263337604,
            60.00323976386666
          ],
          [
            0.002354890927022835,
            60.00321687683317
          ],
          [
            0.0023627712388368635,
            60.003193989799676
          ],
          [
            0.0023697782193325685,
            60.00317110276619
          ],
          [
            0.002375925541720849,
            60.00314821573269
          ],
          [
            0.0023811746437086083,
            60.00312233172459
          ],
          [
            0.0023854697043449906,
            60.003098626968445
          ],
          [
            0.002388888317726607,
            60.003072743343715
          ],
          [
            0.0023916944868010532,
            60.00304604180464
          ],
          [
            0.0023941333240079556,
            60.00301934026557
          ],
          [
            0.0023964095295425933,
            60.00299263872649
          ],
          [
            0.0023986970761325807,
            60.00296294136291
          ],
          [
            0.002401068084698936,
            60.002935420951076
          ],
          [
            0.002403590953680254,
            60.002908719412005
          ],
          [
            0.0024063672343477985,
            60.002879022623475
          ],
          [
            0.0024094917991227013,
            60.002848506578815
          ],
          [
            0.002413010338617464,
            60.00281799053416
          ],
          [
            0.0024169212315347795,
            60.00278747448951
          ],
          [
            0.002421202154796498,
            60.00275695844485
          ],
          [
            0.0024258067166307027,
            60.002726442400196
          ],
          [
            0.002430731198345587,
            60.00269592635554
          ],
          [
            0.0024359829517550417,
            60.00266241640321
          ],
          [
            0.002441566717988712,
            60.002628085852976
          ],
          [
            0.0024475122667977477,
            60.002596748827045
          ],
          [
            0.002453844687172746,
            60.00256323944976
          ],
          [
            0.0024605887848841777,
            60.00252890889953
          ],
          [
            0.0024677420354727044,
            60.00249457834929
          ],
          [
            0.0024752709976792434,
            60.00246024779906
          ],
          [
            0.0024831460919622394,
            60.002425917248814
          ],
          [
            0.002491357897636538,
            60.00238859432438
          ],
          [
            0.002499899019366323,
            60.00235344145108
          ],
          [
            0.002508740491011897,
            60.00231611891
          ],
          [
            0.002517885425257245,
            60.002280965653334
          ],
          [
            0.0025274318649091618,
            60.00224364349563
          ],
          [
            0.0025374019546760443,
            60.002205498439814
          ],
          [
            0.002547788382217946,
            60.00216735338399
          ],
          [
            0.002558536497604815,
            60.00212920832817
          ],
          [
            0.0025696364748008294,
            60.00209106327235
          ],
          [
            0.002581113715171793,
            60.002052918216535
          ],
          [
            0.002592961530507986,
            60.00201477316072
          ],
          [
            0.002605104523108017,
            60.0019766281049
          ],
          [
            0.002617463614297638,
            60.00193549297508
          ],
          [
            0.0026299406995087126,
            60.00189652329599
          ],
          [
            0.002642430756432018,
            60.001855388549544
          ],
          [
            0.0026548278316229084,
            60.00181342898814
          ],
          [
            0.002667119003711883,
            60.001771469426735
          ],
          [
            0.00267935247003441,
            60.001732498980914
          ],
          [
            0.0026915466094934305,
            60.001688376077304
          ],
          [
            0.0027036426539076737,
            60.001645590742534
          ],
          [
            0.0027156713499201512,
            60.00160363118113
          ],
          [
            0.002727653097618151,
            60.00156167161973
          ],
          [
            0.0027397126570341333,
            60.00151672390117
          ],
          [
            0.002751925726872819,
            60.001473937799666
          ],
          [
            0.0027643605707718074,
            60.00142899046447
          ],
          [
            0.002777170732801384,
            60.001383216397485
          ],
          [
            0.002790576878674993,
            60.0013374423305
          ],
          [
            0.002804836650492676,
            60.00129166826352
          ],
          [
            0.0028201228008352735,
            60.001245894196536
          ],
          [
            0.0028365633654042263,
            60.00120012012955
          ],
          [
            0.002854319308151075,
            60.00115434606257
          ],
          [
            0.002873580427127157,
            60.00110857199559
          ],
          [
            0.0028944746807122532,
            60.001062797928604
          ],
          [
            0.002917165065472593,
            60.00101702386162
          ],
          [
            0.0029418932219909223,
            60.00097124979464
          ],
          [
            0.002968846685669351,
            60.000925475727655
          ],
          [
            0.0029980075705142626,
            60.00087671618708
          ],
          [
            0.0030294229338204554,
            60.00083011289642
          ],
          [
            0.0030633184618137437,
            60.00078433882944
          ],
          [
            0.003099931505381959,
            60.00073856476246
          ],
          [
            0.0031392955331842253,
            60.00069577540233
          ],
          [
            0.003181405988053001,
            60.00065083132576
          ],
          [
            0.0032264730695308183,
            60.000605057258774
          ],
          [
            0.0032747916513978497,
            60.000562267323595
          ],
          [
            0.003326194747624186,
            60.000520307762194
          ],
          [
            0.003380516331487365,
            60.000478348200794
          ],
          [
            0.00343799062606398,
            60.00043638863939
          ],
          [
            0.0034984894882048013,
            60.00039741244306
          ],
          [
            0.003561919185283653,
            60.00035628421385
          ],
          [
            0.003628290882384659,
            60.00032029061585
          ],
          [
            0.0036974799020967368,
            60.0002829772756
          ],
          [
            0.003769208960988385,
            60.00024781481812
          ],
          [
            0.0038434187257951227,
            60.00021348426788
          ],
          [
            0.003920023100188341,
            60.00017915371764
          ],
          [
            0.003998831642811219,
            60.000147805190686
          ],
          [
            0.004079751666663505,
            60.00011728914603
          ],
          [
            0.004162603880859842,
            60.00008677310137
          ],
          [
            0.004247199894675007,
            60.00005923850495
          ],
          [
            0.004333447652621499,
            60.00002955570933
          ],
          [
            0.004421200415587629,
            60.000005001794406
          ],
          [
            0.004510336114026875,
            59.999979133887734
          ],
          [
            0.004600773088578431,
            59.99995541303016
          ],
          [
            0.004692422393256452,
            59.99993252599666
          ],
          [
            0.004785018102028841,
            59.999909638963175
          ],
          [
            0.004878291413725194,
            59.99988675192968
          ],
          [
            0.004972101201129503,
            59.99986386489619
          ],
          [
            0.005066202842500312,
            59.999840977862696
          ],
          [
            0.005159703051045906,
            59.9998210703606
          ],
          [
            0.005251560397935624,
            59.99979901849298
          ],
          [
            0.005341070809808146,
            59.99977911060752
          ],
          [
            0.005427852060104247,
            59.99975705912326
          ],
          [
            0.005511792321930853,
            59.99973715085443
          ],
          [
            0.005592936484652209,
            59.999718078326524
          ],
          [
            0.005671333184730728,
            59.99969602741732
          ],
          [
            0.0057470461382768175,
            59.99967611857344
          ],
          [
            0.005820213163154611,
            59.99965704604553
          ],
          [
            0.0058912176251449495,
            59.999637973517615
          ],
          [
            0.005960514851696587,
            59.99961890098971
          ],
          [
            0.006028291381465743,
            59.9995998284618
          ],
          [
            0.006094488563874037,
            59.9995777787027
          ],
          [
            0.006158935194095174,
            59.99955786870871
          ],
          [
            0.00622139599007756,
            59.99953879618081
          ],
          [
            0.006281718355803596,
            59.999519723652895
          ],
          [
            0.006339837985791722,
            59.99950065112498
          ],
          [
            0.006395793234260547,
            59.99948157859708
          ],
          [
            0.006449944025866684,
            59.999462506069165
          ],
          [
            0.0065026123742235355,
            59.99944343354126
          ],
          [
            0.006553828474380372,
            59.99942138531563
          ],
          [
            0.006603356724001554,
            59.99940147378817
          ],
          [
            0.006651004396781834,
            59.99938240126026
          ],
          [
            0.006696706443950515,
            59.99936332873235
          ],
          [
            0.006740478740671017,
            59.99934128127346
          ],
          [
            0.006782389781200335,
            59.99932136897927
          ],
          [
            0.0068224729649251975,
            59.99929932190374
          ],
          [
            0.00686067362017804,
            59.99927940922618
          ],
          [
            0.006896965594441919,
            59.999257362534024
          ],
          [
            0.006931481995852847,
            59.99923447550053
          ],
          [
            0.006964402763644439,
            59.99921158846704
          ],
          [
            0.006995779166022324,
            59.999188701433546
          ],
          [
            0.007025580991792011,
            59.99916581440006
          ],
          [
            0.007053763591872285,
            59.99914292736656
          ],
          [
            0.007080293780180664,
            59.99912004033307
          ],
          [
            0.0071051152676715,
            59.999094180477115
          ],
          [
            0.007128066656343849,
            59.99907045156882
          ],
          [
            0.007148873647271058,
            59.99904459209623
          ],
          [
            0.007167332856234743,
            59.99902086280457
          ],
          [
            0.0071833447377632155,
            59.99899797577108
          ],
          [
            0.007196838793671779,
            59.998972116873546
          ],
          [
            0.007207790837932934,
            59.998948387006834
          ],
          [
            0.007216195034442638,
            59.99892252849266
          ],
          [
            0.007222066779014584,
            59.998898798242585
          ],
          [
            0.00722545821396672,
            59.99887591120909
          ],
          [
            0.00722636360240626,
            59.9988530241756
          ],
          [
            0.007224818828214004,
            59.99883013714211
          ],
          [
            0.00722095311741624,
            59.99880725010862
          ],
          [
            0.007214933275450339,
            59.998784363075124
          ],
          [
            0.0072067888766165124,
            59.998761476041636
          ],
          [
            0.0071965121126587525,
            59.99874155895535
          ],
          [
            0.007184163790760944,
            59.99871951667192
          ],
          [
            0.0071698432048567145,
            59.99869959920227
          ],
          [
            0.007153531872397774,
            59.99868052667436
          ],
          [
            0.007135158490418044,
            59.99865848496597
          ],
          [
            0.007114811605530945,
            59.99864153591007
          ],
          [
            0.00709265678410909,
            59.99862330909063
          ],
          [
            0.007068314442732003,
            59.99860423656272
          ],
          [
            0.007041677404895176,
            59.99858813244855
          ],
          [
            0.0070130530745305935,
            59.99856990620417
          ],
          [
            0.006982606002124687,
            59.998553801706635
          ],
          [
            0.006950321807703194,
            59.998538543684305
          ],
          [
            0.006916226281146951,
            59.998523285661975
          ],
          [
            0.006880408725672496,
            59.99851099509497
          ],
          [
            0.006842955064901171,
            59.99849658431459
          ],
          [
            0.006803915991004828,
            59.998484293364214
          ],
          [
            0.006763326525989576,
            59.99847284984747
          ],
          [
            0.006721187858097705,
            59.99846140633072
          ],
          [
            0.006677477949553832,
            59.99844996281398
          ],
          [
            0.00663217724501731,
            59.99843851929723
          ],
          [
            0.006585287604044649,
            59.998427075780484
          ],
          [
            0.006536892868855868,
            59.998418598185594
          ],
          [
            0.006487074834806342,
            59.99841096917443
          ],
          [
            0.00643587515767446,
            59.998403340163264
          ],
          [
            0.0063833114840129756,
            59.9983957111521
          ],
          [
            0.00632934447018136,
            59.998388082140934
          ],
          [
            0.0062739894952866465,
            59.998383418093205
          ],
          [
            0.006217384003044749,
            59.99837663881588
          ],
          [
            0.006159618316863811,
            59.99836900980471
          ],
          [
            0.006100711665155047,
            59.998364345181926
          ],
          [
            0.006040674958867203,
            59.99835756647965
          ],
          [
            0.005979506658096026,
            59.99834993746848
          ],
          [
            0.005917208411620719,
            59.99834230845732
          ],
          [
            0.005853774176374133,
            59.998337643067806
          ],
          [
            0.005789207043770635,
            59.99833086513226
          ],
          [
            0.005723520043107121,
            59.998323236121095
          ],
          [
            0.005656737115799095,
            59.99831560710993
          ],
          [
            0.005588891310717923,
            59.998307978098765
          ],
          [
            0.005520038523082642,
            59.9983003490876
          ],
          [
            0.00545025875799958,
            59.99829272007644
          ],
          [
            0.005379743892534737,
            59.99828509106528
          ],
          [
            0.005309110243148807,
            59.99827746205411
          ],
          [
            0.005238662920074203,
            59.998266871146456
          ],
          [
            0.005168084534464781,
            59.99825542762971
          ],
          [
            0.005097045999246459,
            59.998246945626086
          ],
          [
            0.005025529244510399,
            59.998233393972036
          ],
          [
            0.004953607086943609,
            59.99822109707947
          ],
          [
            0.004881372509846102,
            59.998209653562725
          ],
          [
            0.004808904854965908,
            59.998195249299584
          ],
          [
            0.004736269116390437,
            59.998179991277254
          ],
          [
            0.00466352804469829,
            59.99816473325493
          ],
          [
            0.004590830495758436,
            59.99814651506126
          ],
          [
            0.004518362420119359,
            59.99812744253335
          ],
          [
            0.004446289828709349,
            59.99810837000544
          ],
          [
            0.004374774121354362,
            59.998089297477534
          ],
          [
            0.00430400369540146,
            59.99806726554501
          ],
          [
            0.004234165895130704,
            59.99804437851152
          ],
          [
            0.004165399686706797,
            59.99801853245679
          ],
          [
            0.004097895431883816,
            59.997994789747274
          ],
          [
            0.004031871210107573,
            59.997965985438036
          ],
          [
            0.003967572630108212,
            59.99793842783957
          ],
          [
            0.003905170534731203,
            59.997908768045995
          ],
          [
            0.00384501137335352,
            59.997878252001335
          ],
          [
            0.0037871833443196105,
            59.99784773595668
          ],
          [
            0.00373148533591116,
            59.99781426223257
          ],
          [
            0.0036779022735344254,
            59.99777993168234
          ],
          [
            0.0036262792811607714,
            59.997745601132095
          ],
          [
            0.0035766008982550637,
            59.99771127058186
          ],
          [
            0.003529057896894311,
            59.99767398311891
          ],
          [
            0.003483935977417886,
            59.99763583806308
          ],
          [
            0.0034413166622097808,
            59.997597693007265
          ],
          [
            0.0034011973063064,
            59.99755954795145
          ],
          [
            0.0033637859912998163,
            59.99752140289563
          ],
          [
            0.0033292302858861653,
            59.99748325783981
          ],
          [
            0.0032974048791879463,
            59.997442157021375
          ],
          [
            0.003268187777213881,
            59.9974031530309
          ],
          [
            0.003241425996671467,
            59.99736205259583
          ],
          [
            0.003216898430298495,
            59.99732009303443
          ],
          [
            0.0031943492594469877,
            59.99727813347303
          ],
          [
            0.0031735702570655825,
            59.99723617391163
          ],
          [
            0.003154522674734757,
            59.99719421435023
          ],
          [
            0.0031371254688703117,
            59.99715225478883
          ],
          [
            0.003121228255819616,
            59.99711029522743
          ],
          [
            0.0031066846138182737,
            59.997065381628566
          ],
          [
            0.003093205527231879,
            59.99702256140736
          ],
          [
            0.0030803584351922863,
            59.996977648191866
          ],
          [
            0.0030679004933609477,
            59.99693187412488
          ],
          [
            0.0030558805221857425,
            59.99688905332862
          ],
          [
            0.003044424209476802,
            59.99684709376722
          ],
          [
            0.003033626768401551,
            59.99680513420582
          ],
          [
            0.0030235545317914706,
            59.99676317464442
          ],
          [
            0.003014265195772679,
            59.99672416758701
          ],
          [
            0.0030057942994667283,
            59.99668602253119
          ],
          [
            0.0029981810851852303,
            59.996650829596
          ],
          [
            0.0029914469692058025,
            59.996616499045764
          ],
          [
            0.0029856390241495305,
            59.99658216849553
          ],
          [
            0.0029807932298092504,
            59.99655078949087
          ],
          [
            0.0029768888183607485,
            59.99652027344621
          ],
          [
            0.0029740295885619782,
            59.996489757401555
          ],
          [
            0.002972372894465824,
            59.99646219232742
          ],
          [
            0.002971960243361241,
            59.99643549078835
          ],
          [
            0.0029727990539712393,
            59.99640878924928
          ],
          [
            0.0029750207220308783,
            59.9963820877102
          ],
          [
            0.0029787485640600667,
            59.99635833637492
          ],
          [
            0.002984030986416553,
            59.99633544934143
          ],
          [
            0.0029909140962832564,
            59.996315512128355
          ],
          [
            0.0029994102964752143,
            59.99629348997171
          ],
          [
            0.0030095324522279965,
            59.99627355237527
          ],
          [
            0.0030213238603775867,
            59.996254479847366
          ],
          [
            0.003034802436692726,
            59.99623835637314
          ],
          [
            0.0030500202451752526,
            59.99622014948881
          ],
          [
            0.0030669637677488964,
            59.99620402563122
          ],
          [
            0.003085538328157149,
            59.99618876760889
          ],
          [
            0.003105667994420044,
            59.99617350958656
          ],
          [
            0.003127319379856383,
            59.996161199659504
          ],
          [
            0.003150465447787158,
            59.99614975614276
          ],
          [
            0.0031750223094753837,
            59.996138312626016
          ],
          [
            0.0032008561682026248,
            59.99612686910927
          ],
          [
            0.0032278138549125166,
            59.99611542559252
          ],
          [
            0.0032557482106586643,
            59.99610692921263
          ],
          [
            0.0032845387716201233,
            59.996099300201465
          ],
          [
            0.003314079540444228,
            59.9960916711903
          ],
          [
            0.003344213996066828,
            59.996084042179135
          ],
          [
            0.0033748233328994236,
            59.996079359538086
          ],
          [
            0.0034058763506997795,
            59.996075545032504
          ],
          [
            0.0034374439532021536,
            59.99607173052692
          ],
          [
            0.0034695532844981167,
            59.996070861816406
          ],
          [
            0.0035021883689378636,
            59.99606791621302
          ],
          [
            0.003535289538956941,
            59.99606704711914
          ],
          [
            0.0035687758313112717,
            59.99606999233915
          ],
          [
            0.0036025472090354337,
            59.996070861816406
          ],
          [
            0.0036366319206720316,
            59.99607380665305
          ],
          [
            0.003671066923362109,
            59.99607762115863
          ],
          [
            0.0037057906544184062,
            59.996081435664216
          ],
          [
            0.0037406791764315246,
            59.996088194431394
          ],
          [
            0.003775639622066262,
            59.99609582344256
          ],
          [
            0.0038106345672801302,
            59.996103452453724
          ],
          [
            0.0038456497565106653,
            59.99611108146488
          ],
          [
            0.003880643473938037,
            59.99612165397091
          ],
          [
            0.003915486285636793,
            59.99613309748766
          ],
          [
            0.003949978054546016,
            59.9961445410044
          ],
          [
            0.003983964961611603,
            59.996155984521145
          ],
          [
            0.004017303151400836,
            59.996170370766016
          ],
          [
            0.004049908210082176,
            59.996185628788346
          ],
          [
            0.004081788013347284,
            59.99620088681067
          ],
          [
            0.004113017611868613,
            59.99621908698607
          ],
          [
            0.004143780636382188,
            59.996238159513986
          ],
          [
            0.0041742788759573084,
            59.99625723204189
          ],
          [
            0.00420466050780155,
            59.996276304569804
          ],
          [
            0.00423508346582733,
            59.99629537709771
          ],
          [
            0.00426564338255702,
            59.99631739082028
          ],
          [
            0.004296383266341652,
            59.9963373368508
          ],
          [
            0.004327357819899238,
            59.99635935019
          ],
          [
            0.004358592498389538,
            59.996382237223486
          ],
          [
            0.004390106507994958,
            59.9964080646849
          ],
          [
            0.004421934332430146,
            59.996431825987734
          ],
          [
            0.004453957062098549,
            59.99645471302123
          ],
          [
            0.0044860003337217095,
            59.99648053990759
          ],
          [
            0.004518358745487686,
            59.99650430178548
          ],
          [
            0.004551364177572456,
            59.99653012828847
          ],
          [
            0.0045850889539291615,
            59.99655389054973
          ],
          [
            0.004619536188552159,
            59.99657971666935
          ],
          [
            0.004654791546645481,
            59.99660641820842
          ],
          [
            0.004690933446473123,
            59.9966331197475
          ],
          [
            0.004728031871631363,
            59.99665982128657
          ],
          [
            0.004766118388765654,
            59.99668652282565
          ],
          [
            0.004805258926538407,
            59.99671322436472
          ],
          [
            0.004845544577338829,
            59.996739925903796
          ],
          [
            0.004887008175002471,
            59.99676662744287
          ],
          [
            0.004929545818822489,
            59.99679332898194
          ],
          [
            0.004972907859174256,
            59.996820030521015
          ],
          [
            0.005016601935678955,
            59.996849669229384
          ],
          [
            0.005059908145579973,
            59.99687724829643
          ],
          [
            0.005102210767988543,
            59.996901013049566
          ],
          [
            0.005143226337720717,
            59.996926836677304
          ],
          [
            0.005182991761726953,
            59.996950601813815
          ],
          [
            0.005221848176947367,
            59.99697348884731
          ],
          [
            0.005260298092514071,
            59.996993439861605
          ],
          [
            0.005298849131690535,
            59.99701544821703
          ],
          [
            0.005337855703711305,
            59.99703539961469
          ],
          [
            0.00537749685050946,
            59.9970544721426
          ],
          [
            0.005417882151608577,
            59.997070609418046
          ],
          [
            0.005459069180629972,
            59.997085867440376
          ],
          [
            0.005501114815171435,
            59.997101125462706
          ],
          [
            0.0055440401760060735,
            59.99711638348503
          ],
          [
            0.005587825559654888,
            59.99712870702163
          ],
          [
            0.005632452594386731,
            59.99714015053838
          ],
          [
            0.005677888007355999,
            59.997148659952764
          ],
          [
            0.005724059130879858,
            59.9971592228746
          ],
          [
            0.005770874494864271,
            59.99716773267236
          ],
          [
            0.00581823288797708,
            59.99717242815621
          ],
          [
            0.005866008390384769,
            59.99717917599742
          ],
          [
            0.005914059715431349,
            59.99718387186464
          ],
          [
            0.005962242279417007,
            59.99718475341797
          ],
          [
            0.006010413073527619,
            59.99718475341797
          ],
          [
            0.006058427836991415,
            59.99718475341797
          ],
          [
            0.0061061396232419286,
            59.99718475341797
          ],
          [
            0.00615340048197069,
            59.997181821232445
          ],
          [
            0.006200069155489569,
            59.99717800672686
          ],
          [
            0.006246012516124535,
            59.99717419222128
          ],
          [
            0.006291084236958511,
            59.99716744610523
          ],
          [
            0.0063351520741169315,
            59.997159817094065
          ],
          [
            0.006378196731565786,
            59.9971492568558
          ],
          [
            0.006420305308884345,
            59.99714074437447
          ],
          [
            0.0064615056486444205,
            59.99713018451957
          ],
          [
            0.0065017781142645515,
            59.99711581035078
          ],
          [
            0.006541100101996888,
            59.997103482788816
          ],
          [
            0.006579413351673397,
            59.99708910900338
          ],
          [
            0.006616637759959111,
            59.99707092090406
          ],
          [
            0.006652675322316189,
            59.997054778261464
          ],
          [
            0.006687437913849363,
            59.997036590545505
          ],
          [
            0.006720851383503168,
            59.99701751801759
          ],
          [
            0.006752839847277133,
            59.99699844548968
          ],
          [
            0.006783337816478103,
            59.99697644384319
          ],
          [
            0.006812315188107958,
            59.9969564857366
          ],
          [
            0.006839679616322459,
            59.99693448447347
          ],
          [
            0.006865323466092445,
            59.99691159743998
          ],
          [
            0.006889146767677592,
            59.99688578205464
          ],
          [
            0.006911059859951969,
            59.99685908051557
          ],
          [
            0.006930942794923086,
            59.99683530694497
          ],
          [
            0.006948687473749011,
            59.99680949213469
          ],
          [
            0.006964210623504709,
            59.9967798630105
          ],
          [
            0.006977514893739962,
            59.996752274359274
          ],
          [
            0.0069885972734857246,
            59.996722645618455
          ],
          [
            0.00699739492062698,
            59.99669505658386
          ],
          [
            0.00700382318486308,
            59.99666542822641
          ],
          [
            0.007007830834420444,
            59.996634912181754
          ],
          [
            0.0070093709327191415,
            59.9966043961371
          ],
          [
            0.007008371731418659,
            59.996570953849115
          ],
          [
            0.007004805265758145,
            59.99653954935052
          ],
          [
            0.006998722182211374,
            59.99650903330587
          ],
          [
            0.0069900858925442035,
            59.99647559159293
          ],
          [
            0.006978784992728016,
            59.9964412610427
          ],
          [
            0.006964902282398546,
            59.99640985577737
          ],
          [
            0.006948536358717359,
            59.99637641463949
          ],
          [
            0.006929882891289156,
            59.99634208408925
          ],
          [
            0.0069090882308042185,
            59.996307753539014
          ],
          [
            0.006886166331891878,
            59.99627634750695
          ],
          [
            0.006861079651315781,
            59.99624290713581
          ],
          [
            0.006833797025406145,
            59.996208576585566
          ],
          [
            0.006804394849943998,
            59.99617424603533
          ],
          [
            0.006773048953680264,
            59.99614283923653
          ],
          [
            0.0067397438294224885,
            59.996109399632125
          ],
          [
            0.00670454035380243,
            59.996077992449955
          ],
          [
            0.006667600874254363,
            59.99604455322891
          ],
          [
            0.006629075602519278,
            59.99601314566338
          ],
          [
            0.006589020697568366,
            59.9959797068257
          ],
          [
            0.006547454649648107,
            59.995948298876804
          ],
          [
            0.006504368456129662,
            59.995914860422495
          ],
          [
            0.006459813597376438,
            59.995883452090226
          ],
          [
            0.006413835488057822,
            59.99585001401928
          ],
          [
            0.006366459605375347,
            59.99581860530365
          ],
          [
            0.006317818392328126,
            59.99578516761608
          ],
          [
            0.006268191827502011,
            59.995753758517075
          ],
          [
            0.00621783795122269,
            59.995720321212865
          ],
          [
            0.006166870889722035,
            59.9956889117305
          ],
          [
            0.006115342892859318,
            59.99565547480966
          ],
          [
            0.006063270244131907,
            59.99562406494392
          ],
          [
            0.006010667879612105,
            59.99559062840645
          ],
          [
            0.0059575380539232505,
            59.99555629785621
          ],
          [
            0.005903891271622177,
            59.995521967305976
          ],
          [
            0.005849749807608707,
            59.9954905566735
          ],
          [
            0.005795126933030534,
            59.99545712090276
          ],
          [
            0.005740033138077589,
            59.99542279035253
          ],
          [
            0.005684533298836773,
            59.99538845980229
          ],
          [
            0.005628641545171674,
            59.99535412925206
          ],
          [
            0.005572263704510181,
            59.995319798701814
          ],
          [
            0.005515300457156443,
            59.99528546815158
          ],
          [
            0.005457650956239448,
            59.99525113760134
          ],
          [
            0.00539916659703049,
            59.9952168070511
          ],
          [
            0.005339639291479303,
            59.995182476500865
          ],
          [
            0.0052788626254922505,
            59.99514814595063
          ],
          [
            0.005216620394833768,
            59.995113815400394
          ],
          [
            0.005152787714883965,
            59.99507948485015
          ],
          [
            0.005087333955327433,
            59.9950480717258
          ],
          [
            0.005020022635293776,
            59.995014638446946
          ],
          [
            0.004950638662930685,
            59.99498322493922
          ],
          [
            0.004879204234423996,
            59.994952708894566
          ],
          [
            0.0048057895719919716,
            59.994922192849906
          ],
          [
            0.004730420340822922,
            59.99489459327271
          ],
          [
            0.004653127130611805,
            59.994864975457865
          ],
          [
            0.004573934756886346,
            59.9948373754973
          ],
          [
            0.004492959673857305,
            59.99481067395823
          ],
          [
            0.0044105081316810485,
            59.994786888119876
          ],
          [
            0.004326878898414813,
            59.99476400108638
          ],
          [
            0.004242207994607345,
            59.99474111405289
          ],
          [
            0.004156614788286328,
            59.994721142145075
          ],
          [
            0.0040702885192290305,
            59.99470206961716
          ],
          [
            0.003983456520042206,
            59.99468299708926
          ],
          [
            0.003896221302673485,
            59.994666839111964
          ],
          [
            0.0038086098036195946,
            59.9946486667307
          ],
          [
            0.003720631148973792,
            59.994632508370046
          ],
          [
            0.0036323853407433165,
            59.99462016432329
          ],
          [
            0.0035438849832195095,
            59.99460580702266
          ],
          [
            0.003455032463257562,
            59.99459346259253
          ],
          [
            0.003365786144781138,
            59.994582019075786
          ],
          [
            0.003276235308005537,
            59.99457348876788
          ],
          [
            0.003186366511895364,
            59.994562946739556
          ],
          [
            0.0030960111022202068,
            59.99455441604828
          ],
          [
            0.0030050508917189656,
            59.994546787037116
          ],
          [
            0.0029134848172396176,
            59.99454207046806
          ],
          [
            0.002821383964981052,
            59.994538255962475
          ],
          [
            0.0027288296955003443,
            59.99453444145689
          ],
          [
            0.0026359028564395966,
            59.99453353881836
          ],
          [
            0.0025427052532520727,
            59.99453353881836
          ],
          [
            0.0024493430034320403,
            59.99453645030204
          ],
          [
            0.002355928671008142,
            59.994540264807625
          ],
          [
            0.002262546640995904,
            59.99454407931321
          ],
          [
            0.0021692743609097918,
            59.99455080472742
          ],
          [
            0.002076210125188095,
            59.99456134445553
          ],
          [
            0.0019834426486823537,
            59.99456987744701
          ],
          [
            0.0018910513857885102,
            59.994580416791756
          ],
          [
            0.0017991215442506698,
            59.9945947704504
          ],
          [
            0.0017077642496330671,
            59.99461002847273
          ],
          [
            0.001617108295527211,
            59.99462528649506
          ],
          [
            0.0015272552210309916,
            59.994643454084226
          ],
          [
            0.0014383200926374189,
            59.99466252661214
          ],
          [
            0.0013503277349938255,
            59.99468450832352
          ],
          [
            0.0012633259426356861,
            59.99470739535702
          ],
          [
            0.0011774485013072368,
            59.994730282390506
          ],
          [
            0.00109281281117794,
            59.99475607803243
          ],
          [
            0.0010095026993578986,
            59.9947827795715
          ],
          [
            0.000927543256885156,
            59.99480948111057
          ],
          [
            0.0008470537883821549,
            59.99483909068302
          ],
          [
            0.000768351944786192,
            59.99486960672768
          ],
          [
            0.0006914556626470513,
            59.99490303042234
          ],
          [
            0.0006163005737332619,
            59.994934453514254
          ],
          [
            0.0005430372067237458,
            59.994970784092196
          ],
          [
            0.00047180392743207647,
            59.995006022073056
          ],
          [
            0.00040259026357153806,
            59.995043259506566
          ],
          [
            0.00033552632974114183,
            59.995081404562384
          ],
          [
            0.00027073583766959317,
            59.99512245611811
          ],
          [
            0.000208397118045536,
            59.99516150937129
          ],
          [
            0.00014855184028895644,
            59.995202560543646
          ],
          [
            9.116993552308511e-05,
            59.995247426029906
          ],
          [
            3.6262812565976195e-05,
            59.99529029436372
          ],
          [
            -1.6002754858590755e-05,
            59.995335159466606
          ],
          [
            -6.576926901467158e-05,
            59.99538093353359
          ],
          [
            -0.00011315947989268656,
            59.99542670760057
          ],
          [
            -0.00015810726137402978,
            59.995472481667555
          ],
          [
            -0.00020059684777369618,
            59.99552116050929
          ],
          [
            -0.0002407472876904363,
            59.99557074908186
          ],
          [
            -0.0002788371783331915,
            59.995617433263035
          ],
          [
            -0.0003149780778027297,
            59.99566611152972
          ],
          [
            -0.0003487696478700707,
            59.99571570010229
          ],
          [
            -0.00038004341844383204,
            59.995768192491184
          ],
          [
            -0.00040904529141871606,
            59.995818691944685
          ],
          [
            -0.00043612886918146355,
            59.995871183950214
          ],
          [
            -0.0004617663882914259,
            59.995921683787074
          ],
          [
            -0.0004863390292572847,
            59.995974175409245
          ],
          [
            -0.0005102998895055111,
            59.99602757848739
          ],
          [
            -0.0005343519091865398,
            59.9960780788993
          ],
          [
            -0.0005588094751686342,
            59.996130569946416
          ],
          [
            -0.0005836341479472913,
            59.996183973024564
          ],
          [
            -0.0006087827448262898,
            59.99623737610271
          ],
          [
            -0.0006341997166007299,
            59.99629077918086
          ],
          [
            -0.0006598753779732468,
            59.99634418225901
          ],
          [
            -0.0006859261447161473,
            59.99639468382102
          ],
          [
            -0.0007124181531277388,
            59.99644717371803
          ],
          [
            -0.0007393131114382822,
            59.99650057679618
          ],
          [
            -0.0007666274128625108,
            59.99655397987433
          ],
          [
            -0.0007943927295104333,
            59.996607382952476
          ],
          [
            -0.0008225770161475088,
            59.996660786030624
          ],
          [
            -0.000851119114080068,
            59.99671418910877
          ],
          [
            -0.0008799713527225685,
            59.99676759218691
          ],
          [
            -0.0009091617071927577,
            59.99682099526506
          ],
          [
            -0.0009387242831611804,
            59.99687439834321
          ],
          [
            -0.0009686504699099138,
            59.99692780142136
          ],
          [
            -0.0009988743454626798,
            59.99698410390712
          ],
          [
            -0.001029369934224471,
            59.99703842227492
          ],
          [
            -0.0010601378563828544,
            59.99709182535307
          ],
          [
            -0.0010911734045259958,
            59.99714522843121
          ],
          [
            -0.00112247402240719,
            59.997198631509356
          ],
          [
            -0.001154035389661386,
            59.99725493303669
          ],
          [
            -0.0011858596700540878,
            59.99730925236292
          ],
          [
            -0.0012179438855326533,
            59.997362655441066
          ],
          [
            -0.0012502786137388732,
            59.997416058519214
          ],
          [
            -0.0012828670296270747,
            59.99747235927981
          ],
          [
            -0.001315734383932696,
            59.99752667937277
          ],
          [
            -0.0013488427324325708,
            59.99758297975001
          ],
          [
            -0.0013820567702094377,
            59.99763730022633
          ],
          [
            -0.0014152357421423456,
            59.9976936002202
          ],
          [
            -0.001448325630129798,
            59.99774792107989
          ],
          [
            -0.0014813248168463996,
            59.99780422069039
          ],
          [
            -0.0015142308888839262,
            59.99785854193345
          ],
          [
            -0.0015470202849535441,
            59.997914841160586
          ],
          [
            -0.0015796627006629358,
            59.99797205874431
          ],
          [
            -0.0016121776301821454,
            59.99802638056242
          ],
          [
            -0.0016446274100346573,
            59.998082679214505
          ],
          [
            -0.0016771501684652024,
            59.998139896798236
          ],
          [
            -0.0017099028965046404,
            59.99819711438196
          ],
          [
            -0.0017429408177945078,
            59.998251436966804
          ],
          [
            -0.0017762971665371136,
            59.998307734852155
          ],
          [
            -0.0018099850543583512,
            59.998364952435885
          ],
          [
            -0.0018439284787540237,
            59.99842217001961
          ],
          [
            -0.0018779988011386071,
            59.99847938760334
          ],
          [
            -0.0019121248793081166,
            59.99853660518707
          ],
          [
            -0.0019462785358234213,
            59.9985938227708
          ],
          [
            -0.0019804763818598637,
            59.99865104035453
          ],
          [
            -0.0020147241811662633,
            59.998708257938254
          ],
          [
            -0.002049015387716289,
            59.998765475521985
          ],
          [
            -0.002083340617607881,
            59.998822693105716
          ],
          [
            -0.0021176960967406663,
            59.998879910689446
          ],
          [
            -0.002152068133477047,
            59.99893712827317
          ],
          [
            -0.0021864353841695916,
            59.9989972383639
          ],
          [
            -0.0022208036894500872,
            59.999055378137896
          ],
          [
            -0.002255214249894827,
            59.99911259572163
          ],
          [
            -0.0022897164744454346,
            59.99916981330535
          ],
          [
            -0.0023243175327788686,
            59.99922992262935
          ],
          [
            -0.0023589949026924313,
            59.99928806317008
          ],
          [
            -0.0023937650001211452,
            59.99934528075381
          ],
          [
            -0.002428665909178435,
            59.99940538950275
          ],
          [
            -0.0024636947293381044,
            59.99946353061853
          ],
          [
            -0.002498840521818451,
            59.99952074820226
          ],
          [
            -0.0025341286109794754,
            59.99958085637615
          ],
          [
            -0.0025695423881494884,
            59.999638998066985
          ],
          [
            -0.0026050188712647268,
            59.9996991058575
          ],
          [
            -0.0026405574526677552,
            59.999757247931704
          ],
          [
            -0.002676218402608072,
            59.99981735533886
          ],
          [
            -0.002712004983803372,
            59.99987549779643
          ],
          [
            -0.0027478863475095994,
            59.999935604820216
          ],
          [
            -0.002783858315001057,
            59.99999374766115
          ],
          [
            -0.0028199044316175106,
            60.00005385430157
          ],
          [
            -0.002855984258065477,
            60.00011199752588
          ],
          [
            -0.0028921187553504406,
            60.00017210378293
          ],
          [
            -0.0029283375987388,
            60.0002302473906
          ],
          [
            -0.0029646064580827287,
            60.00029035326428
          ],
          [
            -0.0030008910044395745,
            60.000351385353596
          ],
          [
            -0.0030371836924164026,
            60.00040952953632
          ],
          [
            -0.0030734964572365175,
            60.00046963483495
          ]
        ]
      }
    }
  ]
}