lap,session_time_s,lap_time_s,lap_distance_m,latitude_deg,longitude_deg,x_east_m,y_north_m
3,326.7,0.0,0.0,60.00208543752915,-0.005425954921549512,0.0,0.0
3,326.8,0.10000000000002274,3.9083409754596197,60.00204705384968,-0.005477480399795938,-2.86451090604477,-4.268076319606956
3,326.9,0.19999999999998863,9.204650051232953,60.00200533069601,-0.0055287152462037414,-5.712868009179847,-8.90748573944435
3,327.0,0.30000000000001137,14.600862718621062,60.0019633699308,-0.005579551451389859,-8.539066621016513,-13.573316393904493
3,327.09999999999997,0.39999999999997726,20.022003423813157,60.0019214091656,-0.00562997204068957,-11.34216299664786,-18.239147046949988
3,327.2,0.5,25.47037692199585,60.00187944840039,-0.005679997304308942,-14.123285110045316,-22.904977701410132
3,327.3,0.6000000000000227,30.948547953075256,60.001837487635186,-0.005729537384860009,-16.877437365886664,-27.570808354455625
3,327.4,0.6999999999999886,36.45427294727655,60.001795526869984,-0.005778462657344403,-19.597413304559527,-32.23663900750112
3,327.5,0.8000000000000114,41.97614924938196,60.001753566104775,-0.005826806377534208,-22.285061692857546,-36.90246966196126
3,327.59999999999997,0.8999999999999773,47.5278809793885,60.001708028911814,-0.005874623258205918,-24.943425538948183,-41.96598148567321
3,327.7,1.0,53.07351170493784,60.0016658298771,-0.005921865679983577,-27.56985496151473,-46.65830653752819
3,327.8,1.1000000000000227,58.635459106217446,60.00162029284863,-0.005968349070459369,-30.15409134890682,-51.721800071254435
3,327.9,1.1999999999999886,64.22180340702545,60.00157809364942,-0.006013862730877398,-32.68441802185939,-56.41414341309512
3,328.0,1.3000000000000114,69.82494434537634,60.00153255678545,-0.006058362428686379,-35.15837895563456,-61.477618656835666
3,328.09999999999997,1.3999999999999773,75.44033792240015,60.00148678140523,-0.006101927291115132,-37.5803716896926,-66.56761573224227
3,328.2,1.5,81.07011978923563,60.001441006025,-0.006144653528900086,-39.95574479346423,-71.65761281047818
3,328.3,1.6000000000000227,86.71605941747329,60.001395230644775,-0.006186700850097975,-42.293377078107596,-76.74760988729943
3,328.4,1.6999999999999886,92.38628824083665,60.00134945526455,-0.006228464935902576,-44.61526622415827,-81.83760696270605
3,328.5,1.8000000000000114,98.0644934038158,60.00130367988433,-0.006270105959590357,-46.930316982904344,-86.9276040395273
3,328.59999999999997,1.8999999999999773,103.7551560167377,60.00125790450411,-0.0063116416306873415,-49.23951389646937,-92.01760111634856
3,328.7,2.0,109.46026685432447,60.00120855360084,-0.00635314935039055,-51.54716284036001,-97.5051787653783
3,328.8,2.1000000000000227,115.18072769682469,60.00116253904639,-0.006394708451054381,-53.85766902590365,-102.62177083805236
3,328.9,2.1999999999999886,120.9182005340004,60.00111676366617,-0.006436373649049717,-56.174076687625934,-107.71176791487362
3,329.0,2.3000000000000114,126.67440186859425,60.00106741300964,-0.006478129942454829,-58.49555515529671,-113.19931812680284
3,329.09999999999997,2.3999999999999773,132.44702253483047,60.00102139820846,-0.00651986612549898,-60.81591598568898,-118.31593763657742
3,329.2,2.5,138.23831751532774,60.000972047716424,-0.006561490607613933,-63.130073217474546,-123.80346955852094
3,329.3,2.6000000000000227,144.04924231520792,60.00092603275074,-0.006602894320165331,-65.4319569161778,-128.92010735969586
3,329.4,2.6999999999999886,149.87746203938383,60.000876682423204,-0.006643917595938761,-67.71269682991333,-134.4076209888244
3,329.5,2.8000000000000114,155.72519035518084,60.00082709242796,-0.006684335497370423,-69.95978455733336,-139.9217844894214
3,329.59999999999997,2.8999999999999773,161.59341575155332,60.00077750243272,-0.0067239167520514835,-72.16036216509713,-145.4359479886038
3,329.7,3.0,167.478175887062,60.000727912437476,-0.006762478377786345,-74.30425662125668,-150.95011148920082
3,329.8,3.1000000000000227,173.37678474832117,60.00067832244223,-0.006800099835681274,-76.39588545582544,-156.46427498838318
3,329.9,3.1999999999999886,179.29309793171404,60.00062873244699,-0.00683658737142482,-78.42447673008871,-161.97843848756554
3,330.0,3.3000000000000114,185.2306022019788,60.00057914245175,-0.006871861680694028,-80.38562135458304,-167.49260198816256
3,330.09999999999997,3.3999999999999773,191.18629669572857,60.000529552456506,-0.00690550513875612,-82.25610118753974,-173.00676548734495
3,330.2,3.5,197.17760796007244,60.000476388171926,-0.006937512671197246,-84.03563845136911,-178.91837237747714
3,330.3,3.6000000000000227,203.19049571439106,60.00042655776876,-0.006968013640241038,-85.73141621204348,-184.45926805518562
3,330.4,3.6999999999999886,209.23836133914588,60.00037339364867,-0.006997120043325509,-87.34966937753967,-190.37085665391749
3,330.5,3.8000000000000114,215.34463440442818,60.00031998903841,-0.0070248479975861715,-88.89128988988149,-196.30918657687562
3,330.59999999999997,3.8999999999999773,221.52284895309464,60.000266584428154,-0.007051166707752977,-90.35456517143214,-202.2475164984191
3,330.7,4.0,227.91176596555763,60.00021317981789,-0.007075753841337998,-91.72157476166363,-208.18584642279188
3,330.8,4.100000000000023,234.17341611631272,60.00015977520763,-0.0070985350489972425,-92.98818492708475,-214.12417634575002
3,330.9,4.199999999999989,240.4006961215408,60.000106370597365,-0.007119896341117152,-94.17585594149709,-220.06250626870815
3,331.0,4.300000000000011,246.60384371709424,60.00005296598711,-0.007139970410271603,-95.29196475597156,-226.00083619025165
3,331.09999999999997,4.399999999999977,252.83034887318075,59.999999561376846,-0.007158486120670595,-96.32143718930759,-231.93916611320978
3,331.2,4.5,259.0400641711883,59.99994258329972,-0.0071752598153257425,-97.2540677216548,-238.27484797153065
3,331.3,4.600000000000023,265.2629839829558,59.999888937459055,-0.007190324427456638,-98.09167696624986,-244.24000152860197
3,331.4,4.699999999999989,271.4957125339198,59.99983195954643,-0.0072038626421879574,-98.8444310706382,-250.57566509410785
3,331.5,4.800000000000011,277.749076228217,59.99977474032114,-0.007215757917403797,-99.50584600742461,-256.9381614408418
3,331.59999999999997,4.899999999999977,284.0037936650636,59.99972109423374,-0.007226022063437412,-100.07657238426309,-262.90334243359894
3,331.7,5.0,290.27611912007615,59.99966411656785,-0.007234827877703817,-100.56622724018467,-269.238978563419
3,331.8,5.100000000000023,296.56810010619364,59.999606897342574,-0.007242105820098711,-100.97093956357074,-275.6014749087382
3,331.9,5.199999999999989,302.87416372123937,59.99954967811729,-0.007247913646868369,-101.29391979446537,-281.96397125547213
3,332.0,5.300000000000011,309.2035328483097,59.999492458892014,-0.007252530399472598,-101.55068136954365,-288.3264676007914
3,332.09999999999997,5.399999999999977,315.54805404272275,59.99943523966673,-0.007255989495727562,-101.74308202265688,-294.6889639475252
3,332.2,5.5,321.8830947426891,59.999378020441455,-0.007258151074459904,-101.86334582161649,-301.05146029284447
3,332.3,5.600000000000023,328.13483318727657,59.99932080121617,-0.007259118985305187,-101.91724624080472,-307.4139566395784
3,332.4,5.699999999999989,334.25753904391667,59.99926715447079,-0.007259150353613322,-101.91907284991562,-313.37921079510767
3,332.5,5.800000000000011,340.2131212962007,59.99921374986054,-0.007258402499487563,-101.87757708901985,-319.3175407180658
3,332.59999999999997,5.899999999999977,345.9976424718516,59.999160345250274,-0.007256860956394629,-101.79195493769987,-325.25587064102393
3,332.7,6.0,351.61336989579905,59.99911051287317,-0.0072546073862704615,-101.66674092047236,-330.79698581129264
3,332.8,6.100000000000023,357.0652940030097,59.99906092287794,-0.007251915611385408,-101.51716365783665,-336.311149310475
3,332.9,6.199999999999989,362.3625440709582,59.99901490495136,-0.007248988710591623,-101.3545084929647,-341.42811634836823
3,333.0,6.300000000000011,367.50488883034717,59.99896912957114,-0.007245764671572369,-101.17533283963157,-346.51811342518954
3,333.09999999999997,6.399999999999977,372.4955295870223,59.998923354190914,-0.007242091927527279,-100.97121042295238,-351.6081105005961
3,333.2,6.5,377.33385895558985,59.99888115063262,-0.0072378755042761195,-100.73685549851602,-356.30093855181417
3,333.3,6.600000000000023,382.0246496191728,59.99883918986741,-0.007233148864704251,-100.47413353024088,-360.9667692062743
3,333.4,6.699999999999989,386.565001055706,59.99879722910221,-0.007227879796749106,-100.1812539471592,-365.6325998593198
3,333.5,6.800000000000011,390.974723099547,59.99875883991219,-0.0072220545930154235,-99.85744921328556,-369.9012889224479
3,333.59999999999997,6.899999999999977,395.24957815588704,59.998720693762,-0.007215650683734638,-99.50146952506944,-374.14295315454694
3,333.7,7.0,399.3611567071564,59.998682547611814,-0.007208592471762033,-99.1091122283871,-378.3846173852313
3,333.8,7.100000000000023,403.3083221382261,59.998647972790074,-0.00720091632739169,-98.68239400987756,-382.2291674616842
3,333.9,7.199999999999989,407.1112116698512,59.998613641254906,-0.007192587579876274,-98.21939223782613,-386.0466652700075
3,334.0,7.300000000000011,410.75910872691014,59.998582880883696,-0.007183414916149775,-97.70946551697097,-389.467067214085
3,334.09999999999997,7.399999999999977,414.2592175409802,59.99854879288184,-0.007173213282992934,-97.14233559004425,-393.25748531576346
3,334.2,7.5,417.60971424642923,59.99852160334559,-0.007161946966521273,-96.51600177841007,-396.2808279812251
3,334.3,7.600000000000023,420.85928728458026,59.998491330123244,-0.007149625229258996,-95.83099363318945,-399.64706136914214
3,334.4,7.699999999999989,423.96479132840403,59.99846438403806,-0.007136332070213322,-95.09197186338055,-402.64333347224454
3,334.5,7.800000000000011,426.9607615559412,59.99843768173293,-0.007122024352418513,-94.2965426191181,-405.6124984344309
3,334.59999999999997,7.899999999999977,429.8561137953117,59.9984109794278,-0.007106608517262126,-93.43950459554031,-408.58166339520267
3,334.7,8.0,432.69621342817595,59.998387847710895,-0.00709016644698591,-92.52540514335975,-411.1537965130445
3,334.8,8.100000000000023,435.3759296396097,59.99836496002078,-0.007072756895010545,-91.55751547764083,-413.6987950514551
3,334.9,8.199999999999989,438.09777979351924,59.9983456427544,-0.007054356879328538,-90.53455326646842,-415.84678003550687
3,335.0,8.300000000000011,440.57889176097643,59.99832299933782,-0.0070350260346441545,-89.45984347480207,-418.36461655880044
3,335.09999999999997,8.399999999999977,443.19949162969306,59.99830368190695,-0.0070147445937105675,-88.33227800184487,-420.5126198356672
3,335.2,8.5,445.4991273911059,59.998288179008846,-0.006993492612377597,-87.15074748836898,-422.23646583304367
3,335.3,8.600000000000023,448.0628629684325,59.99827292054877,-0.006971110205705245,-85.9063675757904,-423.93313152531744
3,335.4,8.699999999999989,450.22646597757324,59.99825766208869,-0.006947501532887902,-84.59381006158516,-425.6297972190058
3,335.5,8.800000000000011,452.7458319703594,59.998242403628616,-0.006922576231630365,-83.20805100214416,-427.3264629112796
3,335.59999999999997,8.899999999999977,454.8341274057905,59.99823071501655,-0.006896232203629745,-81.74340954839037,-428.626179067681
3,335.7,9.0,456.8606164122567,59.998215701405734,-0.006868431037236268,-80.19775867022017,-430.29561872635117
3,335.8,9.100000000000023,459.3720649618405,59.99820758231267,-0.006839229813622394,-78.57425950136924,-431.1984219310956
3,335.9,9.199999999999989,461.40987724718076,59.99819638348138,-0.006808773342444763,-76.88097513663554,-432.44367687600425
3,336.0,9.300000000000011,463.9311228664316,59.998188509155334,-0.006777203307924391,-75.12577529419103,-433.31926319143065
3,336.09999999999997,9.399999999999977,465.9681568446358,59.99818087992529,-0.006744474742899493,-73.30616357519993,-434.16759603756753
3,336.2,9.5,468.4684541918208,59.99817325069526,-0.006710591780240699,-71.42237001873828,-435.0159288837044
3,336.3,9.600000000000023,470.53126486301693,59.99816919073749,-0.0066756416634039155,-69.47924135734388,-435.4673762138702
3,336.4,9.699999999999989,473.1039070133832,59.99816537612247,-0.006639762800666384,-67.48447641529305,-435.8915426362313
3,336.5,9.800000000000011,475.2060519904572,59.99816156150746,-0.006603050561600216,-65.44337774233061,-436.3157090585924
3,336.59999999999997,9.899999999999977,477.8811160375614,59.99816131591797,-0.006565600190881082,-63.36123726256455,-436.3430174020829
3,336.7,10.0,480.0382253053397,59.998157746974684,-0.006527515420476651,-61.243828913249864,-436.739866336668
3,336.8,10.100000000000023,482.7101747697839,59.99816107008174,-0.006488873105693663,-59.09541619560804,-436.3703531812593
3,336.9,10.199999999999989,484.92773839062534,59.99816131591797,-0.006449710747943102,-56.91809334066108,-436.3430174020829
3,337.0,10.300000000000011,487.5862416486813,59.99816488461451,-0.006410069804040962,-54.714159640439,-435.94619590459837
3,337.09999999999997,10.399999999999977,489.8770692787921,59.99816869922953,-0.0063699943589017585,-52.486068875633435,-435.5220294808226
3,337.2,10.5,492.6311828964642,59.99817251384455,-0.006329528647486287,-50.23628060741022,-435.0978630570469
3,337.3,10.600000000000023,495.0123444100296,59.99817989690937,-0.006288708628321678,-47.9667914500638,-434.2769025728871
3,337.4,10.699999999999989,498.02207981288024,59.99818395777185,-0.006247582757128972,-45.68030054279112,-433.8253546428487
3,337.5,10.800000000000011,500.513396702917,59.99819134067218,-0.006206238722001674,-43.38167840991918,-433.0044124486746
3,337.59999999999997,10.899999999999977,503.8001289524747,59.998202538105275,-0.006164870085870419,-41.08168667199114,-431.75931297783956
3,337.7,11.0,506.3758193733847,59.99821041382952,-0.006124003771423839,-38.80962538488373,-430.88357118833954
3,337.8,11.100000000000023,509.79915322692176,59.998221611098124,-0.006084316404501953,-36.60310908242848,-429.63849000749025
3,337.9,11.199999999999989,513.2311298367632,59.99823305494318,-0.006046276494494972,-34.48818750964874,-428.3659907375776
3,338.0,11.300000000000011,515.773026554601,59.998248066662306,-0.00601022694115828,-32.48392329967303,-426.69676142576753
3,338.09999999999997,11.399999999999977,519.051896940177,59.99826332512238,-0.005976308756360061,-30.59815810871702,-425.00009573349377
3,338.2,11.5,521.5509772425845,59.998278583582454,-0.00594445180085397,-28.826992435309844,-423.30343004122
3,338.3,11.600000000000023,524.7704121533384,59.99829384204253,-0.005914883209017618,-27.183054240437322,-421.60676434894623
3,338.4,11.699999999999989,527.9284149852232,59.99830910050261,-0.005887738835636512,-25.673896582915685,-419.91009865525785
3,338.5,11.800000000000011,530.3147671518723,59.99832792642552,-0.005863289567149258,-24.31457858473554,-417.81674864817285
3,338.59999999999997,11.899999999999977,533.1973612328384,59.99834699950061,-0.005841671167219157,-23.112649573829483,-415.69591653212336
3,338.7,12.0,535.5200202365997,59.998366072575706,-0.005822996292424714,-22.074372895884725,-413.5750844160738
3,338.8,12.100000000000023,538.1886492574749,59.9983851456508,-0.005807259557877735,-21.199449024954905,-411.45425230143894
3,338.9,12.199999999999989,540.4703031796398,59.998404218725895,-0.0057942898305803,-20.478363316462513,-409.33342018538946
3,339.0,12.300000000000011,543.0410268198012,59.99842329180098,-0.005784028711179388,-19.907868801951114,-407.2125880707546
3,339.09999999999997,12.399999999999977,545.324078306369,59.99844236487608,-0.005776446841930089,-19.48633314579931,-405.0917559561197
3,339.2,12.5,547.8281174780199,59.99846500483828,-0.005771647779091614,-19.21951260865826,-402.5743035423309
3,339.3,12.600000000000023,550.1184969864394,59.99848432572353,-0.005769665833229368,-19.10931663020387,-400.4259161559594
3,339.4,12.699999999999989,552.4984940682881,59.99850696552124,-0.005770459775533713,-19.15345093477975,-397.9084820335709
3,339.5,12.800000000000011,554.8146140566826,59.998526286570986,-0.005773958691807516,-19.347974680405624,-395.76007635721373
3,339.59999999999997,12.899999999999977,557.1738311582682,59.998548926204194,-0.005780028120925884,-19.685410152813517,-393.24266052622556
3,339.7,13.0,559.5691445968055,59.99857181389431,-0.005788296386759778,-20.145094017225446,-390.69766198781497
3,339.8,13.100000000000023,562.0491919659091,59.99859113519079,-0.0057981283393009645,-20.691714919695624,-388.54922887435725
3,339.9,13.199999999999989,564.6142359176939,59.998613774577265,-0.005808847250201974,-21.287646619531966,-386.031840479055
3,340.0,13.300000000000011,567.2488191149408,59.99863666226738,-0.0058203314828230825,-21.926127369996536,-383.48684194064435
3,340.09999999999997,13.399999999999977,569.9790405791904,59.998663116104375,-0.005832687954626319,-22.613100266620066,-380.5453054129667
3,340.2,13.5,572.78442565993,59.99868625234487,-0.005845808695685472,-23.342564777256623,-377.9726692957618
3,340.3,13.600000000000023,575.6394525633514,59.99870914003498,-0.005859561577398825,-24.10717391140363,-375.42767075735117
3,340.4,13.699999999999989,578.5792511204103,59.998735593625234,-0.005873923588101001,-24.905646829048745,-372.486161666774
3,340.5,13.800000000000011,581.569473872927,59.99876229593037,-0.005888819728534278,-25.73381493014886,-369.5169967045876
3,340.59999999999997,13.899999999999977,584.6357296991165,59.9987889982355,-0.005904185640595949,-26.58810016447075,-366.5478317438159
3,340.7,14.0,587.7605879369049,59.99881570054063,-0.0059199862903749215,-27.46655472764294,-363.57866678162947
3,340.8,14.100000000000023,590.9388723902481,59.99884240284576,-0.0059361133197415854,-28.363154229430194,-360.60950182085776
3,340.9,14.199999999999989,594.1805847803561,59.99886910515089,-0.0059524465860858605,-29.27121911065062,-357.64033685867133
3,341.0,14.300000000000011,597.4392648925827,59.99889937286268,-0.005968718383092086,-30.17586413930317,-354.2747162185195
3,341.09999999999997,14.399999999999977,600.7204582948146,59.99892632445842,-0.005984985413337525,-31.08024488194278,-351.2778313676519
3,341.2,14.5,604.0688208950569,59.99895659200572,-0.006001279892258188,-31.98614933937853,-347.91222901748574
3,341.3,14.600000000000023,607.473684674157,59.998983543765945,-0.006017560186556318,-32.891265999035255,-344.9153258766325
3,341.4,14.699999999999989,610.9222805131501,59.99901381114875,-0.006033648305691095,-33.785695938625,-341.549741816452
3,341.5,14.800000000000011,614.4360277882361,59.9990443280689,-0.006049259585589417,-34.65361429312192,-338.15641043190453
3,341.59999999999997,14.899999999999977,618.0037069635875,59.99907840990223,-0.006064200889575313,-35.48428157543336,-334.36667824076324
3,341.7,15.0,621.6133011300838,59.99910917660646,-0.0060784478447115375,-36.27634643062674,-330.94557209474823
3,341.8,15.100000000000023,625.2831382709523,59.99913969352661,-0.006092063564572967,-37.03331621043244,-327.5522407102007
3,341.9,15.199999999999989,629.0026369843062,59.9991737751132,-0.006105086472284941,-37.75732498573689,-323.7625359547453
3,342.0,15.300000000000011,632.7653724491275,59.99920810664837,-0.006117410599599143,-38.44248315808377,-319.9450381478367
3,342.09999999999997,15.399999999999977,636.5724355788461,59.999242438183536,-0.006128983096735466,-39.08585266907343,-316.1275403395134
3,342.2,15.5,640.4200522976577,59.999276769718705,-0.006139678523613188,-39.680459567438064,-312.3100425326048
3,342.3,15.600000000000023,644.3078934531388,59.99931110125387,-0.0061494339134409454,-40.22280320427882,-308.4925447242816
3,342.4,15.699999999999989,648.2375518284944,59.99934543278904,-0.006158201939566458,-40.710252472417565,-304.6750469173729
3,342.5,15.800000000000011,652.2091395480782,59.99937976432421,-0.006165879478511084,-41.137074172547955,-300.85754911046433
3,342.59999999999997,15.899999999999977,656.2154714050085,59.99941765995009,-0.006172517365395384,-41.50609240659833,-296.6437419497197
3,342.7,16.0,660.2640829112005,59.999452242091806,-0.006178157081362191,-41.819617757383384,-292.79837792717115
3,342.8,16.100000000000023,664.3490386480584,59.999490137553195,-0.006182789945138138,-42.07716349828768,-288.5845890578269
3,342.9,16.19999999999999,668.469197251189,59.999528283703384,-0.006186437783397558,-42.27994512382186,-284.3429248257279
3,343.0,16.30000000000001,672.6259931132253,59.999566429853566,-0.006189028232410544,-42.42393974225786,-280.10126059645813
3,343.09999999999997,16.399999999999977,676.858018293263,59.999604576003755,-0.006190427322425708,-42.501699256923956,-275.85959636577377
3,343.2,16.5,681.0943723425148,59.99964272215394,-0.006190496356598603,-42.505512780445954,-271.61793213508935
3,343.3,16.600000000000023,685.3658491836925,59.999680868304125,-0.0061891635667469785,-42.43139041287138,-267.376267904405
3,343.4,16.69999999999999,689.6797723459844,59.999719014454314,-0.006186451944777675,-42.280610547611786,-263.1346036737206
3,343.5,16.80000000000001,694.0349399404365,59.99976072395499,-0.0061824003949990155,-42.055333975685365,-258.4967123990872
3,343.59999999999997,16.899999999999977,698.3967510197125,59.99979912145195,-0.006176908000986736,-41.74995466870454,-254.22709964429058
3,343.7,17.0,702.7053062794444,59.99983726760214,-0.006170198426169217,-41.376905581663685,-249.98543541360618
3,343.8,17.100000000000023,706.9964587607892,59.99987541375233,-0.006162528489578584,-40.95046475508977,-245.7437711829218
3,343.9,17.19999999999999,711.1395679354683,59.99991355990251,-0.006153894286822493,-40.47041521328998,-241.50210695223743
3,344.0,17.30000000000001,715.20593514908,59.9999517060527,-0.006144146468305303,-39.92845383453986,-237.26044272155303
3,344.09999999999997,17.399999999999977,719.1796553394543,59.99998628934588,-0.006133098014771564,-39.31418535879677,-233.41495066203132
3,344.2,17.5,723.0639907140456,60.000020620881045,-0.006120603370870046,-38.6195156050655,-229.59745285370806
3,344.3,17.600000000000023,726.9129195340904,60.000054952416214,-0.0061066179057359,-37.84196326055032,-225.77995504679944
3,344.4,17.69999999999999,730.6909592909464,60.00008928395138,-0.00609101127189852,-36.97428169377721,-221.96245723847616
3,344.5,17.80000000000001,734.4153969487265,60.00012005295853,-0.006073497410328955,-36.0005693363966,-218.54109502134418
3,344.59999999999997,17.899999999999977,738.0852578346276,60.00015056987868,-0.006053969751669126,-34.914899637722186,-215.14776363679667
3,344.7,18.0,741.7146789981091,60.00018464916235,-0.006032278638037751,-33.70895047164887,-211.3583149538729
3,344.8,18.100000000000023,745.2671694535649,60.00021541841624,-0.006008503055251584,-32.38711684720598,-207.9369252996404
3,344.9,18.19999999999999,748.7632135421782,60.00024237313736,-0.005982589308009101,-30.946413742062543,-204.93969292065415
3,345.0,18.30000000000001,752.2420663771727,60.00027263755928,-0.005954482270612041,-29.383773143724493,-201.57443809860666
3,345.1,18.400000000000034,755.674363656813,60.00029959244489,-0.005924266171369257,-27.703880943459485,-198.57718742963473
3,345.2,18.5,759.2145608177522,60.00032629475002,-0.005892048112035476,-25.912690212416003,-195.608022468863
3,345.3,18.600000000000023,762.9032921800851,60.000352997055145,-0.005857781765542392,-24.007625397072566,-192.63885750809126
3,345.4,18.69999999999999,766.3175168211241,60.00037613757248,-0.005821502034428869,-21.990628242274003,-190.06574582579458
3,345.5,18.80000000000001,770.0847574005652,60.00040258696814,-0.00578335948927461,-19.87006751598667,-187.12470315319442
3,345.6,18.900000000000034,773.8497209295417,60.00042216602667,-0.005743433316815226,-17.65034879657302,-184.9476081694014
3,345.7,19.0,777.5718962557784,60.00044480064282,-0.005701735351078133,-15.332127097877036,-182.4307502105627
3,345.8,19.100000000000023,780.911553398563,60.00046412687412,-0.0056583030398009125,-12.917486006487083,-180.28176837065573
3,345.9,19.19999999999999,784.5278833257296,60.000483199949215,-0.005613232042879986,-10.41174301249532,-178.1609362546062
3,346.0,19.30000000000001,788.0843229627957,60.00050227302431,-0.005566638090332557,-7.821332188633884,-176.04010413997136
3,346.1,19.400000000000034,791.3257394558998,60.000517784887336,-0.005518675006634746,-5.154805811128157,-174.315261285325
3,346.2,19.5,794.7305021488546,60.00053304334741,-0.005469494027360029,-2.4205713753649643,-172.61859559305123
3,346.3,19.600000000000023,798.037353555103,60.000548301807484,-0.005419258188556062,0.372307059410871,-170.92192990077749
3,346.4,19.69999999999999,801.1741415399532,60.00055999930223,-0.00536808835826694,3.2171099289236067,-169.62122603422102
3,346.5,19.80000000000001,804.3265559920932,60.00057144314729,-0.005316127117830279,6.105910506071315,-168.34872676572303
3,346.6,19.900000000000034,807.418521695801,60.00058288699234,-0.005263518378240066,9.030707992032074,-167.07622749581037
3,346.7,20.0,810.4789221422229,60.00059077011881,-0.005210405584868971,11.98352812628988,-166.19966261592916
3,346.8,20.100000000000023,813.4726707873199,60.00059839934885,-0.005156942149020404,14.955841682526318,-165.35132976979227
3,346.9,20.19999999999999,816.491312988238,60.000602468024795,-0.005103264374454917,17.940071739382514,-164.89891302087182
3,347.0,20.30000000000001,819.3794973584002,60.000606282639815,-0.005049427322675414,20.933156570534415,-164.4747465985107
3,347.1,20.400000000000034,822.3796145136337,60.000610097254835,-0.004995243483846115,23.945520777879583,-164.05058017473493
3,347.2,20.5,825.2158530033716,60.0006103515625,-0.004940499753727876,26.989013398622006,-164.02230241390436
3,347.3,20.600000000000023,828.0525265730655,60.0006103515625,-0.0048851327784504035,30.067155597231615,-164.02230241390436
3,347.4,20.69999999999999,831.1193850761886,60.0006103515625,-0.0048291633870217576,33.1787892872358,-164.02230241390436
3,347.5,20.80000000000001,834.1044308746776,60.00060679150189,-0.004772642425716793,36.321089610572415,-164.41816363974903
3,347.6,20.900000000000034,837.2677447981803,60.000602976886874,-0.004715589049146792,39.4929902001523,-164.84233006211016
3,347.7,21.0,840.4666966771221,60.000599162271854,-0.004658010894323529,42.69406635159124,-165.26649648447128
3,347.8,21.100000000000023,843.7782594642093,60.000595347656834,-0.004599894521977748,45.92506522997129,-165.69066290824702
3,347.9,21.19999999999999,847.1137725237217,60.000587973310196,-0.004541209823097794,49.187663406418686,-166.51065397365213
3,348.0,21.30000000000001,850.5199158947889,60.000580344080156,-0.004481881278589126,52.48605730311629,-167.35898682120364
3,348.1,21.400000000000034,853.9637842127977,60.00057271485012,-0.004421803256701305,55.826119385030296,-168.20731966592587
3,348.2,21.5,857.4563007507302,60.00056508562008,-0.00436089209454338,59.212500931161664,-169.0556525134774
3,348.3,21.600000000000023,861.0024802123506,60.00055745639005,-0.0042990884348941645,62.64850194118934,-169.90398535819963
3,348.4,21.69999999999999,864.5969744619965,60.00054982716001,-0.004236367126040378,66.1355207499674,-170.7523182043365
3,348.5,21.80000000000001,868.2426252684438,60.00054219792997,-0.004172718386374002,69.67410118689078,-171.60065105188804
3,348.6,21.900000000000034,871.9452462168296,60.00053456869993,-0.004108157264602944,73.2634066317896,-172.44898389661026
3,348.7,22.0,875.694759825285,60.00052338039625,-0.00404267445601532,76.90395853817311,-173.69306822301903
3,348.8,22.100000000000023,879.4945709241007,60.000515495542594,-0.0039762822456114455,80.59506617026156,-174.56982515835995
3,348.9,22.19999999999999,883.3456043536102,60.00050786631255,-0.003908983958616126,84.33654801154103,-175.41815800449683
3,349.0,22.30000000000001,887.2464815728131,60.00050023708252,-0.0038407954060276283,88.12752535833764,-176.2664908506337
3,349.1,22.400000000000034,891.1937408443972,60.00049260785248,-0.003771750292833959,91.96612438637344,-177.11482369677057
3,349.2,22.5,895.1864574412061,60.00048141996003,-0.0037018620382244737,95.85160422323598,-178.35886229467846
3,349.3,22.600000000000023,899.2197425671062,60.00047353469514,-0.0036311611948646513,99.78225658341947,-179.2356649571056
3,349.4,22.69999999999999,903.2844799876782,60.000465905465106,-0.0035599090148006243,103.74356126165303,-180.08399780324248
3,349.5,22.80000000000001,907.3680825563999,60.000458276235065,-0.0034883613109895507,107.72129661519078,-180.93233064937937
3,349.6,22.900000000000034,911.4871682535746,60.00045064700503,-0.0034160934026266896,111.73907295270314,-181.78066349551625
3,349.7,23.0,915.6566592149242,60.00044301777499,-0.0033430511143368205,115.79990219052691,-182.6289963416531
3,349.8,23.100000000000023,919.867121243147,60.00043538854496,-0.003269232834974719,119.90387391585472,-183.47732918779
3,349.9,23.19999999999999,924.1162666114672,60.000424201228235,-0.0031946494229591945,124.05039113699432,-184.72130376862597
3,350.0,23.30000000000001,928.4070586510089,60.00041631538761,-0.003119309695945745,128.23895102631806,-185.59817044812502
3,350.1,23.400000000000034,932.7358479829115,60.00040868615758,-0.003043217707785945,132.46933369307453,-186.4465032942619
3,350.2,23.5,937.1054293885696,60.00040105692754,-0.0029663899955748247,136.74062024565805,-187.2948361403988
3,350.3,23.600000000000023,941.5073721838739,60.0003934276975,-0.0028888292543970203,141.05266086375755,-188.14316898653567
3,350.4,23.69999999999999,945.9481672427327,60.000382240792014,-0.002810540588254021,145.4051796215871,-189.38709784028543
3,350.5,23.80000000000001,950.432312784182,60.00037435454016,-0.0027315378202962147,149.79739320789471,-190.2640102468707
3,350.6,23.900000000000034,954.9537215209108,60.00036672531012,-0.0026518280025597885,154.22891601373192,-191.11234309442222
3,350.7,24.0,959.5079485496667,60.00035909608009,-0.00257158050004384,158.69033268820172,-191.96067593914447
3,350.8,24.100000000000023,964.0556035616205,60.00035146685005,-0.0024916302012185794,163.13522720618283,-192.80900878669598
3,350.9,24.19999999999999,968.549977153498,60.000343837620015,-0.0024128965886574946,167.51248046978833,-193.6573416314182
3,351.0,24.30000000000001,972.9550557564529,60.00033265120801,-0.0023358954090578216,171.79342849473215,-194.90121561238158
3,351.1,24.400000000000034,977.2462102920005,60.000324764462675,-0.002260815358918146,175.9675630042781,-195.7781828931679
3,351.2,24.5,981.4154560836487,60.000317135232635,-0.0021876757526048817,180.03381782217173,-196.62651573930478
3,351.3,24.600000000000023,985.4965920640666,60.0003095060026,-0.002116360807084851,183.9986305986068,-197.474848584027
3,351.4,24.69999999999999,989.4937497926034,60.00030187677256,-0.00204673596401679,187.86948214131226,-198.32318143157852
3,351.5,24.80000000000001,993.4182028657051,60.00029069077179,-0.001978673338540281,191.65349254958886,-199.56700968404104
3,351.6,24.900000000000034,997.2738895109883,60.00027924692674,-0.0019120866092252281,195.35545173604643,-200.839508952539
3,351.7,25.0,1001.1042280575684,60.000267803081684,-0.001846942356036537,198.9772169315332,-202.11200822245166
3,351.8,25.100000000000023,1004.8437240783842,60.00025280271264,-0.00178326895414281,202.51722144789764,-203.7799754615894
3,351.9,25.19999999999999,1008.5319541381227,60.00023754425256,-0.001721112673008435,205.9728831528025,-205.47664115386317
3,352.0,25.30000000000001,1012.1994644421326,60.00022228579249,-0.0016604917962919229,209.34318472065132,-207.1733068461369
3,352.1,25.400000000000034,1015.8943840147446,60.000207027332415,-0.0016014374816741652,212.6263938619919,-208.86997253841068
3,352.2,25.5,1019.6017993620966,60.00018821267734,-0.0015439375867918768,215.82319718028634,-210.9620696185235
3,352.3,25.600000000000023,1023.3872954789957,60.00016913960224,-0.0014879207474589025,218.93755174188112,-213.082901734573
3,352.4,25.69999999999999,1027.1130384042694,60.00015006652715,-0.0014332508679417962,221.97702297722864,-215.2037338506225
3,352.5,25.80000000000001,1030.965682940302,60.00013099345205,-0.0013798810958712817,224.944215610773,-217.3245659652574
3,352.6,25.900000000000034,1034.8334799522863,60.00010836451095,-0.0013279496794432778,227.83145582144007,-219.84079288775993
3,352.7,26.0,1038.744807228235,60.000085476820836,-0.001277743474765495,230.62278452749374,-222.38579142617056
3,352.8,26.100000000000023,1042.7374421518152,60.00006258913073,-0.0012293814636280772,233.31158586951682,-224.93078996316652
3,352.9,26.19999999999999,1046.5291448825758,60.00003614582134,-0.0011829471236805215,235.89323141640128,-227.8711558723443
3,353.0,26.30000000000001,1050.575448780592,60.00000944351621,-0.0011385455099655686,238.36186896086895,-230.84032083311604
3,353.1,26.400000000000034,1054.6517546378984,59.99998274121108,-0.0010960365221265463,240.7252864443928,-233.80948579530244
3,353.2,26.5,1058.7097014870917,59.99995603890595,-0.0010554916672576753,242.9795082436991,-236.77865075607417
3,353.3,26.600000000000023,1062.7470276388178,59.99992933660082,-0.001017176686582185,245.10976011818096,-239.74781571826057
3,353.4,26.69999999999999,1066.597170411155,59.99989907908765,-0.0009811467578954732,247.11298753984693,-243.11230232271325
3,353.5,26.80000000000001,1070.6451311713288,59.9998685621675,-0.0009473285245338197,248.9932565827794,-246.50563370726076
3,353.6,26.900000000000034,1074.740373313182,59.99983804524735,-0.0009156324687270733,250.75554293883934,-249.89896509180826
3,353.7,27.0,1078.8100703188811,59.99980397336591,-0.0008860239286257669,252.4017870660591,-253.6875906829362
3,353.8,27.100000000000023,1082.8091366932526,59.99977319670979,-0.0008584693056074181,253.93383070552775,-257.10980342896454
3,353.9,27.19999999999999,1086.7345978432616,59.999739124992836,-0.0008327426041759877,255.36426335317915,-260.8984107286921
3,354.0,27.30000000000001,1090.7284148494182,59.99970479345767,-0.0008088340972202651,256.6936140776231,-264.7159085370154
3,354.1,27.400000000000034,1094.7403360033175,59.9996704619225,-0.0007867392241478953,257.92213527520175,-268.533406343924
3,354.2,27.5,1098.7811703533382,59.99963613038733,-0.0007664698197217481,259.04916882235796,-272.35090415224727
3,354.3,27.600000000000023,1102.8670467773886,59.99960179885216,-0.0007479469940790664,260.0791005315444,-276.1684019591559
3,354.4,27.69999999999999,1107.0087317185855,59.99956391293143,-0.0007311351345302344,261.01392420337504,-280.38112995557304
3,354.5,27.80000000000001,1111.1902133345116,59.99952576678124,-0.0007158604100384326,261.8632911293311,-284.6227941862574
3,354.6,27.900000000000034,1115.4101537707484,59.99948762063106,-0.0007019219014752563,262.6383704822644,-288.8644584155271
3,354.7,28.0,1119.670250683958,59.99944947448087,-0.0006892212122480546,263.3446326152589,-293.10612264762614
3,354.8,28.100000000000023,1123.9729036594501,59.99941132833068,-0.0006776116867614745,263.99023091515255,-297.34778687831056
3,354.9,28.19999999999999,1128.3207813999106,59.9993731821805,-0.0006670065133224178,264.5799916871871,-301.58945110758026
3,355.0,28.30000000000001,1132.716455553974,59.99933503603031,-0.0006573858743087344,265.11501662216006,-305.8311153382647
3,355.1,28.400000000000034,1137.1593052187652,59.99929333607029,-0.0006485974348615812,265.60378915937537,-310.4679457385563
3,355.2,28.5,1141.6347159241361,59.99925492903267,-0.0006405546676972781,266.051092363311,-314.7386193676947
3,355.3,28.600000000000023,1146.147532677925,59.99921322923714,-0.0006332479704079066,266.4574864792758,-319.3754314780007
3,355.4,28.69999999999999,1150.7019421594355,59.99917482203503,-0.000626642395889948,266.82488786693625,-323.64612339853943
3,355.5,28.80000000000001,1155.2967417046207,59.999133122404,-0.0006206623085872195,267.157528068108,-328.282917217445
3,355.6,28.900000000000034,1159.93011708454,59.99909116163879,-0.0006151641849762944,267.46337422504115,-332.94874787049054
3,355.7,29.0,1164.5988728894645,59.999049200873586,-0.0006100759538728021,267.7464321453989,-337.6145785249507
3,355.8,29.100000000000023,1169.3002819516018,59.999007240108384,-0.0006054142626978797,268.00577624544167,-342.28040917799615
3,355.9,29.19999999999999,1174.0350699235657,59.998965279343174,-0.0006011920559349911,268.2406868100383,-346.9462398310417
3,356.0,29.30000000000001,1178.8031900206468,59.998919765508354,-0.0005974161348482994,268.45080008224824,-352.0071543466368
3,356.1,29.400000000000034,1183.5974710534842,59.9988775431155,-0.0005941027688661972,268.63518372542416,-356.70207670802324
3,356.2,29.5,1188.4143160365215,59.998835582350296,-0.0005912715557517318,268.79276040040577,-361.3679073610687
3,356.3,29.600000000000023,1193.2629352210245,59.99879006876221,-0.0005888989154096601,268.9248565374317,-366.4287944395634
3,356.4,29.69999999999999,1198.1401583266754,59.99874784612262,-0.0005869668019415407,269.0324475700118,-371.1237442366357
3,356.5,29.80000000000001,1203.046382634038,59.99870233269903,-0.0005854845375500566,269.11504192267404,-376.1846130237299
3,356.6,29.900000000000034,1207.9873425447997,59.99865655731881,-0.0005844866690272563,269.1707065378764,-381.27461010055123
3,356.7,30.0,1212.964139268411,59.998614334432474,-0.0005840540695595738,269.19492953668777,-385.969587334724
3,356.8,30.100000000000023,1217.9737538326835,59.998568821255624,-0.0005843616961928536,269.17801161198213,-391.03042868613244
3,356.9,30.19999999999999,1223.0182332557633,59.9985230458754,-0.0005856636201575217,269.1058147531132,-396.1204257629537
3,357.0,30.30000000000001,1228.093880502931,59.99847727049518,-0.0005881372470940813,268.96847454512255,-401.21042283977494
3,357.1,30.400000000000034,1233.2034792778886,59.99843149511496,-0.000591854360685151,268.7619998878015,-406.3004199151816
3,357.2,30.5,1238.3472562664774,59.998385719734735,-0.0005969547855111194,268.47861679029234,-411.3904169920028
3,357.3,30.600000000000023,1243.5262344448201,59.998339944354505,-0.0006035493357985528,268.11216413416287,-416.48041407023874
3,357.4,30.69999999999999,1248.7353746600836,59.99829061705613,-0.0006116786317274063,267.66039774791244,-421.96536696980723
3,357.5,30.80000000000001,1253.9737304534856,59.998244578896795,-0.0006213046407463769,267.1254042522166,-427.08458379052786
3,357.6,30.900000000000034,1259.2387593589424,59.99819880351657,-0.0006324186780304844,266.50767859703797,-432.1745808673491
3,357.7,31.0,1264.5303900334534,59.99815302813635,-0.0006450185883476285,265.8073414989549,-437.2645779441704
3,357.8,31.100000000000023,1269.8493127937008,59.998103701166954,-0.0006591040807686857,265.0244231885518,-442.7494942637675
3,357.9,31.19999999999999,1275.1925096228674,59.99805766267863,-0.0006746554716717482,264.1599904027099,-447.86874766728886
3,358.0,31.30000000000001,1280.5572530636628,59.998008335873735,-0.0006916426374295875,263.2157440631282,-453.35364569548557
3,358.1,31.400000000000034,1285.9441533886811,59.99796229722092,-0.0007101180769585988,262.1887389791827,-458.472917387578
3,358.2,31.5,1291.3556559994013,59.997912970580515,-0.0007301034494296766,261.07779688546015,-463.95779712578906
3,358.3,31.600000000000023,1296.7896650611276,59.997866931763205,-0.0007515337901360447,259.88650347840587,-469.0770871106964
3,358.4,31.69999999999999,1302.2482847280048,59.997817605287295,-0.0007742049446921429,258.6262349694864,-474.56194855750715
3,358.5,31.80000000000001,1307.7286155241566,59.997771566305495,-0.0007979915426666448,257.30393574816077,-479.68125683240027
3,358.6,31.900000000000034,1313.232702364843,59.997722239994076,-0.0008228486412143471,255.92213003381028,-485.1660999878106
3,358.7,32.0,1318.760713955073,59.997676200847785,-0.0008486194206288782,254.48951102011372,-490.28542655410405
3,358.8,32.10000000000002,1324.3126502948444,59.997626874700856,-0.0008750707318908356,253.01906652361092,-495.77025141952873
3,358.9,32.19999999999999,1329.889420359379,59.99757728470561,-0.0009021060289433335,251.51615249841623,-501.2844149187111
3,359.0,32.30000000000001,1335.4901827396889,59.99753124531258,-0.0009297681756287934,249.97837130290176,-506.40376892069037
3,359.1,32.400000000000034,1341.1157788026462,59.997481919412394,-0.0009580668682922853,248.4052096862134,-511.8885663504292
3,359.2,32.5,1346.765367223482,59.99743232941715,-0.0009870002285862576,246.79676049249625,-517.4027298496115
3,359.3,32.60000000000002,1352.4420615123624,59.99738273942191,-0.0010165724171605996,245.15279132079195,-522.9168933502086
3,359.4,32.69999999999999,1358.1350783240753,59.997336699699886,-0.0010467724343674754,243.47390058473948,-528.0362839335739
3,359.5,32.80000000000001,1363.847460004753,59.997287374128696,-0.001077547757739363,241.7630336097217,-533.521044780512
3,359.6,32.900000000000034,1369.5818798313335,59.99723778413345,-0.001108842969100234,240.0232602537452,-539.0352082796944
3,359.7,33.0,1375.3385154967727,59.99718819413821,-0.0011405372220620554,238.26129831438965,-544.5493717788768
3,359.8,33.10000000000002,1381.1182757868007,59.99713860414297,-0.0011723757683904333,236.49131128306607,-550.0635352794737
3,359.9,33.19999999999999,1386.920319671409,59.997089014147726,-0.0012040606627009142,234.72986437890106,-555.5776987786562
3,360.0,33.30000000000001,1392.7542347957676,59.99703942415248,-0.0012354749686553494,232.9834590798547,-561.0918622792532
3,360.1,33.400000000000034,1398.6007493918603,59.99698983415724,-0.00126663275195092,231.25131339066286,-566.6060257784355
3,360.2,33.5,1404.4655279317167,59.996936694546754,-0.0012975246557937008,229.5339598805924,-572.5148890306629
3,360.3,33.60000000000002,1410.327636913512,59.99688683946949,-0.0013280065521067688,227.83938806575955,-578.0585283462763
3,360.4,33.69999999999999,1416.1225489557157,59.99683724947425,-0.001357689702553371,226.18922181915585,-583.5726918468732
3,360.5,33.80000000000001,1421.8049031186881,59.996787659479004,-0.0013863630332111559,224.59519755105126,-589.0868553460556
3,360.6,33.900000000000034,1427.360531118849,59.99674161877002,-0.0014140545860088132,223.05574433162678,-594.2063556764084
3,360.7,34.0,1432.7608889582261,59.996695843389794,-0.0014408339816485457,221.56700270938734,-599.2963527532297
3,360.8,34.10000000000002,1437.9995892177794,59.99665006800957,-0.0014666303743853882,220.13291261473455,-604.3863498286363
3,360.9,34.19999999999999,1443.095729501936,59.99660429262934,-0.001491290037268528,218.76202117069184,-609.4763469068722
3,361.0,34.30000000000001,1448.0729080831534,59.99656206620639,-0.0015147495829797868,217.45784109498211,-614.1717173948352
3,361.1,34.400000000000034,1452.922447828515,59.996520105441185,-0.001536778635217991,216.23319208095612,-618.8375480478808
3,361.2,34.5,1457.6357394082104,59.996478144675976,-0.0015570480112462389,215.1063773061135,-623.5033787023409
3,361.3,34.60000000000002,1462.2119689508452,59.996436183910774,-0.0015754046979140198,214.0859043014738,-628.1692093553863
3,361.4,34.69999999999999,1466.6480534289635,59.99639777177385,-0.0015916656036959848,213.18194150752296,-632.4404500023744
3,361.5,34.80000000000001,1470.946942598335,59.99635962562366,-0.0016056669929607663,212.40360332305286,-636.6821142330588
3,361.6,34.900000000000034,1475.1112593507319,59.99632147947347,-0.001617311367212412,211.75631163310692,-640.9237784651577
3,361.7,35.0,1479.1412960327284,59.996286881704826,-0.0016264770446616987,211.2468207097245,-644.7708801254705
3,361.8,35.10000000000002,1483.0559097269968,59.99625255016966,-0.001633138382367304,210.87656703246867,-648.5883779323791
3,361.9,35.19999999999999,1486.8854681168677,59.99621821863449,-0.0016372728812692622,210.64680259466093,-652.4058757407024
3,362.0,35.30000000000001,1490.6279433470781,59.99618388709932,-0.0016387749991529732,210.5633956560112,-656.223373547611
3,362.1,35.400000000000034,1494.3476229432624,59.99614955556415,-0.0016375121951678056,210.63371558620472,-660.0408713559343
3,362.2,35.5,1498.1432524633994,59.99611522402899,-0.0016334670884843735,210.85872898218918,-663.8583691628429
3,362.3,35.60000000000002,1501.7791539073744,59.99608089249382,-0.0016265662094284658,211.24252093114785,-667.6758669697515
3,362.4,35.69999999999999,1505.6883654093215,59.996050108764464,-0.0016167238531661554,211.78984543591437,-671.0988662261897
3,362.5,35.80000000000001,1509.611801054357,59.99601604412075,-0.0016038766060570803,212.50425031297817,-674.8866870169221
3,362.6,35.900000000000034,1513.466348343388,59.995985260226895,-0.001587933215511608,213.3907883314436,-678.309704563346
3,362.7,36.0,1517.0554469567865,59.99595474330675,-0.0015687679437253752,214.45646028791404,-681.7030359478936
3,362.8,36.10000000000002,1520.871740940315,59.9959242263866,-0.001546556079623629,215.69152136151132,-685.096367332441
3,362.9,36.19999999999999,1524.7693938883256,59.99589725686103,-0.001521547171766463,217.0820854375333,-688.0952458921897
3,363.0,36.30000000000001,1528.7076459915772,59.99586700724357,-0.0014938364788049834,218.6228787328497,-691.4588545320601
3,363.1,36.400000000000034,1532.634298627954,59.9958400375535,-0.0014634755223741263,220.311015272424,-694.4577513832091
3,363.2,36.5,1536.126837360728,59.995813335248364,-0.0014306510127710796,222.13612413739656,-697.4269163453955
3,363.3,36.60000000000002,1539.9696932768181,59.995790180008825,-0.0013954064246866882,224.09577719940128,-700.0016650641691
3,363.4,36.69999999999999,1543.781619642939,59.995763745335374,-0.0013577497316355689,226.18955430017573,-702.9410706988776
3,363.5,36.80000000000001,1547.49834550129,59.99574058993134,-0.0013177735892527776,228.4122816740188,-705.5158377090517
3,363.6,36.900000000000034,1550.9081372010826,59.99571770224122,-0.001275434083272396,230.76641123590588,-708.0608362474622
3,363.7,37.0,1554.5515442019546,59.99569836128771,-0.0012307887446424517,233.2487328472818,-710.2114551252607
3,363.8,37.10000000000002,1558.216690377661,59.995679288212614,-0.0011838560612837054,235.85822999238238,-712.3322872413103
3,363.9,37.19999999999999,1561.6503829056253,59.99566021513753,-0.0011347706388607393,238.58741971667962,-714.4531193559451
3,364.0,37.30000000000001,1565.286281154473,59.99564114206243,-0.0010836685484689227,241.42873664554233,-716.57395147058
3,364.1,37.400000000000034,1568.9022481092613,59.99562561539495,-0.0010306317160313373,244.37761273931744,-718.3004405074034
3,364.2,37.5,1572.4795910128419,59.995610356934876,-0.0009757310378313306,247.43011806310332,-719.9971061996772
3,364.3,37.60000000000002,1575.98170739218,59.9955950984748,-0.0009190092855775159,250.58387558213784,-721.693771891951
3,364.4,37.69999999999999,1579.5381385597752,59.995583386175596,-0.0008604978909625933,253.83712417492634,-722.9961219420992
3,364.5,37.80000000000001,1583.0943310084704,59.995571942330535,-0.0008003338554557408,257.18225889807127,-724.2686212120118
3,364.6,37.900000000000034,1586.704175161047,59.99556049848548,-0.0007386341954233614,260.61277476238234,-725.5411204805098
3,364.7,38.0,1590.318905197555,59.99554905464043,-0.0006754371907563471,264.12654346829817,-726.8136197490078
3,364.8,38.10000000000002,1593.9512827491951,59.995541156627255,-0.0006108147077419989,267.7195549788707,-727.6918399581809
3,364.9,38.19999999999999,1597.5857877131111,59.995533527397214,-0.0005448734096517827,271.38589175796557,-728.5401728043178
3,365.0,38.30000000000001,1601.3571872987134,59.99552589816718,-0.000477716229942565,275.11983185033444,-729.3885056504547
3,365.1,38.400000000000034,1605.042639654165,59.995521814522284,-0.0004094815057589159,278.91366884916386,-729.842586871538
3,365.2,38.5,1608.7239597764947,59.995517999907264,-0.00034027945719651933,282.7612879708708,-730.2667532953137
3,365.3,38.60000000000002,1612.4072228251973,59.995514185292244,-0.000270228054607576,286.65613124409265,-730.6909197176748
3,365.4,38.69999999999999,1616.3028815878824,59.995513916015625,-0.00019953832439561955,290.5864501305847,-730.7208619534974
3,365.5,38.80000000000001,1620.0636629302126,59.995513916015625,-0.00012843272072851815,294.53989023049314,-730.7208619534974
3,365.6,38.900000000000034,1623.9139382925825,59.995513916015625,-5.695980352103737e-05,298.5137528007117,-730.7208619534974
3,365.7,39.0,1627.8307642201105,59.99551746110728,1.4672807256842045e-05,302.4964780545799,-730.3266652026448
3,365.8,39.10000000000002,1631.7830355938202,59.995521275722304,8.628326611068886e-05,306.47796999612024,-729.902498778869
3,365.9,39.19999999999999,1635.7933601377247,59.995525090337324,0.00015784213241710188,310.45659295622823,-729.4783323550934
3,366.0,39.30000000000001,1639.7872768403827,59.99553244979726,0.00022923830368145064,314.4261528410181,-728.6599966175655
3,366.1,39.400000000000034,1643.7812104556522,59.99554007902729,0.00030034536226111914,318.37963601350776,-727.8116637714286
3,366.2,39.5,1647.778440998433,59.995547708257334,0.00037120746415936825,322.3194987980948,-726.9633309252918
3,366.3,39.60000000000002,1651.8562198189115,59.99555533748737,0.00044230166646372566,326.2722653458557,-726.1149980791548
3,366.4,39.69999999999999,1655.9361462831075,59.995566511233335,0.0005139965055043967,330.25840840114995,-724.8725325006519
3,366.5,39.80000000000001,1660.0754301440852,59.99557441064471,0.000586390081547921,334.2834160841878,-723.9941568188198
3,366.6,39.900000000000034,1664.2741566123389,59.995585584226184,0.0006594309910336357,338.3443974782683,-722.7517095303026
3,366.7,40.0,1668.5240234011796,59.99559702807124,0.0007331201387036181,342.44141781293916,-721.4792102618046
3,366.8,40.10000000000002,1672.8084337486944,59.99560492772935,0.0008075485626571834,346.5795586713268,-720.600807142872
3,366.9,40.19999999999999,1677.1175485918827,59.99561610106409,0.0008826781831290834,350.7566673441939,-719.3583872914553
3,367.0,40.30000000000001,1681.4609170343174,59.99562400088669,0.0009584965900869339,354.97208832731707,-718.4799658825369
3,367.1,40.400000000000034,1685.8337612474913,59.99563517405693,0.0010349929320067708,359.22518334803465,-717.2375643225206
3,367.2,40.5,1690.242120939163,59.99564307404403,0.0011121474523342516,363.51488927099,-716.3591246222019
3,367.3,40.60000000000002,1694.6880774317137,59.99565424704978,0.001189945453316824,367.8403531382554,-715.1167413521712
3,367.4,40.69999999999999,1699.17322620079,59.99566214720137,0.0012683775955948683,372.20109185092656,-714.2382833618668
3,367.5,40.80000000000001,1703.695298608815,59.99567332004263,0.0013474476765754904,376.59727991989354,-712.9959183818219
3,367.6,40.900000000000034,1708.2510509874649,59.99568122035871,0.0014271503038253133,381.02865455249514,-712.1174421001172
3,367.7,41.0,1712.8394554573936,59.99569239303547,0.001507475414784644,385.4946187875835,-710.8750954128872
3,367.8,41.10000000000002,1717.4611316213027,59.99570029351605,0.0015884153525325346,389.99478480171456,-709.9966008397821
3,367.9,41.19999999999999,1722.1129567626256,59.99571146602832,0.0016699450413902837,394.52772003437263,-708.7542724425379
3,368.0,41.30000000000001,1726.7963885768754,59.99571936667339,0.0017520580608175525,399.0931062913041,-707.875759579447
3,368.1,41.400000000000034,1731.5075890119217,59.99572699590343,0.0018347469266299405,403.6905098148915,-707.0274267333102
3,368.2,41.5,1736.2492018884489,59.995738168168955,0.0019180074159088868,408.31967231821704,-705.7851257717518
3,368.3,41.60000000000002,1741.0217932157095,59.99574606906077,0.0020018312458953548,412.9801750604086,-704.9065854715604
3,368.4,41.69999999999999,1745.8242553466132,59.99575369829081,0.002086208613094329,417.6714547168693,-704.0582526254236
3,368.5,41.80000000000001,1750.6551409185304,59.99576487030959,0.00217113610988375,422.3932975209701,-702.8159791009657
3,368.6,41.900000000000034,1755.5127584492293,59.99577277144815,0.002256584121707462,427.1441001381373,-701.9374113650886
3,368.7,42.0,1760.384176031259,59.995780400678186,0.0023423542764606097,431.9128143277594,-701.0890785189517
3,368.8,42.10000000000002,1765.281106913939,59.995788029908226,0.002428677579500196,436.7122820901411,-700.2407456728148
3,368.9,42.19999999999999,1770.2053194231655,59.99579920159802,0.0025155603823171584,441.54283291214927,-698.998508729743
3,369.0,42.30000000000001,1775.1561943668253,59.995807103065566,0.0026030032352295815,446.4045425653555,-698.1199044124797
3,369.1,42.400000000000034,1780.135153085927,59.9958147322956,0.0026910319828553912,451.2988282528448,-697.2715715663429
3,369.2,42.5,1785.1408352706596,59.99582236152564,0.0027796713034556955,456.2270602405355,-696.4232387202061
3,369.3,42.60000000000002,1790.1722208505337,59.995829990755674,0.0028689248879944277,461.1894437316649,-695.5749058740691
3,369.4,42.69999999999999,1795.230033509499,59.99583407793719,0.002958774726189644,466.18500231319854,-695.120431397781
3,369.5,42.80000000000001,1800.3128608260636,59.99584143451848,0.0030491973702120394,471.2123845870624,-694.3024157498567
3,369.6,42.900000000000034,1805.420476072273,59.99584906374852,0.0031401764229731476,476.2706997033366,-693.4540829037198
3,369.7,43.0,1810.5536638869628,59.99585315117678,0.0032316923780479935,481.358890797597,-692.9995809903312
3,369.8,43.10000000000002,1815.7118053517306,59.99586050751133,0.0033237209065545533,486.47555593575686,-692.181592780922
3,369.9,43.19999999999999,1820.8947347540359,59.99586459510408,0.003416232358259983,491.6190943970497,-691.727072576133
3,370.0,43.30000000000001,1826.1025566909902,59.99587195127414,0.003509201887778844,496.78807646738187,-690.9091026567096
3,370.1,43.400000000000034,1831.3351665707457,59.99587603903139,0.0036026033202399763,501.98109566601374,-690.4545641619349
3,370.2,43.5,1836.5925556553855,59.99588339503695,0.0036964146704689584,507.19688028903187,-689.6366125324971
3,370.3,43.60000000000002,1841.8740440137199,59.995887482958686,0.0037906244453989124,512.4348411748872,-689.1820557477366
3,370.4,43.69999999999999,1847.1730066710934,59.99589483879976,0.0038852152351950284,517.6939599802733,-688.3641224096992
3,370.5,43.80000000000001,1852.4875765710176,59.9959024680298,0.003979997502450752,522.9637214548459,-687.5157895621477
3,370.6,43.900000000000034,1857.773909539774,59.99590655619828,0.004074172164204439,528.1997275890753,-687.0612053402868
3,370.7,44.0,1862.9736716620273,59.995913911792606,0.004166696130096433,533.3439293278144,-686.2432994393499
3,370.8,44.10000000000002,1868.0589358684933,59.99592154102264,0.0042570141459932435,538.3654786076568,-685.394966593213
3,370.9,44.19999999999999,1873.0166547822168,59.99592917025268,0.004344882995260609,543.2508550032078,-684.5466337470762
3,371.0,44.30000000000001,1877.8331579757487,59.99593325875015,0.004430215856169324,547.9952606692257,-684.0920129424145
3,371.1,44.400000000000034,1882.5148199402229,59.99594061401549,0.004513092824609293,552.6030928033202,-683.2741436228637
3,371.2,44.5,1887.078751885181,59.99594824324552,0.004593654501755842,557.0821932792275,-682.4258107781415
3,371.3,44.60000000000002,1891.5207955874519,59.99595587247556,0.004671946262170465,561.4350871993117,-681.5774779305899
3,371.4,44.69999999999999,1895.8577506339504,59.99596704210918,0.0047481034942445256,565.6692718211581,-680.3354696243639
3,371.5,44.80000000000001,1900.0968414837646,59.9959749456329,0.004822230251614716,569.7905904383757,-679.4566366702549
3,371.6,44.900000000000034,1904.2486070256375,59.99598611510203,0.0048945308620281505,573.8103475029232,-678.2146466554292
3,371.7,45.0,1908.335352601577,59.99599755894708,0.004965295439946663,577.744698711182,-676.9421473855166
3,371.8,45.10000000000002,1912.3826490008985,59.99600900279214,0.00503484475865948,581.6114811898887,-675.6696481156039
3,371.9,45.19999999999999,1916.398579751745,59.99602398662954,0.005103222345895719,585.4130837555696,-674.0035191141029
3,372.0,45.30000000000001,1920.384534262266,59.99603924508961,0.005170365823323768,589.1460667391405,-672.3068534232439
3,372.1,45.400000000000034,1924.3889510436265,59.99605450354969,0.005236166091496653,592.804366770789,-670.6101877295554
3,372.2,45.5,1928.5157159875328,59.99606976200977,0.005300479390159869,596.3799909628001,-668.9135220372816
3,372.3,45.60000000000002,1932.8956126543735,59.996088560133195,0.005363118894872429,599.862520013125,-666.8232631948056
3,372.4,45.69999999999999,1936.8807939853568,59.99610763320829,0.005423625011587926,603.2264302128466,-664.7024310787561
3,372.5,45.80000000000001,1941.4524815233015,59.99613024578225,0.0054813832679445375,606.4375276250155,-662.1880241039047
3,372.6,45.900000000000034,1946.0738406218031,59.996149594055744,0.005536358113607872,609.493898004963,-660.0365912800104
3,372.7,46.0,1950.5698323697547,59.996175745799576,0.005588554175844214,612.395706024682,-657.1286460263284
3,372.8,46.10000000000002,1954.7939892258098,59.996198908852584,0.005639036729710887,615.2022702239224,-654.5530284886728
3,372.9,46.19999999999999,1958.7309309148702,59.99622533571257,0.005688012599982309,617.9250319305735,-651.6144916714316
3,373.0,46.30000000000001,1962.602598677745,59.9962520380177,0.005735171308779896,620.5467566313014,-648.6453267106598
3,373.1,46.400000000000034,1966.5191583777166,59.996278740322836,0.005780336306330643,623.0576310338627,-645.6761617484734
3,373.2,46.5,1970.4848954694294,59.9963089815511,0.00582361113052072,625.4633784087997,-642.313485944557
3,373.3,46.60000000000002,1974.4938052573402,59.99633949847125,0.005865067402407517,627.7680115262008,-638.9201545614242
3,373.4,46.69999999999999,1978.5495144622464,59.9963700153914,0.00590487415319299,629.9809310606487,-635.5268231768766
3,373.5,46.80000000000001,1982.6523407759503,59.99640053231155,0.005943275277657522,632.1156973991976,-632.1334917923291
3,373.6,46.900000000000034,1986.8124753495927,59.996434587825846,0.0059809868343098805,634.212088713999,-628.3466861474377
3,373.7,47.0,1991.0014989321617,59.99646538084911,0.006018178154324663,636.2795847364279,-624.9226534551728
3,373.8,47.10000000000002,1995.2328716304473,59.99649943619891,0.006054531223822986,638.3004416944215,-621.1358661016817
3,373.9,47.19999999999999,1999.510312547686,59.99653376773408,0.006089840415249984,640.2632556344321,-617.3183682933584
3,374.0,47.30000000000001,2003.8276755472202,59.99656809926925,0.006124004854509766,642.1624208371745,-613.5008704864498
3,374.1,47.400000000000034,2008.1795970177927,59.99660596898733,0.006156991848637807,643.996085277517,-609.2899441448687
3,374.2,47.5,2012.5650173866686,59.99664057703685,0.006188836948630977,645.7662917294174,-605.4416993031566
3,374.3,47.60000000000002,2016.9964506203123,59.99667844659044,0.00621955345551901,647.4737162349605,-601.2307912529759
3,374.4,47.69999999999999,2021.4479339758168,59.996716592740626,0.006249106333613664,649.1164400014352,-596.9891270222915
3,374.5,47.80000000000001,2025.928568814715,59.99675473889081,0.006277471187136894,650.6931094714414,-592.7474627916072
3,374.6,47.900000000000034,2030.4392316555918,59.996792885040996,0.006304684330781711,652.205743801061,-588.5057985609228
3,374.7,48.0,2034.9758470802228,59.996831031191185,0.006330761692973308,653.655228696814,-584.2641343302384
3,374.8,48.10000000000002,2039.5420582851232,59.99686917734137,0.006355618783853012,655.0368667653954,-580.0224701009687
3,374.9,48.19999999999999,2044.1422506556798,59.996910861016495,0.006379173340465472,656.3460493426691,-575.3874504997987
3,375.0,48.30000000000001,2048.779007268246,59.99694928433901,0.006401335672838433,657.5778573060871,-571.114966070124
3,375.1,48.400000000000034,2053.4509207229858,59.996990967849634,0.006422133331752985,658.7337578276532,-566.479964761769
3,375.2,48.5,2058.157300882191,59.99703292861484,0.006441584966611899,659.8148175030636,-561.8141341073087
3,375.3,48.60000000000002,2062.890632827279,59.9970713521841,0.006459766960534582,660.8253213280371,-557.5416222419483
3,375.4,48.69999999999999,2067.6473879442874,59.99711303544799,0.006476774150194613,661.7704743520353,-552.9066483692791
3,375.5,48.80000000000001,2072.425750830458,59.99715499621319,0.006492524999566622,662.645773173303,-548.2408177162336
3,375.6,48.900000000000034,2077.226276259447,59.9971969569784,0.006506966798154261,663.4482900907597,-543.5749870617734
3,375.7,49.0,2082.047433010899,59.997242454610564,0.00652005709699705,664.1756296548339,-538.515874202429
3,375.8,49.10000000000002,2086.87709991678,59.99728469320607,0.0065317064982842255,664.8228898483922,-533.8191501862066
3,375.9,49.19999999999999,2091.7281421421103,59.99732665397128,0.006541999747048926,665.3947525951228,-529.1533195317464
3,376.0,49.30000000000001,2096.5989282120768,59.99736861473648,0.006550964755619675,665.8927671189937,-524.4874888787009
3,376.1,49.400000000000034,2101.4894710282592,59.99741411203966,0.006558599698739944,666.3167964625277,-519.4284126021571
3,376.2,49.5,2106.399788382332,59.99745635096416,0.006564968627672539,666.6704702969854,-514.731652003134
3,376.3,49.60000000000002,2111.3312382417103,59.99750184810284,0.006570071419980694,666.953716309056,-509.67259401657594
3,376.4,49.69999999999999,2116.2841537421937,59.997544087191834,0.0065739301153656445,667.1678256730113,-504.97581512756705
3,376.5,49.80000000000001,2121.2585526912553,59.99758958416602,0.006576801594695349,667.3270148454828,-499.91677543240934
3,376.6,49.900000000000034,2126.2542087767706,59.997635359546244,0.006578913132163176,667.443949912981,-494.8267783555881
3,376.7,50.0,2131.2697463396757,59.99767759888198,0.006580390678720895,667.5256720357684,-490.12997202947867
3,376.8,50.10000000000002,2136.304153234136,59.99772309560943,0.006581362000677422,667.579216259719,-485.0709597700069
3,376.9,50.19999999999999,2141.3580370350483,59.99776887098965,0.00658192410353874,667.6100059721749,-479.9809626931856
3,377.0,50.30000000000001,2146.430998661647,59.997814646369875,0.006582220283032668,667.6260109338644,-474.8909656163643
3,377.1,50.400000000000034,2151.519608148952,59.9978604217501,0.00658238257240178,667.6345719049834,-469.80096854095774
3,377.2,50.5,2156.626765759794,59.99790619713033,0.006582453336853587,667.6380443026048,-464.71097146272183
3,377.3,50.60000000000002,2161.7511374612836,59.99795197251055,0.006582489975233468,667.6396193700957,-459.62097438731524
3,377.4,50.69999999999999,2166.894408429591,59.99799774789077,0.006582486454757431,667.6389617038653,-454.53097731049394
3,377.5,50.80000000000001,2172.057174074976,59.998043523270994,0.006582378949257574,667.6325227375355,-449.4409802336727
3,377.6,50.900000000000034,2177.23879134973,59.998089298651216,0.006582037764118791,667.6130918005833,-444.35098315685144
3,377.7,51.0,2182.439885404608,59.998135074031445,0.006581383138232079,667.5762344133007,-439.2609860800302
3,377.8,51.10000000000002,2187.660057369389,59.99818438455144,0.006580423788793605,667.5223995962399,-433.7778988523697
3,377.9,51.19999999999999,2192.8990452380813,59.998230439489156,0.006579215645036143,667.4547654175519,-428.6568163583264
3,378.0,51.30000000000001,2198.158414793201,59.99827621486938,0.0065778515003298696,667.3784609307464,-423.56681928150516
3,378.1,51.400000000000034,2203.439196209117,59.99832552514264,0.006576426377558639,667.2987306852577,-418.0837594895305
3,378.2,51.5,2208.7405561620394,59.998371580327095,0.006575103010267433,667.2246907009705,-412.9626495598013
3,378.3,51.60000000000002,2214.0608394847595,59.99842089043585,0.0065739666461076,667.1610148306213,-407.479608059227
3,378.4,51.69999999999999,2219.396075129809,59.998466945784806,0.006573036433144367,667.1088332767266,-402.35847983809754
3,378.5,51.80000000000001,2224.749804186386,59.99851625572907,0.006572390231348548,667.0724091583539,-396.8754566289236
3,378.6,51.900000000000034,2230.1230098809674,59.998562311242516,0.006572194193940421,667.0610456933739,-391.75431011639375
3,378.7,52.0,2235.5168769911957,59.99861162102229,0.006572573611104799,667.0816429536073,-386.2713051972055
3,378.8,52.10000000000002,2240.9351143006165,59.998661211017534,0.006573410997465736,667.1276990301728,-380.75714169802313
3,378.9,52.19999999999999,2246.3757468394388,59.99871080101278,0.006574396058744439,667.1819653001713,-375.2429781974261
3,379.0,52.30000000000001,2251.8397261460254,59.99876039100802,0.0065749635545861405,667.2130161736134,-369.72881469824375
3,379.1,52.400000000000034,2257.3400342313776,59.9988064469327,0.006574676658419093,667.1966011891432,-364.60762245862765
3,379.2,52.5,2262.854171995394,59.99885575630124,0.00657342214761437,667.1263571887314,-359.1246632665256
3,379.3,52.60000000000002,2268.393163823522,59.99890534629648,0.006571360892790686,667.0112581514232,-353.61049976734324
3,379.4,52.69999999999999,2273.960295089219,59.998954936291724,0.006568500577474742,666.8517341866237,-348.0963362681609
3,379.5,52.80000000000001,2279.5482821840083,59.999008060028544,0.0065648178938638195,666.6464539510556,-342.1892380893836
3,379.6,52.900000000000034,2285.1544966891074,59.999057930979475,0.006560536192572683,666.4079034771096,-336.64383369890555
3,379.7,53.0,2290.7803598639457,59.99910752097472,0.006556062444117069,666.1586790335765,-331.1296701997232
3,379.8,53.10000000000002,2296.41785640457,59.99915711096996,0.00655173857620794,665.917787795985,-325.61550670054083
3,379.9,53.19999999999999,2302.061816031465,59.9992067009652,0.006547864508960469,665.7019042405607,-320.1013431999438
3,380.0,53.30000000000001,2307.7491908791976,59.999256290960446,0.006544851182150615,665.5338750884004,-314.5871797007614
3,380.1,53.400000000000034,2313.425513964417,59.99930941420378,0.006542919763625317,665.4259608234559,-308.68013639618516
3,380.2,53.5,2319.0975188541156,59.9993592856482,0.006542593029598507,665.4072939953193,-303.13467713150607
3,380.3,53.60000000000002,2324.7708543868093,59.99941240872704,0.006544291798991773,665.5012049487405,-297.2276521183302
3,380.4,53.69999999999999,2330.4458988301785,59.99946228033595,0.006548068800594169,665.7106903582576,-291.6821745636654
3,380.5,53.80000000000001,2336.1163211932007,59.99951187033119,0.006553532076946015,666.0139287502196,-286.16801106448304
3,380.6,53.900000000000034,2341.7189866923363,59.99956499316329,0.006560284538333769,666.3888048336916,-280.261013486993
3,380.7,54.0,2347.187855422764,59.99961133226433,0.006568366886431394,666.8376852172137,-275.10833342924985
3,380.8,54.10000000000002,2352.520545259222,59.99966064031692,0.006577828248188443,667.3632027689275,-269.6255205655213
3,380.9,54.19999999999999,2357.7249415475267,59.99970669772204,0.0065885112519968834,667.9566708064527,-264.504163707546
3,381.0,54.30000000000001,2362.824039764776,59.99975247310226,0.006600038253048565,668.5970637339333,-259.41416663072476
3,381.1,54.400000000000034,2367.8044797796533,59.99979471605686,0.00661227922440717,669.2771853728493,-254.71695790512496
3,381.2,54.5,2372.62458539099,59.99983667682207,0.006625168758999754,669.9933664730669,-250.0511272506648
3,381.3,54.60000000000002,2377.2854190666126,59.99987863758727,0.006638643203144148,670.7420652310243,-245.38529659761932
3,381.4,54.69999999999999,2381.791619178353,59.999917066173595,0.006652396014307012,671.5062749432227,-241.11222685728006
3,381.5,54.80000000000001,2386.214962190918,59.99995521232378,0.006666372884079372,672.2829433604282,-236.8705626265957
3,381.6,54.900000000000034,2390.5209233847877,59.999993358473965,0.00668070160760475,673.0791724699371,-232.62889839732597
3,381.7,55.0,2394.696112345977,60.000031504624154,0.006695259807618964,673.8881585807638,-228.38723416664158
3,381.8,55.10000000000002,2398.7234404203614,60.000066118924444,0.006709940284980136,674.7039778762789,-224.53829426869206
3,381.9,55.19999999999999,2402.597762442039,60.00010045045961,0.006724580536569349,675.5175628248779,-220.72079646036877
3,382.0,55.30000000000001,2406.290517279352,60.00013125030938,0.006738900448945038,676.3133735582245,-217.29600469479468
3,382.1,55.400000000000034,2409.846680877122,60.00016176722953,0.006752531542034422,677.0708910889152,-213.90267331024717
3,382.2,55.5,2413.23771722257,60.000192284149676,0.006765091223058109,677.7688420959045,-210.50934192569966
3,382.3,55.60000000000002,2416.470528698232,60.000222801069825,0.006776316118867392,678.3925842733005,-207.11601054115218
3,382.4,55.69999999999999,2419.5601146901363,60.00024978663356,0.006786166704145047,678.9399565321689,-204.11534861655312
3,382.5,55.80000000000001,2422.509876980833,60.000276488938695,0.0067947150315543275,679.4149315042883,-201.14618365436675
3,382.6,55.900000000000034,2425.328810710853,60.00029966005191,0.006802095467844903,679.825012850413,-198.56966986214312
3,382.7,56.0,2428.028922649916,60.00032607885169,0.006808304957740187,680.1699611493506,-195.63202930088454
3,382.8,56.10000000000002,2430.595752720588,60.000349250129396,0.006813141998082375,680.4386405670884,-193.05549721726058
3,382.9,56.19999999999999,2433.1209450895662,60.000372137819504,0.00681635214030339,680.6168745407634,-190.51049867884996
3,383.0,56.30000000000001,2435.4770520340358,60.00039502550962,0.0068177300430060815,680.6932442000779,-187.96550014043933
3,383.1,56.400000000000034,2438.0109455494135,60.000414382419045,0.006817049124319473,680.6551890596133,-185.8131070434906
3,383.2,56.5,2440.2384332582133,60.00043345549414,0.006814211350359149,680.4972255793684,-183.69227492885574
3,383.3,56.60000000000002,2443.0612084355075,60.000456059185424,0.006809099013626091,680.2127706446994,-181.17885566274467
3,383.4,56.69999999999999,2445.246822592486,60.000475416341594,0.006801640681271209,679.7979227339451,-179.02643512869543
3,383.5,56.80000000000001,2448.610150948295,60.00049448941668,0.006791667560389863,679.2432673794254,-176.90560301406055
3,383.6,56.900000000000034,2450.8352294337597,60.00051003212233,0.006779175092459165,678.548584558732,-175.17733061238673
3,383.7,57.0,2454.613863021723,60.000528820869604,0.006764225596123687,677.717269467062,-173.08811435143744
3,383.8,57.10000000000002,2458.47910169199,60.00054436373974,0.006746954605955915,676.7569238422034,-171.35982365977793
3,383.9,57.19999999999999,2460.665109739634,60.00056315232253,0.006727474336346431,675.6737199278539,-169.27062568881436
3,384.0,57.30000000000001,2463.841637250059,60.000578695357156,0.006705478414155325,674.4506912602448,-167.54231670716914
3,384.1,57.400000000000034,2465.9246421674634,60.000590423859016,0.006681125052616644,673.0966394578386,-166.23816500218484
3,384.2,57.5,2468.5720372757937,60.00060539758004,0.006654884504130125,671.6376364991552,-164.5731608906829
3,384.3,57.60000000000002,2470.5606044136716,60.0006171262464,0.006627183015737426,670.0974457271725,-163.2689908942983
3,384.4,57.69999999999999,2472.850672658716,60.00062857009145,0.0065981394760532535,668.4826466899679,-161.9964916258003
3,384.5,57.80000000000001,2474.7766549440285,60.000640013936504,0.0065677613738901516,666.7936528770591,-160.72399235588765
3,384.6,57.900000000000034,2476.724889162125,60.000647928234585,0.006536125866696043,665.034789394747,-159.84396134617828
3,384.7,58.0,2478.680420295604,60.00065908692935,0.00650331673329276,663.21064578163,-158.60316938695297
3,384.8,58.10000000000002,2480.6641978535295,60.000667001391925,0.006469492752201614,661.3301145301022,-157.72312008584322
3,384.9,58.19999999999999,2482.709418323235,60.0006781599222,0.006434811002045918,659.4018635333341,-156.48234641660363
3,385.0,58.30000000000001,2484.7919482241855,60.000686074549265,0.0063994348279017566,657.4350387775811,-155.6022788255082
3,385.1,58.400000000000034,2486.922281281667,60.000693703779305,0.0063633532260427015,655.4289989219519,-154.75394597795668
3,385.2,58.5,2489.4736566891265,60.00070133300934,0.0063267504176200305,653.3939829467668,-153.90561313323445
3,385.3,58.60000000000002,2491.758645850108,60.00071249121063,0.006290134703308548,651.3582151899078,-152.66487604538088
3,385.4,58.69999999999999,2494.902182630135,60.00072393505568,0.006253913445200844,649.3443751794684,-151.39237677688288
3,385.5,58.80000000000001,2498.606604353161,60.000735378900735,0.006218334782842672,647.3662610853905,-150.11987750697025
3,385.6,58.900000000000034,2501.162980271843,60.000746822745796,0.006184230521948572,645.4701172609158,-148.8473782370576
3,385.7,59.0,2505.0293950502623,60.00076179523311,0.006151825115395477,643.6683878226653,-147.18251130964362
3,385.8,59.10000000000002,2508.773787885302,60.00077705369319,0.006120175179940242,641.9086569426274,-145.4858456159552
3,385.9,59.19999999999999,2511.4562007002355,60.00079584063103,0.0060891347332240765,640.1827773301167,-143.39683055616584
3,386.0,59.30000000000001,2514.780951010507,60.00081491370612,0.0060588498338990365,638.4989006711126,-141.27599844153096
3,386.1,59.400000000000034,2517.934338826067,60.00083398678122,0.006029468017448614,636.8652319536775,-139.15516632548145
3,386.2,59.5,2520.666874978311,60.00085305985631,0.006001029541762466,635.2840092746093,-137.03433420943193
3,386.3,59.60000000000002,2523.6334395351982,60.00087566108019,0.005973673740315964,633.7629450414345,-134.5211893072528
3,386.4,59.69999999999999,2526.490242933949,60.000898548770294,0.005947323442268073,632.2977801037717,-131.97619077025684
3,386.5,59.80000000000001,2529.457396947716,60.00092143646041,0.005922076560532233,630.8939606242232,-129.4311922318462
3,386.6,59.900000000000034,2532.466219330114,60.00094785205256,0.005898188393655717,629.5656462871776,-126.49390834299184
3,386.7,60.0,2535.5464920527884,60.00097455435769,0.00587574057220979,628.3174062469458,-123.52474338080545
3,386.8,60.10000000000002,2538.6592302674203,60.001001256662825,0.005855057630034151,627.1672855821625,-120.55557842003371
3,386.9,60.19999999999999,2541.8217907980397,60.00102795896795,0.005836320998478974,626.1253708360935,-117.58641345784731
3,387.0,60.30000000000001,2544.9832596098586,60.00105466127308,0.005819560543961439,625.1933222982293,-114.61724849707558
3,387.1,60.400000000000034,2548.185638238896,60.00108489106902,0.005804789293903497,624.3718308010928,-111.25584391294632
3,387.2,60.5,2551.5164474645544,60.00111188058061,0.005792298843875193,623.6771713387815,-108.25474300605616
3,387.3,60.60000000000002,2554.8581171291357,60.00114211021205,0.005782139117674022,623.1120581206858,-104.8933567119126
3,387.4,60.69999999999999,2558.2535689347296,60.0011726271322,0.005774187388104625,622.6696958511486,-101.5000253273651
3,387.5,60.80000000000001,2561.7818430994344,60.00120667121416,0.00576835038661769,622.3448686432564,-97.71449090226076
3,387.6,60.900000000000034,2565.3079441067507,60.00123747566976,0.005764570968327484,622.1344630483701,-94.28918699020879
3,387.7,61.0,2568.9183397062575,60.001271519587235,0.0057629152060537205,622.0420912544856,-90.50367085509016
3,387.8,61.10000000000002,2572.5862552075882,60.00130232420733,0.005763518841572655,622.0753605362696,-87.0783486530525
3,387.9,61.19999999999999,2576.3503878341276,60.001336367960306,0.0057662336155129635,622.2259673589103,-83.29285080933421
3,388.0,61.30000000000001,2580.1028495060345,60.001370699495475,0.00577084681137698,622.4821133940027,-79.47535300101094
3,388.1,61.400000000000034,2583.890309692706,60.00140503103064,0.005777426507296751,622.8475859603227,-75.65785519410232
3,388.2,61.5,2587.7389863000776,60.00143936256581,0.005786179338693962,623.3338726967307,-71.84035738577906
3,388.3,61.60000000000002,2591.7091038002486,60.00147722060482,0.005796833622974795,623.9258360842581,-67.63072970108571
3,388.4,61.69999999999999,2595.6980076533205,60.00151184033341,0.00580841837072477,624.5695580315473,-63.78118620248589
3,388.5,61.80000000000001,2599.7488285555805,60.001549698207924,0.00581947740547531,625.1840219580635,-59.571576809192884
3,388.6,61.900000000000034,2603.84391771015,60.00158431810101,0.005828833109598891,625.703820071064,-55.72201501919272
3,388.7,62.0,2607.9891584581446,60.00162217581103,0.00583612724528197,626.108975279462,-51.512423915885414
3,388.8,62.10000000000002,2612.1768284791087,60.00166032196122,0.005841233041773588,626.3924679044821,-47.27075968520103
3,388.9,62.19999999999999,2616.41685098588,60.00169846811141,0.0058443373542669584,626.5646889796337,-43.02909545451665
3,389.0,62.30000000000001,2620.718668911057,60.00173661426159,0.005845429917571709,626.6250680110386,-38.78743122524692
3,389.1,62.400000000000034,2625.143685103581,60.00177476041178,0.005844382475129878,626.5664748591026,-34.545766993147886
3,389.2,62.5,2629.6831050160617,60.001812906561966,0.005841115408630177,626.3844834082088,-30.304102762463508
3,389.3,62.60000000000002,2634.222302559027,60.00185105271215,0.005835646283375382,626.0800704013392,-26.062438533193774
3,389.4,62.69999999999999,2638.687897738505,60.00188919886234,0.005827903840347493,625.6492744621706,-21.820774302509395
3,389.5,62.80000000000001,2643.096976571469,60.001927345012525,0.005817899298046864,625.0927194925233,-17.579110071825014
3,389.6,62.900000000000034,2647.4592672361864,60.00196549116271,0.005805482153813754,624.4020386446339,-13.337445841140632
3,389.7,63.0,2651.698480022081,60.002003637312896,0.005790494925299882,623.5684770605075,-9.095781610456251
3,389.8,63.10000000000002,2655.967364044923,60.00203825819295,0.005773039753959734,622.5977466241894,-5.246110074883301
3,389.9,63.19999999999999,2660.1857930685064,60.002076114916,0.0057531186815907446,621.4898973897779,-1.0366287185634244
3,390.0,63.30000000000001,2664.383344244503,60.00211073596055,0.005730568019972459,620.2358903455771,2.813061108409872
3,390.1,63.400000000000034,2668.586536479109,60.00214506749572,0.005705146319485579,618.8222748307392,6.630558916733139
3,390.2,63.5,2672.805192614904,60.00217939903089,0.005676733301067565,617.2423615850163,10.448056723641757
3,390.3,63.60000000000002,2676.9501761311885,60.002213730566055,0.005645435506918537,615.502073966642,14.265554530550377
3,390.4,63.69999999999999,2681.1799139489694,60.002248062101216,0.005611360049736763,613.6073670377692,18.083052337458994
3,390.5,63.80000000000001,2685.4793874798547,60.00227886894198,0.005574419871071824,611.5534337065075,21.508621467742746
3,390.6,63.900000000000034,2689.888649051135,60.00230938586213,0.005534502600924533,609.3339969911161,24.90195285229025
3,390.7,64.0,2694.361787176331,60.002339902782275,0.005491650407730138,606.9513987359402,28.295284236837755
3,390.8,64.10000000000002,2698.805413573725,60.00237041970243,0.005446069246846609,604.4170890068511,31.688615622799908
3,390.9,64.19999999999999,2703.2051839854194,60.00239741225715,0.005397888443671238,601.7382897581451,34.690054910693945
3,391.0,64.30000000000001,2707.5618760441275,60.00242411456229,0.005347206762211097,598.920462120397,37.659219872880335
3,391.1,64.40000000000003,2711.713882673619,60.002450816867416,0.0052940186660756375,595.9632958214863,40.62838483365208
3,391.2,64.5,2715.9922861963764,60.00247399505387,0.005238351054405382,592.868318036283,43.20568513628552
3,391.3,64.60000000000002,2720.2818002836298,60.00249688274398,0.005180344749544882,589.6433284269697,45.75068367469615
3,391.4,64.69999999999999,2724.632829107308,60.00251977043409,0.005120246042852398,586.3020167519799,48.295682211692124
3,391.5,64.80000000000001,2729.0608797265604,60.00253913425227,0.005058393050174338,582.8632112744682,50.448843527650325
3,391.6,64.90000000000003,2733.511554824527,60.00255820732736,0.0049949239020035995,579.3345623935454,52.56967564369984
3,391.7,65.0,2737.8993348474696,60.00257375669501,0.004930048271297961,575.7277547558479,54.29868882586797
3,391.8,65.10000000000002,2741.9397069931397,60.00258901515508,0.004864023144274123,572.0570466773786,55.995354518141724
3,391.9,65.19999999999999,2746.127271769545,60.00260075007221,0.004796977622158186,568.3296431276948,57.30021957076374
3,392.0,65.30000000000001,2750.246345059931,60.002612193917265,0.0047289830932821485,564.5494846896181,58.57271883926173
3,392.1,65.40000000000003,2754.336236957972,60.00262363776232,0.004660169438652279,560.7237894239685,59.84521810775972
3,392.2,65.5,2758.3803128444624,60.002631558311165,0.004590739215416584,556.8638478883869,60.72594417229184
3,392.3,65.60000000000002,2762.3429605079314,60.002639187541206,0.004520990877471073,552.9862245800628,61.57427701842872
3,392.4,65.69999999999999,2766.2101092663115,60.00264329363953,0.004451091001881145,549.100206892019,62.03085495200008
3,392.5,65.80000000000001,2770.027049045248,60.00264710825454,0.004381115942891323,545.2100123756123,62.45502137436119
3,392.6,65.90000000000003,2773.7978295755797,60.002647399902344,0.004310967395740438,541.3102023106997,62.48745117414248
3,392.7,66.0,2777.54208494104,60.002647399902344,0.004240583457958399,537.3973084456057,62.48745117414248
3,392.8,66.10000000000002,2781.4030275237706,60.002647399902344,0.004169968745576727,533.4715849983148,62.48745117414248
3,392.9,66.19999999999999,2785.183612031198,60.00264387718186,0.004099147227496419,529.5343926836538,62.09574198724853
3,393.0,66.30000000000001,2789.0146643920984,60.00264006256685,0.004028149207915036,525.5873899204453,61.67157556488741
3,393.1,66.40000000000003,2792.939569402492,60.00263624795183,0.003957041968448139,521.6343147784502,61.2474091425263
3,393.2,66.5,2796.9439979274052,60.002628910863066,0.0038858373408340364,517.675852590059,60.43156096895711
3,393.3,66.60000000000002,2800.9796580079437,60.00262128163303,0.0038144917869571025,513.7095571960907,59.58322812282023
3,393.4,66.69999999999999,2805.067006860885,60.00261365240299,0.0037431108637104886,509.741294576989,58.73489527668335
3,393.5,66.80000000000001,2809.1997237017267,60.00260250094596,0.0036718536875488175,505.77993751769935,57.49490811785357
3,393.6,66.90000000000003,2813.3525458686017,60.0025910571009,0.00360069681067298,501.82415734020555,56.222408847940926
3,393.7,67.0,2817.5191508346775,60.00257961325585,0.0035295403015040113,497.868396236212,54.94990957802829
3,393.8,67.10000000000002,2821.74403889667,60.00256816941079,0.0034582795901427653,493.9068407855114,53.6774103095303
3,393.9,67.19999999999999,2825.9703030072483,60.00255320366772,0.0033868395918568803,489.93534283498946,52.01329330831079
3,394.0,67.30000000000001,2830.2397875778124,60.00253794520765,0.0033151968927817594,485.952576360084,50.316627616037046
3,394.1,67.40000000000003,2834.5681095863124,60.002522686747575,0.003243368925598069,481.9595083141979,48.61996192376329
3,394.2,67.5,2838.9397903139393,60.0025074282875,0.003171237538851811,477.9495702160289,46.92329623148954
3,394.3,67.60000000000002,2843.350306092475,60.00248864825841,0.0030986565039200402,473.91465789278726,44.835049389294966
3,394.4,67.69999999999999,2847.8097616834616,60.00247309667009,0.0030254984195653032,469.84764002945036,43.10578927888075
3,394.5,67.80000000000001,2852.314737786409,60.00245431680548,0.002951748254052251,465.74772698676617,41.017560728086515
3,394.6,67.90000000000003,2856.868934520643,60.00243524373039,0.002877361715513695,461.6124353051338,38.896728612037
3,394.7,68.0,2861.4634499307917,60.002419691895334,0.0028022668087549895,457.4377360394321,37.16744106593691
3,394.8,68.10000000000002,2866.1029229150854,60.00240091227747,0.002726389283505879,453.2195482142883,35.07923995082856
3,394.9,68.19999999999999,2870.7860013068116,60.00238183920238,0.0026496499286792286,448.95344761684066,32.958407834779045
3,395.0,68.30000000000001,2875.5105067637382,60.00236628712057,0.0025719510693777005,444.6339783920957,31.229092851578436
3,395.1,68.40000000000003,2880.2602711873283,60.002347507749455,0.002493467737740721,440.2709168072742,29.140919173570598
3,395.2,68.5,2885.0465790108765,60.00233195550316,0.0024140688237862824,435.85693075486705,27.411585897554996
3,395.3,68.60000000000002,2889.8713841805425,60.00231317629653,0.002333723209466095,431.39033296057755,25.323430510947503
3,395.4,68.69999999999999,2894.7167361043485,60.002297623885745,0.0022526983519655015,426.88595005806053,23.594078944946205
3,395.5,68.80000000000001,2899.5371933116635,60.00228236542567,0.0021718106864666493,422.38919019498553,21.89741325267245
3,395.6,68.90000000000003,2904.2750124204795,60.0022671069656,0.00209209387007631,417.957520305118,20.2007475603987
3,395.7,69.0,2908.8993161978024,60.00225184850552,0.0020140870133323534,413.6209116882479,18.504081868124945
3,395.8,69.10000000000002,2913.4011432651573,60.00223659004545,0.0019379221947321828,409.3867071699929,16.807416175851195
3,395.9,69.19999999999999,2917.78105524441,60.00222485183844,0.0018635670735693746,405.2530873097151,15.502185306539438
3,396.0,69.30000000000001,2922.0373439776095,60.00221340799339,0.0017909521159743124,401.2162067248839,14.229686038041446
3,396.1,69.40000000000003,2926.176392035828,60.002201964148334,0.0017199441678886476,397.2686647289911,12.957186768128809
3,396.2,69.5,2930.2061801608634,60.002194040309604,0.0016503684133523724,393.40072172658773,12.076094885492296
3,396.3,69.60000000000002,2934.12507764115,60.002182891155485,0.0015821668614863981,389.60919414806017,10.836363799194116
3,396.4,69.69999999999999,2937.937176054797,60.002174967152264,0.0015151925137620306,385.8858716197364,9.955253625157255
3,396.5,69.80000000000001,2941.6536464474425,60.00217085768182,0.001449250016562082,382.2198908234885,9.498300729195984
3,396.6,69.90000000000003,2945.2819268834483,60.002163523389456,0.0013840216492585352,378.5936293409078,8.682763500944791
3,396.7,70.0,2948.845991039441,60.00215941375451,0.0013192263396481837,374.991424174177,8.225792313583172
3,396.8,70.10000000000002,2952.375282376917,60.002159118652344,0.001254714198083288,371.404939581714,8.192978404297143
3,396.9,70.19999999999999,2955.872780142114,60.002155599221744,0.001190405717745883,367.8297952220921,7.801635036922232
3,397.0,70.30000000000001,2959.3977786661453,60.00215530395508,0.0011262463744188818,364.26292384867713,7.7688028362358565
3,397.1,70.40000000000003,2963.0381322484723,60.00215882322119,0.0010621223160611943,360.69799327676577,8.16012791362507
3,397.2,70.5,2966.5523687825585,60.002159118652344,0.0009979248840184163,357.1290013534283,8.192978404297143
3,397.3,70.60000000000002,2970.421434735197,60.00216615685557,0.000933654162408637,353.555898967336,8.975591977689527
3,397.4,70.69999999999999,2974.4658424625973,60.00217026706624,0.0008694504685086898,349.98653916797696,9.432627182123062
3,397.5,70.80000000000001,2978.586355825258,60.00217760061838,0.000805491765028567,346.43078291999774,10.248082100487345
3,397.6,70.90000000000003,2982.77304924161,60.002185229848415,0.0007419053094745096,342.8957206608986,11.09641494662422
3,397.7,71.0,2986.5058928422827,60.00219637785108,0.0006789306389298989,339.3946527065107,12.33601799736392
3,397.8,71.10000000000002,2990.7554829180644,60.00220782169613,0.0006168346558268347,335.942434120004,13.60851726586191
3,397.9,71.19999999999999,2995.0619105957553,60.00222278414932,0.0005557631647462965,332.5471545704213,15.272268448977025
3,398.0,71.30000000000001,2999.351851477731,60.00223804260939,0.0004961835126319471,329.2348122403318,16.968934141250777
3,398.1,71.40000000000003,3003.6040791892137,60.00225681951311,0.0004380229459718434,326.0013465858226,19.05683345532666
3,398.2,71.5,3007.797186543668,60.0022758925882,0.0003813483152511165,322.8504902586491,21.177665571376174
3,398.3,71.60000000000002,3011.618320750238,60.002294965663296,0.0003262846786389844,319.78919712757323,23.298497687425687
3,398.4,71.69999999999999,3015.7672094427016,60.00231755693528,0.00027249649301728233,316.7987961356449,25.810535988176813
3,398.5,71.80000000000001,3019.870214699521,60.002340444625396,0.00021956143240214128,313.8558242586553,28.35553452658744
3,398.6,71.90000000000003,3023.811449749469,60.00236685034791,0.00016751878150683523,310.96245032990146,31.291720959713984
3,398.7,72.0,3027.6529054192442,60.002390034702884,0.0001165043000337404,308.1262535361072,33.86970717146999
3,398.8,72.10000000000002,3031.52555081317,60.0024164402609,6.659407090532688e-05,305.3514334011323,36.80587531319618
3,398.9,72.19999999999999,3035.440843006876,60.00244314256604,1.8329744344200866e-05,302.6681159941945,39.77504027538257
3,399.0,72.30000000000001,3039.42992632418,60.00247336257458,-2.8483998407858637e-05,300.065428135905,43.13535654948418
3,399.1,72.40000000000003,3043.4886685293254,60.002503879494725,-7.382427550247362e-05,297.5446567035666,46.52868793403169
3,399.2,72.5,3047.6232532267554,60.00253087887596,-0.0001177099129824995,295.10477202514255,49.53088629664967
3,399.3,72.60000000000002,3051.7881016131178,60.00256461609443,-0.00016011015531863798,292.74743804127405,53.28229901129476
3,399.4,72.69999999999999,3056.043472959529,60.00259543025518,-0.00020088424349801079,290.48052306712196,56.7086820876742
3,399.5,72.80000000000001,3060.3488656675236,60.0026294644675,-0.00024033665294675795,288.28707302511566,60.49311905846535
3,399.6,72.90000000000003,3064.6848669648634,60.00266379600267,-0.00027877733443957626,286.1498695017594,64.31061686678862
3,399.7,73.0,3069.0465623351356,60.00269812753784,-0.0003162055842471096,284.0689528378288,68.12811467369724
3,399.8,73.10000000000002,3073.437248690069,60.00273245907301,-0.0003525617079791206,282.0476415652593,71.94561248202051
3,399.9,73.19999999999999,3077.8585811705516,60.00276679060818,-0.00038791727792274536,280.0819566399962,75.76311028892913
3,400.0,73.30000000000001,3082.31697629396,60.00280463902428,-0.0004224143961967666,278.1639832427333,79.97166795499518
3,400.1,73.40000000000003,3086.8179191049317,60.00283926837577,-0.00045615144797090176,276.288280164475,83.8222814722223
3,400.2,73.5,3091.346524063049,60.002877116627396,-0.0004892379877924507,274.4487298488003,88.03082084830265
3,400.3,73.60000000000002,3095.9057712988774,60.00291526277758,-0.0005217117538041847,272.64324655157867,92.27248507757238
3,400.4,73.69999999999999,3100.5036750741288,60.002953408927766,-0.0005538670841620534,270.85546822699166,96.51414930825676
3,400.5,73.80000000000001,3105.1424591734944,60.002995071547666,-0.000585967377973656,269.0707373228101,101.14682767101236
3,400.6,73.90000000000003,3109.8215819828233,60.0030335159254,-0.0006181201094594276,267.2831064894158,105.42165333768682
3,400.7,74.0,3114.5353601698753,60.00307166207559,-0.0006504304881024369,265.48671481953266,109.6633175683712
3,400.8,74.10000000000002,3119.2842167236445,60.00311332444875,-0.0006830041367252753,263.67567519210826,114.29596849544092
3,400.9,74.19999999999999,3124.068903110453,60.00315176907323,-0.000715984783802403,261.84202426144043,118.57082159780124
3,401.0,74.30000000000001,3128.8903767325523,60.00319343128189,-0.000749517570044121,259.97766768533296,123.20345423347062
3,401.1,74.40000000000003,3133.7430884373875,60.00323187607087,-0.0007836532191140746,258.07981101463514,127.47832562864595
3,401.2,74.5,3138.620485069695,60.00327353811504,-0.0008183672313712938,256.14979112462487,132.11093997291496
3,401.3,74.60000000000002,3143.5342012270003,60.00331198306851,-0.0008536309011106572,254.1892289177364,136.385829658076
3,401.4,74.69999999999999,3148.482569208952,60.00335364494818,-0.000889451217367744,252.19771109101254,141.01842571094468
3,401.5,74.80000000000001,3153.4669345446036,60.003395605713386,-0.0009259277239160388,250.16971509848707,145.68425636540482
3,401.6,74.90000000000003,3158.4854061692304,60.00343756647859,-0.0009631963805610451,248.09768375833946,150.35008701845032
3,401.7,75.0,3163.538261859185,60.0034795272438,-0.0010012976994996901,245.9793649653375,155.0159176714958
3,401.8,75.10000000000002,3168.6228400652935,60.0035179726085,-0.0010401953682427545,243.8167904782762,159.2908530851577
3,401.9,75.19999999999999,3173.731261721441,60.00355963407694,-0.0010798326035860533,241.6130921809063,163.92340341094015
3,402.0,75.30000000000001,3178.8257548446395,60.003601594842145,-0.0011198762656883835,239.3868011901966,168.58923406398566
3,402.1,75.40000000000003,3183.845566581849,60.00364355560735,-0.0011596968924794354,237.17291216444548,173.25506471703116
3,402.2,75.5,3188.7502475041947,60.003682001301044,-0.0011988987006394268,234.9934402263367,177.53003671349373
3,402.3,75.60000000000002,3193.5210223075087,60.00372014745123,-0.0012373580468232836,232.85524731271332,181.77170094417812
3,402.4,75.69999999999999,3198.15497435852,60.003758293601415,-0.0012749971725987614,230.7626550739173,186.01336517344785
3,402.5,75.80000000000001,3202.654218912757,60.003792924926834,-0.0013117856782837206,228.71736558075668,189.8641981818205
3,402.6,75.90000000000003,3207.0247963148904,60.003827256462,-0.0013477049602473215,226.72040163785397,193.6816959901438
3,402.7,76.0,3211.2613570211943,60.00386158799717,-0.0013828024123716132,224.76912737779168,197.4991937970524
3,402.8,76.10000000000002,3215.3604779149205,60.00389591953234,-0.0014171290695865755,222.86070556939944,201.31669160537567
3,402.9,76.19999999999999,3219.3216845059887,60.00392673657172,-0.0014506631912072018,220.99635650576047,204.74339477135865
3,403.0,76.30000000000001,3223.154629258084,60.003957253491876,-0.001483429607047166,219.1746888276718,208.1367261573208
3,403.1,76.40000000000003,3226.867785284225,60.003987770412024,-0.001515560503545576,217.38835289877719,211.5300575418683
3,403.2,76.5,3230.4510100497832,60.00401477308313,-0.0015472917635755052,215.62424682752285,214.53262172117604
3,403.3,76.60000000000002,3233.907204496621,60.00404147538826,-0.0015788911860057223,213.86747233485946,217.5017866833624
3,403.4,76.69999999999999,3237.246141282174,60.00406817769339,-0.0016105579320482833,212.10695658128935,220.47095164413417
3,403.5,76.80000000000001,3240.4450139158203,60.004091365996224,-0.0016424159531783623,210.3358199911986,223.0493768381813
3,403.6,76.90000000000003,3243.5168705219744,60.00411425368633,-0.0016745601238496964,208.54877787077208,225.59437537659193
3,403.7,77.0,3246.495158771573,60.00413714137645,-0.001706998301061124,206.74539248391736,228.13937391500255
3,403.8,77.10000000000002,3249.343276562685,60.004156515310996,-0.001739772994293767,204.9233115330567,230.2936601209598
3,403.9,77.19999999999999,3252.087763577757,60.00417558838609,-0.001772968903401107,203.0778162229197,232.4144922370093
3,404.0,77.30000000000001,3254.7037466134766,60.00419114787012,-0.0018065573704705196,201.2105094788941,234.14463031200577
3,404.1,77.40000000000003,3257.2178834457995,60.00420991983901,-0.0018404332693715724,199.3272149504385,236.2319808996324
3,404.2,77.5,3259.6549203992386,60.00422196606096,-0.001874549147656859,197.4306005740171,237.57146151496187
3,404.3,77.60000000000002,3261.971569621299,60.004236923250346,-0.0019089253834318018,195.51950443122288,239.23462738882705
3,404.4,77.69999999999999,3264.487514008042,60.00424866844834,-0.0019435523214558984,193.59448145949986,240.54063562284844
3,404.5,77.80000000000001,3266.7176313410355,60.004260112293395,-0.001978437643890478,191.65509588473495,241.81313489134644
3,404.6,77.90000000000003,3269.5863072350567,60.00426804304087,-0.0020136561786168825,189.6971970515978,242.6949949929924
3,404.7,78.0,3272.706730765586,60.004279185286244,-0.0020492236093524736,187.71989367979765,243.93395786169577
3,404.8,78.10000000000002,3274.9184792708343,60.00428360326512,-0.002085142666346682,185.72306218188513,244.4252153778758
3,404.9,78.19999999999999,3277.9304877776085,60.00429093073098,-0.002121385856718516,183.70820358835408,245.23999353140306
3,405.0,78.30000000000001,3280.011561130567,60.00429504719242,-0.002157845104791339,181.68134314247754,245.69772379207396
3,405.1,78.40000000000003,3282.605720438923,60.004295349121094,-0.002194351604347613,179.65186649558885,245.7312967746693
3,405.2,78.5,3284.469762582729,60.004298861725196,-0.0022307102541510274,177.63060053554608,246.1218810687349
3,405.3,78.60000000000002,3286.305939085879,60.00429916381836,-0.0022667337396471516,175.62797582574615,246.15547234273058
3,405.4,78.69999999999999,3287.9697084550035,60.004295651378754,-0.0023022132797941098,173.65560025265788,245.76490633865066
3,405.5,78.80000000000001,3289.6388105184083,60.004295349121094,-0.002336975478135409,171.72309473192004,245.7312967746693
3,405.6,78.90000000000003,3291.358451407188,60.004288324570865,-0.0023708278517641564,169.84118559036796,244.9502013478955
3,405.7,79.0,3292.4268317110837,60.00428420753369,-0.0024036278765400968,168.0177710413578,244.49240707015267
3,405.8,79.10000000000002,3294.013972212027,60.00427688080806,-0.002435180258109236,166.26372355170213,243.67771122509768
3,405.9,79.19999999999999,3295.696283946079,60.00426925157802,-0.0024653537980879854,164.58632926300854,242.82937837896083
3,406.0,79.30000000000001,3297.4202873305817,60.00426162234798,-0.0024941115547907327,162.9876411032684,241.98104553282394
3,406.1,79.40000000000003,3298.662289707759,60.00425399311795,-0.002521619678064283,161.45842246209827,241.13271268668706
3,406.2,79.5,3300.376246843189,60.00424285210628,-0.002547878541453687,159.99866109123784,239.893887000657
3,406.3,79.60000000000002,3302.174514993891,60.00423140826122,-0.002572795189092819,158.6135167233298,238.62138773074437
3,406.4,79.69999999999999,3304.022081632842,60.004219964416166,-0.0025964118637623883,157.30064028710112,237.34888846083174
3,406.5,79.80000000000001,3305.9169786910998,60.00420500903622,-0.002618950433759115,156.04770594561586,235.68592378812644
3,406.6,79.90000000000003,3307.9873153835565,60.004193262028785,-0.002640769584797185,154.83475765838867,234.37971435435983
3,406.7,80.0,3309.99539390056,60.00417830681334,-0.0026620821109526647,153.64998082117086,232.71676797305489
3,406.8,80.10000000000002,3312.169177704308,60.00416304835326,-0.0026830377962885356,152.48504174515114,231.02010228078112
3,406.9,80.19999999999999,3314.2949304076287,60.00414778989319,-0.0027037343600833873,151.3345072946388,229.32343658850738
3,407.0,80.30000000000001,3316.473446405308,60.004129020309456,-0.002724269465939601,150.1929561057123,227.23635121911252
3,407.1,80.40000000000003,3318.767324041044,60.004113458275775,-0.002744773059465093,149.05314888563964,225.50592963589858
3,407.2,80.5,3321.0819762432166,60.00409468885653,-0.0027653154865877687,147.91118945015364,223.41886255648944
3,407.3,80.60000000000002,3323.4809624055965,60.004075615781446,-0.0027859117740029523,146.76623581942223,221.29803044185456
3,407.4,80.69999999999999,3325.933446842414,60.00405654270635,-0.0028066782722046876,145.6118191059391,219.1771983272197
3,407.5,80.80000000000001,3328.461162180331,60.00403395891883,-0.002827768539064095,144.43941031728838,216.66599226113533
3,407.6,80.90000000000003,3331.0586276278614,60.0040145818589,-0.0028492432100440685,143.2456238301743,214.5113585270594
3,407.7,81.0,3333.7215870918735,60.003991998235875,-0.00287126137353788,142.02162945829247,212.00017075379
3,407.8,81.10000000000002,3336.463658819707,60.00396911054577,-0.002894087344508557,140.75272689939467,209.45517221537938
3,407.9,81.19999999999999,3339.291216633991,60.00394622285565,-0.002917854268827028,139.43151354042647,206.91017367696875
3,408.0,81.30000000000001,3342.1986424421084,60.00392333516554,-0.0029425555165351956,138.05835790297465,204.3651751385581
3,408.1,81.40000000000003,3345.157328780366,60.00390044747543,-0.002968190533389592,136.6332907449114,201.82017660014748
3,408.2,81.5,3348.1969659091023,60.003877559785316,-0.0029947311137757003,135.1578800337984,199.27517806173685
3,408.3,81.60000000000002,3351.289114216903,60.00385467209521,-0.003022175233757171,133.63223823316093,196.73017952332623
3,408.4,81.69999999999999,3354.4609419479166,60.0038282744329,-0.0030505359986355307,132.05564374031388,193.79488934476763
3,408.5,81.80000000000001,3357.6683178667236,60.00380157212776,-0.003079591746584997,130.4404126791139,190.8257243839959
3,408.6,81.90000000000003,3360.922461251222,60.00377837963034,-0.0031095613544142417,128.77436962076544,188.24683277197175
3,408.7,82.0,3364.210097807004,60.00375198221477,-0.0031404243745516815,127.05866440837606,185.3115700305137
3,408.8,82.10000000000002,3367.582519952354,60.00372527990964,-0.0031721386769447244,125.29563336193345,182.3424050683273
3,408.9,82.19999999999999,3370.9966759902,60.00369857760451,-0.0032046081605180124,123.49061834688835,179.3732401061409
3,409.0,82.30000000000001,3374.4437113236536,60.00367538477809,-0.0032374008604783852,121.66762694765823,176.79431191273073
3,409.1,82.40000000000003,3377.8672902179264,60.00364898769151,-0.0032703715463210407,119.83474535563128,173.85908575265873
3,409.2,82.5,3381.28164069027,60.003622285386385,-0.0033034840203380648,117.99398045161765,170.88992079047233
3,409.3,82.60000000000002,3384.686626402825,60.00359558308125,-0.0033366809079606176,116.14852127568658,167.9207558297006
3,409.4,82.69999999999999,3388.0807435280844,60.00356888077612,-0.0033699614896781672,114.29840782175238,164.9515908675142
3,409.5,82.80000000000001,3391.464323959603,60.00354568753847,-0.0034033725959302964,112.44103068391449,162.3726169470178
3,409.6,82.90000000000003,3394.8630083531984,60.003519290863125,-0.0034371420816691847,110.56373426877853,159.437436514032
3,409.7,83.0,3398.3077709169775,60.003492588558,-0.003471568708288412,108.64990452150101,156.46827155184562
3,409.8,83.10000000000002,3401.8069540478523,60.00346588625287,-0.003506717277323604,106.69593837468523,153.49910659107385
3,409.9,83.19999999999999,3405.3664558729583,60.00344269268623,-0.0035425953843316333,104.70140796730422,150.92009608777678
3,410.0,83.30000000000001,3408.982030458325,60.00341278768362,-0.0035791956744826796,102.6667383119773,147.59480692440255
3,410.1,83.40000000000003,3412.650796669798,60.00338577933748,-0.0036165161908065244,100.59202291849111,144.591611707344
3,410.2,83.5,3416.367150069067,60.00335907703234,-0.00365451185157579,98.47977209374424,141.6224467451576
3,410.3,83.60000000000002,3420.1360094941388,60.003332374727215,-0.0036931843016900934,96.32989482237204,138.65328178438585
3,410.4,83.69999999999999,3423.954028090281,60.003302164094826,-0.003732531457364988,94.1425118954261,135.29400809181104
3,410.5,83.80000000000001,3427.8208727059064,60.003275155419686,-0.003772537034857793,91.91851885233636,132.29077629336643
3,410.6,83.90000000000003,3431.737441430673,60.003244944951796,-0.003813183144757102,89.65891917751289,128.93152089219194
3,410.7,84.0,3435.701118489468,60.00321793611216,-0.0038544340886148675,87.36568862422995,125.92827080093237
3,410.8,84.10000000000002,3439.7112195031877,60.00318772580876,-0.0038962950099598027,85.03854977068397,122.56903369115822
3,410.9,84.19999999999999,3443.7618680631417,60.00315720888861,-0.003938714163728645,82.68037528481102,119.17570230661073
3,411.0,84.30000000000001,3447.8433494032442,60.00312669196846,-0.003981617167907703,80.29529984991126,115.78237092206322
3,411.1,84.40000000000003,3451.969899983881,60.00309968279984,-0.004025136226086706,77.87596968066288,112.77908425083224
3,411.2,84.5,3456.138569957172,60.00306947282543,-0.004069249179671736,75.4236246359139,109.41988372102949
3,411.3,84.60000000000002,3460.348312720407,60.00303895590528,-0.004113939758609469,72.9391656286321,106.02655233789665
3,411.4,84.69999999999999,3464.599293820307,60.003008438985134,-0.004159190103036016,70.42358514108093,102.63322095334914
3,411.5,84.80000000000001,3468.8937776570942,60.00297441464244,-0.00420499917942252,67.87694418629941,98.84988143687116
3,411.6,84.90000000000003,3473.233307599987,60.002943590447565,-0.004251337483451319,65.30087593304938,95.42238261477819
3,411.7,85.0,3477.614410178653,60.00291307352742,-0.004298162183269678,62.69776462147439,92.02905123023069
3,411.8,85.10000000000002,3482.035872906775,60.00287904943147,-0.004345415381520383,60.07083242308942,88.24573915226787
3,411.9,85.19999999999999,3486.498290462925,60.002848224989854,-0.004393071763893576,57.421480370260156,84.81821289307439
3,412.0,85.30000000000001,3490.9992529394767,60.0028142010584,-0.0044411483654741265,54.74876707349704,81.03491910509727
3,412.1,85.40000000000003,3495.541237162838,60.00278337645229,-0.00448963271095511,52.053380619356055,77.6073745559181
3,412.2,85.5,3500.125152687243,60.00274935268533,-0.004538507722180404,49.336275573141194,73.82409905934132
3,412.3,85.60000000000002,3504.748589826147,60.00271502115016,-0.004587797265694114,46.59612264561405,70.00660125101805
3,412.4,85.69999999999999,3509.4090876340438,60.00268068961499,-0.004637513403510037,43.83225098874013,66.18910344410943
3,412.5,85.80000000000001,3514.103980440198,60.002649864679896,-0.004687658284109754,41.04453894818889,62.761522312129564
3,412.6,85.90000000000003,3518.831480540001,60.00261584124192,-0.0047381823674212675,38.23574491955975,58.978283396938835
3,412.7,86.0,3523.588532588353,60.00258150970676,-0.004789025219753813,35.409226643462816,55.160785590030216
3,412.8,86.10000000000002,3528.3784707542045,60.00254367181826,-0.004840145532420248,32.5672821279005,50.95339854246408
3,412.9,86.19999999999999,3533.2018350146473,60.002509031939155,-0.0048915490960016045,29.709585963825095,47.10161440673705
3,413.0,86.30000000000001,3538.0586450984374,60.00247470040399,-0.004943249540766588,26.835381956007108,43.28411659841378
3,413.1,86.40000000000003,3542.9376814644775,60.00244036886882,-0.004995143565971702,23.950413104892263,39.46661879150516
3,413.2,86.5,3547.8390790767794,60.00240253130931,-0.005047198446113178,21.05649984367225,35.25926832532506
3,413.3,86.60000000000002,3552.7665267427496,60.002367891101215,-0.005099469458080365,18.150566805160523,31.40744760679734
3,413.4,86.69999999999999,3557.721237959356,60.00233355956605,-0.005151912434059233,15.2350705147791,27.58994979988872
3,413.5,86.80000000000001,3562.7050867050075,60.00229572225328,-0.005204434454939798,12.315177440094653,23.382626770809143
3,413.6,86.90000000000003,3567.7195772493565,60.00225757610309,-0.005256926724771767,9.396935045663852,19.14096254012476
3,413.7,87.0,3572.765501263689,60.00222293556602,-0.0053093195801406454,6.4842157820763635,15.289105240210993
3,413.8,87.10000000000002,3577.839328396989,60.002185098499986,-0.005361534919625798,3.581362450037177,11.081809646817288
3,413.9,87.19999999999999,3582.9405178825796,60.0021469523498,-0.0054134456598733845,0.6954396854985333,6.8401454161329065
