lap,session_time_s,lap_time_s,lap_distance_m,latitude_deg,longitude_deg,x_east_m,y_north_m
3,383.15500000000003,0.0,0.0,59.998016634339415,-0.006117047961565777,0.0,0.0
3,383.255,0.0999999999999659,1.7400790811949531,59.99806240257083,-0.00605036564449099,3.7075925151698668,5.089202164816181
3,383.355,0.19999999999998863,7.262474479400465,59.99810817080225,-0.0059836679435540194,7.416035256011687,10.178404328217715
3,383.455,0.2999999999999545,13.570649607775763,59.998153939033664,-0.0059169677752440334,11.124610054158046,15.267606493033895
3,383.555,0.39999999999997726,19.910523766127046,59.99819970726508,-0.00585014055994305,14.84024362574321,20.356808657850078
3,383.65500000000003,0.5,26.282593888114228,59.99824676674881,-0.005783150069002564,18.564949931334034,25.58959172595427
3,383.755,0.5999999999999659,32.687267959298566,59.99829505842518,-0.005715986972534199,22.299247501150575,30.959388555543725
3,383.855,0.6999999999999886,39.12039138415168,59.998340826656595,-0.005648642318960781,26.043635296881916,36.048590718945256
3,383.955,0.7999999999999545,45.58336335510437,59.99838788410638,-0.005581101197907197,29.798941034139176,41.2811476244233
3,384.055,0.8999999999999773,52.07616325401961,59.99843617781669,-0.005513307206038359,33.568300551776055,46.65117061663891
3,384.15500000000003,1.0,58.5969428756986,59.99848323391052,-0.00544518657268976,37.35581668875763,51.883576746089744
3,384.255,1.099999999999966,65.14616956586433,59.99853152897679,-0.0053767030374232685,41.16350417450303,57.25375051433256
3,384.355,1.1999999999999886,71.72477042409325,59.998578583714654,-0.005307820532036896,44.99336984334243,62.48600586634154
3,384.455,1.2999999999999545,78.33180293811569,59.99862816596536,-0.005238498815575442,48.847648493314836,67.99930821120542
3,384.555,1.3999999999999773,84.96682810656536,59.99867774821605,-0.0051687287469198385,52.72684989111865,73.51261055606928
3,384.65500000000003,1.5,91.63168670546584,59.99872604599425,-0.005098536448896849,56.62952264370037,78.88308587778114
3,384.755,1.599999999999966,98.32405259887413,59.998773098020195,-0.005027955236716855,60.55381455788421,84.11503967773572
3,384.855,1.6999999999999886,105.04440641515382,59.99882268027089,-0.004957006479073112,64.49853402464989,89.6283420225996
3,384.955,1.7999999999999545,111.79177371794404,59.998872262521594,-0.004885704146815861,68.46290638223644,95.14164436746347
3,385.055,1.8999999999999773,118.5610720274116,59.9989218447723,-0.004814059526504655,72.44630405246046,100.65494671232733
3,385.15500000000003,2.0,125.35788964039641,59.998971427023,-0.004742071661179266,76.44878019959101,106.1682490571912
3,385.255,2.099999999999966,132.18126578381546,59.9990210092737,-0.004669742638494597,80.47021870704668,111.68155140205506
3,385.355,2.1999999999999886,139.02656225044444,59.9990705915244,-0.0045970949642020155,84.50936821267781,117.19485374691894
3,385.455,2.2999999999999545,145.89657497705207,59.999120173775104,-0.004524140340102492,88.56557805714698,122.7081560917828
3,385.555,2.3999999999999773,152.79128753120068,59.9991697560258,-0.0044508520185762455,92.64033536718989,128.22145843664666
3,385.65500000000003,2.5,159.7088592579931,59.999219338276504,-0.004377194074138649,96.73563755311143,133.73476078151054
3,385.755,2.599999999999966,166.65160273885982,59.99926892052721,-0.004303157519275912,100.8519842728667,139.2480631263744
3,385.855,2.6999999999999886,173.61626336260213,59.999319779114636,-0.004228743152956734,104.98932903131738,144.9032878368124
3,385.955,2.7999999999999545,180.60003490173213,59.99937189972587,-0.004153981608353922,109.14596836790722,150.69884338416344
3,386.055,2.8999999999999773,187.5912462598854,59.999421481976576,-0.00407894534774863,113.31787962775581,156.2121457290273
3,386.15500000000003,3.0,194.56937890943837,59.99947106422728,-0.004003661376828893,117.50355724174162,161.72544807530582
3,386.255,3.099999999999966,201.49617261394243,59.999520646477976,-0.003928296688211636,121.69371645458068,167.23875041875502
3,386.355,3.1999999999999886,208.29564060407233,59.999568955781854,-0.003853376206741736,125.8591740830596,172.6105073395274
3,386.455,3.2999999999999545,214.92398447613516,59.99961472401327,-0.0037789640261634443,129.99636933129588,177.6997095043436
3,386.555,3.3999999999999773,221.36628305267186,59.999660492244686,-0.00370479388442577,134.12010161893363,182.78891166915977
3,386.65500000000003,3.5,227.624396950143,59.99970371865033,-0.003630763779489998,138.23604754226693,187.5954753124599
3,386.755,3.599999999999966,233.70858237209575,59.999743129078084,-0.0035567872649829,142.34901670064778,191.97772098921783
3,386.855,3.6999999999999886,239.63424180790918,59.99978381373329,-0.0034825691577049806,146.47541054864197,196.50165448854818
3,386.955,3.7999999999999545,245.4120753102226,59.9998206850472,-0.003407774988158256,150.63383669384365,200.60156319725908
3,387.055,3.8999999999999773,251.06910355487082,59.99985501122076,-0.0033321523619522517,154.83832579274707,204.41846482051756
3,387.15500000000003,4.0,256.6449714865112,59.99988806987134,-0.003255405974187019,159.1052939328132,208.09442412379335
3,387.255,4.099999999999966,262.1769468414123,59.99991858202562,-0.0031772160553743575,163.45252337675794,211.48722556700415
3,387.355,4.199999999999989,267.70935543786976,59.99994782801288,-0.0030973354547858926,167.89375266210368,214.7392354676741
3,387.455,4.2999999999999545,273.2581036286156,59.999974526147874,-0.0030155487438030754,172.4409629243882,217.70793672942256
3,387.555,4.399999999999977,278.8273231317861,59.99999995947181,-0.002931760390521589,177.09946262448813,220.53599722465736
3,387.65500000000003,4.5,284.4482180049756,60.000022843587516,-0.002846048837768926,181.86489407435545,223.0805983077728
3,387.755,4.599999999999966,290.2934537076357,60.00004446424813,-0.0027586127955450644,186.72620597397483,225.48470939898712
3,387.855,4.699999999999989,296.3607008293406,60.000063534344555,-0.002669612428936598,191.67449719361576,227.60521030064018
3,387.955,4.7999999999999545,302.19156676574596,60.00008134234184,-0.002578927409500109,196.7164545573384,229.58537198924867
3,388.055,4.899999999999977,308.0327321355751,60.000096598418985,-0.0024866293498796415,201.8481006127438,231.28177271085409
3,388.15500000000003,5.0,313.87251597978644,60.00011185449612,-0.0023928389432939746,207.06271746886887,232.9781734310448
3,388.255,5.099999999999966,319.7066985180604,60.00012459044288,-0.0022976265078712517,212.3564035324012,234.39434805322801
3,388.355,5.199999999999989,325.61751573617215,60.00013347786866,-0.0022010548965101188,217.72566916987813,235.3825860757282
3,388.455,5.2999999999999545,331.5773955142311,60.00014366121729,-0.0021033081265344655,223.16026674007492,236.5149243428947
3,388.555,5.399999999999977,337.2876235846483,60.00015003122461,-0.0020045283424705335,228.65231044645574,237.2232378180271
3,388.65500000000003,5.5,342.97075682048745,60.000153845243894,-0.0019047457627900384,234.20011665209555,237.64733799948942
3,388.755,5.599999999999966,348.65048272614405,60.000157659263174,-0.0018039968735157719,239.80164813706065,238.0714381795371
3,388.855,5.699999999999989,354.3571883651173,60.00016147328246,-0.0017023550856864245,245.4528233064963,238.4955383595848
3,388.955,5.7999999999999545,360.0947202117767,60.00016403198242,-0.001599906984650164,251.1488328523209,238.7800532067239
3,389.055,5.899999999999977,365.8620375865243,60.00016277734108,-0.0014967368012359982,256.88500386993417,238.64054326324356
3,389.15500000000003,6.0,371.65149135322554,60.000160217285156,-0.0013929269186629951,262.6567469664968,238.3558776386626
3,389.255,6.099999999999966,377.44813815087474,60.00015896399977,-0.0012885512087829688,268.45994468185575,238.21651846979483
3,389.355,6.199999999999989,383.29234494127166,60.00015389737309,-0.0011836807101429003,274.290668223265,237.65313450889298
3,389.455,6.2999999999999545,389.1813474642431,60.00014752126394,-0.001078375961064522,280.14554212799004,236.94414254022354
3,389.555,6.399999999999977,395.1095101423865,60.00014245599322,-0.0009726448133344444,286.0241188705743,236.3809093567635
3,389.65500000000003,6.5,401.07731417099114,60.000134827954646,-0.0008664170860349706,291.93031719398317,235.5327089952535
3,389.755,6.599999999999966,407.08338183498313,60.00012719991608,-0.0007595777571039973,297.8705213795149,234.68450863515812
3,389.855,6.699999999999989,413.1230274154413,60.00011957187751,-0.0006520242940403717,303.850432154368,233.83630827506275
3,389.955,6.7999999999999545,419.1962403876855,60.00011194383894,-0.0005436809481743759,309.8742610911054,232.98810791355274
3,390.055,6.899999999999977,425.3025720742039,60.000105563661904,-0.000434498775689146,315.9447234790834,232.27866361680168
3,390.15500000000003,7.0,431.44015988243564,60.00010050245907,-0.00032446654911685434,322.06244287951387,231.71588276142327
3,390.255,7.099999999999966,437.6075949487601,60.00009536743164,-0.00021362029954447332,328.2254225500241,231.14489297454747
3,390.355,7.199999999999989,443.80623926391655,60.00009412160405,-0.00010203337794416632,334.4295642395329,231.00636307524397
3,390.455,7.2999999999999545,450.0493895570749,60.000091552734375,1.0201711709616005e-05,340.6697505541518,230.72071740507155
3,390.555,7.399999999999977,456.3465233625763,60.000092797206,0.00012292786538260653,346.93722009037555,230.85909652834786
3,390.65500000000003,7.5,462.6764860584657,60.00009661122529,0.00023593520636665773,353.22030944197564,231.28319670839556
3,390.755,7.599999999999966,469.0656213288989,60.000100425244575,0.00034917095783649224,359.51609749174264,231.70729688844324
3,390.855,7.699999999999989,475.56737955216596,60.000105481701546,0.00046267335601355103,365.826703267955,232.26955002772644
3,390.955,7.7999999999999545,482.18344739531216,60.00011310974011,0.0005763527608585333,372.1471350288748,233.11775038782181
3,391.055,7.899999999999977,488.7435538635553,60.00012073777869,0.000690096351595552,378.4711340105503,233.96595074933182
3,391.15500000000003,8.0,495.38026122227564,60.000129606220995,0.0008037456378308878,384.78988107462175,234.95207790320725
3,391.255,8.099999999999966,502.0987824365583,60.00014228800461,0.0009171639405360207,391.0957614291465,236.36222985053143
3,391.355,8.199999999999989,508.7377016968517,60.00015754408175,0.0010302234878412863,397.3816774355541,238.05863057213682
3,391.455,8.299999999999955,515.4703338767051,60.00017280015889,0.00114276106209274,403.63856933102323,239.75503129374223
3,391.555,8.399999999999977,522.3200862894098,60.00018929392785,0.0012546357925164557,409.8585971873576,241.58905725565862
3,391.65500000000003,8.5,529.0766301997395,60.000208364024274,0.0013656662962635673,416.03166755459677,243.7095581573117
3,391.755,8.599999999999966,535.8824198857717,60.00022867045656,0.0014756617171923431,422.1471768888167,245.96753352466325
3,391.855,8.699999999999989,542.7100281739246,60.00025279023014,0.0015844059466596711,428.19309279830645,248.64953368404886
3,391.955,8.799999999999955,549.3985300694021,60.00027948836513,0.001691683625368452,434.1574486624268,251.61823494579733
3,392.055,8.899999999999977,556.1142876364271,60.000306186500126,0.0017973190191226663,440.0304903944931,254.58693620896042
3,392.15500000000003,9.0,562.8622390830548,60.000334118259055,0.001901149837574855,445.80318662357655,257.6928103843529
3,392.255,9.099999999999966,569.5720799775557,60.000365863359285,0.0020031496233194465,451.47404854765244,261.22270935177954
3,392.355,9.199999999999989,576.3099754256817,60.00040018953285,0.0021033541273020352,457.0450715573419,265.039610975038
3,392.455,9.299999999999955,583.0689308158787,60.00043451570641,0.0022018549359131083,462.5213652967312,268.8565125982965
3,392.555,9.399999999999977,589.8043971735077,60.000470072791984,0.00229869117842096,467.9050967489021,272.81028558172994
3,392.65500000000003,9.5,596.5576144623195,60.00050821298483,0.0023938145010747166,473.1935676819171,277.0512873850361
3,392.755,9.599999999999966,603.3289265421784,60.000546353177675,0.002487202437931116,478.3855472401255,281.2922891883423
3,392.855,9.699999999999989,610.1203227983202,60.000585722248594,0.00257884456533722,483.4804470685252,285.66993618778264
3,392.955,9.799999999999955,616.9290167617321,60.000627676460724,0.002668831702720306,488.4833064832015,290.3350381711365
3,393.055,9.899999999999977,623.7531078500341,60.000670858194965,0.0027574839868405574,493.4119343665641,295.13663457601194
3,393.15500000000003,10.0,630.5835622622757,60.000715399582255,0.0028453512352511084,498.2968986838027,300.08941770873474
3,393.255,10.099999999999966,637.3767305495896,60.000757353794384,0.0029325992694130667,503.1474486726699,304.7545196920886
3,393.355,10.199999999999989,644.0578605253971,60.00079930800652,0.0030186246487046327,507.93001468960676,309.4196216768571
3,393.455,10.299999999999955,650.5709766356352,60.000840037408466,0.003102854487016382,512.6127547454206,313.9485307949876
3,393.555,10.399999999999977,656.8967112617628,60.000878177601315,0.003185151303028277,517.1880361995057,318.1895325982938
3,393.65500000000003,10.5,663.0317556857765,60.000916317794164,0.003265574202090503,521.6591255249904,322.43053440301463
3,393.755,10.599999999999966,668.9756263752934,60.000953235210766,0.0033442214524820896,526.0314961836572,326.53556950372365
3,393.855,10.699999999999989,674.7297287323277,60.000987561384335,0.0034210663551552923,530.3036751283028,330.3524711269821
3,393.955,10.799999999999955,680.2945034745968,60.0010218875579,0.0034959832102806187,534.468653380834,334.1693727502406
3,394.055,10.899999999999977,685.6645459142522,60.00105499298916,0.003568863187070754,538.5203902355718,337.85053383635733
3,394.15500000000003,11.0,690.8406419113159,60.00108428507912,0.003639661987756508,542.456444463361,341.10767013044006
3,394.255,11.099999999999966,695.8411315786572,60.001112202600446,0.0037084028371382623,546.2780880207908,344.211961153303
3,394.355,11.199999999999989,700.6610472169587,60.00114149604637,0.0037751390939360133,549.9882650777145,347.4692482234129
3,394.455,11.299999999999955,705.2958498808073,60.00116697615099,0.003839916090610204,553.589539375347,350.3025105014887
3,394.555,11.399999999999977,709.7298446580239,60.00119107761909,0.003902800460781638,557.0855958714795,352.9824751802632
3,394.65500000000003,11.5,713.9786447643945,60.00121534240526,0.003963908369474233,560.4828804016107,355.6806000253061
3,394.755,11.599999999999966,718.0496935311745,60.001235628498115,0.004023341089663647,563.787058937053,357.93631374800566
3,394.855,11.699999999999989,721.9500066048005,60.001257297295375,0.004081163078099036,567.0016698882234,360.34577739808816
3,394.955,11.799999999999955,725.6895624372163,60.001276367391796,0.004137456061899617,570.1312913260175,362.46627829974125
3,395.055,11.899999999999977,729.2756403148227,60.00129422352573,0.004192337721228906,573.1824544919332,364.45179254438864
3,395.15500000000003,12.0,732.6910635424018,60.001309479602874,0.00424593238817472,576.1620843168714,366.14819326599405
3,395.255,12.099999999999966,735.9545159613072,60.00132352307349,0.004298434851835642,579.0809989606837,367.7097581080356
3,395.355,12.199999999999989,739.0842937608928,60.00133496513134,0.004350064038655739,581.9513827293821,368.9820586495933
3,395.455,12.299999999999955,742.0651666513966,60.001346407189196,0.004400998178219022,584.783122215424,370.254359191151
3,395.555,12.399999999999977,744.9488898057142,60.001356638674466,0.004451378525229546,587.5840816785446,371.392050015771
3,395.65500000000003,12.5,747.7415326909692,60.00136426671303,0.004501345869162272,590.3621013372587,372.2402503758664
3,395.755,12.599999999999966,750.4993356377655,60.00137068553498,0.004551078017132177,593.1270547581584,372.9539917978806
3,395.855,12.699999999999989,753.2615222211128,60.00137449955427,0.004600651409500847,595.8832046013216,373.3780919779283
3,395.955,12.799999999999955,756.080842026884,60.001378313573554,0.004649956026908376,598.6244107633609,373.80219215939064
3,396.055,12.899999999999977,758.8509900056848,60.001380920410156,0.0046988206833034896,601.3411666092898,374.0920595639833
3,396.15500000000003,13.0,761.7954519283109,60.001380920410156,0.004747070076885736,604.0237386317137,374.0920595639833
3,396.255,13.099999999999966,764.592152663713,60.001379714583436,0.004794567808319876,606.6645307641339,373.9579775659701
3,396.355,13.199999999999989,768.0099843205494,60.001375900564156,0.004841284922888425,609.2619462370591,373.5338773859224
3,396.455,13.299999999999955,771.2511122418474,60.00137088207411,0.004887253662515796,611.817764957557,372.9758459824741
3,396.555,13.399999999999977,774.2001307072481,60.001363254035546,0.004932348350683765,614.3250127318512,372.12764562237874
3,396.65500000000003,13.5,778.0090430841707,60.00135442288218,0.004976323983649532,616.7700549933197,371.14566481490994
3,396.755,13.599999999999966,781.4928517959416,60.00134418326114,0.005018937737539732,619.139393231728,370.0070693312974
3,396.855,13.699999999999989,784.5171535799832,60.00133535346374,0.005059968600876393,621.4207132766228,369.02523930127046
3,396.955,13.799999999999955,788.4515474993252,60.001322710325034,0.005099264373823124,623.6056021584247,367.61938447920943
3,397.055,13.899999999999977,792.2839142492347,60.00130745424789,0.00513675916071458,625.6903851727824,365.922983757604
3,397.15500000000003,14.0,795.6289891456714,60.00129219817076,0.005172499364069483,627.6776176008628,364.2265830359986
3,397.255,14.099999999999966,798.4413129104078,60.00127574304671,0.005206581541131461,629.5726791876822,362.3968541979307
3,397.355,14.199999999999989,801.5614997208246,60.001256672950284,0.005238942814026332,631.3720875862683,360.276353294863
3,397.455,14.299999999999955,804.3242105370884,60.00123760285386,0.005269344023801141,633.0625211057244,358.1558523932099
3,397.555,14.399999999999977,807.3397559367066,60.00121853275744,0.005297615609239652,634.6345523563126,356.0353514915568
3,397.65500000000003,14.5,810.2014577406808,60.00119826632603,0.005323709578198404,636.0855244608069,353.78182402408095
3,397.755,14.599999999999966,812.9919767750956,60.00117538221032,0.005347621305789676,637.4151939449335,351.2372229423802
3,397.855,14.699999999999989,815.8773839906079,60.00115249809461,0.0053694831346727916,638.6308935917658,348.6926218606794
3,397.955,14.799999999999955,818.7766165374272,60.00112841967786,0.005389526661133557,639.7455111813845,346.01522037719667
3,398.055,14.899999999999977,821.7593812586375,60.001101721542874,0.005407966038888946,640.7709670473133,343.04651911544823
3,398.15500000000003,15.0,824.8020767094099,60.00107502340788,0.005424977210974265,641.7170179283852,340.07781785228514
3,398.255,15.099999999999966,827.9239003851092,60.00104832527288,0.005440652257667562,642.588783237777,337.1091165905367
3,398.355,15.199999999999989,831.1164156359089,60.001021627137895,0.005454957088689392,643.3843675223272,334.1404153273736
3,398.455,15.299999999999955,834.3835661363493,60.000993738091765,0.0054679303402065844,644.1059303918091,331.03929060532585
3,398.555,15.399999999999977,837.725238675073,60.00096322593748,0.005479741775446717,644.7629243120458,327.646489162115
3,398.65500000000003,15.5,841.1474412790667,60.00093271378321,0.00549066157985403,645.3703455697147,324.25368771890425
3,398.755,15.599999999999966,844.6515016603431,60.00090220162893,0.0055010844333291805,645.9501376864285,320.8608862771081
3,398.855,15.699999999999989,848.2218417761635,60.000870501275436,0.005511449408386428,646.5267239969864,317.33596292706704
3,398.955,15.799999999999955,851.8250023995083,60.00083736262311,0.005522185844677486,647.1239776159359,313.65110782262525
3,399.055,15.899999999999977,855.418824018399,60.00080566362558,0.005533700726397238,647.7644981598568,310.1263352486114
3,399.15500000000003,16.0,858.9553530803108,60.000772523617286,0.0055463131819784165,648.4660569632949,306.44132936672776
3,399.255,16.099999999999966,862.3704131306872,60.000743196950296,0.005560245568561672,649.2409653454234,303.1803482782928
3,399.355,16.19999999999999,865.7031328356526,60.000715314005994,0.00557566376231346,650.0984690369876,300.0799020497821
3,399.455,16.299999999999955,868.9624032091548,60.00068598598305,0.005592702858627225,651.0461076315122,296.81877018532
3,399.555,16.399999999999977,872.0993458338762,60.00065928784805,0.005611427852210039,652.0874547662733,293.8500689221569
3,399.65500000000003,16.5,875.1532727827238,60.00063377248843,0.00563186641299233,653.2240631296664,291.0128864617152
3,399.755,16.599999999999966,878.1169645774646,60.000609706275334,0.005654009899218696,654.4554496657631,288.3368419653066
3,399.855,16.69999999999999,880.9638604330033,60.000584189559746,0.005677787672851754,655.7777157538429,285.4995087288377
3,399.955,16.799999999999955,883.7252878332093,60.00056248618546,0.005703130150656509,657.186940559643,283.08620028298833
3,400.055,16.899999999999977,886.3887207004728,60.00054341608904,0.005730013872946761,658.6818313442844,280.96569938133524
3,400.15500000000003,17.0,888.9998398578957,60.000524345992616,0.005758488904559356,660.2651978255407,278.8451984796822
3,400.255,17.099999999999966,891.5501157608115,60.00050527589619,0.005788685374637115,661.9442751017899,276.7246975780291
3,400.355,17.19999999999999,894.0866736269656,60.00048620579977,0.005820707586140415,663.7248623750455,274.60419667637603
3,400.455,17.299999999999955,896.6081884357739,60.00046831305486,0.0058545915962731395,665.6089526262745,272.6146114705063
3,400.555,17.399999999999977,899.1825788758534,60.000453056977726,0.005890296663539504,667.594265934456,270.9182107489009
3,400.65500000000003,17.5,901.8892015703378,60.00043897689614,0.005927671668938687,669.672414876248,269.3525749484663
3,400.755,17.599999999999966,904.5773469840586,60.00042635952071,0.005966482446923367,671.8303771538936,267.94958487516607
3,400.855,17.69999999999999,907.9354404157258,60.00041345272276,0.006006462315842714,674.0533433254029,266.5144124410186
3,400.955,17.799999999999955,911.1436610455294,60.00040465072258,0.006047361504137408,676.3273815221097,265.5356733252078
3,401.055,17.899999999999977,913.9768193107312,60.00039438194836,0.006088993312933438,678.6421682441462,264.3938361513519
3,401.15500000000003,18.0,917.6606939798634,60.000387926515444,0.0061311860590321015,680.9881039227778,263.67602377094465
3,401.255,18.099999999999966,920.9735093814046,60.00038411249616,0.006173686796213391,683.3511367384773,263.2519235894823
3,401.355,18.19999999999999,923.7943401794315,60.00038029847687,0.006216264758563629,685.718463460077,262.82782340943464
3,401.455,18.299999999999955,927.4816460225704,60.00037648445759,0.006258684292045144,688.0769819852916,262.40372322938697
3,401.555,18.399999999999977,930.6956501634206,60.00037384033203,0.006300763698729999,690.4165779006255,262.10970947555836
3,401.65500000000003,18.5,933.294792211303,60.00037384033203,0.00634242161821444,692.7327120955792,262.10970947555836
3,401.755,18.599999999999966,936.2790848122125,60.00037384033203,0.006383545775468994,695.0191697015937,262.10970947555836
3,401.855,18.69999999999999,938.6861661964003,60.00037500819182,0.006423905866287202,697.2631337519828,262.23956973773664
3,401.955,18.799999999999955,941.3773867290473,60.000379989392904,0.006463353494507192,699.4563255004606,262.7934547933637
3,402.055,18.899999999999977,943.6059954537848,60.00038645092765,0.006501988033906624,701.604294390156,263.51194566730794
3,402.15500000000003,19.0,945.9957240726219,60.00039143077278,0.006539849725551047,703.7093091528537,264.0656799454931
3,402.255,19.099999999999966,948.1407594427103,60.00040022395921,0.006576942522140539,705.7715332211905,265.04343901712707
3,402.355,19.19999999999999,950.3513731631346,60.000411666017065,0.006613190444165567,707.7867543388322,266.3157395572701
3,402.455,19.299999999999955,952.498570830701,60.00042310807492,0.0066484505366178216,709.7470525698841,267.58804009882783
3,402.555,19.399999999999977,954.6477504576471,60.00043455013277,0.006682518888645961,711.641090735703,268.8603406403855
3,402.65500000000003,19.5,956.9065235812686,60.00044715462657,0.006715089871976036,713.4518637604788,270.2618983385981
3,402.755,19.599999999999966,959.1628355871729,60.00046357246166,0.006745921932220081,715.1659128028303,272.0874808288447
3,402.855,19.69999999999999,961.3753985539421,60.00048148147811,0.0067748732186085035,716.7753760633556,274.07887534987015
3,402.955,19.799999999999955,963.7475763863783,60.000497897957246,0.006801896907054646,718.2776825483157,275.9043070655042
3,403.055,19.899999999999977,966.1204276111542,60.00051696805367,0.006827030920138734,719.674895788167,278.0248079671573
3,403.15500000000003,20.0,968.6267490834814,60.000536038150095,0.0068504471514571905,720.9766016925175,280.1453088688104
3,403.255,20.099999999999966,971.1665184264916,60.00055626661457,0.006872471474271377,722.2009058423457,282.3946145990367
3,403.355,20.19999999999999,973.8311228821353,60.00057915073028,0.006893463466307197,723.3677839357397,284.9392156821521
3,403.455,20.299999999999955,976.5405604063179,60.00060203484599,0.006913718948886219,724.4937122527091,287.4838167638529
3,403.555,20.399999999999977,979.3911546049394,60.000626075295806,0.00693344763569895,725.5903379589594,290.15699651008606
3,403.65500000000003,20.5,982.2720886036415,60.00065161777467,0.00695277915741667,726.6648645236102,292.99719449673034
3,403.755,20.599999999999966,985.2848019618833,60.00067565686852,0.006971765191545346,727.7201981550393,295.67022346693636
3,403.855,20.69999999999999,988.4230143863967,60.00070235500352,0.006990448547602862,728.7586732475692,298.63892473009946
3,403.955,20.799999999999955,991.6285417939775,60.0007302067607,0.007008900493734678,729.7842687102359,301.7359031043259
3,404.055,20.899999999999977,994.9536744128285,60.000760718914975,0.00702721739422179,730.8023255781933,305.1287045461221
3,404.15500000000003,21.0,998.3273545111535,60.00079007880303,0.007045494125158309,731.8181608837339,308.39337965429667
3,404.255,21.099999999999966,1001.7901175720863,60.00081908011451,0.007063769277790055,732.8339115077309,311.61818281150494
3,404.355,21.19999999999999,1005.3608349707245,60.00085225537781,0.007082047235543918,733.849770904485,315.3071088757544
3,404.455,21.299999999999955,1009.0440751666345,60.00088276753209,0.007100249901378599,734.8614727467079,318.69991031896524
3,404.555,21.399999999999977,1012.7580174659836,60.000914429240666,0.0071181888506346115,735.8584986395626,322.2205365451578
3,404.65500000000003,21.5,1016.5463041280204,60.00094875541423,0.007135581312120568,736.8251100518642,326.03743816841626
3,404.755,21.599999999999966,1020.3940256160533,60.00098308158779,0.007152141016746159,737.7454205277294,329.85433979167476
3,404.855,21.69999999999999,1024.2369385488814,60.00101740776135,0.007167727175799724,738.6116025188943,333.6712414149332
3,404.955,21.799999999999955,1028.1501247287201,60.001051733934915,0.007182340231557841,739.4236806994442,337.4881430381917
3,405.055,21.899999999999977,1032.1369778001786,60.00108720627288,0.0071960119008794305,740.1834057339363,341.43249250436395
3,405.15500000000003,22.0,1036.2079221422307,60.00112534646572,0.007208770019364739,740.89230823757,345.67349430767007
3,405.255,22.099999999999966,1040.3637791664148,60.00116234185013,0.007220570694747655,741.5479906136986,349.78719904550434
3,405.355,22.19999999999999,1044.5569655905933,60.00119781215415,0.007231335218527714,742.146081200386,353.73132234622113
3,405.455,22.299999999999955,1048.8175710971382,60.001237095799475,0.007240931132979768,742.6791557982939,358.09947044038665
3,405.555,22.399999999999977,1053.1486358127306,60.00127790723711,0.007249243194590649,743.1408327791589,362.6375015223094
3,405.65500000000003,22.5,1057.5474390752993,60.00131718952647,0.007256165721991438,743.5252709146087,367.00549883903307
3,405.755,22.599999999999966,1062.0120148486715,60.001358002320075,0.007261551546021572,743.8242536489895,371.5436806983976
3,405.855,22.69999999999999,1066.542326629156,60.00139728325347,0.007265213508058578,744.0274099077579,375.91152723909414
3,405.955,22.799999999999955,1071.1387631595524,60.0014392374656,0.007266975969444941,744.1249274209922,380.57662922244793
3,406.055,22.899999999999977,1075.801999000141,60.00148119167773,0.007266657558194413,744.1067525318055,385.24173120721645
3,406.15500000000003,23.0,1080.526780472611,60.00152428459647,0.00726404484111949,743.9610062129411,390.0334517639198
3,406.255,23.099999999999966,1085.3074401121435,60.00156891479926,0.007258886256358368,743.6736979325194,394.9961107434001
3,406.355,23.19999999999999,1090.152684061466,60.00161200636204,0.007251014793160185,743.2355771130409,399.7876805240762
3,406.455,23.299999999999955,1095.0589930970277,60.00165663792079,0.0072402335157074555,742.6356602598477,404.75049028099835
3,406.555,23.399999999999977,1100.0274841360401,60.001699728127605,0.0072263206552374525,741.8616524439091,409.5419092856473
3,406.65500000000003,23.5,1105.077344431235,60.00174436104232,0.007209066530051527,740.9018615846771,414.50486981859666
3,406.755,23.599999999999966,1110.334750711589,60.00178744989317,0.007188234113377274,739.7431444950363,419.29613804580373
3,406.855,23.69999999999999,1115.8512040945818,60.00183208416385,0.007163715792416752,738.3794839814108,424.25924935478025
3,406.955,23.799999999999955,1121.2945432928668,60.00187517165874,0.007135444865206807,736.8072065203147,429.05036680596015
3,407.055,23.899999999999977,1126.8132880633143,60.001919807285375,0.007103365543264873,735.0231763196475,434.0136288909639
3,407.15500000000003,24.0,1132.391832960702,60.00196176149751,0.007067304596472386,733.0178096236558,438.6787308757324
3,407.255,24.099999999999966,1137.9792987586397,60.00200371570964,0.007027381660799685,730.7977284546776,443.34383285908626
3,407.355,24.19999999999999,1143.4825847085378,60.00204566992177,0.006983610525389683,728.3636998628983,448.0089348438547
3,407.455,24.299999999999955,1148.8686346330794,60.00208762413391,0.006936077254175559,725.7205091907788,452.67403682862323
3,407.555,24.399999999999977,1154.2022347730942,60.002129578346036,0.006884921263548,722.8759080274834,457.3391388119771
3,407.65500000000003,24.5,1159.5517765211578,60.00217040402128,0.006830041416839224,719.8242861009202,461.8787530464294
3,407.755,24.599999999999966,1164.9459817280256,60.00220854421412,0.006771534602090022,716.5710472198117,466.1197548497355
3,407.855,24.69999999999999,1170.3876993598976,60.00224668440697,0.0067096904546805475,713.1322653411021,470.3607566530417
3,407.955,24.799999999999955,1175.8721717914755,60.00228482459982,0.006644871795533132,709.5281126445615,474.6017584577625
3,408.055,24.899999999999977,1181.421833431634,60.00232296479266,0.0065773748235908045,705.7750572642898,478.84276026106863
3,408.15500000000003,25.0,1187.0214241293177,60.00235997983852,0.006507342531545828,701.8810613910671,482.95865125554127
3,408.255,25.099999999999966,1192.667846530231,60.002394306012086,0.006434895720675816,697.8528577692198,486.7755528787997
3,408.355,25.19999999999999,1198.354678037436,60.00242863218565,0.006360329977085338,693.7068516728901,490.5924545020582
3,408.455,25.299999999999955,1204.0799221255063,60.00246295835921,0.006283896757189135,689.4570235422111,494.40935612531666
3,408.555,25.399999999999977,1209.8484857707947,60.00249728453277,0.006205793320474981,685.1143405958865,498.22625774857516
3,408.65500000000003,25.5,1215.659184397811,60.002531610706335,0.006126282782729515,680.6934314477365,502.0431593718336
3,408.755,25.599999999999966,1221.5103595531516,60.0025659368799,0.006045575840406595,676.2060103209265,505.8600609950921
3,408.855,25.69999999999999,1227.4027748012245,60.00260026305346,0.005963864851885764,671.6627718719949,509.67696261835056
3,408.955,25.799999999999955,1233.3319336810134,60.00263458922702,0.005881312074786986,667.0727372235704,513.493864241609
3,409.055,25.899999999999977,1239.2993652184632,60.002668915400584,0.0057980231251436535,662.4417783793091,517.3107658648676
3,409.15500000000003,26.0,1245.305058040373,60.002703241574146,0.005714048999777246,657.7727306698973,521.127667488126
3,409.255,26.099999999999966,1251.3491893161067,60.00273756774771,0.005629444488627185,653.0686403057592,524.9445691113845
3,409.355,26.19999999999999,1257.4363332436667,60.00277189392127,0.005544245506437474,648.3315040890714,528.7614707360576
3,409.455,26.299999999999955,1263.564204139069,60.00280622009483,0.005458449212425136,643.5611641326987,532.5783723593161
3,409.555,26.399999999999977,1269.7293886426376,60.002840546268395,0.005372041744800961,638.7568498169366,536.3952739825745
3,409.65500000000003,26.5,1275.931365320157,60.00287598741924,0.005285033847265307,633.9191478263868,540.3361555930479
3,409.755,26.599999999999966,1282.1703145615422,60.002913013312785,0.005197462672819227,629.0501195790686,544.4532527971528
3,409.855,26.69999999999999,1288.4421678931528,60.00294733948635,0.005109405178576646,624.1540844618079,548.2701544204112
3,409.955,26.799999999999955,1294.740413549984,60.00298166565991,0.00502096789033897,619.2369391315106,552.0870560436697
3,410.055,26.899999999999977,1301.0634460153908,60.003017104098824,0.004932154790379545,614.2988946944537,556.0276361020886
3,410.15500000000003,27.0,1307.4172292650717,60.0030541327043,0.004842860953869335,609.334113563628,560.1450348596626
3,410.255,27.099999999999966,1313.8017988481215,60.00308956978726,0.004753047823209671,604.3404815343009,564.0854641420543
3,410.355,27.19999999999999,1320.2159622557924,60.00312659974869,0.004662669262575432,599.3154044512901,568.2030136742409
3,410.455,27.299999999999955,1326.6582742738217,60.00316203547568,0.004571751677883346,594.260379436205,572.1432921806054
3,410.555,27.399999999999977,1333.1319852668628,60.00319906679309,0.004480345190909845,589.1781643607567,576.2609924902338
3,410.65500000000003,27.5,1339.6350692857213,60.00323450116411,0.004388515740972424,584.07245381785,580.2011202191565
3,410.755,27.599999999999966,1346.1695307625782,60.00327153383748,0.004296418249247479,578.9518325827196,584.3189713062266
3,410.855,27.69999999999999,1352.7395928158269,60.00330696685254,0.004204227608133475,573.8260521814844,588.2589482591221
3,410.955,27.799999999999955,1359.3443645460015,60.00334510704539,0.004111979696768747,568.6970699796392,592.4999500624283
3,411.055,27.899999999999977,1365.9845237098407,60.00338324723823,0.004019630530203513,563.5624642701582,596.7409518657345
3,411.15500000000003,28.0,1372.6528893311854,60.00342138743108,0.00392719992156751,558.4233366001115,600.9819536704553
3,411.255,28.099999999999966,1379.3423806641736,60.00345952762393,0.003834734402611344,553.2822739704801,605.2229554737614
3,411.355,28.19999999999999,1386.0482216087016,60.003497667816774,0.003742240835868569,548.1396579158741,609.4639572770676
3,411.455,28.299999999999955,1392.7831343144576,60.00353691078324,0.0036496813669038945,542.9933748237692,613.8275820819291
3,411.555,28.399999999999977,1399.5447921052337,60.00357776289974,0.0035570297998674923,537.8419644515823,618.3701364531559
3,411.65500000000003,28.5,1406.3334524739646,60.00361700451024,0.003464260464756703,532.6840259549367,622.7336104819902
3,411.755,28.599999999999966,1413.1542298724046,60.003657857982695,0.003371329526070581,527.5170961902178,627.2763156292441
3,411.855,28.69999999999999,1420.0042798687095,60.00369709823724,0.003278198150946036,522.3390420594441,631.6396388820513
3,411.955,28.799999999999955,1426.8906509042927,60.00373905244937,0.003184858120575096,517.1493724448003,636.3047408654052
3,412.055,28.899999999999977,1433.80433952042,60.00377990795577,0.0030913152366012163,511.9484400591473,640.8476721781144
3,412.15500000000003,29.0,1440.7428703985377,60.00381914617637,0.0029975727401240575,506.7364288285625,645.2107692654662
3,412.255,29.099999999999966,1447.707306164328,60.0038611003885,0.0029036369322935408,501.5136558599823,649.8758712502347
3,412.355,29.19999999999999,1454.6841088853205,60.003903054600634,0.0028095258443965186,496.2811446573303,654.5409732350032
3,412.455,29.299999999999955,1461.6758365587757,60.003945008812764,0.002715303697018184,491.04246563984293,659.206075218357
3,412.555,29.399999999999977,1468.6958965591607,60.00398696302489,0.002620979336407887,485.79811063407743,663.8711772017109
3,412.65500000000003,29.5,1475.7382874862212,60.00402891723703,0.0025264277483450504,480.54112938260283,668.5362791864793
3,412.755,29.599999999999966,1482.8074551928466,60.00407087144916,0.002431636253810629,475.27081700942796,673.2013811698332
3,412.855,29.69999999999999,1489.9140314249696,60.004113918943176,0.0023366623596882503,469.99036291138873,677.9880507211374
3,412.955,29.799999999999955,1497.0477413619747,60.00415859457069,0.0022415247132486207,464.7008003214183,682.9557607074315
3,413.055,29.899999999999977,1504.1900378012745,60.00420054878282,0.0021462815243595756,459.4053960694822,687.6208626907853
3,413.15500000000003,30.0,1511.3467775047802,60.004243594242894,0.0020510593110751067,454.1111571950923,692.4073060780487
3,413.255,30.099999999999966,1518.5081223728353,60.00428827190435,0.0019559855362504294,448.82516666232044,697.3752422283836
3,413.355,30.19999999999999,1525.68236738197,60.00433131600846,0.0018609834906691675,443.5431820486796,702.1615348382052
3,413.455,30.299999999999955,1532.873433874938,60.00437599502588,0.0017659772957331669,438.2609627916826,707.1296217659818
3,413.555,30.399999999999977,1540.0855089654399,60.00441903777403,0.001670897860113144,432.97468952605624,711.9157635983615
3,413.65500000000003,30.5,1547.3139843310335,60.004463718147406,0.001575728573833186,427.68341726338076,716.8840013021655
3,413.755,30.599999999999966,1554.5652081004373,60.004506759539595,0.0014804834167553463,422.38794454315087,721.6699923599326
3,413.855,30.69999999999999,1561.8386277885252,60.00455252777101,0.001385156399383685,417.0879104669344,726.7591945233341
3,413.955,30.799999999999955,1569.1298125314931,60.00459829600243,0.001289745879576971,411.7832413771247,731.8483966881504
3,414.055,30.899999999999977,1576.4377844120877,60.004644064233844,0.00119426672644703,406.4747639361535,736.9375988529665
3,414.15500000000003,31.0,1583.7630303616272,60.00468983246527,0.0010988211221488247,401.1681589959985,742.0268010177828
3,414.255,31.099999999999966,1591.105573307311,60.004735600696684,0.0010036006468445407,395.874077495443,747.1160031825989
3,414.355,31.19999999999999,1598.4639075602115,60.0047813689281,0.0009087168056024928,390.5987185538354,752.2052053474151
3,414.455,31.299999999999955,1605.8382502188424,60.004827137159516,0.0008140986728288617,385.3381390132853,757.2944075122313
3,414.555,31.399999999999977,1613.2265385627509,60.00487398714714,0.0007195785185168257,380.08300765964526,762.5038956445227
3,414.65500000000003,31.5,1620.630036215775,60.004922488319615,0.0006249877100322997,374.8239463696423,767.8969874085103
3,414.755,31.599999999999966,1628.0513355792457,60.00496825655103,0.0005301721637667841,369.55241375338875,772.9861895733264
3,414.855,31.69999999999999,1635.489820169041,60.005015104504714,0.0004349894208938559,364.260468192699,778.1954515415771
3,414.955,31.799999999999955,1642.94681362567,60.00506360771113,0.0003392899920365131,358.93979601262544,783.5887694710201
3,415.055,31.899999999999977,1650.4179321812162,60.005109375942546,0.00024307299641164923,353.5903721737723,788.6779716358363
3,415.15500000000003,32.0,1657.8629978696508,60.00515514417396,0.0001468914278015683,348.2429252967515,793.7671738006525
3,415.255,32.099999999999966,1665.1919246203413,60.00520091240538,5.1935660362849415e-05,342.96363403373954,798.856375964054
3,415.355,32.19999999999999,1672.3343805906602,60.005246680636795,-4.086075241682348e-05,337.8043989606308,803.9455781288702
3,415.455,32.299999999999955,1679.259515573585,60.00529137321383,-0.0001310456022959006,332.79036564763817,808.9151728183335
3,415.555,32.39999999999998,1685.9564095179985,60.005332252449556,-0.0002184528987959198,327.930775321434,813.4607427143482
3,415.65500000000003,32.5,1692.4296231321914,60.005370392642405,-0.0003031247823809555,323.22327882035546,817.701744519069
3,415.755,32.599999999999966,1698.6871735663508,60.005408532835254,-0.00038521891573692037,318.6590968990425,821.9427463223752
3,415.855,32.69999999999999,1704.7391619960215,60.0054466730281,-0.00046489606589203197,314.22929152623266,826.183748127096
3,415.955,32.799999999999955,1710.5866139718746,60.00548374095647,-0.0005422480410990685,309.92876345010274,830.3055193951174
3,416.055,32.89999999999998,1716.2310564154168,60.00551699554354,-0.0006173795717734744,305.7517024706374,834.0032658725193
3,416.15500000000003,33.0,1721.6712827255205,60.00554857860633,-0.0006904319616346121,301.6902421957927,837.515147073573
3,416.255,33.099999999999966,1726.9174300414343,60.00558076431882,-0.0007615302282261314,297.7374216267726,841.0940399571728
3,416.355,33.19999999999999,1731.9794713912645,60.00560853200637,-0.0008308179282197999,293.88528205700266,844.1816702021516
3,416.455,33.299999999999955,1736.86246504294,60.00563797528607,-0.0008984282063058007,290.1263937549138,847.4556180501456
3,416.555,33.39999999999998,1741.5651951579325,60.005664673421066,-0.0009644273248513795,286.45709220453125,850.4243193133087
3,416.65500000000003,33.5,1746.085514396521,60.00569030403745,-0.001028789079045424,282.8788265085057,853.2743177586968
3,416.755,33.599999999999966,1750.4292476525006,60.00571318815316,-0.0010914588349054397,279.3946408224841,855.8189188403976
3,416.855,33.69999999999999,1754.5998295398113,60.005735006106214,-0.001152396869065683,276.00673600051954,858.2449678817653
3,416.955,33.799999999999955,1758.5845554217487,60.00575407620264,-0.0012116215159035575,272.7140994279938,860.3654687834184
3,417.055,33.89999999999998,1762.3971426299806,60.00577314629906,-0.001269177215002102,269.514248827357,862.4859696850715
3,417.15500000000003,34.0,1766.058316364807,60.005792216395484,-0.001325173907323161,266.4010720232348,864.6064705867245
3,417.255,34.099999999999966,1769.6010603674492,60.00581022304118,-0.0013799397304668877,263.3563305863842,866.608721000099
3,417.355,34.19999999999999,1773.0332944963375,60.00582547911832,-0.0014338630134125196,260.3584420723304,868.3051217217043
3,417.455,34.299999999999955,1776.4003968732707,60.00584073519546,-0.0014872707046544498,257.3892189000402,870.0015224433097
3,417.555,34.39999999999998,1779.7247407863817,60.005854929855815,-0.0015404686327859009,254.43166280974086,871.5798988392626
3,417.65500000000003,34.5,1783.0171654594146,60.00586743265247,-0.0015937238401408833,251.47093002297422,872.9701483170445
3,417.755,34.599999999999966,1786.2950772188067,60.00588162866879,-0.0016472627406645948,248.49442028172746,874.5486754904392
3,417.855,34.69999999999999,1789.5523704830587,60.00589307072664,-0.0017012591637322223,245.49248641389718,875.820976031997
3,417.955,34.799999999999955,1792.8748158423043,60.00590345407964,-0.001755890675131221,242.455250208391,876.9755538013712
3,418.055,34.89999999999998,1796.2031280711021,60.005912140145085,-0.001811380297920745,239.37031504961874,877.9414015456365
3,418.15500000000003,35.0,1799.5108593233174,60.00592252485404,-0.0018678601075237356,236.2303259605977,879.0961300910378
3,418.255,35.099999999999966,1802.9787605346048,60.00593015289262,-0.001925333697860574,233.0350991022349,879.9443304525479
3,418.355,35.19999999999999,1806.4359520605005,60.005936724938245,-0.0019837404892200728,229.78799606861648,880.6751095939288
3,418.455,35.299999999999955,1809.8412807416903,60.005941594272485,-0.0020430099736792576,226.49293876639092,881.2165556046773
3,418.555,35.39999999999998,1813.436931040829,60.005948167674084,-0.0021030750472940682,223.15364605068464,881.9474855235002
3,418.65500000000003,35.5,1817.0673270143702,60.005950927734375,-0.0021638161025871005,219.77678600478814,882.2543906488742
3,418.755,35.599999999999966,1820.6466562482842,60.005951981015386,-0.002224968312248873,216.37707402351464,882.3715103155342
3,418.855,35.69999999999999,1824.1158643319632,60.00595474243164,-0.0022861520088447423,212.97560616031558,882.6785662169355
3,418.955,35.799999999999955,1827.7431496374752,60.00595474243164,-0.002346979226552225,209.5939654887398,882.6785662169355
3,419.055,35.89999999999998,1831.2820497282044,60.00595474243164,-0.002407186627789123,206.24678301967325,882.6785662169355
3,419.15500000000003,36.0,1834.6753251044436,60.00595369186255,-0.00246664578659494,202.9412017148288,882.5617481023298
3,419.255,36.099999999999966,1838.2530503114526,60.005949877843264,-0.00252521878894559,199.68489380957374,882.1376479222821
3,419.355,36.19999999999999,1841.799911040709,60.005946063823984,-0.0025827822064703513,196.4847125996696,881.7135477422345
3,419.455,36.299999999999955,1845.2240757286913,60.00594120126955,-0.0026392572042139534,193.34504392662927,881.1728556116219
3,419.555,36.39999999999998,1848.475767376039,60.00593357323098,-0.0026945876283209613,190.26901442243764,880.3246552515266
3,419.65500000000003,36.5,1851.9542615081411,60.005925945192416,-0.00274875863994491,187.25744084953186,879.4764548914312
3,419.755,36.599999999999966,1855.3347983594856,60.00591727065264,-0.0028017610692946063,184.31083593335458,878.5118887448118
3,419.855,36.69999999999999,1858.5394632572297,60.005905828594784,-0.0028535177664036062,181.43349337358742,877.2395882032541
3,419.955,36.799999999999955,1862.0655111223475,60.00589438653693,-0.0029038587732516984,178.63485406162218,875.9672876616963
3,420.055,36.89999999999998,1865.4852511080262,60.005882944479076,-0.002952575539795908,175.9265122242446,874.6949871215534
3,420.15500000000003,37.0,1868.6557015261,60.00587045863195,-0.002999496299892254,173.318019856782,873.3066223483553
3,420.255,37.099999999999966,1872.2020818688134,60.005855202554805,-0.0030445321204741024,170.81432552031276,871.6102216267499
3,420.355,37.19999999999999,1875.5809427272386,60.00583994647767,-0.0030875777448303027,168.42127359345105,869.9138209051445
3,420.455,37.299999999999955,1878.684874479444,60.00582364864519,-0.0031284504757769474,166.1490236933948,868.101582114525
3,420.555,37.39999999999998,1882.1765558453005,60.00580457854877,-0.0031670427189351546,164.00356172931942,865.9810812128718
3,420.65500000000003,37.5,1885.4830417797664,60.00578550845235,-0.0032030862715695233,161.99979130838562,863.8605803112188
3,420.755,37.599999999999966,1888.4993325003704,60.00576643835592,-0.003236597954518118,160.13677740938644,861.7400794095657
3,420.855,37.69999999999999,1891.8817658975527,60.00574632921609,-0.0032674449075874687,158.4219089219572,859.5040419923674
3,420.955,37.799999999999955,1895.08517559409,60.00572344510038,-0.003295341187159983,156.87108687938058,856.9594409092521
3,421.055,37.89999999999998,1898.011659010539,60.00570159867212,-0.003320244464588827,155.48665553212246,854.5302255670692
3,421.15500000000003,38.0,1901.1572985381592,60.00568045455675,-0.0033424213216135513,154.25379543153937,852.1791039624075
3,421.255,38.099999999999966,1904.0806641415672,60.005654792753255,-0.0033621821408850515,153.15526329423562,849.3256376627352
3,421.355,38.19999999999999,1907.2913732614386,60.00563190863755,-0.003379630188584812,152.185301239131,846.7810365810344
3,421.455,38.299999999999955,1910.4135806960273,60.005607989546306,-0.003394728875468421,151.34595240472208,844.1213513118701
3,421.555,38.39999999999998,1913.4306525470688,60.00558129141132,-0.003407528109990626,150.63444622819452,841.152650048707
3,421.65500000000003,38.5,1916.6142846207704,60.00555459327632,-0.0034182104409395692,150.04062775555423,838.1839487855439
3,421.755,38.599999999999966,1919.7146871117006,60.00552789514133,-0.0034271061033752095,149.54613785596354,835.2152475237954
3,421.855,38.69999999999999,1922.9454879723085,60.005500164742735,-0.003434550754085215,149.13231827727785,832.1317636266378
3,421.955,38.799999999999955,1926.1687574400726,60.00547068417408,-0.0034407743980846956,148.786383677322,828.8536694294079
3,422.055,38.89999999999998,1929.4315806661757,60.00544295513144,-0.003446031140620236,148.49419937069192,825.7703363096922
3,422.15500000000003,39.0,1932.766372635164,60.00541244297717,-0.003450693345769134,148.23507415680686,822.3775348664814
3,422.255,39.099999999999966,1936.1598056549208,60.005381930822885,-0.003455095697781317,147.99039515686366,818.9847334232707
3,422.355,39.19999999999999,1939.6202201996198,60.00535038979491,-0.00345958773525718,147.74073219155798,815.477526287548
3,422.455,39.299999999999955,1943.1397245208186,60.00531709181707,-0.0034646228145645097,147.46088263653078,811.7749549687878
3,422.555,39.39999999999998,1946.7193881144283,60.00528657966279,-0.003470614636900638,147.12783669873176,808.382153525577
3,422.65500000000003,39.5,1950.361478242632,60.00525504066876,-0.00347793360692212,146.72101023432558,804.8751725538951
3,422.755,39.599999999999966,1954.065744251358,60.005220714495195,-0.003487019509837887,146.2159572308488,801.0582709306367
3,422.855,39.69999999999999,1957.8147613248777,60.00518638832163,-0.0034983344076307222,145.586983070856,797.2413693073782
3,422.955,39.799999999999955,1961.603226039765,60.00515206214807,-0.0035122829662031633,144.81159021026681,793.4244676841198
3,423.055,39.89999999999998,1965.4135092579334,60.005118760102334,-0.003529056399644382,143.8791456644857,789.7214440358632
3,423.15500000000003,40.0,1969.2325711778485,60.005087224498205,-0.003548577430884872,142.7939438508456,786.2148400042495
3,423.255,40.099999999999966,1973.0604605394024,60.00505289832464,-0.0035707960176493965,141.55877648702307,782.397938380991
3,423.355,40.19999999999999,1976.9265216099764,60.00501959424497,-0.0035957680349888964,140.17052873196005,778.6946885701083
3,423.455,40.299999999999955,1980.781309057259,60.004989082090695,-0.003623557207738748,138.62565392699676,775.3018871268976
3,423.555,40.39999999999998,1984.5725699269378,60.00495856993642,-0.0036541642943790733,136.92411566183378,771.9090856851013
3,423.65500000000003,40.5,1988.5471282141198,60.004929077842085,-0.003687544380338914,135.0684086655843,768.6297098888109
3,423.755,40.599999999999966,1992.6556079321883,60.00490136032513,-0.0037235809496402026,133.06500901640098,765.5476583667411
3,423.855,40.69999999999999,1996.8905982399426,60.004871866874836,-0.003762184584575248,130.91889490344607,762.2681317958381
3,423.955,40.799999999999955,2001.0070437383465,60.004846186765846,-0.003803191717945454,128.63914863584236,759.4126300155546
3,424.055,40.89999999999998,2004.8083830202738,60.00482330265014,-0.003846482597680259,126.23243002808205,756.8680289338538
3,424.15500000000003,41.0,2009.0523871041391,60.00480041853443,-0.003891974800122545,123.70332683900739,754.3234278507384
3,424.255,41.099999999999966,2013.218698160073,60.004778550410784,-0.003939505702651883,121.06087811822172,751.8918000878764
3,424.355,41.19999999999999,2017.2880658210534,60.00475948031436,-0.003988893776302218,118.31517282877239,749.7712991862232
3,424.455,41.299999999999955,2021.1428915028416,60.004740410217934,-0.004039985172245042,115.47476937330978,747.6507982845702
3,424.555,41.39999999999998,2024.7174792432015,60.00472235407963,-0.004092595824952777,112.5498991119495,745.6430445363004
3,424.65500000000003,41.5,2028.5638592040796,60.00470811128263,-0.004146529393073354,109.55147312143573,744.0593155814794
3,424.755,41.599999999999966,2032.3480096654787,60.00469565662262,-0.004201620319641647,106.48869931504764,742.6744186625656
3,424.855,41.69999999999999,2035.9880977672742,60.004682424393835,-0.004257708650000939,103.37047463608137,741.2030599210598
3,424.955,41.799999999999955,2039.4121891393033,60.00467378510907,-0.004314597819711343,100.20771886228368,740.2424139582209
3,425.055,41.89999999999998,2043.046996928086,60.00466436418765,-0.004372076447183924,97.01219233550201,739.1948538447084
3,425.15500000000003,42.0,2046.5401750781264,60.004659540278126,-0.004429922265929277,93.79624427378667,738.6584588379444
3,425.255,42.099999999999966,2049.8443056671285,60.00465393066406,-0.004487894315206507,90.57327899508773,738.0346973524253
3,425.355,42.19999999999999,2053.2736566475373,60.00465292212979,-0.004545752099605036,87.35665968451849,737.9225533031507
3,425.455,42.299999999999955,2056.5895768195733,60.00465112382309,-0.004603255219956464,84.1597589338149,737.7225904456249
3,425.555,42.39999999999998,2059.774513465952,60.00465393066406,-0.004660168493760575,80.99564506676134,738.0346973524253
3,425.65500000000003,42.5,2063.00667566643,60.00465493716439,-0.004716274405543889,77.87641911601752,738.1466152376589
3,425.755,42.599999999999966,2066.1549605369537,60.004659757006024,-0.004771355550236513,74.81416117564352,738.6825579149267
3,425.855,42.69999999999999,2069.2297758474815,60.00466738504459,-0.0048251849036111205,71.82149433028293,739.5307582750221
3,425.955,42.799999999999955,2072.291478006776,60.004675013083165,-0.004877577328730006,68.90871460112292,740.378958636532
3,426.055,42.89999999999998,2075.3179238810417,60.00468364491014,-0.004928518886468228,66.07659590738318,741.3387753283921
3,426.15500000000003,43.0,2078.3354701089997,60.00469508696799,-0.004978090348989533,63.32064606771007,742.6110758699498
3,426.255,43.099999999999966,2081.3472312903577,60.00470753145829,-0.0050262346190050695,60.644041388978515,743.994841967245
3,426.355,43.19999999999999,2084.3791942104904,60.00472278753543,-0.005072878424128843,58.05085395642511,745.6912426888504
3,426.455,43.299999999999955,2087.384455289331,60.00473904468905,-0.005117894584712592,55.54815614405495,747.498958190166
3,426.555,43.39999999999998,2090.4101525521414,60.00475711438697,-0.00516109890571641,53.14618770877391,749.5082197001225
3,426.65500000000003,43.5,2093.4762378309133,60.00477436990515,-0.005202326682377883,50.85410757760411,751.4269484290938
3,426.755,43.599999999999966,2096.516896349806,60.004796254978324,-0.005241418305384856,48.68078508272809,753.8604608965398
3,426.855,43.69999999999999,2099.6006193435774,60.0048163234393,-0.005278125930478268,46.640004046864334,756.0919750244342
3,426.955,43.799999999999955,2102.606198452718,60.00483920755501,-0.005312052612487562,44.75382927152805,758.636576106135
3,427.055,43.89999999999998,2105.607698751557,60.00486209167072,-0.005342877414286081,43.04010520655313,761.1811771892503
3,427.15500000000003,44.0,2108.6319374863856,60.004884975786425,-0.005370522226988434,41.50317414441015,763.7257782709511
3,427.255,44.099999999999966,2111.5992557256923,60.00490885555477,-0.005395060004974868,40.138979392749484,766.3810910282533
3,427.355,44.19999999999999,2114.6197676362112,60.00493555368976,-0.005416508670673758,38.94652335456346,769.3497922914164
3,427.455,44.299999999999955,2117.573139886508,60.00496125752808,-0.005434864007422304,37.926042585589755,772.2079326550053
3,427.555,44.39999999999998,2120.5719766665216,60.00498612888118,-0.005450187757130962,37.0741042061303,774.9735047584127
3,427.65500000000003,44.5,2123.647007981165,60.00501564809474,-0.005462500105254213,36.38958276913248,778.2558960780764
3,427.755,44.599999999999966,2126.6999458878427,60.005042346229736,-0.00547174975958609,35.87533383338188,781.2245973412395
3,427.855,44.69999999999999,2129.8423034478747,60.00507003594948,-0.005477938975722597,35.53122967946637,784.3035579505078
3,427.955,44.799999999999955,2132.9441069402556,60.005099557196985,-0.005481090348153734,35.356013521402744,787.586175435627
3,428.055,44.89999999999998,2136.119835219758,60.005127245560764,-0.005481204191023167,35.349669640918556,790.6649852674534
3,428.15500000000003,45.0,2139.4005368181765,60.00515775771505,-0.0054782986164114466,35.511188386936354,794.0577867106642
3,428.255,45.099999999999966,2142.6582684763325,60.00518826986932,-0.005472472138858757,35.83509413556191,797.450588153875
3,428.355,45.19999999999999,2146.0079789422048,60.0052187820236,-0.0054639798676998485,36.307203904256475,800.8433895956712
3,428.455,45.299999999999955,2149.4718366897996,60.00524929417788,-0.005453130086615499,36.91037851975083,804.2361910402966
3,428.555,45.39999999999998,2152.9313669593603,60.00528079317104,-0.005440179560314439,37.63034246445822,807.738724110688
3,428.65500000000003,45.5,2156.478414582342,60.005314133183695,-0.005425266158414679,38.45943021693975,811.4459694933648
3,428.755,45.599999999999966,2160.132782174666,60.00534464533798,-0.0054084138516354045,39.396311678159286,814.8387709365755
3,428.855,45.69999999999999,2163.7779359135952,60.005376142297195,-0.005389630952240673,40.44052237067111,818.3410778443408
3,428.955,45.799999999999955,2167.503871783257,60.00541046847076,-0.005368923243335615,41.59173942517971,822.1579794675994
3,429.055,45.89999999999998,2171.3324759620855,60.00544381119534,-0.005346332508583642,42.84764204955928,825.8655264037451
3,429.15500000000003,46.0,2175.2609233825697,60.005475306120616,-0.00532191353527573,44.20518484130346,829.367607146055
3,429.255,46.099999999999966,2179.2735155503665,60.00550963229418,-0.005295813493841487,45.65618266146949,833.1845087693134
3,429.355,46.19999999999999,2183.340006142398,60.00554395846774,-0.00526819977998231,47.19133090999632,837.001410392572
3,429.455,46.299999999999955,2187.475829070493,60.0055782846413,-0.00523911416212439,48.80830736032346,840.8183120158304
3,429.555,46.39999999999998,2191.681278061299,60.005612610814865,-0.005208743036023707,50.49674930803697,844.6352136390889
3,429.65500000000003,46.5,2195.9524175422875,60.00564791636952,-0.0051773459825827746,52.24222460801132,848.5610176213785
3,429.755,46.599999999999966,2200.300741094244,60.005685077859255,-0.0051451692145496105,54.03104431808713,852.6931924550818
3,429.855,46.69999999999999,2204.7311566481144,60.00572038205795,-0.005112355693029135,55.855263513434785,856.6188456613442
3,429.955,46.799999999999955,2209.2051294996822,60.005758522250794,-0.005078874278882601,57.7166093572077,860.8598474646503
3,430.055,46.89999999999998,2213.7445326751454,60.00579666244364,-0.0050447153055301446,59.61562150853758,865.1008492679564
3,430.15500000000003,47.0,2218.3530829514434,60.00583480263649,-0.005009795765736824,61.55691463168491,869.3418510726773
3,430.255,47.099999999999966,2223.031705342827,60.005872942829335,-0.004974042481115054,63.54455695266006,873.5828528759835
3,430.355,47.19999999999999,2227.7757232587087,60.005911083022184,-0.004937428468193702,65.5800485168468,877.8238546792895
3,430.455,47.299999999999955,2232.5856779460055,60.00594922321503,-0.004899918736847702,67.66533448974837,882.0648564840104
3,430.555,47.39999999999998,2237.463647070902,60.005988336687146,-0.004861469574669673,69.80284391351378,886.4140821528106
3,430.65500000000003,47.5,2242.393433844186,60.00602931829799,-0.004822064379237875,71.99349862468277,890.9710356600987
3,430.755,47.599999999999966,2247.3638766534386,60.00606843041414,-0.004781579166246093,74.24419533002316,895.3201105528716
3,430.855,47.69999999999999,2252.3885799154773,60.006109413380955,-0.004739849820128212,76.56405363815742,899.8772148361869
3,430.955,47.799999999999955,2257.471008528581,60.00614852414114,-0.004696836290353699,78.95530426175175,904.2261389529326
3,431.055,47.89999999999998,2262.609771201197,60.00619047835327,-0.004652494856652851,81.42037205835253,908.8912409362865
3,431.15500000000003,48.0,2267.7964101353086,60.00623146335403,-0.004606711463082588,83.96560223117942,913.4485713836426
3,431.255,48.099999999999966,2273.0258552293462,60.00627057208027,-0.00455931915778142,86.6002774417151,917.7972693363475
3,431.355,48.19999999999999,2278.2918241542993,60.0063125262924,-0.004510137321256689,89.3344327223036,922.4623713197014
3,431.455,48.299999999999955,2283.590940220504,60.0063535133271,-0.004459017739899783,92.17631261053566,927.0199279325129
3,431.555,48.39999999999998,2288.9287056100748,60.0063926200194,-0.004405877765512861,95.1305130741682,931.3683997197625
3,431.65500000000003,48.5,2294.311132852999,60.006433608410056,-0.004350679978695472,98.19910886829423,935.9261071086012
3,431.755,48.599999999999966,2299.7379131033504,60.0064727137464,-0.004293400448693086,101.38343568879779,940.2744281198235
3,431.855,48.69999999999999,2305.196407037205,60.00651370349301,-0.00423407184626254,104.68167135127241,944.8322862832748
3,431.955,48.799999999999955,2310.675041543293,60.0065528074734,-0.0041728021270268974,108.08781986999179,949.1804565198846
3,432.055,48.89999999999998,2316.2338255522154,60.00659379857598,-0.004109540445139625,111.60470168694154,953.7384654607777
3,432.15500000000003,49.0,2321.8477587438424,60.00663193876883,-0.00404432509085278,115.23019585421281,957.9794672640838
3,432.255,49.099999999999966,2327.5144054105713,60.00667007896167,-0.003977151082981995,118.96457444783178,962.22046906739
3,432.355,49.19999999999999,2333.2322359310506,60.00670821915452,-0.003907991328838685,122.80934345872627,966.4614708721108
3,432.455,49.299999999999955,2338.998631358428,60.00674635934737,-0.003836848581704197,126.76434963130319,970.702472675417
3,432.555,49.39999999999998,2344.816239552272,60.00678353982057,-0.0037637413399707006,130.82856628242203,974.8367583763305
3,432.65500000000003,49.5,2350.687126034167,60.00681882503579,-0.003688710781212675,134.9997061095074,978.760300713968
3,432.755,49.599999999999966,2356.5906097949064,60.00685600686496,-0.0036117946153045154,139.27566489476823,982.8947371909087
3,432.855,49.69999999999999,2362.5355815953394,60.00689129072422,-0.003533022853628257,143.65478189867179,986.8181287525191
3,432.955,49.799999999999955,2368.5205754056897,60.00692847390935,-0.003452387540759276,148.1374910987214,990.9527160069016
3,433.055,49.89999999999998,2374.5525171221916,60.00696280008291,-0.0033699008075606727,152.72312851943738,994.76961763016
3,433.15500000000003,50.0,2380.642443353242,60.00699712625647,-0.0032855964985658735,157.40980626622982,998.5865192534185
3,433.255,50.099999999999966,2386.749344119458,60.007030497456256,-0.003199489910144539,162.1966761476216,1002.2972324903795
3,433.355,50.19999999999999,2392.896575828298,60.00706196390633,-0.003111601359525555,167.0826111169324,1005.7961469318742
3,433.455,50.299999999999955,2399.0861505535413,60.00709533646207,-0.0030219662089383125,172.06563564149988,1009.5070109448624
3,433.555,50.39999999999998,2405.3259957132614,60.00712680155619,-0.0029305719480219477,177.14645484693992,1013.0057746103298
3,433.65500000000003,50.5,2411.6257222154027,60.00715922320604,-0.0028374420164943024,182.32375805091675,1016.6109025665168
3,433.755,50.599999999999966,2417.9244514287075,60.00718687292491,-0.002742616615272665,187.5953262356788,1019.6854152744947
3,433.855,50.69999999999999,2424.2657447151573,60.00721738507919,-0.0026461949079895817,192.95562533719718,1023.0782167177056
3,433.955,50.799999999999955,2430.6543367993363,60.00724694700555,-0.002548322639096848,198.39656358346073,1026.3653574907141
3,434.055,50.89999999999998,2437.0340327518593,60.00727364514054,-0.0024488091801291223,203.92874462574073,1029.3340587538771
3,434.15500000000003,51.0,2443.4425855004692,60.00730034327554,-0.002347685346352383,209.5504468850759,1032.3027600170403
3,434.255,51.099999999999966,2449.8904442195503,60.00732704141053,-0.0022449932046257667,215.25933162809062,1035.2714612787886
3,434.355,51.19999999999999,2456.379819784984,60.00735279202953,-0.002140775088221343,221.05304848068153,1038.1348034252185
3,434.455,51.299999999999955,2462.8491603672223,60.00737567614524,-0.002035078153420832,226.92898261614081,1040.6794045069194
3,434.555,51.39999999999998,2469.338792256444,60.00739856026095,-0.0019279352644586078,232.8852976005319,1043.2240055900347
3,434.65500000000003,51.5,2475.849795748038,60.00742049889461,-0.001819386667142919,238.9197593811814,1045.6634737204577
3,434.755,51.599999999999966,2482.3592846845027,60.00743956899103,-0.0017094836543788776,245.02952373805738,1047.7839746221107
3,434.855,51.69999999999999,2488.883484348347,60.00745863908746,-0.001598271791519485,251.21204739563157,1049.904475523764
3,434.955,51.799999999999955,2495.410291238708,60.00747770918388,-0.001485811727621024,257.4639586326695,1052.024976425417
3,435.055,51.89999999999998,2501.924960981084,60.00749583651018,-0.001372145129857906,263.7829447491303,1054.0406459278468
3,435.15500000000003,52.0,2508.472256524509,60.00751109258732,-0.0012573252483534805,270.16605350755873,1055.737046649452
3,435.255,52.099999999999966,2515.0354827077526,60.007526348664456,-0.0011413824815485866,276.61158375176814,1057.4334473710574
3,435.355,52.19999999999999,2521.6188750493343,60.0075416047416,-0.001024367820517291,283.11670069846076,1059.1298480926628
3,435.455,52.299999999999955,2528.2754923763755,60.00755592076054,-0.0009063529053738764,289.6774257443093,1060.7217189670992
3,435.555,52.39999999999998,2534.978698979964,60.00756736281839,-0.0007874054670531211,296.29000243929914,1061.994019508657
3,435.65500000000003,52.5,2541.729499689284,60.00757786617401,-0.0006675789315161591,302.95145265469773,1063.1619409790728
3,435.755,52.599999999999966,2548.514899930452,60.00758549421258,-0.0005469304129489725,309.65861057686624,1064.0101413391683
3,435.855,52.69999999999999,2555.335659326543,60.007593122251144,-0.00042552540860784336,316.4078221341024,1064.8583416992635
3,435.955,52.799999999999955,2562.190037781988,60.00760075028972,-0.0003034331286810538,323.195239722357,1065.7065420607737
3,436.055,52.89999999999998,2569.0579412442944,60.007608378328285,-0.00018071602086776347,330.01739168514865,1066.5547424222837
3,436.15500000000003,53.0,2575.9430435817403,60.00761507105452,-5.746084247154211e-05,336.8694596914061,1067.29894065272
3,436.255,53.099999999999966,2582.8474668396084,60.00761981970816,6.626327007469817e-05,343.74760577648266,1067.8269675744132
3,436.355,53.19999999999999,2589.7739246386263,60.007626513790356,0.0001904546541735429,350.65171749563876,1068.5713165822913
3,436.455,53.299999999999955,2596.7222618808573,60.00763032780964,0.0003151104080148804,357.5816589961462,1068.995416762339
3,436.555,53.39999999999998,2603.6962791549377,60.00763507442934,0.00044020788485646644,364.53615117297676,1069.5232175199912
3,436.65500000000003,53.5,2610.696182581532,60.007641770545476,0.000565719483332835,371.5136535789569,1070.2677926919102
3,436.755,53.599999999999966,2617.7197592309317,60.007646515809206,0.0006916374036011135,378.5137542926332,1070.7954426721208
3,436.855,53.69999999999999,2624.767068659409,60.00765321328131,0.000817953980871096,385.53600507427507,1071.5401686200669
3,436.955,53.799999999999955,2631.8372241329994,60.00765795718908,0.0009446647994386729,392.5801829931412,1072.0676678256648
3,437.055,53.89999999999998,2638.9258929330385,60.00766465601715,0.001071757304580914,399.6455671043288,1072.8125445496382
3,437.15500000000003,54.0,2646.0313039250955,60.00766939856896,0.0011991868581451611,406.7296992646453,1073.339892979209
3,437.255,54.099999999999966,2653.155031326597,60.00767609875298,0.0013268456130267109,413.82656009615334,1074.0849204792096
3,437.355,54.19999999999999,2660.2892989893835,60.007680839948826,0.0014546956456800392,420.9340656128128,1074.6121181313385
3,437.455,54.299999999999955,2667.4376668134337,60.0076884679874,0.001582873158231431,428.05975693778726,1075.4603184928485
3,437.555,54.39999999999998,2674.6045064871732,60.007695170205366,0.001711368738941722,435.20313499048507,1076.2055721568897
3,437.65500000000003,54.5,2681.789157815079,60.00769990936727,0.0018401824322811743,442.3642094737815,1076.732543644978
3,437.755,54.599999999999966,2689.0012466459875,60.00770753740584,0.0019693108853946865,449.5427616551198,1077.580744006488
3,437.855,54.69999999999999,2696.2309513470564,60.00771424165775,0.0020987556032031657,456.7389005747816,1078.3262238359846
3,437.955,54.799999999999955,2703.470601826818,60.00771897878571,0.0022285215080523287,463.9529074928823,1078.8529691586175
3,438.055,54.89999999999998,2710.7297584188514,60.007726606824285,0.002358607415693927,471.18468261086554,1079.7011695201275
3,438.15500000000003,55.0,2718.0762952542686,60.00773423486285,0.0024889985991703462,478.4334271711472,1080.549369880223
3,438.255,55.099999999999966,2725.3653857268573,60.00774094182669,0.002619697197512724,485.69926684508334,1081.2951512631887
3,438.355,55.19999999999999,2732.672191063253,60.00774567624273,0.0027507155514670902,492.9828958222238,1081.821595033767
3,438.455,55.299999999999955,2739.999463878005,60.007753304281295,0.0028820431902660823,500.28369585092213,1082.6697953938624
3,438.555,55.39999999999998,2747.34614950522,60.00776093231986,0.0030136712538300515,507.60119561515216,1083.5179957553723
3,438.65500000000003,55.5,2754.713863470362,60.00776764199562,0.003145610954555277,514.9360255849625,1084.2640786889779
3,438.755,55.599999999999966,2762.0966175085136,60.00777237369974,0.003277866555082713,522.2884313981134,1084.7902209075019
3,438.855,55.69999999999999,2769.50041597775,60.007780001738304,0.00341042902099614,529.6578724358563,1085.6384212690118
3,438.955,55.799999999999955,2776.9202236578603,60.007786713448006,0.0035432862304807114,537.0437047929578,1086.3847303680727
3,439.055,55.89999999999998,2784.3538348509555,60.00779144311818,0.0036764372499104962,544.4458856396853,1086.9106464225558
3,439.15500000000003,56.0,2791.8007224265707,60.00779907115675,0.003809865706213766,551.8634647010635,1087.7588467826513
3,439.255,56.099999999999966,2799.2638531231,60.00780578490039,0.003943555639081683,559.2955859560835,1088.505382045753
3,439.355,56.19999999999999,2806.7463428805663,60.00781051253662,0.004077513147161068,566.7425979309334,1089.0310719361953
3,439.455,56.299999999999955,2814.242276803041,60.00781814057519,0.004211644113642221,574.1992266760909,1089.8792722962908
3,439.555,56.39999999999998,2821.717489965542,60.00782576861376,0.004345326191589887,581.6308988072556,1090.7274726578007
3,439.65500000000003,56.5,2829.093983355607,60.00783248506933,0.004477255806383462,588.965153315465,1091.474309472957
3,439.755,56.599999999999966,2836.3141674786834,60.00783720999363,0.00460640152206916,596.1446600390145,1091.9996978099302
3,439.855,56.69999999999999,2843.354000695332,60.00784392780516,0.004732435469642019,603.1511562342664,1092.7466854025283
3,439.955,56.799999999999955,2850.2076721607195,60.00784865137351,0.004855263636797093,609.9794516965239,1093.2719229634743
3,440.055,56.89999999999998,2856.885138004656,60.007855370541,0.004974964709183679,616.6338842306398,1094.0190613320997
3,440.15500000000003,57.0,2863.391406197933,60.00785918456028,0.005091684176863485,623.1225876210094,1094.4431615121473
3,440.255,57.099999999999966,2869.7329134491247,60.00786299857957,0.005205544458362309,629.4523406721684,1094.867261692195
3,440.355,57.19999999999999,2875.919712890546,60.007866812598856,0.005316771166817867,635.6356858315926,1095.2913618722428
3,440.455,57.299999999999955,2881.958166338297,60.007869720458984,0.005425648141382925,641.6884112689881,1095.6147016128746
3,440.555,57.39999999999998,2887.862548471356,60.007869720458984,0.005532391409941834,647.622546396892,1095.6147016128746
3,440.65500000000003,57.5,2893.6388229713334,60.00786881565579,0.005637129511083969,653.4452180055216,1095.514091949486
3,440.755,57.599999999999966,2899.281366644054,60.00786500163651,0.005739925183920335,659.1599341319893,1095.0899917694385
3,440.855,57.69999999999999,2904.8001478892743,60.00786028416999,0.005840809137396364,664.7683825454947,1094.5654327020295
3,440.955,57.799999999999955,2910.2993069663444,60.00785265613142,0.005939763721129238,670.2696025591383,1093.7172323405196
3,441.055,57.89999999999998,2915.7444120777086,60.00784412600159,0.0060367612101799775,675.6620330457449,1092.76872386909
3,441.15500000000003,58.0,2921.1456898609254,60.00783268394373,0.006131691837132718,680.9395926137543,1091.4964233275323
3,441.255,58.099999999999966,2926.5169296594595,60.00782034115057,0.006224459336652028,686.096909397424,1090.1239654520823
3,441.355,58.19999999999999,2931.8633107894784,60.00780508507343,0.006314938140729201,691.1270239085609,1088.427564730477
3,441.455,58.299999999999955,2937.173205848204,60.007789828996295,0.006403072246961893,696.0267927483774,1086.7311640088715
3,441.555,58.39999999999998,2942.4338548323135,60.00777367421779,0.006488804874927031,700.793068771766,1084.9348321174148
3,441.65500000000003,58.5,2947.6374826784036,60.00775370609798,0.006572036460854497,705.4203481382557,1082.714475432509
3,441.755,58.599999999999966,2952.7918837009097,60.00773082198227,0.006652686815882388,709.9041639760864,1080.1698743508084
3,441.855,58.69999999999999,2957.9062453861134,60.00770793786656,0.006730661654281031,714.239243644039,1077.6252732691075
3,441.955,58.799999999999955,2962.982977358922,60.00768415776142,0.006805870613998865,718.4205732435356,1074.981042568195
3,442.055,58.89999999999998,2968.027150424796,60.00765745962642,0.006878257402297737,722.4450453920964,1072.0123413064466
3,442.15500000000003,59.0,2973.037357777565,60.00763076149143,0.006947735190024026,726.3078013186172,1069.0436400432836
3,442.255,59.099999999999966,2978.014667891032,60.00760316940094,0.007014278804046507,730.0074512470984,1065.975535327779
3,442.355,59.19999999999999,2982.97042244934,60.00757265724666,0.007078029669502505,733.5518798158967,1062.5827338845681
3,442.455,59.299999999999955,2987.923004654806,60.00754214509239,0.00713918857854773,736.9522173616116,1059.1899324413573
3,442.555,59.39999999999998,2992.881200098674,60.00751074101655,0.00719784624460157,740.2135166866123,1055.6979537098457
3,442.65500000000003,59.5,2997.8470051665518,60.00747641484299,0.0072540383775829605,743.3377857561717,1051.8810520865873
3,442.755,59.599999999999966,3002.8282192736956,60.00744208866943,0.007307793303094331,746.3265665078193,1048.0641504633288
3,442.855,59.69999999999999,3007.8279894905977,60.00740687260825,0.007359142362193863,749.1816111515865,1044.1482977143958
3,442.955,59.799999999999955,3012.839834353483,60.00736873241541,0.0074081329275102956,751.9055762980105,1039.9072959110895
3,443.055,59.89999999999998,3017.852956351616,60.00733059222256,0.00745477738925336,754.4991175398646,1035.6662941077834
3,443.15500000000003,60.0,3022.870838385628,60.00729245202971,0.007499228070077129,756.9707027368252,1031.4252923030626
3,443.255,60.099999999999966,3027.907803399507,60.00725342466117,0.007541709779809822,759.332839739058,1027.085640927551
3,443.355,60.19999999999999,3032.977941728926,60.00721147044904,0.0075822811173436614,761.5888096264762,1022.420538944197
3,443.455,60.299999999999955,3038.091077783736,60.007169516236914,0.007621170637190822,763.7512847781892,1017.7554369608431
3,443.555,60.39999999999998,3043.2514904539503,60.00712667688303,0.007658573315398683,765.8311146090884,1012.9919115679098
3,443.65500000000003,60.5,3048.4618385818308,60.00708179311538,0.0076947320986860395,767.8418186966443,1008.0010574232449
3,443.755,60.599999999999966,3053.7210540406886,60.007038955117466,0.007729821410626746,769.793046271809,1003.2376828077535
3,443.855,60.69999999999999,3059.028646095286,60.00699318688605,0.00776392415594201,771.6894640336666,998.1484806429372
3,443.955,60.799999999999955,3064.375304887714,60.00694741865463,0.007797089296682994,773.5337598221657,993.0592784781211
3,444.055,60.89999999999998,3069.7475151788663,60.00690165042322,0.007829411607211765,775.3312023587962,987.9700763147196
3,444.15500000000003,61.0,3075.174745902641,60.0068558821918,0.00786104114612639,777.0901338207857,982.8808741499033
3,444.255,61.099999999999966,3080.6455685740516,60.006810113960384,0.007892061746601535,778.8152147064408,977.7916719850872
3,444.355,61.19999999999999,3086.1616349643355,60.006763466011066,0.007922474842762586,780.5065350529194,972.6046495176297
3,444.455,61.299999999999955,3091.723959067762,60.00671388376037,0.007952237112449493,782.1617107153481,967.0913471741804
3,444.555,61.39999999999998,3097.3322777240833,60.006665179871604,0.00798132005118485,783.7791119935628,961.6757143545161
3,444.65500000000003,61.5,3102.986236377611,60.00661853395623,0.008009708122917639,785.3578610299371,956.488918052514
3,444.755,61.599999999999966,3108.683448689804,60.00656895170553,0.008037384712517623,786.897093306735,950.9756157076501
3,444.855,61.69999999999999,3114.423429566238,60.00651849312683,0.008064333151317283,788.3958577159394,945.3648700002129
3,444.955,61.799999999999955,3120.206165044711,60.00646597250686,0.008090517101349403,789.8521482168314,939.5248354484465
3,445.055,61.89999999999998,3126.0366556954828,60.006416390256156,0.008115893499092407,791.2635109686913,934.0115331035826
3,445.15500000000003,62.0,3131.9064390150547,60.00636593371141,0.00814047306339068,792.6305872665357,928.4010135616008
3,445.255,62.099999999999966,3137.814452686269,60.00631253744142,0.008164239117061352,793.9524747020795,922.4636110366894
3,445.355,62.19999999999999,3143.756954399145,60.00626001410952,0.008187177014510319,795.2283133038293,916.6232749328684
3,445.455,62.299999999999955,3149.729416046324,60.006209559598716,0.008209284571261126,796.4579670700737,911.0129815549275
3,445.555,62.39999999999998,3155.726784762031,60.006156163328725,0.008230542345865397,797.6404153657472,905.0755790286013
3,445.65500000000003,62.5,3161.7737131519743,60.0061018961546,0.008250923793192868,798.7741574774899,899.0413362480546
3,445.755,62.599999999999966,3167.858602552541,60.00604555609149,0.008270410681765948,799.8581943001082,892.7765984107169
3,445.855,62.69999999999999,3173.9789058527317,60.0059921598215,0.008288967133862521,800.8904704818488,886.8391958843907
3,445.955,62.799999999999955,3180.132391252682,60.00593789468132,0.008306595210607823,801.8711465606273,880.8051792678847
3,446.055,62.89999999999998,3186.3334508902003,60.00588155258427,0.008323286543579568,802.7997718722219,874.5402152665063
3,446.15500000000003,63.0,3192.572150340524,60.00582728880004,0.008339058957363824,803.6772868362013,868.5063494260276
3,446.255,63.099999999999966,3198.8460706931055,60.00577007851077,0.008353963181113536,804.5065726057167,862.1448467196536
3,446.355,63.19999999999999,3205.1480673188084,60.005713734379775,0.008368031882532666,805.2893988968887,855.8796565528198
3,446.455,63.299999999999955,3211.4809963288303,60.00565947262949,0.008381259185290068,806.0254240504885,849.8460168763818
3,446.555,63.39999999999998,3217.832511368961,60.00560226234022,0.008393614563103934,806.7130121375866,843.4845141714226
3,446.65500000000003,63.5,3224.2003408499963,60.00554505205095,0.008405068039889845,807.3504606334344,837.1230114650486
3,446.755,63.599999999999966,3230.601462937447,60.00548784176168,0.00841572490569347,807.9436229654012,830.7615087600894
3,446.855,63.69999999999999,3237.034942598629,60.00542976870403,0.008425695778533413,808.4986593320132,824.3040704556582
3,446.955,63.799999999999955,3243.5024327329156,60.00536960648587,0.008435021976623321,809.0178817256486,817.6143277792804
3,447.055,63.89999999999998,3250.0021447097492,60.0053123961966,0.008443686662885478,809.5002923596978,811.2528250743211
3,447.15500000000003,64.0,3256.525057152407,60.0052543251729,0.00845172265598053,809.9477622998407,804.7956129339307
3,447.255,64.09999999999997,3263.0751769437347,60.005194160920794,0.008459162842286273,810.3621348817278,798.1056440949267
3,447.355,64.19999999999999,3269.657168206726,60.00513609125306,0.00846601538942759,810.743812810125,791.6485827319781
3,447.455,64.29999999999995,3276.2763442675246,60.00507592564499,0.00847228669579414,811.0932030585618,784.9584631141176
3,447.555,64.39999999999998,3282.920853127882,60.00501785733321,0.008477977249604286,811.4102812835488,778.5015525271963
3,447.65500000000003,64.5,3289.5965426449593,60.00495683302465,0.008483092581632979,811.6954168550537,771.7159496407747
3,447.755,64.59999999999997,3296.3117243126962,60.0048958087161,0.008487724576758726,811.9536817911071,764.9303467557678
3,447.855,64.69999999999999,3303.0460764553995,60.00483564039611,0.008492141544069833,812.199982190658,758.2399255872675
3,447.955,64.79999999999995,3309.814461436742,60.00477757479625,0.008496665609651604,812.4522113624665,751.7833165509859
3,448.055,64.89999999999998,3316.6268486641134,60.0047165504877,0.00850137369180313,812.7147077683911,744.997713665979
3,448.15500000000003,65.0,3323.4537462739877,60.00465467222452,0.008506203090384749,812.9839597738082,738.1171552270915
3,448.255,65.09999999999997,3330.312557483135,60.00459068717332,0.008511102143688696,813.2571106585194,731.0023323250746
3,448.355,65.19999999999999,3337.178662643562,60.00452966286476,0.0085161248192089,813.5370984877752,724.2167294386529
3,448.455,65.29999999999995,3344.0696742891455,60.00446863855621,0.008521394108446614,813.8307974329467,717.431126553646
3,448.555,65.39999999999998,3350.991070457444,60.004407614247654,0.008526878404808638,814.1364503475326,710.6455236672244
3,448.65500000000003,65.5,3357.9324527316294,60.00434573937438,0.008532442503316286,814.4465509401491,703.765342168405
3,448.755,65.59999999999997,3364.8946883680064,60.00428175093328,0.008538037335432107,814.7583867947036,696.6501423277347
3,448.855,65.69999999999999,3371.877776243244,60.00421987741596,0.008543711376956828,815.074600893557,689.7701116049424
3,448.955,65.79999999999995,3378.8763154782264,60.0041558876189,0.008549656116227688,815.4058913003222,682.6547609854156
3,449.055,65.89999999999998,3385.884214369266,60.004094015457554,0.008556226026214213,815.7719130799934,675.7748810414798
3,449.15500000000003,66.0,3392.9271764274504,60.00402917712971,0.00856407918821298,816.2093155835778,668.565177973596
3,449.255,66.09999999999997,3399.993894811419,60.0039651852987,0.008574166426993806,816.7709139462462,661.449601191443
3,449.355,66.19999999999999,3407.0795934307216,60.00390331517129,0.008586767094306936,817.4722235694472,654.5699474101333
3,449.455,66.29999999999995,3414.184201519809,60.003838476843455,0.008601747013143092,818.3058480337363,647.360244343664
3,449.555,66.39999999999998,3421.2975364104555,60.00377448297851,0.008619005703435432,819.2661543317749,640.2444413960557
3,449.65500000000003,66.5,3428.4200021286583,60.00371261488504,0.008638447366319276,820.3478008641563,633.3650137787869
3,449.755,66.59999999999997,3435.5356343392364,60.0036477765572,0.008660208570661796,821.5584438522345,626.1553107123176
3,449.855,66.69999999999999,3442.6464818294103,60.00358378065831,0.008684585984663068,822.9145300374289,619.0392816006683
3,449.955,66.79999999999995,3449.759285009453,60.003521914598785,0.008711967920418924,824.4376324423615,612.160080148855
3,450.055,66.89999999999998,3456.8753466489256,60.00345791734393,0.008742489046485858,826.1352916710099,605.0439002597639
3,450.15500000000003,67.0,3464.030006801169,60.00339689303538,0.00877626880425302,828.014085017537,598.2582973747569
3,450.255,67.09999999999997,3471.2992054560286,60.0033350290098,0.008813382640338862,830.0782551279576,591.3793220869844
3,450.355,67.19999999999999,3478.669016140714,60.003271029721,0.008853878210563168,832.3304683948224,584.2629160338525
3,450.455,67.29999999999995,3486.1550255025886,60.00321000541245,0.008897762260122375,834.771036110744,577.4773131488456
3,450.555,67.39999999999998,3493.539229882334,60.00314898110389,0.008944990214567078,837.3975179379403,570.6917102624241
3,450.65500000000003,67.5,3500.992897570806,60.00308795679533,0.00899546724150119,840.2046420309432,563.9061073760024
3,450.755,67.59999999999997,3508.4235549993314,60.0030277688139,0.00904896068838332,843.1794635257143,557.2134999508638
3,450.855,67.69999999999999,3515.92332487393,60.00296972287549,0.009104756982235094,846.2822937531175,550.7590771726352
3,450.955,67.79999999999995,3523.272639075929,60.002909533538094,0.009161012256345304,849.410674758277,544.0663189714694
3,451.055,67.89999999999998,3530.4813049047625,60.002852323248824,0.009214904098671005,852.4076237974266,537.7048162665102
3,451.15500000000003,68.0,3537.451101066072,60.002795112959554,0.009265125760114762,855.2005274931329,531.3433135601363
3,451.255,68.09999999999997,3544.234507549184,60.00273790267028,0.009311402124228804,857.774089692741,524.9818108551771
3,451.355,68.19999999999999,3550.8445590789174,60.00268069238101,0.00935370875883518,860.1269514725361,518.6203081488032
3,451.455,68.29999999999995,3557.3261585733158,60.002624313672996,0.00939197408850468,862.2551220425379,512.351273187617
3,451.555,68.39999999999998,3563.7627730543095,60.00257008649973,0.009425830732514668,864.1381582236847,506.32147830553134
3,451.65500000000003,68.5,3570.3090625439695,60.00251370643576,0.009455054902799282,865.7636735925869,500.052292568318
3,451.755,68.59999999999997,3576.8490687933977,60.002459480618455,0.009479520265163419,867.1245873765968,494.0226484622595
3,451.855,68.69999999999999,3583.4755911347493,60.00240309919852,0.009499373365335656,868.2291028819329,487.753311949019
3,451.955,68.79999999999995,3590.1780291237346,60.002349702928534,0.009514827497243748,869.0890105829876,481.8159094241074
3,452.055,68.89999999999998,3596.431060740996,60.00229630665854,0.009525861554281092,869.7031755432241,475.8785068977812
3,452.15500000000003,69.0,3602.5473053401006,60.00224291038856,0.009532482343991048,870.0719756488102,469.9411043728697
3,452.255,69.09999999999997,3608.513241163668,60.00219034027598,0.009534618533563924,870.1914335228153,464.0955664876225
3,452.355,69.19999999999999,3614.344281869695,60.00213993254585,0.009532204419910761,870.0578780722433,458.49047489110785
3,452.455,69.29999999999995,3620.0687648666444,60.002087361077315,0.009525319455225445,869.6757829389264,452.6447862298334
3,452.555,69.39999999999998,3625.65342277259,60.00203777882661,0.009514234940896957,869.0601634828814,447.1314838835549
3,452.65500000000003,69.5,3631.1697600273988,60.00198819657591,0.009499116131554027,868.2202462404315,441.61818153869103
3,452.755,69.59999999999997,3636.6425824544353,60.001938614325205,0.009479916222163548,867.1534284608219,436.1048791938272
3,452.855,69.69999999999999,3642.12394344419,60.00188903207451,0.009456757832573152,865.866527005535,430.5915768489633
3,452.955,69.79999999999995,3647.681780266165,60.001839449823805,0.009430077464343632,864.3838098455864,425.07827450409945
3,453.055,69.89999999999998,3653.334633361227,60.00179068830666,0.009400121108661652,862.7189423832807,419.65623369337646
3,453.15500000000003,70.0,3659.0741882752127,60.00174410001967,0.009367105242934326,860.8839423340421,414.4758453838476
3,453.255,70.09999999999997,3664.8885258023533,60.001695337146565,0.00933151878160899,858.9060485211775,409.0536537956828
3,453.355,70.19999999999999,3670.5803444865237,60.00164956891515,0.009294627005532198,856.8555403484861,403.9644516308666
3,453.455,70.29999999999995,3676.2099648667736,60.0016029826621,0.009258548267993896,854.8502431095445,398.7842894853786
3,453.555,70.39999999999998,3681.7793562576917,60.00155421775505,0.009225159819423472,852.9945455488398,393.3618717345876
3,453.65500000000003,70.5,3687.2883968035007,60.001508449523634,0.009195326282179589,851.3364524435848,388.27266956977144
3,453.755,70.59999999999997,3692.7377113699777,60.00146186530452,0.009169109146100042,849.8794321165163,383.0927335883242
3,453.855,70.69999999999999,3698.1367964484207,60.001413098363535,0.009146433091154335,848.6193148247145,377.6700896720778
3,453.955,70.79999999999995,3703.5026366840357,60.00136733013212,0.0091272938783066,847.5557988190906,372.5808875072616
3,454.055,70.89999999999998,3708.8592135670187,60.0013215619007,0.009111576838057894,846.6825476226883,367.4916853424454
3,454.15500000000003,71.0,3714.273447595588,60.001275793669286,0.009099113904119223,845.9902174581947,362.4024831790439
3,454.255,71.09999999999997,3719.8648191348934,60.00123002543787,0.009089678493684542,845.4662111109915,357.3132810142277
3,454.355,71.19999999999999,3725.2926739723357,60.001184257206454,0.009083291721563014,845.1117028760372,352.2240788494115
3,454.455,71.29999999999995,3730.714069639228,60.00113767773321,0.009080038053814524,844.9313996305214,347.0446705854742
3,454.555,71.39999999999998,3736.118327298607,60.001088906046355,0.009079883584919709,844.9234342828747,341.62149895171785
3,454.65500000000003,71.5,3741.515738442783,60.00104313781494,0.009082820229684008,845.0872913243672,336.53229678831633
3,454.755,71.59999999999997,3746.911374528061,60.00099736958352,0.009088885358641843,845.425087209294,331.44309462350014
3,454.855,71.69999999999999,3752.3038749835673,60.00095160135211,0.00909796423987388,845.9304433866669,326.35389245868396
3,454.955,71.79999999999995,3757.689678641339,60.00090664097261,0.009110080216124606,846.6046476871431,321.35451945292095
3,455.055,71.89999999999998,3763.0526127072567,60.00086387958653,0.00912514775851297,847.4429273354816,316.5996636971129
3,455.15500000000003,72.0,3768.369219191238,60.000818111355116,0.009143593703877396,848.4690808219715,311.51046153229674
3,455.255,72.09999999999997,3773.630366561822,60.00077314894168,0.009165758845565182,849.7020073299473,306.51086236390756
3,455.355,72.19999999999999,3778.8271052299283,60.000731194729546,0.009191417328610361,851.1291216848269,301.84576037913905
3,455.455,72.29999999999995,3783.955486094739,60.00068924051742,0.00922034100301966,852.7377780076636,297.1806583957852
3,455.555,72.39999999999998,3789.022392891115,60.00064728630529,0.009252507079446137,854.5267095865942,292.5155564110167
3,455.65500000000003,72.5,3794.0289396628286,60.00060533209315,0.009287728162652654,856.4854978333375,287.85045442624823
3,455.755,72.59999999999997,3798.954616476044,60.0005641803091,0.009325678200024735,858.5960045452755,283.2745784978387
3,455.855,72.69999999999999,3803.7867417683256,60.00052604011625,0.009365657001920486,860.819271505063,279.0335766931179
3,455.955,72.79999999999995,3808.5306221065084,60.0004878999234,0.009407100788185168,863.1239923957826,274.79257488981176
3,456.055,72.89999999999998,3813.185669781791,60.00045056012469,0.009449762419621982,865.4964162379713,270.6405729759945
3,456.15500000000003,73.0,3817.748835232411,60.00041623395113,0.009493168561017682,867.9101971291883,266.823671352736
3,456.255,73.09999999999997,3822.223967075769,60.000381907777566,0.009536499134724187,870.319779045184,263.0067697294775
3,456.355,73.19999999999999,3826.618794385872,60.00034837996419,0.009578631480896754,872.6627327801571,259.2786418302525
3,456.455,73.29999999999995,3830.9427427148994,60.0003170701277,0.009618577840935052,874.8841210431159,255.79714204960723
3,456.555,73.39999999999998,3835.215712095898,60.00028354095837,0.009655808438450673,876.9545472346193,252.06886337576964
3,456.65500000000003,73.5,3839.431389850408,60.00025223247784,0.009689948121155105,878.8530942632646,248.5875143725662
3,456.755,73.59999999999997,3843.5066221029238,60.00021790630428,0.009720684873824187,880.5624836722883,244.7706127478931
3,456.855,73.69999999999999,3847.827762508616,60.00018437510101,0.009747887406495324,882.0753649724223,241.0421079100147
3,456.955,73.79999999999995,3852.2255080606947,60.00015306865442,0.00977146880225104,883.3868862194373,237.56098507085207
3,457.055,73.89999999999998,3856.6423444367306,60.00011874248086,0.009791535767128417,884.5030498674231,233.7440834475936
3,457.15500000000003,74.0,3861.053233209855,60.000084416307295,0.009807991322711365,885.4184234368663,229.92718182433512
3,457.255,74.09999999999997,3865.4154220921846,60.00005009013373,0.009820850907760323,886.1338649974281,226.11028019966201
3,457.355,74.19999999999999,3869.652043722051,60.00001576396017,0.009830387069939765,886.6645276682825,222.29337857640354
3,457.455,74.29999999999995,3873.649457043475,59.99998064688421,0.009836688264957984,887.0153398338127,218.38853249867586
3,457.555,74.39999999999998,3878.022179316885,59.99994329691578,0.009839558722553033,887.1754358755915,214.2353997618253
3,457.65500000000003,74.5,3882.416554649357,59.99990897074222,0.009839009402184096,887.1453543398335,210.41849813856683
3,457.755,74.59999999999997,3886.8339379324025,59.999874644568656,0.00983505673488336,886.9260490237696,206.60159651530836
3,457.855,74.69999999999999,3891.282792151655,59.999840318395094,0.009827544954775426,886.5088591528554,202.78469489204988
3,457.955,74.79999999999995,3895.7397002971934,59.99980599222153,0.009816617108696826,885.9017377330671,198.9677932687914
3,458.055,74.89999999999998,3900.183321270374,59.99977166604797,0.009802768777980655,885.1322384929244,195.15089164553294
3,458.15500000000003,75.0,3904.485984127731,59.99973812603094,0.009785627313685064,884.1796316058328,191.42140676064844
3,458.255,75.09999999999997,3908.441391844261,59.99970682839811,0.00976536100573863,883.0532542196518,187.94126396707728
3,458.355,75.19999999999999,3912.823955464399,59.99967328702512,0.009741921355700782,881.7504695011729,184.21162830616558
3,458.455,75.29999999999995,3917.1531806520456,59.99964199074825,0.009715062661405848,880.257556407537,180.73163628862162
3,458.555,75.39999999999998,3921.431504406881,59.9996084480193,0.00968483485670705,878.5773507634157,177.00184985168272
3,458.65500000000003,75.5,3925.690449068716,59.99957793586502,0.009651421833020573,876.7200064698727,173.60904840847192
3,458.755,75.59999999999997,3929.87337260475,59.999547423710744,0.009614982808822775,874.6944160836084,170.21624696526115
3,458.855,75.69999999999999,3933.867952561382,59.99951769296713,0.009575366271821695,872.4921450425796,166.91033454432915
3,458.955,75.79999999999995,3938.1286026061534,59.99949021409945,0.009532770697251017,870.1242089990407,163.8548196483155
3,459.055,75.89999999999998,3942.3835505433913,59.99946048199988,0.009487402925897575,867.6021673412248,160.54875644994164
3,459.15500000000003,76.0,3946.6203707487457,59.99943378386489,0.009439265040367772,864.9260662780464,157.5800551881932
3,459.255,76.09999999999997,3950.8230813041355,59.99940708572989,0.009388414376928389,862.0991334030464,154.6113539250301
3,459.355,76.19999999999999,3955.024727469271,59.99938116561567,0.009334877222935606,859.122820000911,151.72916474407776
3,459.455,76.29999999999995,3959.259707476536,59.999357504157175,0.009278839870142077,856.0074646193539,149.09812696817983
3,459.555,76.39999999999998,3963.500521156996,59.999331582686985,0.009220498808796615,852.7640504803002,146.2157870112003
3,459.65500000000003,76.5,3967.8595501251853,59.99930869857127,0.009159965895781455,849.3987283128018,143.67118592808487
3,459.755,76.59999999999997,3972.2578221423946,59.99928581445556,0.009097255158003942,845.9123171806266,141.12658484496947
3,459.855,76.69999999999999,3976.6943495525607,59.99926293033985,0.009032402575221582,842.3068174263977,138.5819837632687
3,459.955,76.79999999999995,3981.1688440962766,59.99924082017702,0.008965686349868678,838.597687129285,136.12344243286782
3,460.055,76.89999999999998,3985.6934327439853,59.9992209768057,0.008897536489425805,834.8088158367015,133.9169571665138
3,460.15500000000003,77.0,3990.2709157436734,59.999198092689994,0.008828314445629867,830.9603671969435,131.37235608481305
3,460.255,77.09999999999997,3994.896727324787,59.999175208574286,0.00875835548138442,827.0709431915305,128.82775500311226
3,460.355,77.19999999999999,3999.573702467232,59.99915232445858,0.008687985542192142,823.1586663215568,126.28315391999686
3,460.455,77.29999999999995,4004.3041620858858,59.9991286697799,0.008617520742446467,819.2411220453167,123.65287002706422
3,460.555,77.39999999999998,4009.0826441109944,59.999101971644905,0.00854726419986528,815.3351915621565,120.68416876390111
3,460.65500000000003,77.5,4013.907361233014,59.999075273509916,0.008477436700263937,811.4531127092395,117.71546750215266
3,460.755,77.59999999999997,4018.7842623180054,59.99904857537492,0.00840815971875374,807.6016395324049,114.74676623898957
3,460.855,77.69999999999999,4023.718483498661,59.99902110938888,0.008339511651659267,803.7851402348374,111.692683716649
3,460.955,77.79999999999995,4028.7205083148665,59.9989905972346,0.008271574922582531,800.0082250318728,108.29988227485286
3,461.055,77.89999999999998,4033.796788025593,59.99896008508033,0.008204402036881943,796.2737760983399,104.90708083164208
3,461.15500000000003,78.0,4038.9591247489916,59.99892880710894,0.008138057810518408,792.5854064411843,101.42912429329462
3,461.255,78.09999999999997,4044.2335059598468,59.99889448093538,0.00807262972204645,788.9480070326268,97.61222267003615
3,461.355,78.19999999999999,4049.6589355902647,59.998860154761815,0.00800817079794495,785.3644895479756,93.79532104677767
3,461.455,78.29999999999995,4055.0559896765403,59.99882506480509,0.007944699491160941,781.8358890839197,89.89349049383799
3,461.555,78.39999999999998,4060.5137159118194,59.998787687717424,0.007882285610849336,778.3661049313109,85.73734223219944
3,461.65500000000003,78.5,4066.035140045956,59.99875259911666,0.007820976630166482,774.9577227567614,81.83566245528695
3,461.755,78.59999999999997,4071.6210933691223,59.998713697174594,0.0077608075303820636,771.6127591406819,77.50995788492573
3,461.855,78.69999999999999,4077.2651843039703,59.998672504033706,0.007701887952452522,768.3372920129757,72.92948327919869
3,461.955,78.79999999999995,4082.9577991124966,59.9986336034476,0.007644301618266288,765.1359231224595,68.60392948627933
3,462.055,78.89999999999998,4088.686453655485,59.998591649235465,0.0075879182981621884,762.0014736845374,63.93882750151083
3,462.15500000000003,79.0,4094.4457985634995,59.998549695023335,0.007532564906063214,758.9242847062462,59.27372551815698
3,462.255,79.09999999999997,4100.247538248296,59.998506982451886,0.0074782070726554664,755.9024540108262,54.524297707816075
3,462.355,79.19999999999999,4105.95949412022,59.998461971901804,0.00742457158047776,752.9208080948715,49.519345980558704
3,462.455,79.29999999999995,4111.685303549157,59.99841926068632,0.007371484624615614,749.9696309722491,44.77006894765965
3,462.555,79.39999999999998,4117.431984501741,59.9983734924549,0.007318878596151887,747.0452243927816,39.68086678284347
3,462.65500000000003,79.5,4123.212216708362,59.99832847987088,0.007266629465151177,744.1406489853968,34.67568889154529
3,462.755,79.59999999999997,4129.040176977676,59.99828501571992,0.007214525486831009,741.2441228612448,29.842689138597287
3,462.855,79.69999999999999,4134.919774751332,59.998236187760654,0.007162432884921616,738.3482853233298,24.413260289809575
3,462.955,79.79999999999995,4140.849200074609,59.99819041952924,0.007110257748877901,735.4478205419938,19.324058124993392
3,463.055,79.89999999999998,4146.814841742453,59.99814465129782,0.007057930564524735,732.5388977446648,14.23485596159186
3,463.15500000000003,80.0,4152.818439532233,59.99809813080892,0.00700549553355442,729.6239828588934,9.062006464740326
3,463.255,80.09999999999997,4158.864132075664,59.99804930013772,0.0069529809599597255,726.7046666095989,3.6322760638982103
3,463.355,80.19999999999999,4164.946817157201,59.99800278100478,0.006900342790908208,723.7784487473376,-1.5404226569261217
3,463.455,80.29999999999995,4171.068062745995,59.997953198754075,0.006847575870717846,720.845101458888,-7.0537250017899895
3,463.555,80.39999999999998,4177.227581016559,59.99790361650338,0.006794702892971469,717.9058528703056,-12.567027346653857
3,463.65500000000003,80.5,4183.424387181434,59.99785478312026,0.006741724040829091,714.9607050601559,-17.997059299550376
3,463.755,80.59999999999997,4189.657541917033,59.99780826669924,0.006688630626667297,712.0091582000126,-23.169456468320305
3,463.855,80.69999999999999,4195.918069484102,59.99775868444854,0.006635462903910561,709.053508404991,-28.682758811769524
3,463.955,80.79999999999995,4202.200893605114,59.997708355364196,0.006582239603234571,706.0947719540369,-34.27910538455994
3,464.055,80.89999999999998,4208.516824108982,59.99765570524987,0.006528867950885532,703.1278071388592,-40.13353907097319
3,464.15500000000003,81.0,4214.863982502834,59.997606122999166,0.006475343693004123,700.1523200831282,-45.64684141583706
3,464.255,81.09999999999997,4221.243950881943,59.99755654074847,0.006421681393765765,697.1691532935941,-51.16014376070093
3,464.355,81.19999999999999,4227.65563439092,59.99750621437605,0.006367855194186806,694.1768767668268,-56.756188778607644
3,464.455,81.29999999999995,4234.100331204702,59.9974535615498,0.00631383877972857,691.1740437865585,-62.61092401848995
3,464.555,81.39999999999998,4240.575480843106,59.997403236533344,0.00625960780340204,688.1592518772494,-68.20681826178411
3,464.65500000000003,81.5,4247.081774386235,59.99734984026336,0.006205112203965867,685.1297737594133,-74.14422078669567
3,464.755,81.59999999999997,4253.6190085145445,59.99729718540316,0.006150349422292258,682.085427380398,-79.99918219061878
3,464.855,81.69999999999999,4260.187305946796,59.99724686242065,0.006095349284731965,679.0278548753785,-85.59485026845749
3,464.955,81.79999999999995,4266.784103078669,59.99719346615066,0.006040132198539846,675.958246432625,-91.53225279478369
3,465.055,81.89999999999998,4273.409997391538,59.99714006988068,0.005984703269125146,672.8768542101747,-97.46965531969525
3,465.15500000000003,82.0,4280.06429650358,59.997086673610696,0.005929071281144448,669.7841666209586,-103.4070578446068
3,465.255,82.09999999999997,4286.74729950259,59.997033277340705,0.0058732517132401695,666.681044276475,-109.34446036951836
3,465.355,82.19999999999999,4293.458801506973,59.99697988107072,0.005817253065847956,663.5679597905282,-115.2818628944299
3,465.455,82.29999999999995,4300.19911850766,59.99692648480074,0.005761076826492601,660.444995848055,-121.21926541934145
3,465.555,82.39999999999998,4306.9664698435245,59.99687308853075,0.005704756553518896,657.314018330685,-127.15666794566766
3,465.65500000000003,82.5,4313.761643317545,59.996819692260765,0.0056483195433920524,654.1765449537979,-133.09407047057923
3,465.755,82.59999999999997,4320.584450864435,59.996765561360796,0.005591788310765076,651.0338347879856,-139.11316023634322
3,465.855,82.69999999999999,4327.434010388256,59.996709085023525,0.0055351722313024005,647.8864247937488,-145.39305108987827
3,465.955,82.79999999999995,4334.309927727161,59.99665495547952,0.005478465541246845,644.733948426094,-151.4119900782004
3,466.055,82.89999999999998,4341.212296653453,59.996598477786286,0.005421669262783659,641.5765083676918,-157.69203170917731
3,466.15500000000003,83.0,4348.1412304459955,59.996544349598246,0.005364777788188212,638.4137471425921,-163.71081992147225
3,466.255,83.09999999999997,4355.095171443328,59.99648787054905,0.005307799934973504,635.2462004742287,-169.9910123270617
3,466.355,83.19999999999999,4362.073476729121,59.99643374371697,0.005250756002951702,632.0749517996894,-176.00964976332943
3,466.455,83.29999999999995,4369.078877733578,59.9963765334277,0.0051936714198830315,628.9014669536807,-182.37115246970333
3,466.555,83.39999999999998,4376.1068969526505,59.99631932313842,0.005136598675732291,625.7286348898197,-188.7326551760772
3,466.65500000000003,83.5,4383.160018016625,59.99626211284915,0.005079586953201682,622.5591902835363,-195.09415788103647
3,466.755,83.59999999999997,4390.233516094003,59.99620490255988,0.005022658785924053,619.3943860676113,-201.45566058741034
3,466.855,83.69999999999999,4397.3151756971665,59.99614769227061,0.0049658996528936265,616.2389750950953,-207.81716329236957
3,466.955,83.79999999999995,4404.417219680528,59.99609048198134,0.004909191988976134,613.0864204759126,-214.17866599874347
3,467.055,83.89999999999998,4411.540763987413,59.99603327169207,0.004852509702398754,609.9352714486408,-220.5401687037027
3,467.15500000000003,84.0,4418.6836469663795,59.9959760614028,0.004795875886775959,606.7868120816805,-226.9016714100766
3,467.255,84.09999999999997,4425.8454489611,59.99591885111353,0.0047392982901418405,603.641473193147,-233.26317411503584
3,467.355,84.19999999999999,4433.027658834547,59.99586164082426,0.004682733503216166,600.4968411186395,-239.62467682140974
3,467.455,84.29999999999995,4440.229788565797,59.99580370743068,0.004626187102964044,597.3532324825958,-246.06658516816088
3,467.555,84.39999999999998,4447.451442604528,59.99574340554845,0.004569664914110219,594.2109858316751,-252.77185780080416
3,467.65500000000003,84.5,4454.692066648007,59.99568619525918,0.004513130779879719,591.0680416386783,-259.1333605057634
3,467.755,84.59999999999997,4461.9499324318795,59.99562826389955,0.00445650701481269,587.9201146839795,-265.57504268847373
3,467.855,84.69999999999999,4469.227072949115,59.995567959983376,0.004399711485514367,584.7626525892423,-272.2805414851578
3,467.955,84.79999999999995,4476.521334377899,59.9955100299797,0.004342687193071626,581.5924439593249,-278.7220728932556
3,468.055,84.89999999999998,4483.8356919949765,59.99544900567115,0.004285381109111086,578.4065883642611,-285.5076757782625
3,468.15500000000003,85.0,4491.165400083422,59.99538869972103,0.004227730666462978,575.2015732424519,-292.21340074040205
3,468.255,85.09999999999997,4498.514690063718,59.9953307717513,0.004169734266325401,571.9772954013346,-298.6547059816298
3,468.355,85.19999999999999,4505.880333700545,59.99527046444523,0.0041114115658962246,568.7348890311295,-305.36058171979647
3,468.455,85.29999999999995,4513.264768128551,59.995212537831456,0.0040527342116824525,565.4727365074999,-311.80173618499697
3,468.555,85.39999999999998,4520.665829632837,59.9951515135229,0.003993693772032066,562.1904158495739,-318.58733907141857
3,468.65500000000003,85.5,4528.087239155856,59.995091204182884,0.003934287831316189,558.8877600200636,-325.29344097362605
3,468.755,85.59999999999997,4535.5264948431695,59.99503327960306,0.003874468977438155,555.5621187777524,-331.73436927478576
3,468.855,85.69999999999999,4542.983964648589,59.9949722552945,0.0038141839281448727,552.2105755168052,-338.5199721612073
3,468.955,85.79999999999995,4550.4568077296335,59.99491123098594,0.0037533964398723655,548.83108871552,-345.3055750476289
3,469.055,85.89999999999998,4557.947378383165,59.994850918934,0.003692071077303779,545.4216820967116,-352.01197850189084
3,469.15500000000003,86.0,4565.453014980274,59.9947929970661,0.0036301983273170986,541.9818129813668,-358.4526052509961
3,469.255,86.09999999999997,4572.977141805458,59.99473197275754,0.003567846881251441,538.5153458516884,-365.23820813600304
3,469.355,86.19999999999999,4580.517648909822,59.99467094844899,0.0035050583820206097,535.0245705605129,-372.02381102242464
3,469.455,86.29999999999995,4588.075909534354,59.99461063368512,0.003441862775896636,531.5111464657356,-378.73051603015557
3,469.555,86.39999999999998,4595.652899720865,59.99455271452914,0.003378327675364574,527.9788196752019,-385.17084122579183
3,469.65500000000003,86.5,4603.248598381437,59.994491690220585,0.003314502318222618,524.4303719299178,-391.95644411221343
3,469.755,86.59999999999997,4610.858522766539,59.994430665912034,0.0032504384084236417,520.8686531835511,-398.7420469972203
3,469.855,86.69999999999999,4618.4787878876705,59.99436964160348,0.003186147749983189,517.2943197491579,-405.5276498836419
3,469.955,86.79999999999995,4626.1098817657185,59.99430861729492,0.0031216281969274106,513.7072522671501,-412.3132527700635
3,470.055,86.89999999999998,4633.751208809229,59.99424759298637,0.0030568818252600916,510.10756613651665,-419.0988556550704
3,470.15500000000003,87.0,4641.400377858469,59.99418656867781,0.002991913295290808,506.4955204546497,-425.884458541492
3,470.255,87.09999999999997,4649.061005303394,59.994125544369254,0.002926702619677374,502.8700038083349,-432.67006142791354
3,470.355,87.19999999999999,4656.71742944505,59.99406522350356,0.002861167190204885,499.22641748986814,-439.3774449291816
3,470.455,87.29999999999995,4664.3952123212985,59.99400731044941,0.0027950790402838364,495.55207289206623,-445.8170916312808
3,470.555,87.39999999999998,4672.076267382925,59.993946286140854,0.002728007822063842,491.8230821705714,-452.60269451770233
3,470.65500000000003,87.5,4679.781609044232,59.9938852618323,0.0026596674030935825,488.02351149336187,-459.38829740412393
3,470.755,87.59999999999997,4687.484710381787,59.99382423752375,0.002590081867208701,484.1546998323342,-466.17390028913087
3,470.855,87.69999999999999,4695.199165639684,59.99376321321519,0.002519335126386333,480.2213128750983,-472.9595031755524
3,470.955,87.79999999999995,4702.938073278963,59.99370288828161,0.0024474503397695514,476.2246331622139,-479.66733900490203
3,471.055,87.89999999999998,4710.684470658344,59.99364497929534,0.00237447474774382,472.1672751788837,-486.10653337891966
3,471.15500000000003,88.0,4718.452257232649,59.993584653005804,0.0023005287054017744,468.05596569421726,-492.81451998429645
3,471.255,88.09999999999997,4726.217452953211,59.9935267453755,0.00222573748793369,463.8976360901053,-499.25356358228686
3,471.355,88.19999999999999,4733.987107452308,59.99346641773,0.0021503452271914515,459.70589519145796,-505.9617009636909
3,471.455,88.29999999999995,4741.680995413766,59.99340920744073,0.0020751691194549247,455.5261443219791,-512.3232036700648
3,471.555,88.39999999999998,4749.205818795941,59.99335199715145,0.002001338242917814,451.42118752710917,-518.6847063764386
3,471.65500000000003,88.5,4756.492186178996,59.993295481491295,0.001929384742906159,447.4206101605679,-524.9689697418358
3,471.755,88.59999999999997,4763.553799792169,59.993242779172434,0.0018593548779985564,443.5269639150355,-530.8292083166135
3,471.855,88.69999999999999,4770.380810912321,59.99319319692174,0.0017912088863219703,439.7380433704273,-536.3425106600628
3,471.955,88.79999999999995,4776.982272475726,59.993143614671034,0.0017248608727489431,436.04909366294294,-541.8558130049266
3,472.055,88.89999999999998,4783.355522053162,59.99309472433752,0.0016602105492050402,432.4545339759847,-547.2921775636975
3,472.15500000000003,89.0,4789.502900162487,59.99304964734531,0.0015972261794469148,428.95257970169524,-552.3045173290195
3,472.255,89.09999999999997,4795.439861615427,59.99300769313317,0.001535906390896118,425.54315975349925,-556.969619313788
3,472.355,89.19999999999999,4801.164802862388,59.99296573892104,0.0014761400615541512,422.2201157641626,-561.6347212971418
3,472.455,89.29999999999995,4806.682645401147,59.99292447391417,0.0014178405279373016,418.97862459785364,-566.2231870478716
3,472.555,89.39999999999998,4812.00106207126,59.99288633372132,0.0013609110919236469,415.81329428629573,-570.4641888511778
3,472.65500000000003,89.5,4817.128973091084,59.99284888137778,0.001305187456782631,412.7150048542564,-574.6287051964725
3,472.755,89.59999999999997,4822.073346942482,59.99281455520422,0.0012504365399542933,409.67078080317015,-578.4456068197311
3,472.855,89.69999999999999,4826.839815468855,59.99278022903066,0.0011964666535086064,406.66998300179347,-582.2625084429895
3,472.955,89.79999999999995,4831.43538653161,59.992746588672446,0.0011430991568778465,403.70267397082984,-586.003150773692
3,473.055,89.89999999999998,4835.867254582142,59.99271676165555,0.0010901086153465968,400.7562995407032,-589.3197683095311
3,473.15500000000003,90.0,4840.14322862991,59.992690063520556,0.0010373018423929772,397.8201221601177,-592.2884695726942
3,473.255,90.09999999999997,4844.297236560891,59.99266336538556,0.0009844466331067124,394.88124908978324,-595.2571708358573
3,473.355,90.19999999999999,4848.38328597053,59.99263666725057,0.000931245641127409,391.9231462647703,-598.2258720976058
3,473.455,90.29999999999995,4852.353839570909,59.99261065154103,0.0008772843422180575,388.9227598578571,-601.1186910082808
3,473.555,90.39999999999998,4856.271347645836,59.99258844917279,0.0008222469331472733,385.8625112781105,-603.5874851255072
3,473.65500000000003,90.5,4860.145292835301,59.99256937907637,0.0007660116314166885,382.7356331629871,-605.7079860271604
3,473.755,90.59999999999997,4863.991662963343,59.99255030897995,0.0007085745175826108,379.5419259221886,-607.8284869288134
3,473.855,90.69999999999999,4867.804229698362,59.99253123888352,0.0006498147944755393,376.2746725129733,-609.9489878304665
3,473.955,90.79999999999995,4871.636447432284,59.992512847822645,0.0005894628637741345,372.91887789577345,-611.9939833211142
3,474.055,90.89999999999998,4875.511175188897,59.99249827010308,0.0005273268370118068,369.46385454336786,-613.6149540183133
3,474.15500000000003,91.0,4879.425064627192,59.992486150365636,0.00046339075049123073,365.9087228124987,-614.962609194849
3,474.255,91.09999999999997,4883.343055072578,59.9924715712901,0.00039770954891795595,362.2565651934262,-616.5837306680753
3,474.355,91.19999999999999,4887.361339753728,59.99246080555587,0.0003303747434189417,358.51243575653143,-617.7808273506821
3,474.455,91.29999999999995,4891.428836828611,59.99245250187166,0.0002615089736449006,354.6831617921699,-618.7041561817148
3,474.555,91.39999999999998,4895.5444535052975,59.99244173478147,0.0001912318749567652,350.7754221958589,-619.9014036389341
3,474.65500000000003,91.5,4899.682363110388,59.992434781032586,0.00011966021100350962,346.79567630683135,-620.674626305534
3,474.755,91.59999999999997,4903.780922891384,59.9924309670133,4.692218645585016e-05,342.7510571729048,-621.0987264855817
3,474.855,91.69999999999999,4908.02470931264,59.99242715299401,-2.6836303362517986e-05,338.64969401912634,-621.5228266656294
3,474.955,91.79999999999995,4912.326522684621,59.99242401123047,-0.00010145642075894766,334.50041569846655,-621.8721753148077
3,475.055,91.89999999999998,4916.689318883574,59.99242401123047,-0.00017677084108083782,330.312514187058,-621.8721753148077
3,475.15500000000003,92.0,4921.116147509825,59.99242468213025,-0.0002526204108380793,326.0948520783792,-621.7975745599656
3,475.255,92.09999999999997,4925.597055519138,59.99242849614953,-0.0003288396638413489,321.85661831895095,-621.3734743813326
3,475.355,92.19999999999999,4930.116147731599,59.992432310168816,-0.00040524675045651307,317.60794045374115,-620.9493741998702
3,475.455,92.29999999999995,4934.6272693087785,59.99243679305393,-0.0004816572997389656,313.3590673673131,-620.4508994304359
3,475.555,92.39999999999998,4938.993163320034,59.99244508928036,-0.0005578926266644245,309.1199203797966,-619.5283998661381
3,475.65500000000003,92.5,4943.605637318355,59.99245653133821,-0.0006337766622249965,304.90029370926095,-618.256099325995
3,475.755,92.59999999999997,4948.252361634714,59.99246797339607,-0.0007091238006859254,300.7105229490989,-616.9837987844373
3,475.855,92.69999999999999,4952.945585765478,59.99248008160783,-0.0007837560107571168,296.56050462199727,-615.6374252055474
3,475.955,92.79999999999995,4957.661760474572,59.99249533768497,-0.0008574648642018291,292.4618176225262,-613.941024483942
3,476.055,92.89999999999998,4962.386045103345,59.99251059376211,-0.0009299450868773193,288.4314511417043,-612.2446237623366
3,476.15500000000003,93.0,4967.124399847684,59.99252651395922,-0.0010008944679461694,284.4862068580784,-610.4743761674397
3,476.255,93.09999999999997,4971.873109704846,59.99254624749763,-0.0010701662980386938,280.63422931712665,-608.2801037805087
3,476.355,93.19999999999999,4976.615686873323,59.99256913161334,-0.0011377110815530191,276.87827409971743,-605.735502698808
3,476.455,93.29999999999995,4981.347061188865,59.992592015729045,-0.0012034506374426282,273.22270194200917,-603.1909016171072
3,476.555,93.39999999999998,4986.059359597237,59.9926155612528,-0.0012672904913738456,269.6727633287228,-600.5727552141694
3,476.65500000000003,93.5,4990.750869946538,59.99264159865773,-0.0013291238978025747,266.23438651667584,-597.6775238842298
3,476.755,93.59999999999997,4995.4376213302585,59.9926658028776,-0.0013889243634484434,262.90906211517716,-594.9861337121093
3,476.855,93.69999999999999,5000.125704820519,59.99269631503188,-0.0014466949868410094,259.69658547854317,-591.5933322703131
3,476.955,93.79999999999995,5004.82430059465,59.99272682718616,-0.0015024293751815213,256.5973373034297,-588.2005308256877
3,477.055,93.89999999999998,5009.559640422357,59.992757339340436,-0.0015561310910952352,253.6111193323894,-584.8077293838916
3,477.15500000000003,94.0,5014.305994652022,59.99278850883487,-0.0016078504787522593,250.7351295172613,-581.34183494894
3,477.255,94.09999999999997,5018.968633134168,59.99282283500843,-0.0016577983657302734,247.95763530440874,-577.5249333256814
3,477.355,94.19999999999999,5023.82760515919,59.992857161182,-0.0017062861488883652,245.26133335138576,-573.7080317010084
3,477.455,94.29999999999995,5028.708100340924,59.992891487355564,-0.0017535573663899873,242.63268154834026,-569.89113007775
3,477.555,94.39999999999998,5033.592194508094,59.99292646815736,-0.001799771277264473,240.06282179262456,-566.0014370162197
3,477.65500000000003,94.5,5038.488646754633,59.992964608350206,-0.0018450171406005507,237.54678181307236,-561.7604352129135
3,477.755,94.59999999999997,5043.423980378417,59.993002748543056,-0.001889517506262445,235.0721981966764,-557.5194334081926
3,477.855,94.69999999999999,5048.392708605892,59.99304154133019,-0.0019337278478945615,232.6137419407147,-553.2058663306556
3,477.955,94.79999999999995,5053.375679904568,59.99308284362601,-0.001978093236277227,230.14665846099084,-548.6132542321044
3,478.055,94.89999999999998,5058.393641227996,59.99312098381886,-0.0020229213772217105,227.6538575904456,-544.3722524287983
3,478.15500000000003,95.0,5063.466138636895,59.99315977457206,-0.002068297292318793,225.13059842263036,-540.0589115153019
3,478.255,95.09999999999997,5068.599566321705,59.99320107890182,-0.0021142945008315937,222.57278678623038,-535.46607325271
3,478.355,95.19999999999999,5073.793685556015,59.99323986829906,-0.002161107071973088,219.9696485574884,-531.1528831152409
3,478.455,95.29999999999995,5079.050551529576,59.993281822511186,-0.0022089419097735784,217.30965999768168,-526.4877811304724
3,478.555,95.39999999999998,5084.374250496622,59.99332377672332,-0.0022579384350561054,214.58507939070935,-521.8226791457039
3,478.65500000000003,95.5,5089.754561036134,59.99336573093545,-0.0023081859358138113,211.79094202005825,-517.1575771623501
3,478.755,95.59999999999997,5095.189217030952,59.99340703865512,-0.0023597226619570797,208.92512318267183,-512.5643619596901
3,478.855,95.69999999999999,5100.677954559092,59.99344582466245,-0.002412529147852926,205.9887111472743,-508.251548762289
3,478.955,95.79999999999995,5106.215255123506,59.99348777887458,-0.0024665632700749986,202.9840305078813,-503.58644677893517
3,479.055,95.89999999999998,5111.7978398662735,59.99352973308671,-0.0025217604258463075,199.91468361190456,-498.92134479416666
3,479.15500000000003,96.0,5117.415485958592,59.99357168729885,-0.00257796927972687,196.7890855302876,-494.2562428093982
3,479.255,96.09999999999997,5123.070751113272,59.993613641510976,-0.0026351418325568235,193.6099053428474,-489.59114082604435
3,479.355,96.19999999999999,5128.778326020799,59.99365559572311,-0.0026932911653732433,190.37641578648433,-484.92603884127584
3,479.455,96.29999999999995,5134.535905820873,59.99369754993524,-0.0027523891876248927,187.0901789256497,-480.260936857922
3,479.555,96.39999999999998,5140.331652776344,59.99374014521599,-0.002812434676044028,183.7512610996269,-475.52455119798304
3,479.65500000000003,96.5,5146.173199884387,59.99378527305677,-0.002873394522627208,180.36149830322336,-470.50655732032374
3,479.755,96.59999999999997,5152.0594859415405,59.9938272272689,-0.0029352487427539626,176.92201751911344,-465.8414553369699
3,479.855,96.69999999999999,5157.986852169893,59.99386918148103,-0.002997997448175273,173.43280381508032,-461.17635335361604
3,479.955,96.79999999999995,5163.955228044958,59.99391177404986,-0.0030616341113752794,169.89421860483282,-456.4402692443168
3,480.055,96.89999999999998,5169.970041107074,59.99395690460256,-0.003126140624259854,166.30726419939717,-451.4219738160177
3,480.15500000000003,97.0,5176.010970702625,59.99399885881469,-0.003191502203409507,162.67277717944935,-446.7568718326639
3,480.255,97.09999999999997,5182.084359753441,59.99404144934958,-0.003257689526195763,158.99237841284773,-442.0210138874055
3,480.355,97.19999999999999,5188.191672322253,59.99408658193622,-0.0033246729242686073,155.26771330684565,-437.0024922950656
3,480.455,97.29999999999995,5194.334047368766,59.99412917111515,-0.0033924544886667395,151.49867775423402,-432.2667851272491
3,480.555,97.39999999999998,5200.511159250018,59.994174305057754,-0.0034610580724411914,147.68393372227334,-427.248112758882
3,480.65500000000003,97.5,5206.722847169425,59.994216892880715,-0.0035305011033327466,143.82252375663856,-422.51255636709266
3,480.755,97.59999999999997,5212.963426549325,59.994262028179286,-0.0036007377795136387,139.9169834975814,-417.4937332212837
3,480.855,97.69999999999999,5219.217111515996,59.99430461464628,-0.0036715778175919816,135.9779044748721,-412.75832760693623
3,480.955,97.79999999999995,5225.483360591095,59.9943503828777,-0.003743084776659829,132.00174072898486,-407.66912544212005
3,481.055,97.89999999999998,5231.796320803337,59.99439552021021,-0.003815220512060807,127.99062127736487,-402.6500761322703
3,481.15500000000003,98.0,5238.14693368169,59.994438104643265,-0.003888056192240481,123.94059243524478,-397.9148966819636
3,481.255,98.09999999999997,5244.543665808389,59.994483243331736,-0.003961741536346679,119.84331959855645,-392.8956965960867
3,481.355,98.19999999999999,5250.988736014282,59.99452582640883,-0.004036466732554441,115.6882370866089,-388.1606679218072
3,481.455,98.29999999999995,5257.473520738941,59.99457159464025,-0.004112418034923191,111.46497843054773,-383.071465756991
3,481.555,98.39999999999998,5263.995994770812,59.99461673536267,-0.004189592177175327,107.17373217424739,-378.0520395056586
3,481.65500000000003,98.5,5270.559336735122,59.9946586895748,-0.004267625540201645,102.83472087715792,-373.3869375208901
3,481.755,98.59999999999997,5277.051355088221,59.99470064378693,-0.004345507963524943,98.50410788215791,-368.72183553753626
3,481.855,98.69999999999999,5283.402106219239,59.994742597999064,-0.00442199395981393,94.25114678358712,-364.05673355276775
3,481.955,98.79999999999995,5289.56235725398,59.99478392741412,-0.0044963789860511414,90.1150134054407,-359.46110592942864
3,482.055,98.89999999999998,5295.480037166031,59.99482206760696,-0.004568397681557979,86.11046574625064,-355.2201041275372
3,482.15500000000003,99.0,5301.174614645537,59.99486020779981,-0.004637947420615474,82.24320538760642,-350.97910232281635
3,482.255,99.09999999999997,5306.658599331017,59.99489772522953,-0.004705101752924389,78.50914321068196,-346.8073487154841
3,482.355,99.19999999999999,5311.94555811109,59.99493205140309,-0.004769977665816361,74.90177689014844,-342.9904470922256
3,482.455,99.29999999999995,5317.03528878472,59.99496575616948,-0.004832639859478313,71.41750538028876,-339.2426428889139
3,482.555,99.39999999999998,5321.93768807492,59.99499626832376,-0.004893192294772099,68.0505504607956,-335.84984144570313
3,482.65500000000003,99.5,5326.666547219891,59.995026780478035,-0.004951756661923921,64.79414196679265,-332.4570400024923
3,482.755,99.59999999999997,5331.225544889821,59.99505729263231,-0.005008392784160434,61.64495337292621,-329.0642385606962
3,482.855,99.69999999999999,5335.614839470704,59.99508718609134,-0.005063155919114642,58.59991257013534,-325.7402329853777
3,482.955,99.79999999999995,5339.836039854024,59.995113884226335,-0.005116104089107956,55.65579526594847,-322.7715317222146
3,483.055,99.89999999999998,5343.892445860265,59.99513996502204,-0.005167351764727013,52.806233912740055,-319.87147555091667
3,483.15500000000003,100.0,5347.780045539491,59.99516346579905,-0.005217091523393148,50.04052186897894,-317.25830476536436
3,483.255,100.09999999999997,5351.498932683277,59.9951889319674,-0.005265535409163113,47.34686512988797,-314.4265921338771
3,483.355,100.19999999999999,5355.0462888580805,59.995208617369165,-0.005312826027442818,44.71733976651413,-312.2376723043997
3,483.455,100.29999999999995,5358.4162098517645,59.99523027223015,-0.005359044888903035,42.14740783989483,-309.82975829949106
3,483.555,100.39999999999998,5361.611495680901,59.99524614225667,-0.005404247575472402,39.633983632884664,-308.0650894275032
3,483.65500000000003,100.5,5364.647087680383,59.99526459908169,-0.005448543645778332,37.170969933215744,-306.012781288219
3,483.755,100.59999999999997,5367.567464830713,59.995279855158834,-0.005492094337820887,34.749404683308235,-304.3163805666136
3,483.855,100.69999999999999,5370.405384517891,59.995294499320536,-0.005534946233131671,32.36669615623367,-302.6880218313499
3,483.955,100.79999999999995,5373.136101096734,59.99530594137839,-0.005577153678656165,30.01982357390656,-301.4157212897922
3,484.055,100.89999999999998,5375.968868350758,59.995317383436245,-0.005618784344793936,27.705022549276716,-300.14342074823446
3,484.15500000000003,101.0,5378.547462800412,59.9953282156126,-0.00565988896465216,25.41947238033559,-298.93893602897765
3,484.255,101.09999999999997,5381.355763238391,59.99533584365117,-0.005700452380969183,23.164016688810563,-298.09073566888225
3,484.355,101.19999999999999,5383.942975983726,59.995342863164204,-0.0057404671608754475,20.93906760601179,-297.3102003536459
3,484.455,101.29999999999995,5386.165203764252,59.99534667718349,-0.005779898985348235,18.74653404117456,-296.8861001735982
3,484.555,101.39999999999998,5388.342355063614,59.99535049120278,-0.005818725852450414,16.58763824274242,-296.4619999921359
3,484.65500000000003,101.5,5390.446900592846,59.99535369873047,-0.005856923814433722,14.463711906771623,-296.10533869432106
3,484.755,101.59999999999997,5392.449278349644,59.99535369873047,-0.005894465128151445,12.376298061492479,-296.10533869432106
3,484.855,101.69999999999999,5394.2762861045985,59.99535369873047,-0.005931258617805911,10.330465560841132,-296.10533869432106
3,484.955,101.79999999999995,5396.220377819513,59.99535309427282,-0.005967157598813376,8.334370600190221,-296.1725514096838
3,485.055,101.89999999999998,5398.105457256265,59.995349280253535,-0.006002010575903282,6.396436986654695,-296.59665159114616
3,485.15500000000003,102.0,5399.737719194785,59.99534546623425,-0.006035722752579488,4.521935209984243,-297.02075177119383
3,485.255,102.09999999999997,5401.639623222636,59.99534104979126,-0.006068429206175092,2.703354584405561,-297.51183850397814
3,485.355,102.19999999999999,5403.505826619783,59.99533342175269,-0.006100323774750645,0.9299171059792286,-298.36003886407354
3,485.455,102.29999999999995,5405.14833009336,59.99532579371412,-0.006131527880744282,-0.805128897352173,-299.20823922558355
3,485.555,102.39999999999998,5407.078309680795,59.99531756528579,-0.006162166771602708,-2.508747586534485,-300.1231999743747
3,485.65500000000003,102.5,5408.848996186163,59.995306123227934,-0.006192337489845279,-4.186335031223303,-301.39550051593244
3,485.755,102.59999999999997,5410.918894333156,59.99529468117008,-0.0062220060611687346,-5.836002100160204,-302.6678010560755
3,485.855,102.69999999999999,5413.00690787941,59.995283239112226,-0.0062511360312435425,-7.4557218025595,-303.9401015976332
3,485.955,102.79999999999995,5414.989349251333,59.99527119937653,-0.006279859281481569,-9.052827230556414,-305.2788609744177
3,486.055,102.89999999999998,5417.2305479429915,59.9952559432994,-0.006308557314642235,-10.648531607403745,-306.97526169460843
3,486.15500000000003,103.0,5419.467411741615,59.99524068722226,-0.006337971829447191,-12.28407539673388,-308.6716624162138
3,486.255,103.09999999999997,5421.874322496386,59.995225431145116,-0.006368786587816613,-13.99747798995893,-310.3680631378192
3,486.355,103.19999999999999,5424.381611472182,59.995210175067974,-0.00640120362510123,-15.799973259394157,-312.0644638608392
3,486.455,103.29999999999995,5426.875525095915,59.99519551327877,-0.006435273758741966,-17.69438672234723,-313.6947826872859
3,486.555,103.39999999999998,5429.511530790791,59.995183477610965,-0.006470941214105025,-19.67761653339254,-315.0330897345741
3,486.65500000000003,103.5,5432.023297203152,59.9951688144658,-0.006508097892463865,-21.743653589406616,-316.66355933704796
3,486.755,103.59999999999997,5434.7264803275075,59.995157964661935,-0.006546595078657607,-23.884226815769477,-317.87000414890235
3,486.855,103.69999999999999,5437.2508580478225,59.99514974504736,-0.006586198044509055,-26.086284688545074,-318.78398485068743
3,486.955,103.79999999999995,5440.118410126783,59.995138893887535,-0.006626644522121538,-28.33524626404287,-319.990580438569
3,487.055,103.89999999999998,5442.638194007536,59.995131856069015,-0.006667715825408466,-30.618949182580966,-320.7731512330019
3,487.15500000000003,104.0,5445.6581663392635,59.99512745250766,-0.006709244693551021,-32.92809339361022,-321.2628055921131
3,487.255,104.09999999999997,5448.1551085429,59.995120413333176,-0.006751063354918083,-35.25335277727897,-322.0455271625732
3,487.355,104.19999999999999,5451.381123470563,59.9951171875,-0.00679299319990395,-37.5847926672295,-322.40422394241386
3,487.455,104.29999999999995,5454.5161579737505,59.9951171875,-0.0068348432051521255,-39.9117914848293,-322.40422394241386
3,487.555,104.39999999999998,5456.984034044905,59.9951171875,-0.006876372589339202,-42.220962710158766,-322.40422394241386
3,487.65500000000003,104.5,5460.149698339596,59.9951171875,-0.006917499108133544,-44.50773328614581,-322.40422394241386
3,487.755,104.59999999999997,5462.56775250193,59.99511777297418,-0.00695799891980301,-46.7596564578154,-322.33912209284654
3,487.855,104.69999999999999,5465.69000581745,59.99512158699347,-0.006997955633110453,-48.98137913362129,-321.91502191279886
3,487.955,104.79999999999995,5468.061880485751,59.99512540101275,-0.007037219985805759,-51.16460401629507,-321.4909217327512
3,488.055,104.89999999999998,5471.238621578339,59.99512979847228,-0.007075961791030779,-53.31877281341798,-321.00194586717697
3,488.15500000000003,105.0,5474.199568527886,59.995137426510844,-0.007114449353515037,-55.45880188221537,-320.1537455070816
3,488.255,105.09999999999997,5476.583543929671,59.99514505454942,-0.0071527448005149555,-57.58814820525488,-319.3055451455716
3,488.355,105.19999999999999,5479.425344642346,59.99515326399428,-0.007190988471026383,-59.714614570046905,-318.39269526540517
3,488.455,105.29999999999995,5481.8853276995,59.99516470605214,-0.007229248928452919,-61.842010793359236,-317.1203947238475
3,488.555,105.39999999999998,5484.6444766161885,59.995176728160324,-0.0072676972713856276,-63.97985276679824,-315.7835954396606
3,488.65500000000003,105.5,5487.238280690742,59.99519140486511,-0.007306527237164419,-66.13891078046372,-314.15161807408543
3,488.755,105.59999999999997,5490.06380498248,59.99520342561734,-0.007345868987843541,-68.32642747516299,-312.8149695645111
3,488.855,105.69999999999999,5492.821950289749,59.995218681694475,-0.007385814365835744,-70.54750355241767,-311.11856884432035
3,488.955,105.79999999999995,5495.7896086356195,59.995233937771616,-0.007426463266066826,-72.80769670162012,-309.42216812271494
3,489.055,105.89999999999998,5498.71024978509,59.99524977050919,-0.0074679040746060575,-75.11192078931914,-307.6616455971337
3,489.15500000000003,106.0,5501.803525572096,59.99526826462316,-0.007510165071996997,-77.46174577142688,-305.6051911114429
3,489.255,106.09999999999997,5504.925515621297,59.99528409600477,-0.0075531816468555335,-79.85358515394886,-303.8448193633035
3,489.355,106.19999999999999,5508.100442207956,59.995303166101195,-0.007596847740816496,-82.28153467682128,-301.72431846023574
3,489.455,106.29999999999995,5511.38632736518,59.99532281014612,-0.0076410053887138105,-84.73681400640102,-299.5399973080759
3,489.555,106.39999999999998,5514.761730822278,59.99534569426183,-0.007685456401281803,-87.20839959898508,-296.99539622637514
3,489.65500000000003,106.5,5518.226093040707,59.99536857837754,-0.00773000216665713,-89.68525203167253,-294.4507951446744
3,489.755,106.59999999999997,5521.784172156789,59.995391462493245,-0.0077743561534879164,-92.15143927343806,-291.90619406155895
3,489.855,106.69999999999999,5525.426573343839,59.99541491784554,-0.007818274709165575,-94.59341268801325,-289.2980742814058
3,489.955,106.79999999999995,5529.146706603281,59.99544161598053,-0.007861545726596727,-96.99937452241264,-286.32937301965734
3,490.055,106.89999999999998,5532.934983248072,59.99546831411553,-0.007903899948937818,-99.35435784407963,-283.36067175649424
3,490.15500000000003,107.0,5536.754178695878,59.995495012250515,-0.007945172165497214,-101.64917650586207,-280.3919704947458
3,490.255,107.09999999999997,5540.63643409685,59.99552227891017,-0.007985391217940303,-103.88543337024639,-277.3600520851847
3,490.355,107.19999999999999,5544.588270255741,59.99555279106445,-0.008024355592478495,-106.0519194010676,-273.9672506433886
3,490.455,107.29999999999995,5548.621722405238,59.99558387038743,-0.008062011293460564,-108.14563643787525,-270.5113828312216
3,490.555,107.39999999999998,5552.7040296205905,59.99561763007027,-0.00809834502360339,-110.16584164363331,-266.7574721889057
3,490.65500000000003,107.5,5556.852665917852,59.99564870803729,-0.00813332213360218,-112.11061737008399,-263.30175515276596
3,490.755,107.59999999999997,5561.070631759702,59.995683599345604,-0.008166701969034199,-113.96657170373801,-259.42201332459217
3,490.855,107.69999999999999,5565.36054853735,59.99572117508168,-0.008198428672780256,-115.73060062640383,-255.2437763367731
3,490.955,107.79999999999995,5569.720680658218,59.99575606503403,-0.008228494518241408,-117.40228398810663,-251.36418528604116
3,491.055,107.89999999999998,5574.150251793793,59.99579420522688,-0.00825680296300674,-118.97624344176843,-247.123183482735
3,491.15500000000003,108.0,5578.646677859303,59.99583234541973,-0.008283271272034185,-120.44788454871177,-242.88218167801418
3,491.255,108.09999999999997,5583.207405548497,59.99587048561257,-0.008307752984581872,-121.80906387653827,-238.64117987470803
3,491.355,108.19999999999999,5587.83415680031,59.99590918687229,-0.008330038608741309,-123.04813226866081,-234.33779019456816
3,491.455,108.29999999999995,5592.5240611315485,59.99595114108442,-0.008349901518946427,-124.15248388362683,-229.6726882112143
3,491.555,108.39999999999998,5597.27017416634,59.995993095296555,-0.00836706006580826,-125.106464535098,-225.0075862264458
3,491.65500000000003,108.5,5602.055317871587,59.996035049508684,-0.00838110329939235,-125.88722464945002,-220.34248424309195
3,491.755,108.59999999999997,5606.85842573512,59.99607700372082,-0.008391571181989368,-126.46918530783813,-215.67738225832346
3,491.855,108.69999999999999,5611.676174871855,59.99611951560991,-0.008398171420531677,-126.83609360339337,-210.95026933961856
3,491.955,108.79999999999995,5616.528788026522,59.996164726842345,-0.008400783877257808,-126.98126587961454,-205.92300272213984
3,492.055,108.89999999999998,5621.440372855222,59.99620668105448,-0.008399357132141516,-126.90185492060408,-201.25790073737133
3,492.15500000000003,109.0,5626.445409367502,59.99624863526661,-0.008393929017120908,-126.59995845520483,-196.59279875401748
3,492.255,109.09999999999997,5631.534073418661,59.99629058947874,-0.008384567811590353,-126.07937339963641,-191.927696769249
3,492.355,109.19999999999999,5636.614978456191,59.996332543690876,-0.00837140870285437,-125.34761689342977,-187.2625947844805
3,492.455,109.29999999999995,5641.637507777556,59.996374497903005,-0.008354595512837059,-124.41268616135834,-182.59749280112666
3,492.555,109.39999999999998,5646.621808511826,59.996416452115135,-0.008334116506642227,-123.27392910364303,-177.9323908177728
3,492.65500000000003,109.5,5651.560991273711,59.99645840632727,-0.00830977176676351,-121.92023025823322,-173.26728883300433
3,492.755,109.59999999999997,5656.456839674892,59.9965003605394,-0.008281612809671763,-120.3544544604179,-168.60218684823582
3,492.855,109.69999999999999,5661.329421921438,59.996541763854374,-0.008249939300226399,-118.59326510022794,-163.9983419186824
3,492.955,109.79999999999995,5666.195773194356,59.9965804542664,-0.008214849064981785,-116.64210567158112,-159.6961584495894
3,493.055,109.89999999999998,5671.0878302443225,59.99662185893734,-0.008176262488722531,-114.49654010724046,-155.09216274259413
3,493.15500000000003,110.0,5676.037140076386,59.9966605479934,-0.008134181334633117,-112.15667627678218,-150.79013004952836
3,493.255,110.09999999999997,5681.04718269847,59.996701954020295,-0.008088925686579951,-109.64030252863641,-146.18598356650588
3,493.355,110.19999999999999,5686.115585541389,59.996740094213145,-0.008040720223508751,-106.9599217610581,-141.94498176178507
3,493.455,110.29999999999995,5691.238448314139,59.996778234405994,-0.007989926665376772,-104.13564104391105,-137.7039799584789
3,493.555,110.39999999999998,5696.417443470879,59.996816374598836,-0.007937126050837174,-101.19976746877731,-133.46297815517275
3,493.65500000000003,110.5,5701.65215208811,59.996854514791686,-0.007882748002677444,-98.17618905047959,-129.22197635045194
3,493.755,110.59999999999997,5706.941040716442,59.99689319977986,-0.00782712096461584,-95.0831672256723,-124.92039598688243
3,493.855,110.69999999999999,5712.290175531319,59.99693460987464,-0.00777043630141782,-91.9313393857168,-120.31579717577833
3,493.955,110.79999999999995,5717.699559830443,59.99697275006749,-0.007712810619105691,-88.72719756801082,-116.07479537105752
3,494.055,110.89999999999998,5723.160617657893,59.997011433021726,-0.007654392130800727,-85.47897736716915,-111.7734411715288
3,494.15500000000003,111.0,5728.6699143539345,59.99705284515045,-0.007595292806970583,-82.19290197113617,-107.16861619496926
3,494.255,111.09999999999997,5734.241291085089,59.997091526748726,-0.007535537556572254,-78.87036334463771,-102.86741277146776
3,494.355,111.19999999999999,5739.854091372415,59.99713294023341,-0.007475186601135087,-75.51470332072265,-98.26243701888102
3,494.455,111.29999999999995,5745.502752016722,59.99717162047572,-0.007414375979853711,-72.13349232930048,-93.96138437282134
3,494.555,111.39999999999998,5751.17579872202,59.997213574687855,-0.007353227660692228,-68.73350536412228,-89.29628238805284
3,494.65500000000003,111.5,5756.883586340784,59.997255528899984,-0.007291546829935176,-65.30391426010496,-84.63118040328436
3,494.755,111.59999999999997,5762.6178006406235,59.9972969450966,-0.007229325093099666,-61.844252830793714,-80.02590309864321
3,494.855,111.69999999999999,5768.380167668139,59.997335622626984,-0.007166562581371545,-58.35453028324984,-75.72515200463795
3,494.955,111.79999999999995,5774.181264976568,59.99737757683911,-0.007103262583944069,-54.834924135445355,-71.06005001986945
3,495.055,111.89999999999998,5780.035658233091,59.99741953105124,-0.007039444487624772,-51.286515440064726,-66.39494803651561
3,495.15500000000003,112.0,5785.934751840231,59.99746148526338,-0.006975137752122419,-47.71094225119234,-61.72984605174711
3,495.255,112.09999999999997,5791.876876439031,59.99750397410112,-0.006910385695449799,-44.1106128021248,-57.00529632974857
3,495.355,112.19999999999999,5797.859719011734,59.99754920838491,-0.00684533063217106,-40.4934387450576,-51.975466514148835
3,495.455,112.29999999999995,5803.885084913631,59.99759116259704,-0.006780096715269365,-36.86632698021833,-47.31036453079499
3,495.555,112.39999999999998,5809.95428778608,59.99763364940084,-0.006714626381086493,-33.22607446411059,-42.586040972837246
3,495.65500000000003,112.5,5816.054797635438,59.99767888571857,-0.00664884829021955,-29.568713765737975,-37.55598499319671
3,495.755,112.59999999999997,5822.187306477126,59.99772137116641,-0.006582737425128701,-25.892856525485183,-32.83181221268082
3,495.855,112.69999999999999,5828.354038040328,59.99776713939783,-0.006516240793496869,-22.19555386598652,-27.74261004786464
3,495.955,112.79999999999995,5834.558218246204,59.997812907629246,-0.006449304445320423,-18.473807622238482,-22.65340788304846
3,496.055,112.89999999999998,5840.799209742075,59.99785814665889,-0.0063818691160485155,-14.724322794082289,-17.62305035135352
3,496.15500000000003,113.0,5847.077191220806,59.99790062939481,-0.00631390568354667,-10.945480497981237,-12.899179122892031
3,496.255,113.09999999999997,5853.38557050465,59.99794639762623,-0.0062454587050499505,-7.13975709032948,-7.8099769580758505
3,496.355,113.19999999999999,5859.7227594911255,59.997992165857646,-0.006176622369439,-3.312390344053619,-2.720774793259669
