{
  "type": "FeatureCollection",
  "features": [
    {
      "type": "Feature",
      "properties": {
        "source_file": "Silverstone Circuit_P_2026-09-01T03_49_06Z.duckdb",
        "track_name": "Silverstone Circuit",
        "track_layout": "Silverstone Grand Prix Circuit - WEC",
        "lap": 3
      },
      "geometry": {
        "type": "LineString",
        "coordinates": [
          [
            -0.006117047961565777,
            59.998016634339415
          ],
          [
            -0.00605036564449099,
            59.99806240257083
          ],
          [
            -0.0059836679435540194,
            59.99810817080225
          ],
          [
            -0.0059169677752440334,
            59.998153939033664
          ],
          [
            -0.00585014055994305,
            59.99819970726508
          ],
          [
            -0.005783150069002564,
            59.99824676674881
          ],
          [
            -0.005715986972534199,
            59.99829505842518
          ],
          [
            -0.005648642318960781,
            59.998340826656595
          ],
          [
            -0.005581101197907197,
            59.99838788410638
          ],
          [
            -0.005513307206038359,
            59.99843617781669
          ],
          [
            -0.00544518657268976,
            59.99848323391052
          ],
          [
            -0.0053767030374232685,
            59.99853152897679
          ],
          [
            -0.005307820532036896,
            59.998578583714654
          ],
          [
            -0.005238498815575442,
            59.99862816596536
          ],
          [
            -0.0051687287469198385,
            59.99867774821605
          ],
          [
            -0.005098536448896849,
            59.99872604599425
          ],
          [
            -0.005027955236716855,
            59.998773098020195
          ],
          [
            -0.004957006479073112,
            59.99882268027089
          ],
          [
            -0.004885704146815861,
            59.998872262521594
          ],
          [
            -0.004814059526504655,
            59.9989218447723
          ],
          [
            -0.004742071661179266,
            59.998971427023
          ],
          [
            -0.004669742638494597,
            59.9990210092737
          ],
          [
            -0.0045970949642020155,
            59.9990705915244
          ],
          [
            -0.004524140340102492,
            59.999120173775104
          ],
          [
            -0.0044508520185762455,
            59.9991697560258
          ],
          [
            -0.004377194074138649,
            59.999219338276504
          ],
          [
            -0.004303157519275912,
            59.99926892052721
          ],
          [
            -0.004228743152956734,
            59.999319779114636
          ],
          [
            -0.004153981608353922,
            59.99937189972587
          ],
          [
            -0.00407894534774863,
            59.999421481976576
          ],
          [
            -0.004003661376828893,
            59.99947106422728
          ],
          [
            -0.003928296688211636,
            59.999520646477976
          ],
          [
            -0.003853376206741736,
            59.999568955781854
          ],
          [
            -0.0037789640261634443,
            59.99961472401327
          ],
          [
            -0.00370479388442577,
            59.999660492244686
          ],
          [
            -0.003630763779489998,
            59.99970371865033
          ],
          [
            -0.0035567872649829,
            59.999743129078084
          ],
          [
            -0.0034825691577049806,
            59.99978381373329
          ],
          [
            -0.003407774988158256,
            59.9998206850472
          ],
          [
            -0.0033321523619522517,
            59.99985501122076
          ],
          [
            -0.003255405974187019,
            59.99988806987134
          ],
          [
            -0.0031772160553743575,
            59.99991858202562
          ],
          [
            -0.0030973354547858926,
            59.99994782801288
          ],
          [
            -0.0030155487438030754,
            59.999974526147874
          ],
          [
            -0.002931760390521589,
            59.99999995947181
          ],
          [
            -0.002846048837768926,
            60.000022843587516
          ],
          [
            -0.0027586127955450644,
            60.00004446424813
          ],
          [
            -0.002669612428936598,
            60.000063534344555
          ],
          [
            -0.002578927409500109,
            60.00008134234184
          ],
          [
            -0.0024866293498796415,
            60.000096598418985
          ],
          [
            -0.0023928389432939746,
            60.00011185449612
          ],
          [
            -0.0022976265078712517,
            60.00012459044288
          ],
          [
            -0.0022010548965101188,
            60.00013347786866
          ],
          [
            -0.0021033081265344655,
            60.00014366121729
          ],
          [
            -0.0020045283424705335,
            60.00015003122461
          ],
          [
            -0.0019047457627900384,
            60.000153845243894
          ],
          [
            -0.0018039968735157719,
            60.000157659263174
          ],
          [
            -0.0017023550856864245,
            60.00016147328246
          ],
          [
            -0.001599906984650164,
            60.00016403198242
          ],
          [
            -0.0014967368012359982,
            60.00016277734108
          ],
          [
            -0.0013929269186629951,
            60.000160217285156
          ],
          [
            -0.0012885512087829688,
            60.00015896399977
          ],
          [
            -0.0011836807101429003,
            60.00015389737309
          ],
          [
            -0.001078375961064522,
            60.00014752126394
          ],
          [
            -0.0009726448133344444,
            60.00014245599322
          ],
          [
            -0.0008664170860349706,
            60.000134827954646
          ],
          [
            -0.0007595777571039973,
            60.00012719991608
          ],
          [
            -0.0006520242940403717,
            60.00011957187751
          ],
          [
            -0.0005436809481743759,
            60.00011194383894
          ],
          [
            -0.000434498775689146,
            60.000105563661904
          ],
          [
            -0.00032446654911685434,
            60.00010050245907
          ],
          [
            -0.00021362029954447332,
            60.00009536743164
          ],
          [
            -0.00010203337794416632,
            60.00009412160405
          ],
          [
            1.0201711709616005e-05,
            60.000091552734375
          ],
          [
            0.00012292786538260653,
            60.000092797206
          ],
          [
            0.00023593520636665773,
            60.00009661122529
          ],
          [
            0.00034917095783649224,
            60.000100425244575
          ],
          [
            0.00046267335601355103,
            60.000105481701546
          ],
          [
            0.0005763527608585333,
            60.00011310974011
          ],
          [
            0.000690096351595552,
            60.00012073777869
          ],
          [
            0.0008037456378308878,
            60.000129606220995
          ],
          [
            0.0009171639405360207,
            60.00014228800461
          ],
          [
            0.0010302234878412863,
            60.00015754408175
          ],
          [
            0.00114276106209274,
            60.00017280015889
          ],
          [
            0.0012546357925164557,
            60.00018929392785
          ],
          [
            0.0013656662962635673,
            60.000208364024274
          ],
          [
            0.0014756617171923431,
            60.00022867045656
          ],
          [
            0.0015844059466596711,
            60.00025279023014
          ],
          [
            0.001691683625368452,
            60.00027948836513
          ],
          [
            0.0017973190191226663,
            60.000306186500126
          ],
          [
            0.001901149837574855,
            60.000334118259055
          ],
          [
            0.0020031496233194465,
            60.000365863359285
          ],
          [
            0.0021033541273020352,
            60.00040018953285
          ],
          [
            0.0022018549359131083,
            60.00043451570641
          ],
          [
            0.00229869117842096,
            60.000470072791984
          ],
          [
            0.0023938145010747166,
            60.00050821298483
          ],
          [
            0.002487202437931116,
            60.000546353177675
          ],
          [
            0.00257884456533722,
            60.000585722248594
          ],
          [
            0.002668831702720306,
            60.000627676460724
          ],
          [
            0.0027574839868405574,
            60.000670858194965
          ],
          [
            0.0028453512352511084,
            60.000715399582255
          ],
          [
            0.0029325992694130667,
            60.000757353794384
          ],
          [
            0.0030186246487046327,
            60.00079930800652
          ],
          [
            0.003102854487016382,
            60.000840037408466
          ],
          [
            0.003185151303028277,
            60.000878177601315
          ],
          [
            0.003265574202090503,
            60.000916317794164
          ],
          [
            0.0033442214524820896,
            60.000953235210766
          ],
          [
            0.0034210663551552923,
            60.000987561384335
          ],
          [
            0.0034959832102806187,
            60.0010218875579
          ],
          [
            0.003568863187070754,
            60.00105499298916
          ],
          [
            0.003639661987756508,
            60.00108428507912
          ],
          [
            0.0037084028371382623,
            60.001112202600446
          ],
          [
            0.0037751390939360133,
            60.00114149604637
          ],
          [
            0.003839916090610204,
            60.00116697615099
          ],
          [
            0.003902800460781638,
            60.00119107761909
          ],
          [
            0.003963908369474233,
            60.00121534240526
          ],
          [
            0.004023341089663647,
            60.001235628498115
          ],
          [
            0.004081163078099036,
            60.001257297295375
          ],
          [
            0.004137456061899617,
            60.001276367391796
          ],
          [
            0.004192337721228906,
            60.00129422352573
          ],
          [
            0.00424593238817472,
            60.001309479602874
          ],
          [
            0.004298434851835642,
            60.00132352307349
          ],
          [
            0.004350064038655739,
            60.00133496513134
          ],
          [
            0.004400998178219022,
            60.001346407189196
          ],
          [
            0.004451378525229546,
            60.001356638674466
          ],
          [
            0.004501345869162272,
            60.00136426671303
          ],
          [
            0.004551078017132177,
            60.00137068553498
          ],
          [
            0.004600651409500847,
            60.00137449955427
          ],
          [
            0.004649956026908376,
            60.001378313573554
          ],
          [
            0.0046988206833034896,
            60.001380920410156
          ],
          [
            0.004747070076885736,
            60.001380920410156
          ],
          [
            0.004794567808319876,
            60.001379714583436
          ],
          [
            0.004841284922888425,
            60.001375900564156
          ],
          [
            0.004887253662515796,
            60.00137088207411
          ],
          [
            0.004932348350683765,
            60.001363254035546
          ],
          [
            0.004976323983649532,
            60.00135442288218
          ],
          [
            0.005018937737539732,
            60.00134418326114
          ],
          [
            0.005059968600876393,
            60.00133535346374
          ],
          [
            0.005099264373823124,
            60.001322710325034
          ],
          [
            0.00513675916071458,
            60.00130745424789
          ],
          [
            0.005172499364069483,
            60.00129219817076
          ],
          [
            0.005206581541131461,
            60.00127574304671
          ],
          [
            0.005238942814026332,
            60.001256672950284
          ],
          [
            0.005269344023801141,
            60.00123760285386
          ],
          [
            0.005297615609239652,
            60.00121853275744
          ],
          [
            0.005323709578198404,
            60.00119826632603
          ],
          [
            0.005347621305789676,
            60.00117538221032
          ],
          [
            0.0053694831346727916,
            60.00115249809461
          ],
          [
            0.005389526661133557,
            60.00112841967786
          ],
          [
            0.005407966038888946,
            60.001101721542874
          ],
          [
            0.005424977210974265,
            60.00107502340788
          ],
          [
            0.005440652257667562,
            60.00104832527288
          ],
          [
            0.005454957088689392,
            60.001021627137895
          ],
          [
            0.0054679303402065844,
            60.000993738091765
          ],
          [
            0.005479741775446717,
            60.00096322593748
          ],
          [
            0.00549066157985403,
            60.00093271378321
          ],
          [
            0.0055010844333291805,
            60.00090220162893
          ],
          [
            0.005511449408386428,
            60.000870501275436
          ],
          [
            0.005522185844677486,
            60.00083736262311
          ],
          [
            0.005533700726397238,
            60.00080566362558
          ],
          [
            0.0055463131819784165,
            60.000772523617286
          ],
          [
            0.005560245568561672,
            60.000743196950296
          ],
          [
            0.00557566376231346,
            60.000715314005994
          ],
          [
            0.005592702858627225,
            60.00068598598305
          ],
          [
            0.005611427852210039,
            60.00065928784805
          ],
          [
            0.00563186641299233,
            60.00063377248843
          ],
          [
            0.005654009899218696,
            60.000609706275334
          ],
          [
            0.005677787672851754,
            60.000584189559746
          ],
          [
            0.005703130150656509,
            60.00056248618546
          ],
          [
            0.005730013872946761,
            60.00054341608904
          ],
          [
            0.005758488904559356,
            60.000524345992616
          ],
          [
            0.005788685374637115,
            60.00050527589619
          ],
          [
            0.005820707586140415,
            60.00048620579977
          ],
          [
            0.0058545915962731395,
            60.00046831305486
          ],
          [
            0.005890296663539504,
            60.000453056977726
          ],
          [
            0.005927671668938687,
            60.00043897689614
          ],
          [
            0.005966482446923367,
            60.00042635952071
          ],
          [
            0.006006462315842714,
            60.00041345272276
          ],
          [
            0.006047361504137408,
            60.00040465072258
          ],
          [
            0.006088993312933438,
            60.00039438194836
          ],
          [
            0.0061311860590321015,
            60.000387926515444
          ],
          [
            0.006173686796213391,
            60.00038411249616
          ],
          [
            0.006216264758563629,
            60.00038029847687
          ],
          [
            0.006258684292045144,
            60.00037648445759
          ],
          [
            0.006300763698729999,
            60.00037384033203
          ],
          [
            0.00634242161821444,
            60.00037384033203
          ],
          [
            0.006383545775468994,
            60.00037384033203
          ],
          [
            0.006423905866287202,
            60.00037500819182
          ],
          [
            0.006463353494507192,
            60.000379989392904
          ],
          [
            0.006501988033906624,
            60.00038645092765
          ],
          [
            0.006539849725551047,
            60.00039143077278
          ],
          [
            0.006576942522140539,
            60.00040022395921
          ],
          [
            0.006613190444165567,
            60.000411666017065
          ],
          [
            0.0066484505366178216,
            60.00042310807492
          ],
          [
            0.006682518888645961,
            60.00043455013277
          ],
          [
            0.006715089871976036,
            60.00044715462657
          ],
          [
            0.006745921932220081,
            60.00046357246166
          ],
          [
            0.0067748732186085035,
            60.00048148147811
          ],
          [
            0.006801896907054646,
            60.000497897957246
          ],
          [
            0.006827030920138734,
            60.00051696805367
          ],
          [
            0.0068504471514571905,
            60.000536038150095
          ],
          [
            0.006872471474271377,
            60.00055626661457
          ],
          [
            0.006893463466307197,
            60.00057915073028
          ],
          [
            0.006913718948886219,
            60.00060203484599
          ],
          [
            0.00693344763569895,
            60.000626075295806
          ],
          [
            0.00695277915741667,
            60.00065161777467
          ],
          [
            0.006971765191545346,
            60.00067565686852
          ],
          [
            0.006990448547602862,
            60.00070235500352
          ],
          [
            0.007008900493734678,
            60.0007302067607
          ],
          [
            0.00702721739422179,
            60.000760718914975
          ],
          [
            0.007045494125158309,
            60.00079007880303
          ],
          [
            0.007063769277790055,
            60.00081908011451
          ],
          [
            0.007082047235543918,
            60.00085225537781
          ],
          [
            0.007100249901378599,
            60.00088276753209
          ],
          [
            0.0071181888506346115,
            60.000914429240666
          ],
          [
            0.007135581312120568,
            60.00094875541423
          ],
          [
            0.007152141016746159,
            60.00098308158779
          ],
          [
            0.007167727175799724,
            60.00101740776135
          ],
          [
            0.007182340231557841,
            60.001051733934915
          ],
          [
            0.0071960119008794305,
            60.00108720627288
          ],
          [
            0.007208770019364739,
            60.00112534646572
          ],
          [
            0.007220570694747655,
            60.00116234185013
          ],
          [
            0.007231335218527714,
            60.00119781215415
          ],
          [
            0.007240931132979768,
            60.001237095799475
          ],
          [
            0.007249243194590649,
            60.00127790723711
          ],
          [
            0.007256165721991438,
            60.00131718952647
          ],
          [
            0.007261551546021572,
            60.001358002320075
          ],
          [
            0.007265213508058578,
            60.00139728325347
          ],
          [
            0.007266975969444941,
            60.0014392374656
          ],
          [
            0.007266657558194413,
            60.00148119167773
          ],
          [
            0.00726404484111949,
            60.00152428459647
          ],
          [
            0.007258886256358368,
            60.00156891479926
          ],
          [
            0.007251014793160185,
            60.00161200636204
          ],
          [
            0.0072402335157074555,
            60.00165663792079
          ],
          [
            0.0072263206552374525,
            60.001699728127605
          ],
          [
            0.007209066530051527,
            60.00174436104232
          ],
          [
            0.007188234113377274,
            60.00178744989317
          ],
          [
            0.007163715792416752,
            60.00183208416385
          ],
          [
            0.007135444865206807,
            60.00187517165874
          ],
          [
            0.007103365543264873,
            60.001919807285375
          ],
          [
            0.007067304596472386,
            60.00196176149751
          ],
          [
            0.007027381660799685,
            60.00200371570964
          ],
          [
            0.006983610525389683,
            60.00204566992177
          ],
          [
            0.006936077254175559,
            60.00208762413391
          ],
          [
            0.006884921263548,
            60.002129578346036
          ],
          [
            0.006830041416839224,
            60.00217040402128
          ],
          [
            0.006771534602090022,
            60.00220854421412
          ],
          [
            0.0067096904546805475,
            60.00224668440697
          ],
          [
            0.006644871795533132,
            60.00228482459982
          ],
          [
            0.0065773748235908045,
            60.00232296479266
          ],
          [
            0.006507342531545828,
            60.00235997983852
          ],
          [
            0.006434895720675816,
            60.002394306012086
          ],
          [
            0.006360329977085338,
            60.00242863218565
          ],
          [
            0.006283896757189135,
            60.00246295835921
          ],
          [
            0.006205793320474981,
            60.00249728453277
          ],
          [
            0.006126282782729515,
            60.002531610706335
          ],
          [
            0.006045575840406595,
            60.0025659368799
          ],
          [
            0.005963864851885764,
            60.00260026305346
          ],
          [
            0.005881312074786986,
            60.00263458922702
          ],
          [
            0.0057980231251436535,
            60.002668915400584
          ],
          [
            0.005714048999777246,
            60.002703241574146
          ],
          [
            0.005629444488627185,
            60.00273756774771
          ],
          [
            0.005544245506437474,
            60.00277189392127
          ],
          [
            0.005458449212425136,
            60.00280622009483
          ],
          [
            0.005372041744800961,
            60.002840546268395
          ],
          [
            0.005285033847265307,
            60.00287598741924
          ],
          [
            0.005197462672819227,
            60.002913013312785
          ],
          [
            0.005109405178576646,
            60.00294733948635
          ],
          [
            0.00502096789033897,
            60.00298166565991
          ],
          [
            0.004932154790379545,
            60.003017104098824
          ],
          [
            0.004842860953869335,
            60.0030541327043
          ],
          [
            0.004753047823209671,
            60.00308956978726
          ],
          [
            0.004662669262575432,
            60.00312659974869
          ],
          [
            0.004571751677883346,
            60.00316203547568
          ],
          [
            0.004480345190909845,
            60.00319906679309
          ],
          [
            0.004388515740972424,
            60.00323450116411
          ],
          [
            0.004296418249247479,
            60.00327153383748
          ],
          [
            0.004204227608133475,
            60.00330696685254
          ],
          [
            0.004111979696768747,
            60.00334510704539
          ],
          [
            0.004019630530203513,
            60.00338324723823
          ],
          [
            0.00392719992156751,
            60.00342138743108
          ],
          [
            0.003834734402611344,
            60.00345952762393
          ],
          [
            0.003742240835868569,
            60.003497667816774
          ],
          [
            0.0036496813669038945,
            60.00353691078324
          ],
          [
            0.0035570297998674923,
            60.00357776289974
          ],
          [
            0.003464260464756703,
            60.00361700451024
          ],
          [
            0.003371329526070581,
            60.003657857982695
          ],
          [
            0.003278198150946036,
            60.00369709823724
          ],
          [
            0.003184858120575096,
            60.00373905244937
          ],
          [
            0.0030913152366012163,
            60.00377990795577
          ],
          [
            0.0029975727401240575,
            60.00381914617637
          ],
          [
            0.0029036369322935408,
            60.0038611003885
          ],
          [
            0.0028095258443965186,
            60.003903054600634
          ],
          [
            0.002715303697018184,
            60.003945008812764
          ],
          [
            0.002620979336407887,
            60.00398696302489
          ],
          [
            0.0025264277483450504,
            60.00402891723703
          ],
          [
            0.002431636253810629,
            60.00407087144916
          ],
          [
            0.0023366623596882503,
            60.004113918943176
          ],
          [
            0.0022415247132486207,
            60.00415859457069
          ],
          [
            0.0021462815243595756,
            60.00420054878282
          ],
          [
            0.0020510593110751067,
            60.004243594242894
          ],
          [
            0.0019559855362504294,
            60.00428827190435
          ],
          [
            0.0018609834906691675,
            60.00433131600846
          ],
          [
            0.0017659772957331669,
            60.00437599502588
          ],
          [
            0.001670897860113144,
            60.00441903777403
          ],
          [
            0.001575728573833186,
            60.004463718147406
          ],
          [
            0.0014804834167553463,
            60.004506759539595
          ],
          [
            0.001385156399383685,
            60.00455252777101
          ],
          [
            0.001289745879576971,
            60.00459829600243
          ],
          [
            0.00119426672644703,
            60.004644064233844
          ],
          [
            0.0010988211221488247,
            60.00468983246527
          ],
          [
            0.0010036006468445407,
            60.004735600696684
          ],
          [
            0.0009087168056024928,
            60.0047813689281
          ],
          [
            0.0008140986728288617,
            60.004827137159516
          ],
          [
            0.0007195785185168257,
            60.00487398714714
          ],
          [
            0.0006249877100322997,
            60.004922488319615
          ],
          [
            0.0005301721637667841,
            60.00496825655103
          ],
          [
            0.0004349894208938559,
            60.005015104504714
          ],
          [
            0.0003392899920365131,
            60.00506360771113
          ],
          [
            0.00024307299641164923,
            60.005109375942546
          ],
          [
            0.0001468914278015683,
            60.00515514417396
          ],
          [
            5.1935660362849415e-05,
            60.00520091240538
          ],
          [
            -4.086075241682348e-05,
            60.005246680636795
          ],
          [
            -0.0001310456022959006,
            60.00529137321383
          ],
          [
            -0.0002184528987959198,
            60.005332252449556
          ],
          [
            -0.0003031247823809555,
            60.005370392642405
          ],
          [
            -0.00038521891573692037,
            60.005408532835254
          ],
          [
            -0.00046489606589203197,
            60.0054466730281
          ],
          [
            -0.0005422480410990685,
            60.00548374095647
          ],
          [
            -0.0006173795717734744,
            60.00551699554354
          ],
          [
            -0.0006904319616346121,
            60.00554857860633
          ],
          [
            -0.0007615302282261314,
            60.00558076431882
          ],
          [
            -0.0008308179282197999,
            60.00560853200637
          ],
          [
            -0.0008984282063058007,
            60.00563797528607
          ],
          [
            -0.0009644273248513795,
            60.005664673421066
          ],
          [
            -0.001028789079045424,
            60.00569030403745
          ],
          [
            -0.0010914588349054397,
            60.00571318815316
          ],
          [
            -0.001152396869065683,
            60.005735006106214
          ],
          [
            -0.0012116215159035575,
            60.00575407620264
          ],
          [
            -0.001269177215002102,
            60.00577314629906
          ],
          [
            -0.001325173907323161,
            60.005792216395484
          ],
          [
            -0.0013799397304668877,
            60.00581022304118
          ],
          [
            -0.0014338630134125196,
            60.00582547911832
          ],
          [
            -0.0014872707046544498,
            60.00584073519546
          ],
          [
            -0.0015404686327859009,
            60.005854929855815
          ],
          [
            -0.0015937238401408833,
            60.00586743265247
          ],
          [
            -0.0016472627406645948,
            60.00588162866879
          ],
          [
            -0.0017012591637322223,
            60.00589307072664
          ],
          [
            -0.001755890675131221,
            60.00590345407964
          ],
          [
            -0.001811380297920745,
            60.005912140145085
          ],
          [
            -0.0018678601075237356,
            60.00592252485404
          ],
          [
            -0.001925333697860574,
            60.00593015289262
          ],
          [
            -0.0019837404892200728,
            60.005936724938245
          ],
          [
            -0.0020430099736792576,
            60.005941594272485
          ],
          [
            -0.0021030750472940682,
            60.005948167674084
          ],
          [
            -0.0021638161025871005,
            60.005950927734375
          ],
          [
            -0.002224968312248873,
            60.005951981015386
          ],
          [
            -0.0022861520088447423,
            60.00595474243164
          ],
          [
            -0.002346979226552225,
            60.00595474243164
          ],
          [
            -0.002407186627789123,
            60.00595474243164
          ],
          [
            -0.00246664578659494,
            60.00595369186255
          ],
          [
            -0.00252521878894559,
            60.005949877843264
          ],
          [
            -0.0025827822064703513,
            60.005946063823984
          ],
          [
            -0.0026392572042139534,
            60.00594120126955
          ],
          [
            -0.0026945876283209613,
            60.00593357323098
          ],
          [
            -0.00274875863994491,
            60.005925945192416
          ],
          [
            -0.0028017610692946063,
            60.00591727065264
          ],
          [
            -0.0028535177664036062,
            60.005905828594784
          ],
          [
            -0.0029038587732516984,
            60.00589438653693
          ],
          [
            -0.002952575539795908,
            60.005882944479076
          ],
          [
            -0.002999496299892254,
            60.00587045863195
          ],
          [
            -0.0030445321204741024,
            60.005855202554805
          ],
          [
            -0.0030875777448303027,
            60.00583994647767
          ],
          [
            -0.0031284504757769474,
            60.00582364864519
          ],
          [
            -0.0031670427189351546,
            60.00580457854877
          ],
          [
            -0.0032030862715695233,
            60.00578550845235
          ],
          [
            -0.003236597954518118,
            60.00576643835592
          ],
          [
            -0.0032674449075874687,
            60.00574632921609
          ],
          [
            -0.003295341187159983,
            60.00572344510038
          ],
          [
            -0.003320244464588827,
            60.00570159867212
          ],
          [
            -0.0033424213216135513,
            60.00568045455675
          ],
          [
            -0.0033621821408850515,
            60.005654792753255
          ],
          [
            -0.003379630188584812,
            60.00563190863755
          ],
          [
            -0.003394728875468421,
            60.005607989546306
          ],
          [
            -0.003407528109990626,
            60.00558129141132
          ],
          [
            -0.0034182104409395692,
            60.00555459327632
          ],
          [
            -0.0034271061033752095,
            60.00552789514133
          ],
          [
            -0.003434550754085215,
            60.005500164742735
          ],
          [
            -0.0034407743980846956,
            60.00547068417408
          ],
          [
            -0.003446031140620236,
            60.00544295513144
          ],
          [
            -0.003450693345769134,
            60.00541244297717
          ],
          [
            -0.003455095697781317,
            60.005381930822885
          ],
          [
            -0.00345958773525718,
            60.00535038979491
          ],
          [
            -0.0034646228145645097,
            60.00531709181707
          ],
          [
            -0.003470614636900638,
            60.00528657966279
          ],
          [
            -0.00347793360692212,
            60.00525504066876
          ],
          [
            -0.003487019509837887,
            60.005220714495195
          ],
          [
            -0.0034983344076307222,
            60.00518638832163
          ],
          [
            -0.0035122829662031633,
            60.00515206214807
          ],
          [
            -0.003529056399644382,
            60.005118760102334
          ],
          [
            -0.003548577430884872,
            60.005087224498205
          ],
          [
            -0.0035707960176493965,
            60.00505289832464
          ],
          [
            -0.0035957680349888964,
            60.00501959424497
          ],
          [
            -0.003623557207738748,
            60.004989082090695
          ],
          [
            -0.0036541642943790733,
            60.00495856993642
          ],
          [
            -0.003687544380338914,
            60.004929077842085
          ],
          [
            -0.0037235809496402026,
            60.00490136032513
          ],
          [
            -0.003762184584575248,
            60.004871866874836
          ],
          [
            -0.003803191717945454,
            60.004846186765846
          ],
          [
            -0.003846482597680259,
            60.00482330265014
          ],
          [
            -0.003891974800122545,
            60.00480041853443
          ],
          [
            -0.003939505702651883,
            60.004778550410784
          ],
          [
            -0.003988893776302218,
            60.00475948031436
          ],
          [
            -0.004039985172245042,
            60.004740410217934
          ],
          [
            -0.004092595824952777,
            60.00472235407963
          ],
          [
            -0.004146529393073354,
            60.00470811128263
          ],
          [
            -0.004201620319641647,
            60.00469565662262
          ],
          [
            -0.004257708650000939,
            60.004682424393835
          ],
          [
            -0.004314597819711343,
            60.00467378510907
          ],
          [
            -0.004372076447183924,
            60.00466436418765
          ],
          [
            -0.004429922265929277,
            60.004659540278126
          ],
          [
            -0.004487894315206507,
            60.00465393066406
          ],
          [
            -0.004545752099605036,
            60.00465292212979
          ],
          [
            -0.004603255219956464,
            60.00465112382309
          ],
          [
            -0.004660168493760575,
            60.00465393066406
          ],
          [
            -0.004716274405543889,
            60.00465493716439
          ],
          [
            -0.004771355550236513,
            60.004659757006024
          ],
          [
            -0.0048251849036111205,
            60.00466738504459
          ],
          [
            -0.004877577328730006,
            60.004675013083165
          ],
          [
            -0.004928518886468228,
            60.00468364491014
          ],
          [
            -0.004978090348989533,
            60.00469508696799
          ],
          [
            -0.0050262346190050695,
            60.00470753145829
          ],
          [
            -0.005072878424128843,
            60.00472278753543
          ],
          [
            -0.005117894584712592,
            60.00473904468905
          ],
          [
            -0.00516109890571641,
            60.00475711438697
          ],
          [
            -0.005202326682377883,
            60.00477436990515
          ],
          [
            -0.005241418305384856,
            60.004796254978324
          ],
          [
            -0.005278125930478268,
            60.0048163234393
          ],
          [
            -0.005312052612487562,
            60.00483920755501
          ],
          [
            -0.005342877414286081,
            60.00486209167072
          ],
          [
            -0.005370522226988434,
            60.004884975786425
          ],
          [
            -0.005395060004974868,
            60.00490885555477
          ],
          [
            -0.005416508670673758,
            60.00493555368976
          ],
          [
            -0.005434864007422304,
            60.00496125752808
          ],
          [
            -0.005450187757130962,
            60.00498612888118
          ],
          [
            -0.005462500105254213,
            60.00501564809474
          ],
          [
            -0.00547174975958609,
            60.005042346229736
          ],
          [
            -0.005477938975722597,
            60.00507003594948
          ],
          [
            -0.005481090348153734,
            60.005099557196985
          ],
          [
            -0.005481204191023167,
            60.005127245560764
          ],
          [
            -0.0054782986164114466,
            60.00515775771505
          ],
          [
            -0.005472472138858757,
            60.00518826986932
          ],
          [
            -0.0054639798676998485,
            60.0052187820236
          ],
          [
            -0.005453130086615499,
            60.00524929417788
          ],
          [
            -0.005440179560314439,
            60.00528079317104
          ],
          [
            -0.005425266158414679,
            60.005314133183695
          ],
          [
            -0.0054084138516354045,
            60.00534464533798
          ],
          [
            -0.005389630952240673,
            60.005376142297195
          ],
          [
            -0.005368923243335615,
            60.00541046847076
          ],
          [
            -0.005346332508583642,
            60.00544381119534
          ],
          [
            -0.00532191353527573,
            60.005475306120616
          ],
          [
            -0.005295813493841487,
            60.00550963229418
          ],
          [
            -0.00526819977998231,
            60.00554395846774
          ],
          [
            -0.00523911416212439,
            60.0055782846413
          ],
          [
            -0.005208743036023707,
            60.005612610814865
          ],
          [
            -0.0051773459825827746,
            60.00564791636952
          ],
          [
            -0.0051451692145496105,
            60.005685077859255
          ],
          [
            -0.005112355693029135,
            60.00572038205795
          ],
          [
            -0.005078874278882601,
            60.005758522250794
          ],
          [
            -0.0050447153055301446,
            60.00579666244364
          ],
          [
            -0.005009795765736824,
            60.00583480263649
          ],
          [
            -0.004974042481115054,
            60.005872942829335
          ],
          [
            -0.004937428468193702,
            60.005911083022184
          ],
          [
            -0.004899918736847702,
            60.00594922321503
          ],
          [
            -0.004861469574669673,
            60.005988336687146
          ],
          [
            -0.004822064379237875,
            60.00602931829799
          ],
          [
            -0.004781579166246093,
            60.00606843041414
          ],
          [
            -0.004739849820128212,
            60.006109413380955
          ],
          [
            -0.004696836290353699,
            60.00614852414114
          ],
          [
            -0.004652494856652851,
            60.00619047835327
          ],
          [
            -0.004606711463082588,
            60.00623146335403
          ],
          [
            -0.00455931915778142,
            60.00627057208027
          ],
          [
            -0.004510137321256689,
            60.0063125262924
          ],
          [
            -0.004459017739899783,
            60.0063535133271
          ],
          [
            -0.004405877765512861,
            60.0063926200194
          ],
          [
            -0.004350679978695472,
            60.006433608410056
          ],
          [
            -0.004293400448693086,
            60.0064727137464
          ],
          [
            -0.00423407184626254,
            60.00651370349301
          ],
          [
            -0.0041728021270268974,
            60.0065528074734
          ],
          [
            -0.004109540445139625,
            60.00659379857598
          ],
          [
            -0.00404432509085278,
            60.00663193876883
          ],
          [
            -0.003977151082981995,
            60.00667007896167
          ],
          [
            -0.003907991328838685,
            60.00670821915452
          ],
          [
            -0.003836848581704197,
            60.00674635934737
          ],
          [
            -0.0037637413399707006,
            60.00678353982057
          ],
          [
            -0.003688710781212675,
            60.00681882503579
          ],
          [
            -0.0036117946153045154,
            60.00685600686496
          ],
          [
            -0.003533022853628257,
            60.00689129072422
          ],
          [
            -0.003452387540759276,
            60.00692847390935
          ],
          [
            -0.0033699008075606727,
            60.00696280008291
          ],
          [
            -0.0032855964985658735,
            60.00699712625647
          ],
          [
            -0.003199489910144539,
            60.007030497456256
          ],
          [
            -0.003111601359525555,
            60.00706196390633
          ],
          [
            -0.0030219662089383125,
            60.00709533646207
          ],
          [
            -0.0029305719480219477,
            60.00712680155619
          ],
          [
            -0.0028374420164943024,
            60.00715922320604
          ],
          [
            -0.002742616615272665,
            60.00718687292491
          ],
          [
            -0.0026461949079895817,
            60.00721738507919
          ],
          [
            -0.002548322639096848,
            60.00724694700555
          ],
          [
            -0.0024488091801291223,
            60.00727364514054
          ],
          [
            -0.002347685346352383,
            60.00730034327554
          ],
          [
            -0.0022449932046257667,
            60.00732704141053
          ],
          [
            -0.002140775088221343,
            60.00735279202953
          ],
          [
            -0.002035078153420832,
            60.00737567614524
          ],
          [
            -0.0019279352644586078,
            60.00739856026095
          ],
          [
            -0.001819386667142919,
            60.00742049889461
          ],
          [
            -0.0017094836543788776,
            60.00743956899103
          ],
          [
            -0.001598271791519485,
            60.00745863908746
          ],
          [
            -0.001485811727621024,
            60.00747770918388
          ],
          [
            -0.001372145129857906,
            60.00749583651018
          ],
          [
            -0.0012573252483534805,
            60.00751109258732
          ],
          [
            -0.0011413824815485866,
            60.007526348664456
          ],
          [
            -0.001024367820517291,
            60.0075416047416
          ],
          [
            -0.0009063529053738764,
            60.00755592076054
          ],
          [
            -0.0007874054670531211,
            60.00756736281839
          ],
          [
            -0.0006675789315161591,
            60.00757786617401
          ],
          [
            -0.0005469304129489725,
            60.00758549421258
          ],
          [
            -0.00042552540860784336,
            60.007593122251144
          ],
          [
            -0.0003034331286810538,
            60.00760075028972
          ],
          [
            -0.00018071602086776347,
            60.007608378328285
          ],
          [
            -5.746084247154211e-05,
            60.00761507105452
          ],
          [
            6.626327007469817e-05,
            60.00761981970816
          ],
          [
            0.0001904546541735429,
            60.007626513790356
          ],
          [
            0.0003151104080148804,
            60.00763032780964
          ],
          [
            0.00044020788485646644,
            60.00763507442934
          ],
          [
            0.000565719483332835,
            60.007641770545476
          ],
          [
            0.0006916374036011135,
            60.007646515809206
          ],
          [
            0.000817953980871096,
            60.00765321328131
          ],
          [
            0.0009446647994386729,
            60.00765795718908
          ],
          [
            0.001071757304580914,
            60.00766465601715
          ],
          [
            0.0011991868581451611,
            60.00766939856896
          ],
          [
            0.0013268456130267109,
            60.00767609875298
          ],
          [
            0.0014546956456800392,
            60.007680839948826
          ],
          [
            0.001582873158231431,
            60.0076884679874
          ],
          [
            0.001711368738941722,
            60.007695170205366
          ],
          [
            0.0018401824322811743,
            60.00769990936727
          ],
          [
            0.0019693108853946865,
            60.00770753740584
          ],
          [
            0.0020987556032031657,
            60.00771424165775
          ],
          [
            0.0022285215080523287,
            60.00771897878571
          ],
          [
            0.002358607415693927,
            60.007726606824285
          ],
          [
            0.0024889985991703462,
            60.00773423486285
          ],
          [
            0.002619697197512724,
            60.00774094182669
          ],
          [
            0.0027507155514670902,
            60.00774567624273
          ],
          [
            0.0028820431902660823,
            60.007753304281295
          ],
          [
            0.0030136712538300515,
            60.00776093231986
          ],
          [
            0.003145610954555277,
            60.00776764199562
          ],
          [
            0.003277866555082713,
            60.00777237369974
          ],
          [
            0.00341042902099614,
            60.007780001738304
          ],
          [
            0.0035432862304807114,
            60.007786713448006
          ],
          [
            0.0036764372499104962,
            60.00779144311818
          ],
          [
            0.003809865706213766,
            60.00779907115675
          ],
          [
            0.003943555639081683,
            60.00780578490039
          ],
          [
            0.004077513147161068,
            60.00781051253662
          ],
          [
            0.004211644113642221,
            60.00781814057519
          ],
          [
            0.004345326191589887,
            60.00782576861376
          ],
          [
            0.004477255806383462,
            60.00783248506933
          ],
          [
            0.00460640152206916,
            60.00783720999363
          ],
          [
            0.004732435469642019,
            60.00784392780516
          ],
          [
            0.004855263636797093,
            60.00784865137351
          ],
          [
            0.004974964709183679,
            60.007855370541
          ],
          [
            0.005091684176863485,
            60.00785918456028
          ],
          [
            0.005205544458362309,
            60.00786299857957
          ],
          [
            0.005316771166817867,
            60.007866812598856
          ],
          [
            0.005425648141382925,
            60.007869720458984
          ],
          [
            0.005532391409941834,
            60.007869720458984
          ],
          [
            0.005637129511083969,
            60.00786881565579
          ],
          [
            0.005739925183920335,
            60.00786500163651
          ],
          [
            0.005840809137396364,
            60.00786028416999
          ],
          [
            0.005939763721129238,
            60.00785265613142
          ],
          [
            0.0060367612101799775,
            60.00784412600159
          ],
          [
            0.006131691837132718,
            60.00783268394373
          ],
          [
            0.006224459336652028,
            60.00782034115057
          ],
          [
            0.006314938140729201,
            60.00780508507343
          ],
          [
            0.006403072246961893,
            60.007789828996295
          ],
          [
            0.006488804874927031,
            60.00777367421779
          ],
          [
            0.006572036460854497,
            60.00775370609798
          ],
          [
            0.006652686815882388,
            60.00773082198227
          ],
          [
            0.006730661654281031,
            60.00770793786656
          ],
          [
            0.006805870613998865,
            60.00768415776142
          ],
          [
            0.006878257402297737,
            60.00765745962642
          ],
          [
            0.006947735190024026,
            60.00763076149143
          ],
          [
            0.007014278804046507,
            60.00760316940094
          ],
          [
            0.007078029669502505,
            60.00757265724666
          ],
          [
            0.00713918857854773,
            60.00754214509239
          ],
          [
            0.00719784624460157,
            60.00751074101655
          ],
          [
            0.0072540383775829605,
            60.00747641484299
          ],
          [
            0.007307793303094331,
            60.00744208866943
          ],
          [
            0.007359142362193863,
            60.00740687260825
          ],
          [
            0.0074081329275102956,
            60.00736873241541
          ],
          [
            0.00745477738925336,
            60.00733059222256
          ],
          [
            0.007499228070077129,
            60.00729245202971
          ],
          [
            0.007541709779809822,
            60.00725342466117
          ],
          [
            0.0075822811173436614,
            60.00721147044904
          ],
          [
            0.007621170637190822,
            60.007169516236914
          ],
          [
            0.007658573315398683,
            60.00712667688303
          ],
          [
            0.0076947320986860395,
            60.00708179311538
          ],
          [
            0.007729821410626746,
            60.007038955117466
          ],
          [
            0.00776392415594201,
            60.00699318688605
          ],
          [
            0.007797089296682994,
            60.00694741865463
          ],
          [
            0.007829411607211765,
            60.00690165042322
          ],
          [
            0.00786104114612639,
            60.0068558821918
          ],
          [
            0.007892061746601535,
            60.006810113960384
          ],
          [
            0.007922474842762586,
            60.006763466011066
          ],
          [
            0.007952237112449493,
            60.00671388376037
          ],
          [
            0.00798132005118485,
            60.006665179871604
          ],
          [
            0.008009708122917639,
            60.00661853395623
          ],
          [
            0.008037384712517623,
            60.00656895170553
          ],
          [
            0.008064333151317283,
            60.00651849312683
          ],
          [
            0.008090517101349403,
            60.00646597250686
          ],
          [
            0.008115893499092407,
            60.006416390256156
          ],
          [
            0.00814047306339068,
            60.00636593371141
          ],
          [
            0.008164239117061352,
            60.00631253744142
          ],
          [
            0.008187177014510319,
            60.00626001410952
          ],
          [
            0.008209284571261126,
            60.006209559598716
          ],
          [
            0.008230542345865397,
            60.006156163328725
          ],
          [
            0.008250923793192868,
            60.0061018961546
          ],
          [
            0.008270410681765948,
            60.00604555609149
          ],
          [
            0.008288967133862521,
            60.0059921598215
          ],
          [
            0.008306595210607823,
            60.00593789468132
          ],
          [
            0.008323286543579568,
            60.00588155258427
          ],
          [
            0.008339058957363824,
            60.00582728880004
          ],
          [
            0.008353963181113536,
            60.00577007851077
          ],
          [
            0.008368031882532666,
            60.005713734379775
          ],
          [
            0.008381259185290068,
            60.00565947262949
          ],
          [
            0.008393614563103934,
            60.00560226234022
          ],
          [
            0.008405068039889845,
            60.00554505205095
          ],
          [
            0.00841572490569347,
            60.00548784176168
          ],
          [
            0.008425695778533413,
            60.00542976870403
          ],
          [
            0.008435021976623321,
            60.00536960648587
          ],
          [
            0.008443686662885478,
            60.0053123961966
          ],
          [
            0.00845172265598053,
            60.0052543251729
          ],
          [
            0.008459162842286273,
            60.005194160920794
          ],
          [
            0.00846601538942759,
            60.00513609125306
          ],
          [
            0.00847228669579414,
            60.00507592564499
          ],
          [
            0.008477977249604286,
            60.00501785733321
          ],
          [
            0.008483092581632979,
            60.00495683302465
          ],
          [
            0.008487724576758726,
            60.0048958087161
          ],
          [
            0.008492141544069833,
            60.00483564039611
          ],
          [
            0.008496665609651604,
            60.00477757479625
          ],
          [
            0.00850137369180313,
            60.0047165504877
          ],
          [
            0.008506203090384749,
            60.00465467222452
          ],
          [
            0.008511102143688696,
            60.00459068717332
          ],
          [
            0.0085161248192089,
            60.00452966286476
          ],
          [
            0.008521394108446614,
            60.00446863855621
          ],
          [
            0.008526878404808638,
            60.004407614247654
          ],
          [
            0.008532442503316286,
            60.00434573937438
          ],
          [
            0.008538037335432107,
            60.00428175093328
          ],
          [
            0.008543711376956828,
            60.00421987741596
          ],
          [
            0.008549656116227688,
            60.0041558876189
          ],
          [
            0.008556226026214213,
            60.004094015457554
          ],
          [
            0.00856407918821298,
            60.00402917712971
          ],
          [
            0.008574166426993806,
            60.0039651852987
          ],
          [
            0.008586767094306936,
            60.00390331517129
          ],
          [
            0.008601747013143092,
            60.003838476843455
          ],
          [
            0.008619005703435432,
            60.00377448297851
          ],
          [
            0.008638447366319276,
            60.00371261488504
          ],
          [
            0.008660208570661796,
            60.0036477765572
          ],
          [
            0.008684585984663068,
            60.00358378065831
          ],
          [
            0.008711967920418924,
            60.003521914598785
          ],
          [
            0.008742489046485858,
            60.00345791734393
          ],
          [
            0.00877626880425302,
            60.00339689303538
          ],
          [
            0.008813382640338862,
            60.0033350290098
          ],
          [
            0.008853878210563168,
            60.003271029721
          ],
          [
            0.008897762260122375,
            60.00321000541245
          ],
          [
            0.008944990214567078,
            60.00314898110389
          ],
          [
            0.00899546724150119,
            60.00308795679533
          ],
          [
            0.00904896068838332,
            60.0030277688139
          ],
          [
            0.009104756982235094,
            60.00296972287549
          ],
          [
            0.009161012256345304,
            60.002909533538094
          ],
          [
            0.009214904098671005,
            60.002852323248824
          ],
          [
            0.009265125760114762,
            60.002795112959554
          ],
          [
            0.009311402124228804,
            60.00273790267028
          ],
          [
            0.00935370875883518,
            60.00268069238101
          ],
          [
            0.00939197408850468,
            60.002624313672996
          ],
          [
            0.009425830732514668,
            60.00257008649973
          ],
          [
            0.009455054902799282,
            60.00251370643576
          ],
          [
            0.009479520265163419,
            60.002459480618455
          ],
          [
            0.009499373365335656,
            60.00240309919852
          ],
          [
            0.009514827497243748,
            60.002349702928534
          ],
          [
            0.009525861554281092,
            60.00229630665854
          ],
          [
            0.009532482343991048,
            60.00224291038856
          ],
          [
            0.009534618533563924,
            60.00219034027598
          ],
          [
            0.009532204419910761,
            60.00213993254585
          ],
          [
            0.009525319455225445,
            60.002087361077315
          ],
          [
            0.009514234940896957,
            60.00203777882661
          ],
          [
            0.009499116131554027,
            60.00198819657591
          ],
          [
            0.009479916222163548,
            60.001938614325205
          ],
          [
            0.009456757832573152,
            60.00188903207451
          ],
          [
            0.009430077464343632,
            60.001839449823805
          ],
          [
            0.009400121108661652,
            60.00179068830666
          ],
          [
            0.009367105242934326,
            60.00174410001967
          ],
          [
            0.00933151878160899,
            60.001695337146565
          ],
          [
            0.009294627005532198,
            60.00164956891515
          ],
          [
            0.009258548267993896,
            60.0016029826621
          ],
          [
            0.009225159819423472,
            60.00155421775505
          ],
          [
            0.009195326282179589,
            60.001508449523634
          ],
          [
            0.009169109146100042,
            60.00146186530452
          ],
          [
            0.009146433091154335,
            60.001413098363535
          ],
          [
            0.0091272938783066,
            60.00136733013212
          ],
          [
            0.009111576838057894,
            60.0013215619007
          ],
          [
            0.009099113904119223,
            60.001275793669286
          ],
          [
            0.009089678493684542,
            60.00123002543787
          ],
          [
            0.009083291721563014,
            60.001184257206454
          ],
          [
            0.009080038053814524,
            60.00113767773321
          ],
          [
            0.009079883584919709,
            60.001088906046355
          ],
          [
            0.009082820229684008,
            60.00104313781494
          ],
          [
            0.009088885358641843,
            60.00099736958352
          ],
          [
            0.00909796423987388,
            60.00095160135211
          ],
          [
            0.009110080216124606,
            60.00090664097261
          ],
          [
            0.00912514775851297,
            60.00086387958653
          ],
          [
            0.009143593703877396,
            60.000818111355116
          ],
          [
            0.009165758845565182,
            60.00077314894168
          ],
          [
            0.009191417328610361,
            60.000731194729546
          ],
          [
            0.00922034100301966,
            60.00068924051742
          ],
          [
            0.009252507079446137,
            60.00064728630529
          ],
          [
            0.009287728162652654,
            60.00060533209315
          ],
          [
            0.009325678200024735,
            60.0005641803091
          ],
          [
            0.009365657001920486,
            60.00052604011625
          ],
          [
            0.009407100788185168,
            60.0004878999234
          ],
          [
            0.009449762419621982,
            60.00045056012469
          ],
          [
            0.009493168561017682,
            60.00041623395113
          ],
          [
            0.009536499134724187,
            60.000381907777566
          ],
          [
            0.009578631480896754,
            60.00034837996419
          ],
          [
            0.009618577840935052,
            60.0003170701277
          ],
          [
            0.009655808438450673,
            60.00028354095837
          ],
          [
            0.009689948121155105,
            60.00025223247784
          ],
          [
            0.009720684873824187,
            60.00021790630428
          ],
          [
            0.009747887406495324,
            60.00018437510101
          ],
          [
            0.00977146880225104,
            60.00015306865442
          ],
          [
            0.009791535767128417,
            60.00011874248086
          ],
          [
            0.009807991322711365,
            60.000084416307295
          ],
          [
            0.009820850907760323,
            60.00005009013373
          ],
          [
            0.009830387069939765,
            60.00001576396017
          ],
          [
            0.009836688264957984,
            59.99998064688421
          ],
          [
            0.009839558722553033,
            59.99994329691578
          ],
          [
            0.009839009402184096,
            59.99990897074222
          ],
          [
            0.00983505673488336,
            59.999874644568656
          ],
          [
            0.009827544954775426,
            59.999840318395094
          ],
          [
            0.009816617108696826,
            59.99980599222153
          ],
          [
            0.009802768777980655,
            59.99977166604797
          ],
          [
            0.009785627313685064,
            59.99973812603094
          ],
          [
            0.00976536100573863,
            59.99970682839811
          ],
          [
            0.009741921355700782,
            59.99967328702512
          ],
          [
            0.009715062661405848,
            59.99964199074825
          ],
          [
            0.00968483485670705,
            59.9996084480193
          ],
          [
            0.009651421833020573,
            59.99957793586502
          ],
          [
            0.009614982808822775,
            59.999547423710744
          ],
          [
            0.009575366271821695,
            59.99951769296713
          ],
          [
            0.009532770697251017,
            59.99949021409945
          ],
          [
            0.009487402925897575,
            59.99946048199988
          ],
          [
            0.009439265040367772,
            59.99943378386489
          ],
          [
            0.009388414376928389,
            59.99940708572989
          ],
          [
            0.009334877222935606,
            59.99938116561567
          ],
          [
            0.009278839870142077,
            59.999357504157175
          ],
          [
            0.009220498808796615,
            59.999331582686985
          ],
          [
            0.009159965895781455,
            59.99930869857127
          ],
          [
            0.009097255158003942,
            59.99928581445556
          ],
          [
            0.009032402575221582,
            59.99926293033985
          ],
          [
            0.008965686349868678,
            59.99924082017702
          ],
          [
            0.008897536489425805,
            59.9992209768057
          ],
          [
            0.008828314445629867,
            59.999198092689994
          ],
          [
            0.00875835548138442,
            59.999175208574286
          ],
          [
            0.008687985542192142,
            59.99915232445858
          ],
          [
            0.008617520742446467,
            59.9991286697799
          ],
          [
            0.00854726419986528,
            59.999101971644905
          ],
          [
            0.008477436700263937,
            59.999075273509916
          ],
          [
            0.00840815971875374,
            59.99904857537492
          ],
          [
            0.008339511651659267,
            59.99902110938888
          ],
          [
            0.008271574922582531,
            59.9989905972346
          ],
          [
            0.008204402036881943,
            59.99896008508033
          ],
          [
            0.008138057810518408,
            59.99892880710894
          ],
          [
            0.00807262972204645,
            59.99889448093538
          ],
          [
            0.00800817079794495,
            59.998860154761815
          ],
          [
            0.007944699491160941,
            59.99882506480509
          ],
          [
            0.007882285610849336,
            59.998787687717424
          ],
          [
            0.007820976630166482,
            59.99875259911666
          ],
          [
            0.0077608075303820636,
            59.998713697174594
          ],
          [
            0.007701887952452522,
            59.998672504033706
          ],
          [
            0.007644301618266288,
            59.9986336034476
          ],
          [
            0.0075879182981621884,
            59.998591649235465
          ],
          [
            0.007532564906063214,
            59.998549695023335
          ],
          [
            0.0074782070726554664,
            59.998506982451886
          ],
          [
            0.00742457158047776,
            59.998461971901804
          ],
          [
            0.007371484624615614,
            59.99841926068632
          ],
          [
            0.007318878596151887,
            59.9983734924549
          ],
          [
            0.007266629465151177,
            59.99832847987088
          ],
          [
            0.007214525486831009,
            59.99828501571992
          ],
          [
            0.007162432884921616,
            59.998236187760654
          ],
          [
            0.007110257748877901,
            59.99819041952924
          ],
          [
            0.007057930564524735,
            59.99814465129782
          ],
          [
            0.00700549553355442,
            59.99809813080892
          ],
          [
            0.0069529809599597255,
            59.99804930013772
          ],
          [
            0.006900342790908208,
            59.99800278100478
          ],
          [
            0.006847575870717846,
            59.997953198754075
          ],
          [
            0.006794702892971469,
            59.99790361650338
          ],
          [
            0.006741724040829091,
            59.99785478312026
          ],
          [
            0.006688630626667297,
            59.99780826669924
          ],
          [
            0.006635462903910561,
            59.99775868444854
          ],
          [
            0.006582239603234571,
            59.997708355364196
          ],
          [
            0.006528867950885532,
            59.99765570524987
          ],
          [
            0.006475343693004123,
            59.997606122999166
          ],
          [
            0.006421681393765765,
            59.99755654074847
          ],
          [
            0.006367855194186806,
            59.99750621437605
          ],
          [
            0.00631383877972857,
            59.9974535615498
          ],
          [
            0.00625960780340204,
            59.997403236533344
          ],
          [
            0.006205112203965867,
            59.99734984026336
          ],
          [
            0.006150349422292258,
            59.99729718540316
          ],
          [
            0.006095349284731965,
            59.99724686242065
          ],
          [
            0.006040132198539846,
            59.99719346615066
          ],
          [
            0.005984703269125146,
            59.99714006988068
          ],
          [
            0.005929071281144448,
            59.997086673610696
          ],
          [
            0.0058732517132401695,
            59.997033277340705
          ],
          [
            0.005817253065847956,
            59.99697988107072
          ],
          [
            0.005761076826492601,
            59.99692648480074
          ],
          [
            0.005704756553518896,
            59.99687308853075
          ],
          [
            0.0056483195433920524,
            59.996819692260765
          ],
          [
            0.005591788310765076,
            59.996765561360796
          ],
          [
            0.0055351722313024005,
            59.996709085023525
          ],
          [
            0.005478465541246845,
            59.99665495547952
          ],
          [
            0.005421669262783659,
            59.996598477786286
          ],
          [
            0.005364777788188212,
            59.996544349598246
          ],
          [
            0.005307799934973504,
            59.99648787054905
          ],
          [
            0.005250756002951702,
            59.99643374371697
          ],
          [
            0.0051936714198830315,
            59.9963765334277
          ],
          [
            0.005136598675732291,
            59.99631932313842
          ],
          [
            0.005079586953201682,
            59.99626211284915
          ],
          [
            0.005022658785924053,
            59.99620490255988
          ],
          [
            0.0049658996528936265,
            59.99614769227061
          ],
          [
            0.004909191988976134,
            59.99609048198134
          ],
          [
            0.004852509702398754,
            59.99603327169207
          ],
          [
            0.004795875886775959,
            59.9959760614028
          ],
          [
            0.0047392982901418405,
            59.99591885111353
          ],
          [
            0.004682733503216166,
            59.99586164082426
          ],
          [
            0.004626187102964044,
            59.99580370743068
          ],
          [
            0.004569664914110219,
            59.99574340554845
          ],
          [
            0.004513130779879719,
            59.99568619525918
          ],
          [
            0.00445650701481269,
            59.99562826389955
          ],
          [
            0.004399711485514367,
            59.995567959983376
          ],
          [
            0.004342687193071626,
            59.9955100299797
          ],
          [
            0.004285381109111086,
            59.99544900567115
          ],
          [
            0.004227730666462978,
            59.99538869972103
          ],
          [
            0.004169734266325401,
            59.9953307717513
          ],
          [
            0.0041114115658962246,
            59.99527046444523
          ],
          [
            0.0040527342116824525,
            59.995212537831456
          ],
          [
            0.003993693772032066,
            59.9951515135229
          ],
          [
            0.003934287831316189,
            59.995091204182884
          ],
          [
            0.003874468977438155,
            59.99503327960306
          ],
          [
            0.0038141839281448727,
            59.9949722552945
          ],
          [
            0.0037533964398723655,
            59.99491123098594
          ],
          [
            0.003692071077303779,
            59.994850918934
          ],
          [
            0.0036301983273170986,
            59.9947929970661
          ],
          [
            0.003567846881251441,
            59.99473197275754
          ],
          [
            0.0035050583820206097,
            59.99467094844899
          ],
          [
            0.003441862775896636,
            59.99461063368512
          ],
          [
            0.003378327675364574,
            59.99455271452914
          ],
          [
            0.003314502318222618,
            59.994491690220585
          ],
          [
            0.0032504384084236417,
            59.994430665912034
          ],
          [
            0.003186147749983189,
            59.99436964160348
          ],
          [
            0.0031216281969274106,
            59.99430861729492
          ],
          [
            0.0030568818252600916,
            59.99424759298637
          ],
          [
            0.002991913295290808,
            59.99418656867781
          ],
          [
            0.002926702619677374,
            59.994125544369254
          ],
          [
            0.002861167190204885,
            59.99406522350356
          ],
          [
            0.0027950790402838364,
            59.99400731044941
          ],
          [
            0.002728007822063842,
            59.993946286140854
          ],
          [
            0.0026596674030935825,
            59.9938852618323
          ],
          [
            0.002590081867208701,
            59.99382423752375
          ],
          [
            0.002519335126386333,
            59.99376321321519
          ],
          [
            0.0024474503397695514,
            59.99370288828161
          ],
          [
            0.00237447474774382,
            59.99364497929534
          ],
          [
            0.0023005287054017744,
            59.993584653005804
          ],
          [
            0.00222573748793369,
            59.9935267453755
          ],
          [
            0.0021503452271914515,
            59.99346641773
          ],
          [
            0.0020751691194549247,
            59.99340920744073
          ],
          [
            0.002001338242917814,
            59.99335199715145
          ],
          [
            0.001929384742906159,
            59.993295481491295
          ],
          [
            0.0018593548779985564,
            59.993242779172434
          ],
          [
            0.0017912088863219703,
            59.99319319692174
          ],
          [
            0.0017248608727489431,
            59.993143614671034
          ],
          [
            0.0016602105492050402,
            59.99309472433752
          ],
          [
            0.0015972261794469148,
            59.99304964734531
          ],
          [
            0.001535906390896118,
            59.99300769313317
          ],
          [
            0.0014761400615541512,
            59.99296573892104
          ],
          [
            0.0014178405279373016,
            59.99292447391417
          ],
          [
            0.0013609110919236469,
            59.99288633372132
          ],
          [
            0.001305187456782631,
            59.99284888137778
          ],
          [
            0.0012504365399542933,
            59.99281455520422
          ],
          [
            0.0011964666535086064,
            59.99278022903066
          ],
          [
            0.0011430991568778465,
            59.992746588672446
          ],
          [
            0.0010901086153465968,
            59.99271676165555
          ],
          [
            0.0010373018423929772,
            59.992690063520556
          ],
          [
            0.0009844466331067124,
            59.99266336538556
          ],
          [
            0.000931245641127409,
            59.99263666725057
          ],
          [
            0.0008772843422180575,
            59.99261065154103
          ],
          [
            0.0008222469331472733,
            59.99258844917279
          ],
          [
            0.0007660116314166885,
            59.99256937907637
          ],
          [
            0.0007085745175826108,
            59.99255030897995
          ],
          [
            0.0006498147944755393,
            59.99253123888352
          ],
          [
            0.0005894628637741345,
            59.992512847822645
          ],
          [
            0.0005273268370118068,
            59.99249827010308
          ],
          [
            0.00046339075049123073,
            59.992486150365636
          ],
          [
            0.00039770954891795595,
            59.9924715712901
          ],
          [
            0.0003303747434189417,
            59.99246080555587
          ],
          [
            0.0002615089736449006,
            59.99245250187166
          ],
          [
            0.0001912318749567652,
            59.99244173478147
          ],
          [
            0.00011966021100350962,
            59.992434781032586
          ],
          [
            4.692218645585016e-05,
            59.9924309670133
          ],
          [
            -2.6836303362517986e-05,
            59.99242715299401
          ],
          [
            -0.00010145642075894766,
            59.99242401123047
          ],
          [
            -0.00017677084108083782,
            59.99242401123047
          ],
          [
            -0.0002526204108380793,
            59.99242468213025
          ],
          [
            -0.0003288396638413489,
            59.99242849614953
          ],
          [
            -0.00040524675045651307,
            59.992432310168816
          ],
          [
            -0.0004816572997389656,
            59.99243679305393
          ],
          [
            -0.0005578926266644245,
            59.99244508928036
          ],
          [
            -0.0006337766622249965,
            59.99245653133821
          ],
          [
            -0.0007091238006859254,
            59.99246797339607
          ],
          [
            -0.0007837560107571168,
            59.99248008160783
          ],
          [
            -0.0008574648642018291,
            59.99249533768497
          ],
          [
            -0.0009299450868773193,
            59.99251059376211
          ],
          [
            -0.0010008944679461694,
            59.99252651395922
          ],
          [
            -0.0010701662980386938,
            59.99254624749763
          ],
          [
            -0.0011377110815530191,
            59.99256913161334
          ],
          [
            -0.0012034506374426282,
            59.992592015729045
          ],
          [
            -0.0012672904913738456,
            59.9926155612528
          ],
          [
            -0.0013291238978025747,
            59.99264159865773
          ],
          [
            -0.0013889243634484434,
            59.9926658028776
          ],
          [
            -0.0014466949868410094,
            59.99269631503188
          ],
          [
            -0.0015024293751815213,
            59.99272682718616
          ],
          [
            -0.0015561310910952352,
            59.992757339340436
          ],
          [
            -0.0016078504787522593,
            59.99278850883487
          ],
          [
            -0.0016577983657302734,
            59.99282283500843
          ],
          [
            -0.0017062861488883652,
            59.992857161182
          ],
          [
            -0.0017535573663899873,
            59.992891487355564
          ],
          [
            -0.001799771277264473,
            59.99292646815736
          ],
          [
            -0.0018450171406005507,
            59.992964608350206
          ],
          [
            -0.001889517506262445,
            59.993002748543056
          ],
          [
            -0.0019337278478945615,
            59.99304154133019
          ],
          [
            -0.001978093236277227,
            59.99308284362601
          ],
          [
            -0.0020229213772217105,
            59.99312098381886
          ],
          [
            -0.002068297292318793,
            59.99315977457206
          ],
          [
            -0.0021142945008315937,
            59.99320107890182
          ],
          [
            -0.002161107071973088,
            59.99323986829906
          ],
          [
            -0.0022089419097735784,
            59.993281822511186
          ],
          [
            -0.0022579384350561054,
            59.99332377672332
          ],
          [
            -0.0023081859358138113,
            59.99336573093545
          ],
          [
            -0.0023597226619570797,
            59.99340703865512
          ],
          [
            -0.002412529147852926,
            59.99344582466245
          ],
          [
            -0.0024665632700749986,
            59.99348777887458
          ],
          [
            -0.0025217604258463075,
            59.99352973308671
          ],
          [
            -0.00257796927972687,
            59.99357168729885
          ],
          [
            -0.0026351418325568235,
            59.993613641510976
          ],
          [
            -0.0026932911653732433,
            59.99365559572311
          ],
          [
            -0.0027523891876248927,
            59.99369754993524
          ],
          [
            -0.002812434676044028,
            59.99374014521599
          ],
          [
            -0.002873394522627208,
            59.99378527305677
          ],
          [
            -0.0029352487427539626,
            59.9938272272689
          ],
          [
            -0.002997997448175273,
            59.99386918148103
          ],
          [
            -0.0030616341113752794,
            59.99391177404986
          ],
          [
            -0.003126140624259854,
            59.99395690460256
          ],
          [
            -0.003191502203409507,
            59.99399885881469
          ],
          [
            -0.003257689526195763,
            59.99404144934958
          ],
          [
            -0.0033246729242686073,
            59.99408658193622
          ],
          [
            -0.0033924544886667395,
            59.99412917111515
          ],
          [
            -0.0034610580724411914,
            59.994174305057754
          ],
          [
            -0.0035305011033327466,
            59.994216892880715
          ],
          [
            -0.0036007377795136387,
            59.994262028179286
          ],
          [
            -0.0036715778175919816,
            59.99430461464628
          ],
          [
            -0.003743084776659829,
            59.9943503828777
          ],
          [
            -0.003815220512060807,
            59.99439552021021
          ],
          [
            -0.003888056192240481,
            59.994438104643265
          ],
          [
            -0.003961741536346679,
            59.994483243331736
          ],
          [
            -0.004036466732554441,
            59.99452582640883
          ],
          [
            -0.004112418034923191,
            59.99457159464025
          ],
          [
            -0.004189592177175327,
            59.99461673536267
          ],
          [
            -0.004267625540201645,
            59.9946586895748
          ],
          [
            -0.004345507963524943,
            59.99470064378693
          ],
          [
            -0.00442199395981393,
            59.994742597999064
          ],
          [
            -0.0044963789860511414,
            59.99478392741412
          ],
          [
            -0.004568397681557979,
            59.99482206760696
          ],
          [
            -0.004637947420615474,
            59.99486020779981
          ],
          [
            -0.004705101752924389,
            59.99489772522953
          ],
          [
            -0.004769977665816361,
            59.99493205140309
          ],
          [
            -0.004832639859478313,
            59.99496575616948
          ],
          [
            -0.004893192294772099,
            59.99499626832376
          ],
          [
            -0.004951756661923921,
            59.995026780478035
          ],
          [
            -0.005008392784160434,
            59.99505729263231
          ],
          [
            -0.005063155919114642,
            59.99508718609134
          ],
          [
            -0.005116104089107956,
            59.995113884226335
          ],
          [
            -0.005167351764727013,
            59.99513996502204
          ],
          [
            -0.005217091523393148,
            59.99516346579905
          ],
          [
            -0.005265535409163113,
            59.9951889319674
          ],
          [
            -0.005312826027442818,
            59.995208617369165
          ],
          [
            -0.005359044888903035,
            59.99523027223015
          ],
          [
            -0.005404247575472402,
            59.99524614225667
          ],
          [
            -0.005448543645778332,
            59.99526459908169
          ],
          [
            -0.005492094337820887,
            59.995279855158834
          ],
          [
            -0.005534946233131671,
            59.995294499320536
          ],
          [
            -0.005577153678656165,
            59.99530594137839
          ],
          [
            -0.005618784344793936,
            59.995317383436245
          ],
          [
            -0.00565988896465216,
            59.9953282156126
          ],
          [
            -0.005700452380969183,
            59.99533584365117
          ],
          [
            -0.0057404671608754475,
            59.995342863164204
          ],
          [
            -0.005779898985348235,
            59.99534667718349
          ],
          [
            -0.005818725852450414,
            59.99535049120278
          ],
          [
            -0.005856923814433722,
            59.99535369873047
          ],
          [
            -0.005894465128151445,
            59.99535369873047
          ],
          [
            -0.005931258617805911,
            59.99535369873047
          ],
          [
            -0.005967157598813376,
            59.99535309427282
          ],
          [
            -0.006002010575903282,
            59.995349280253535
          ],
          [
            -0.006035722752579488,
            59.99534546623425
          ],
          [
            -0.006068429206175092,
            59.99534104979126
          ],
          [
            -0.006100323774750645,
            59.99533342175269
          ],
          [
            -0.006131527880744282,
            59.99532579371412
          ],
          [
            -0.006162166771602708,
            59.99531756528579
          ],
          [
            -0.006192337489845279,
            59.995306123227934
          ],
          [
            -0.0062220060611687346,
            59.99529468117008
          ],
          [
            -0.0062511360312435425,
            59.995283239112226
          ],
          [
            -0.006279859281481569,
            59.99527119937653
          ],
          [
            -0.006308557314642235,
            59.9952559432994
          ],
          [
            -0.006337971829447191,
            59.99524068722226
          ],
          [
            -0.006368786587816613,
            59.995225431145116
          ],
          [
            -0.00640120362510123,
            59.995210175067974
          ],
          [
            -0.006435273758741966,
            59.99519551327877
          ],
          [
            -0.006470941214105025,
            59.995183477610965
          ],
          [
            -0.006508097892463865,
            59.9951688144658
          ],
          [
            -0.006546595078657607,
            59.995157964661935
          ],
          [
            -0.006586198044509055,
            59.99514974504736
          ],
          [
            -0.006626644522121538,
            59.995138893887535
          ],
          [
            -0.006667715825408466,
            59.995131856069015
          ],
          [
            -0.006709244693551021,
            59.99512745250766
          ],
          [
            -0.006751063354918083,
            59.995120413333176
          ],
          [
            -0.00679299319990395,
            59.9951171875
          ],
          [
            -0.0068348432051521255,
            59.9951171875
          ],
          [
            -0.006876372589339202,
            59.9951171875
          ],
          [
            -0.006917499108133544,
            59.9951171875
          ],
          [
            -0.00695799891980301,
            59.99511777297418
          ],
          [
            -0.006997955633110453,
            59.99512158699347
          ],
          [
            -0.007037219985805759,
            59.99512540101275
          ],
          [
            -0.007075961791030779,
            59.99512979847228
          ],
          [
            -0.007114449353515037,
            59.995137426510844
          ],
          [
            -0.0071527448005149555,
            59.99514505454942
          ],
          [
            -0.007190988471026383,
            59.99515326399428
          ],
          [
            -0.007229248928452919,
            59.99516470605214
          ],
          [
            -0.0072676972713856276,
            59.995176728160324
          ],
          [
            -0.007306527237164419,
            59.99519140486511
          ],
          [
            -0.007345868987843541,
            59.99520342561734
          ],
          [
            -0.007385814365835744,
            59.995218681694475
          ],
          [
            -0.007426463266066826,
            59.995233937771616
          ],
          [
            -0.0074679040746060575,
            59.99524977050919
          ],
          [
            -0.007510165071996997,
            59.99526826462316
          ],
          [
            -0.0075531816468555335,
            59.99528409600477
          ],
          [
            -0.007596847740816496,
            59.995303166101195
          ],
          [
            -0.0076410053887138105,
            59.99532281014612
          ],
          [
            -0.007685456401281803,
            59.99534569426183
          ],
          [
            -0.00773000216665713,
            59.99536857837754
          ],
          [
            -0.0077743561534879164,
            59.995391462493245
          ],
          [
            -0.007818274709165575,
            59.99541491784554
          ],
          [
            -0.007861545726596727,
            59.99544161598053
          ],
          [
            -0.007903899948937818,
            59.99546831411553
          ],
          [
            -0.007945172165497214,
            59.995495012250515
          ],
          [
            -0.007985391217940303,
            59.99552227891017
          ],
          [
            -0.008024355592478495,
            59.99555279106445
          ],
          [
            -0.008062011293460564,
            59.99558387038743
          ],
          [
            -0.00809834502360339,
            59.99561763007027
          ],
          [
            -0.00813332213360218,
            59.99564870803729
          ],
          [
            -0.008166701969034199,
            59.995683599345604
          ],
          [
            -0.008198428672780256,
            59.99572117508168
          ],
          [
            -0.008228494518241408,
            59.99575606503403
          ],
          [
            -0.00825680296300674,
            59.99579420522688
          ],
          [
            -0.008283271272034185,
            59.99583234541973
          ],
          [
            -0.008307752984581872,
            59.99587048561257
          ],
          [
            -0.008330038608741309,
            59.99590918687229
          ],
          [
            -0.008349901518946427,
            59.99595114108442
          ],
          [
            -0.00836706006580826,
            59.995993095296555
          ],
          [
            -0.00838110329939235,
            59.996035049508684
          ],
          [
            -0.008391571181989368,
            59.99607700372082
          ],
          [
            -0.008398171420531677,
            59.99611951560991
          ],
          [
            -0.008400783877257808,
            59.996164726842345
          ],
          [
            -0.008399357132141516,
            59.99620668105448
          ],
          [
            -0.008393929017120908,
            59.99624863526661
          ],
          [
            -0.008384567811590353,
            59.99629058947874
          ],
          [
            -0.00837140870285437,
            59.996332543690876
          ],
          [
            -0.008354595512837059,
            59.996374497903005
          ],
          [
            -0.008334116506642227,
            59.996416452115135
          ],
          [
            -0.00830977176676351,
            59.99645840632727
          ],
          [
            -0.008281612809671763,
            59.9965003605394
          ],
          [
            -0.008249939300226399,
            59.996541763854374
          ],
          [
            -0.008214849064981785,
            59.9965804542664
          ],
          [
            -0.008176262488722531,
            59.99662185893734
          ],
          [
            -0.008134181334633117,
            59.9966605479934
          ],
          [
            -0.008088925686579951,
            59.996701954020295
          ],
          [
            -0.008040720223508751,
            59.996740094213145
          ],
          [
            -0.007989926665376772,
            59.996778234405994
          ],
          [
            -0.007937126050837174,
            59.996816374598836
          ],
          [
            -0.007882748002677444,
            59.996854514791686
          ],
          [
            -0.00782712096461584,
            59.99689319977986
          ],
          [
            -0.00777043630141782,
            59.99693460987464
          ],
          [
            -0.007712810619105691,
            59.99697275006749
          ],
          [
            -0.007654392130800727,
            59.997011433021726
          ],
          [
            -0.007595292806970583,
            59.99705284515045
          ],
          [
            -0.007535537556572254,
            59.997091526748726
          ],
          [
            -0.007475186601135087,
            59.99713294023341
          ],
          [
            -0.007414375979853711,
            59.99717162047572
          ],
          [
            -0.007353227660692228,
            59.997213574687855
          ],
          [
            -0.007291546829935176,
            59.997255528899984
          ],
          [
            -0.007229325093099666,
            59.9972969450966
          ],
          [
            -0.007166562581371545,
            59.997335622626984
          ],
          [
            -0.007103262583944069,
            59.99737757683911
          ],
          [
            -0.007039444487624772,
            59.99741953105124
          ],
          [
            -0.006975137752122419,
            59.99746148526338
          ],
          [
            -0.006910385695449799,
            59.99750397410112
          ],
          [
            -0.00684533063217106,
            59.99754920838491
          ],
          [
            -0.006780096715269365,
            59.99759116259704
          ],
          [
            -0.006714626381086493,
            59.99763364940084
          ],
          [
            -0.00664884829021955,
            59.99767888571857
          ],
          [
            -0.006582737425128701,
            59.99772137116641
          ],
          [
            -0.006516240793496869,
            59.99776713939783
          ],
          [
            -0.006449304445320423,
            59.997812907629246
          ],
          [
            -0.0063818691160485155,
            59.99785814665889
          ],
          [
            -0.00631390568354667,
            59.99790062939481
          ],
          [
            -0.0062454587050499505,
            59.99794639762623
          ],
          [
            -0.006176622369439,
            59.997992165857646
          ]
        ]
      }
    }
  ]
}