lap,session_time_s,lap_time_s,lap_distance_m,latitude_deg,longitude_deg,x_east_m,y_north_m
5,507.77750000000003,0.0,0.0,60.00009344609996,-5.1789853503224505e-06,0.0,0.0
5,507.87750000000005,0.10000000000002274,6.974450392818615,60.0000972604111,-0.00013674463160493318,-7.314705210716235,0.4241326334904819
5,507.9775,0.19999999999998863,14.37550927391722,60.00010107472225,-0.00026853461706321114,-14.641882249199151,0.8482652669809638
5,508.07750000000004,0.30000000000001137,21.843960489080477,60.000104889033395,-0.00040052558212498417,-21.98023238087716,1.2723979004714459
5,508.1775,0.39999999999997726,29.342293943781897,60.000108703344544,-0.0005327064778811257,-29.329141313526144,1.6965305353765758
5,508.27750000000003,0.5,36.89926303883571,60.00011440909067,-0.0006650729836660069,-36.68836777879763,2.3309814332085863
5,508.37750000000005,0.6000000000000227,44.44610984183836,60.00012203771296,-0.0007975892531441517,-44.05591816031793,3.1792467016041983
5,508.4775,0.6999999999999886,51.927558977805276,60.00012777567251,-0.0009302561802980647,-51.431844480493275,3.8172795733852443
5,508.57750000000004,0.8000000000000114,59.443202184509374,60.00013348026028,-0.0010630795353151867,-58.81646652547841,4.451601668919487
5,508.6775,0.8999999999999773,66.91598631283162,60.00014110888257,-0.0011960347480967568,-66.2084163130857,5.299866937315099
5,508.77750000000003,1.0,74.36485207986455,60.000150627009255,-0.0013291014020086157,-73.60655812383091,6.358235797198213
5,508.87750000000005,1.1000000000000227,81.83721506731194,60.00016018082442,-0.0014622752341391769,-81.01065658464739,7.420573040752962
5,508.9775,1.1999999999999886,89.32470924636468,60.000169698178865,-0.0015955479267056496,-88.42024933097485,8.478856031494464
5,509.07750000000004,1.3000000000000114,96.82628807133091,60.00017925276627,-0.0017289107422078537,-95.83485048442735,9.541279145605474
5,509.1775,1.3999999999999773,104.3314029682511,60.00018876934847,-0.0018623486906692616,-103.25362674547348,10.599476265790718
5,509.27750000000003,1.5,111.84345658642097,60.00020021228191,-0.0019958596846707767,-110.67645878409992,11.871874167676811
5,509.37750000000005,1.6000000000000227,119.36259289111786,60.000211655215345,-0.002129498484424557,-118.10639390766977,13.144272069562906
5,509.4775,1.6999999999999886,126.89444246464,60.00022309814879,-0.0022633357977659484,-125.54736327539885,14.416669971449
5,509.57750000000004,1.8000000000000114,134.4485268062684,60.00023454108222,-0.0023973819886231977,-132.99994308762015,15.689067873335093
5,509.6775,1.8999999999999773,142.01784048650362,60.00024598401566,-0.0025316501428883547,-140.4648608779832,16.961465775221185
5,509.77750000000003,2.0,149.59883249045066,60.0002574269491,-0.002666173301797647,-147.94395364179863,18.23386367710728
5,509.87750000000005,2.1000000000000227,157.1868875366983,60.00026698462547,-0.0028009468774725676,-155.436970727657,19.29663026778473
5,509.9775,2.1999999999999886,164.7807450443353,60.00027649811871,-0.0029359622442340924,-162.94342867182462,20.354483911403534
5,510.07750000000004,2.3000000000000114,172.3816324310132,60.00028794105214,-0.0030711915859091524,-170.46177589647576,21.62688181328963
5,510.1775,2.3999999999999773,179.98950173513296,60.00029749988688,-0.0032066357231365365,-177.99206762270333,22.689777207679494
5,510.27750000000003,2.5,187.60671524857077,60.000307012221754,-0.003342326406539466,-185.53606458123653,23.74750204758588
5,510.37750000000005,2.6000000000000227,195.23443291288478,60.000316571828726,-0.00347829025660214,-193.09524653264924,24.810483312532003
5,510.4775,2.6999999999999886,202.87267674439346,60.000326083391364,-0.0036145300460281044,-200.66976789778198,25.86812228329678
5,510.57750000000004,2.8000000000000114,210.52026439932786,60.00033564377057,-0.0037510439829202876,-208.2595287571908,26.931189415969868
5,510.6775,2.8999999999999773,218.18065965742613,60.00034327239286,-0.003887836921442244,-215.8648054274934,27.77945468295083
5,510.77750000000003,3.0,225.86086377633396,60.00035278279715,-0.004024913434436928,-223.4858399244381,28.83696485141784
5,510.87750000000005,3.1000000000000227,233.5748098818503,60.00036234433471,-0.004162283198477387,-231.12317597614913,29.900160787803344
5,510.9775,3.1999999999999886,241.30664288523238,60.000369972957,-0.004299914180602547,-238.77503977720238,30.748426054784307
5,511.07750000000004,3.3000000000000114,249.04410143107293,60.000377601579295,-0.004437773003125774,-246.4395690890928,31.59669132317992
5,511.1775,3.3999999999999773,256.78185459330484,60.00038523020159,-0.004575860923770538,-254.1168338332635,32.44495659157553
5,511.27750000000003,3.5,264.5239257975794,60.00039097897249,-0.0047142040237169265,-261.8082914831849,33.08419163275377
5,511.37750000000005,3.6000000000000227,272.30673093333144,60.000396672748906,-0.004852800389765441,-269.51382888840726,33.71731155889082
5,511.4775,3.6999999999999886,280.10178732272533,60.0004043013712,-0.004991604589313529,-277.23091180429697,34.56557682587178
5,511.57750000000004,3.8000000000000114,287.89182899716326,60.000410051300456,-0.005130623577148878,-284.95994264162584,35.20494067076244
5,511.6775,3.8999999999999773,295.6902059057549,60.000413865611606,-0.005269864843336433,-292.7013387335626,35.62907330566757
5,511.77750000000003,4.0,303.5034952844808,60.00041955784354,-0.005409324999275956,-300.45489504217176,36.26202149210675
5,511.87750000000005,4.100000000000023,311.3207440732882,60.000425308931156,-0.005549014450565039,-308.22119789981093,36.90151414070982
5,511.9775,4.199999999999989,319.14220148530086,60.000429123242306,-0.005688932502539482,-316.00021819303515,37.32564677561495
5,512.0775,4.2999999999999545,326.97455881008415,60.00043293755345,-0.00582908761713577,-323.7924175830387,37.749779409105436
5,512.1775,4.399999999999977,334.81701859570666,60.00043487548828,-0.0059694839775891,-331.59803804795564,37.965268227930444
5,512.2775,4.5,342.66809152680617,60.000436751478475,-0.006110101037339933,-339.41592861308203,38.17386910802511
5,512.3775,4.600000000000023,350.4981957415877,60.00043869018555,-0.006250908980289356,-347.2444309566032,38.38944379740638
5,512.4775,4.699999999999932,358.32446100194693,60.00043869018555,-0.006391898866941653,-355.0830587872785,38.38944379740638
5,512.5775,4.7999999999999545,366.16478506456775,60.00043869018555,-0.006533040903600309,-362.9301457159969,38.38944379740638
5,512.6775,4.899999999999977,374.0110522120639,60.00043681573983,-0.0066742773499759035,-370.78249205573155,38.18101465559493
5,512.7775,5.0,381.85959768958423,60.00043487548828,-0.006815600608363113,-378.63966571279,37.965268227930444
5,512.8775,5.100000000000023,389.7082246586581,60.000433001814805,-0.006957026961399908,-386.50257120506564,37.75692495526061
5,512.9775,5.199999999999932,397.5579231359566,60.000429187503656,-0.007098557380997676,-394.37127450973935,37.33279232177012
5,513.0775,5.2999999999999545,405.42153151187483,60.00042537319251,-0.0072401698942896105,-402.24454289339513,36.90865968827964
5,513.1775,5.399999999999977,413.3073012828881,60.00041968636625,-0.007381856637594454,-410.1219507667166,36.27631258583174
5,513.2775,5.5,421.20955223707256,60.000413929872956,-0.007523611279313858,-418.00313539031345,35.63621885182274
5,513.3775,5.600000000000023,429.11312974722097,60.00040824381893,-0.0076654090418730465,-425.88671832639193,35.00395761851645
5,513.4775,5.699999999999932,437.02344728051753,60.00040061519664,-0.0078072267407305815,-433.77142375490195,34.15569235012084
5,513.5775,5.7999999999999545,444.9479175402475,60.00039298657435,-0.007949063378381692,-441.6571839443276,33.30742708313987
5,513.6775,5.899999999999977,452.88052719069424,60.000385357952055,-0.008090947581228854,-449.5455904410747,32.45916181474426
5,513.7775,6.0,460.82708149846457,60.00037772932976,-0.008232898610312154,-457.43771410488046,31.61089654634865
5,513.8775,6.100000000000023,468.7888994343655,60.00036823089519,-0.008374922376689027,-465.33389672646354,30.554717352405902
5,513.9775,6.199999999999932,476.75322001465685,60.00035865738791,-0.008516998579824788,-473.23299748721,29.490190442910787
5,514.0775,6.2999999999999545,484.71511333524654,60.00035102876562,-0.008659151270862149,-481.13633890068695,28.641925174515173
5,514.1775,6.399999999999977,492.67476661962473,60.000341531489404,-0.008801393455714056,-489.04467155290877,27.585874784284844
5,514.2775,6.5,500.64228863980185,60.00033195682377,-0.008943714865201369,-496.9574117234645,26.52121907107731
5,514.3775,6.600000000000023,508.62745920306,60.00032246031979,-0.00908612722245817,-504.8752100283057,25.46525454857394
5,514.4775,6.699999999999932,516.6197290634922,60.00031101738636,-0.009228573665970293,-512.7949207931721,24.192856648102495
5,514.5775,6.7999999999999545,524.614347664096,60.000301441562364,-0.009371008819116984,-520.7139918894258,23.1280721297679
5,514.6775,6.899999999999977,532.6124512541278,60.00029194621675,-0.009513414686823573,-528.631436446065,22.072236412391597
5,514.7775,7.0,540.6026209295891,60.000280503283314,-0.009655489058678496,-536.5304688205423,20.799838510505502
5,514.8775,7.100000000000023,548.513460354652,60.00026719439879,-0.009796010299695953,-544.3431694992097,19.319956028780325
5,514.9775,7.199999999999932,556.2418641673215,60.00025380271917,-0.009933152752576412,-551.9680226890935,17.830867138672026
5,515.0775,7.2999999999999545,563.7128029603763,60.00024235978573,-0.01006582605024264,-559.3443897075086,16.558469236785932
5,515.1775,7.399999999999977,570.9179941906543,60.000230916852296,-0.010193859118041873,-566.4627751761896,15.28607133489984
5,515.2775,7.5,577.8596911592343,60.000219473918854,-0.01031734288759694,-573.3282345119087,14.013673433013745
5,515.3775,7.600000000000023,584.5665822261557,60.00020803098542,-0.010436401679893315,-579.9476794929063,12.741275532542298
5,515.4775,7.699999999999932,591.0764340277755,60.00019472441762,-0.010551220300104115,-586.3314011758736,11.261650658241953
5,515.5775,7.7999999999999545,597.372463771571,60.00018133042128,-0.010661996353785431,-592.49037038864,9.772304159294176
5,515.6775,7.899999999999977,603.4536262495761,60.00016988748784,-0.010768886036649009,-598.4332526432712,8.49990625882273
5,515.7775,8.0,609.3254728324071,60.0001584445544,-0.010871953198515225,-604.1636149982785,7.227508356936636
5,515.8775,8.100000000000023,614.9907105801951,60.00014700162097,-0.010971167787845163,-609.6797865578192,5.955110455050542
5,515.9775,8.199999999999932,620.4433463395962,60.000135558687525,-0.011066453430531661,-614.9775210129635,4.682712553164448
5,516.0775,8.299999999999955,625.6810840583661,60.00012411575409,-0.01115771376341986,-620.0514607136174,3.410314651278354
5,516.1775,8.399999999999977,630.7015508327415,60.00011267282065,-0.011244954674794885,-624.9019329168051,2.1379167493922604
5,516.2775,8.5,635.5104012415932,60.000099369341804,-0.01132819883968221,-629.530215882303,0.6586353516583571
5,516.3775,8.600000000000023,640.1193489849081,60.000085972256514,-0.011407477273074767,-633.9380172883897,-0.8310546224412148
5,516.4775,8.699999999999932,644.5378195175454,60.00007452932307,-0.011482963564763223,-638.1349684094478,-2.1034525243273086
5,516.5775,8.799999999999955,648.7796410290124,60.00006122700259,-0.0115549685775563,-642.138388944285,-3.5826051169341477
5,516.6775,8.899999999999977,652.8658345100554,60.00004782875893,-0.011623875202045022,-645.9695496255841,-5.0724238961607835
5,516.7775,9.0,656.8196794922605,60.00003452721069,-0.011690042264749801,-649.6483983072735,-6.551490619626012
5,516.8775,9.100000000000023,660.6680532400567,60.0000192699661,-0.01175384099316236,-653.1955944443228,-8.248021156417236
5,516.9775,9.199999999999932,664.4355470841653,60.00000401272152,-0.011815510715314318,-656.6244248807386,-9.944551691793812
5,517.0775,9.299999999999955,668.1340534799263,59.999988755476934,-0.01187501015644699,-659.9325947624292,-11.641082227170388
5,517.1775,9.399999999999977,671.7932897412467,59.99997164116202,-0.011932226378430128,-663.1138435434118,-13.544109847257525
5,517.2775,9.5,675.5125568451215,59.99995256960629,-0.011987056585240062,-666.1624571995997,-15.664773016124583
5,517.3775,9.600000000000023,679.1818985353192,59.99993164175247,-0.012039322071969545,-669.0684993164883,-17.99184740197524
5,517.4775,9.699999999999932,682.9948132605389,59.99990875588559,-0.012088804093937616,-671.8198093704689,-20.536643205747428
5,517.5775,9.799999999999955,687.1681427995256,59.999885870018716,-0.012135518012533026,-674.4172215413038,-23.08143900810497
5,517.6775,9.899999999999977,691.417384179761,59.99986298415185,-0.012179885857461827,-676.8841994982475,-25.626234811877154
5,517.7775,10.0,695.6447006184349,59.99984009828497,-0.012222283672948798,-679.2416502608111,-28.171030615649343
5,517.8775,10.100000000000023,699.8075323947305,59.9998153580506,-0.012262758185943015,-681.4921907236073,-30.922022960721808
5,517.9775,10.199999999999932,703.614433969578,59.99978865787258,-0.012300904775307552,-683.6133260668383,-33.89095139798448
5,518.0775,10.299999999999955,707.2595211560615,59.99976195769456,-0.012336438747567355,-685.5892077201166,-36.85987983524715
5,518.1775,10.399999999999977,710.9491567184344,59.999735257516534,-0.012369459104115303,-687.4253397557426,-39.82880827250982
5,518.2775,10.5,714.4645863021472,59.9997067045155,-0.012400240430121638,-689.1370076097097,-43.00376151420419
5,518.3775,10.600000000000023,717.9639775886144,59.999676190026335,-0.012429091940895125,-690.7414040695015,-46.39682258495734
5,518.4775,10.699999999999932,721.5387380323513,59.99964567553717,-0.012456131730567628,-692.2450743751467,-49.78988365571049
5,518.5775,10.799999999999955,725.2138389173558,59.999615161048,-0.012481714380241609,-693.6677323111674,-53.182944727878294
5,518.6775,10.899999999999977,728.9520784982009,59.99958464655883,-0.012506574179395349,-695.0502026528311,-56.57600579863144
5,518.7775,11.0,732.7804503103347,59.99955228117725,-0.012531903358460635,-696.4587902610306,-60.174877000962276
5,518.8775,11.100000000000023,736.7634032142308,59.99951980288323,-0.012558898513949686,-697.9600051705319,-63.78630350961368
5,518.9775,11.199999999999932,740.9024630605462,59.99948928839407,-0.012588397260083931,-699.6003951509084,-67.17936458036684
5,519.0775,11.299999999999955,745.2222607389712,59.99945692417084,-0.012620928172446925,-701.40938837897,-70.77810697898525
5,519.1775,11.399999999999977,749.7053232055488,59.999424444718464,-0.012656465131788192,-703.3855146366116,-74.38966229134907
5,519.2775,11.5,754.0225381093715,59.999393930229296,-0.012694714942888506,-705.5124509379575,-77.78272336351688
5,519.3775,11.600000000000023,758.3215447372953,59.99936341574013,-0.012736063817329368,-707.8116909138352,-81.17578443427003
5,519.4775,11.699999999999932,762.8390138873928,59.999334749440536,-0.012780625495780538,-710.2895387169566,-84.36333591827044
5,519.5775,11.799999999999955,767.2777859695918,59.999306201459056,-0.012828110608802387,-712.9299246380413,-87.53773100912969
5,519.6775,11.899999999999977,771.6103964079862,59.99927753438723,-0.012878741910407599,-715.7452361345553,-90.72536836085706
5,519.7775,12.0,775.8660005503573,59.99925083420921,-0.01293240038839302,-718.7288339365895,-93.69429679811972
5,519.8775,12.100000000000023,780.096488095343,59.99922413403119,-0.01298881126008449,-721.8654620444371,-96.6632252353824
5,519.9775,12.199999999999932,784.3584192853139,59.99919743385317,-0.013047985838808297,-725.155749643223,-99.63215367264507
5,520.0775,12.299999999999955,788.6961809454472,59.999172579548,-0.01310989965185776,-728.5983159537019,-102.39583012916518
5,520.1775,12.399999999999977,793.1145163476688,59.999149693681126,-0.013174396548729133,-732.1844778197634,-104.94062593293737
5,520.2775,12.5,797.6033155258544,59.99912680781425,-0.013241237314848378,-735.9009570670216,-107.48542173670955
5,520.3775,12.600000000000023,802.1539077987178,59.99910392194737,-0.013310255953793764,-739.7385247260277,-110.03021754048174
5,520.4775,12.699999999999932,806.7642802460964,59.999082880408885,-0.013381509233027384,-743.7003163612708,-112.36993310037994
5,520.5775,12.799999999999955,811.4284137806494,59.999061964910894,-0.01345502993076233,-747.7881735923861,-114.69563357713554
5,520.6775,12.899999999999977,816.1507919309108,59.99904092260016,-0.01353065296503905,-751.9929211186248,-117.03543500759
5,520.7775,13.0,820.9339653392577,59.99902369421445,-0.013608167346658604,-756.3027833902107,-118.95114673912478
5,520.8775,13.100000000000023,825.7755375676029,59.999006594185964,-0.013687318664316814,-760.7036572856902,-120.85258577867747
5,520.9775,13.199999999999932,830.6721480823905,59.99898752263023,-0.01376759510829693,-765.1671113801439,-122.97324894895918
5,521.0775,13.299999999999955,835.6122727997449,59.998968451074504,-0.013848170379023776,-769.6471823153461,-125.09391211782624
5,521.1775,13.399999999999977,840.5953214948697,59.99894937951878,-0.013928595615511389,-774.1189141779424,-127.21457528669329
5,521.2775,13.5,845.6286319143763,59.99892846672362,-0.014008876525738016,-778.5826459827317,-129.5399752228679
5,521.3775,13.600000000000023,850.708766187801,59.99890558085675,-0.014088850797471596,-783.0293553576703,-132.08477102522542
5,521.4775,13.699999999999932,855.833295612453,59.998882694989874,-0.014168136703274369,-787.4377957640122,-134.6295668289976
5,521.5775,13.799999999999955,861.0067225727523,59.998857969041936,-0.014246189611436252,-791.7777085207152,-137.37897059353566
5,521.6775,13.899999999999977,866.2609320595529,59.99882942916897,-0.014322540600576316,-796.0230463625784,-140.552464058408
5,521.7775,14.0,871.6734204593724,59.998800753988625,-0.014397076590597517,-800.1674783304388,-143.74100303753693
5,521.8775,14.100000000000023,877.2882808833889,59.998770375965194,-0.014469795470284704,-804.2109059920986,-147.11888979032108
5,521.9775,14.199999999999932,883.0013164025646,59.998737885701466,-0.014540304310109388,-808.1314882202117,-150.73164727208209
5,522.0775,14.299999999999955,888.7783896922546,59.99870553306184,-0.014608287568766703,-811.9116539600236,-154.32910163074706
5,522.1775,14.399999999999977,894.4681336841036,59.998669366497175,-0.014673564299762356,-815.5413913236063,-158.350645691161
5,522.2775,14.5,899.9815228559336,59.998631223385715,-0.014735785673321879,-819.0012834953422,-162.59197203030973
5,522.3775,14.600000000000023,905.468587888857,59.998593080274254,-0.014794882421882658,-822.2874547432026,-166.8332983694585
5,522.4775000000001,14.700000000000045,910.9113455137173,59.9985549371628,-0.014851455498112256,-825.4333169393468,-171.0746247071926
5,522.5775,14.799999999999955,916.3163791854321,59.998514957831475,-0.014906491143528865,-828.4937265890347,-175.52012966281382
5,522.6775,14.899999999999977,921.7237754252629,59.99847300040887,-0.014960114101275023,-831.4756211371515,-180.18558863545306
5,522.7775,15.0,927.1842031113327,59.998429207538635,-0.015011715183500588,-834.3451288005061,-185.05514035400847
5,522.8775,15.100000000000023,932.7091644559423,59.99838527086639,-0.015060933157870616,-837.0821441002026,-189.9406821502075
5,522.9775000000001,15.200000000000045,938.2845696313447,59.9983414787684,-0.015107790867045121,-839.6879331559454,-194.81014799962128
5,523.0775,15.299999999999955,943.8841465263888,59.99829570703465,-0.01515246428979578,-842.1723069539062,-199.89973960575102
5,523.1775,15.399999999999977,949.5265372072608,59.9982499353009,-0.015195081435122505,-844.5423573591897,-204.9893312132954
5,523.2775,15.5,955.2384995033966,59.99820233005012,-0.015235793492378179,-846.8065135741714,-210.28280089248727
5,523.3775,15.600000000000023,960.9951240432226,59.998152744005225,-0.015274859015210172,-848.9791527760312,-215.79652513352212
5,523.4775000000001,15.700000000000045,966.7846420515134,59.998104990705116,-0.015312516195255308,-851.073469128983,-221.10645717063645
5,523.5775,15.799999999999955,972.6021671378671,59.99805738661269,-0.015348906673187475,-853.0973590901177,-226.39979804753054
5,523.6775,15.899999999999977,978.4488765517332,59.9980078005678,-0.01538419457611728,-855.0599753614787,-231.91352228715076
5,523.7775,16.0,984.3293454392422,59.99795638293647,-0.015418623292447184,-856.974848229266,-237.63090992839372
5,523.8775,16.100000000000023,990.2471920041964,59.997904813780735,-0.015452425269798434,-858.8548798393615,-243.3651463386964
5,523.9775000000001,16.200000000000045,996.2046400860893,59.99785522773584,-0.015485848621355316,-860.7138372642781,-248.87887057831662
5,524.0775,16.299999999999955,1002.2041328774643,59.99780381126288,-0.015519242224807057,-862.5711673641836,-254.59612941584717
5,524.1775,16.399999999999977,1008.2423323818201,59.997752240948785,-0.015552964985616466,-864.4468032949103,-260.33049462844764
5,524.2775,16.5,1014.3144782911824,59.99770082524805,-0.015587191225709495,-866.3504332667708,-266.04766759683656
5,524.3775,16.600000000000023,1020.4215568135312,59.99764742489201,-0.015621867882983408,-868.2791351832182,-271.9855244713619
5,524.4775000000001,16.700000000000045,1026.563757367289,59.99759402453597,-0.015656963517608445,-870.2311351359962,-277.92338134588726
5,524.5775,16.799999999999955,1032.7398071244907,59.9975424526774,-0.015692480103169128,-872.2065188072178,-283.6579182967709
5,524.6775,16.899999999999977,1038.950915742159,59.99749103852115,-0.01572834193275683,-874.2010988925027,-289.3749195268766
5,524.7775,17.0,1045.192547932295,59.9974376381651,-0.01576458316977814,-876.2168032869833,-295.312776401402
5,524.8775,17.100000000000023,1051.4598681734556,59.997384237809065,-0.015801370121293127,-878.2628524740763,-301.2506332759273
5,524.9775000000001,17.200000000000045,1057.755161611232,59.99733083745302,-0.015838766314417576,-880.3427786161207,-307.18849015045265
5,525.0775,17.299999999999955,1064.0808444036138,59.997277437096976,-0.01587673097037436,-882.4543145053402,-313.126347024978
5,525.1775,17.399999999999977,1070.43802686851,59.99722221056018,-0.0159152622530749,-884.5973825480818,-319.26726621572016
5,525.2775,17.5,1076.8268074712933,59.99716682168763,-0.01595435835786199,-886.7718603617459,-325.4262363435046
5,525.3775,17.600000000000023,1083.2459190156094,59.99711342133158,-0.015993980737243473,-888.9755759058337,-331.36409321802995
5,525.4775000000001,17.700000000000045,1089.6942466560342,59.99706002097554,-0.01603405051926565,-891.204170562303,-337.3019500925553
5,525.5775,17.799999999999955,1096.1706447846482,59.99700479598322,-0.016074449012086763,-893.4510697670778,-343.4426975435996
5,525.6775,17.899999999999977,1102.6762225455566,59.99694940556619,-0.016115078827783194,-895.7108365184235,-349.60183940966726
5,525.7775,18.0,1109.2132985704072,59.996894181346114,-0.016155930170129378,-897.9829216939072,-355.7425009929846
5,525.8775,18.100000000000023,1115.7808654671373,59.996838790156836,-0.01619704335852338,-900.2695716038396,-361.90172872819386
5,525.9775000000001,18.200000000000045,1122.379769832555,59.996783566709,-0.016238421644224586,-902.5709625066912,-368.042304440955
5,526.0775,18.299999999999955,1129.0136958929677,59.99672817474749,-0.016280041463911304,-904.8857888950006,-374.20161804530585
5,526.1775,18.399999999999977,1135.6737906956594,59.99667295207189,-0.01632187627101857,-907.2125701925414,-380.34210789033995
5,526.2775,18.5,1142.353562815452,59.996615737404696,-0.016363892382419185,-909.5494633302025,-386.70409739835577
5,526.3775,18.600000000000023,1149.0600847263393,59.99655852273751,-0.016406106255065275,-911.8973561030831,-393.06608690778626
5,526.4775000000001,18.700000000000045,1155.7947286739416,59.99650130807032,-0.01644853245872733,-914.257058624798,-399.4280764158021
5,526.5775,18.799999999999955,1162.553889650469,59.996444093403134,-0.016491090825461907,-916.6241135522582,-405.7900659238179
5,526.6775,18.899999999999977,1169.338696975342,59.99638687873595,-0.016533735873351402,-918.995992087262,-412.1520554332484
5,526.7775,19.0,1176.14819686314,59.99632966406875,-0.016576551943669457,-921.3773836631706,-418.5140449412642
5,526.8775,19.100000000000023,1182.979853148982,59.996272449401566,-0.016619608331868353,-923.7721411729619,-424.87603445069465
5,526.9775000000001,19.200000000000045,1189.8326717903944,59.99621523473438,-0.016662837356463244,-926.17650151728,-431.23802395871047
5,527.0775,19.299999999999955,1196.706375123613,59.99615802006719,-0.016706153621919528,-928.5857166703621,-437.6000134667263
5,527.1775,19.399999999999977,1203.5967554305091,59.9961008054,-0.01674958868762525,-931.0015413700638,-443.9620029761568
5,527.2775,19.5,1210.5109614699634,59.996041772660575,-0.016793201209301455,-933.4272625864589,-450.5261531729879
5,527.3775,19.600000000000023,1217.4615168702037,59.99598256136836,-0.016836983982028642,-935.8624567561761,-457.1101575616643
5,527.4775000000001,19.700000000000045,1224.4503632370688,59.99592352940117,-0.01688091324926371,-938.3057979642615,-463.6742218893538
5,527.5775,19.799999999999955,1231.4579939139503,59.99586431733672,-0.01692490500325135,-940.7526204131511,-470.2583121471719
5,527.6775,19.899999999999977,1238.4284995998382,59.995807102669524,-0.016968635813358224,-943.1849100294215,-476.6203016566024
5,527.7775,20.0,1245.2789709105384,59.99574988800234,-0.017011464667697006,-945.5670541780153,-482.98229116461823
5,527.8775,20.100000000000023,1251.9340220525214,59.99569267333515,-0.01705269309763421,-947.860217117599,-489.34428067263406
5,527.9775000000001,20.200000000000045,1258.3719434022353,59.995637274037364,-0.017091837103997386,-950.0374616506291,-495.50441003524486
5,528.0775,20.299999999999955,1264.59245365624,59.9955856886646,-0.01712851665341664,-952.07762824778,-501.240449698936
5,528.1775,20.399999999999977,1270.6024487960942,59.99553428802254,-0.01716256549172952,-953.9715246288488,-506.9559482162343
5,528.2775,20.5,1276.412434345706,59.99548270187754,-0.0171938983968536,-955.7144173299256,-512.6920737476523
5,528.3775,20.600000000000023,1282.0251810189225,59.99543492965757,-0.01722224598061323,-957.2912698150443,-518.0041095815654
5,528.4775000000001,20.700000000000045,1287.439187744705,59.99538915792382,-0.017247423610991276,-958.6918419410185,-523.0937011876952
5,528.5775,20.799999999999955,1292.6613484782272,59.995343386190065,-0.017269460963318283,-959.9178122269216,-528.1832927952396
5,528.6775,20.899999999999977,1297.7033280098283,59.99529761445631,-0.017288291259407684,-960.9654673488473,-533.2728844027839
5,528.7775,21.0,1302.575738577198,59.995253655003005,-0.017303802597210007,-961.828558675808,-538.1609593400751
5,528.8775,21.100000000000023,1307.2978218943858,59.9952116975804,-0.01731618273605351,-962.5175227064121,-542.8264183127144
5,528.9775000000001,21.200000000000045,1311.9055992554643,59.9951697401578,-0.01732538418008944,-963.0297473448104,-547.4918772853536
5,529.0775,21.299999999999955,1316.4609163344592,59.99512959385728,-0.01733125080234051,-963.3565249824708,-551.9559483928667
5,529.1775,21.399999999999977,1321.0414354849536,59.99509145074582,-0.017333857045884415,-963.50199161148,-556.1972747320154
5,529.2775,21.5,1325.6405594346681,59.995051497284514,-0.017333131482883964,-963.4622309320339,-560.6399030671488
5,529.3775,21.600000000000023,1330.1539836511608,59.99501315978936,-0.017329027985285,-963.23462792926,-564.9028439169606
5,529.4775000000001,21.700000000000045,1334.5234031225514,59.994977021411444,-0.0173216445857471,-962.8246245884806,-568.9212537480471
5,529.5775,21.799999999999955,1338.7439111807507,59.99493887829998,-0.01731091072598353,-962.2283586253609,-573.1625800871958
5,529.6775,21.899999999999977,1342.9295591899922,59.99490254399389,-0.017296739735478166,-961.4409552178007,-577.2027761686434
5,529.7775,22.0,1347.1738193205895,59.99486640677433,-0.017279320428035618,-960.4729358939526,-581.2210571974321
5,529.8775,22.100000000000023,1351.4150909675807,59.99483007169599,-0.017258939904507685,-959.3402694186357,-585.2613391480212
5,529.9775000000001,22.200000000000045,1355.6323717251569,59.99479574289568,-0.017236238220585877,-958.0785118669537,-589.0785328536795
5,530.0775,22.299999999999955,1359.786930081303,59.994759606834485,-0.0172127633654211,-956.7737893764771,-593.0966850773411
5,530.1775,22.399999999999977,1363.8568415604616,59.99472327059779,-0.017190543924064116,-955.5388717386365,-597.1370958330573
5,530.2775,22.5,1367.8531594770077,59.99468894179748,-0.017171054739035692,-954.4557312977879,-600.954289537301
5,530.3775,22.600000000000023,1371.7858892349511,59.99465461299717,-0.01715481744974306,-953.5534014881058,-604.7714832415446
5,530.4775000000001,22.700000000000045,1375.6792426141956,59.99462028419685,-0.017141848465412047,-952.8327949765049,-608.5886769472029
5,530.5775,22.799999999999955,1379.5503829244913,59.99458595539654,-0.017131979941883518,-952.2845795730092,-612.4058706528612
5,530.6775,22.899999999999977,1383.4104658041579,59.99455162659623,-0.0171250388501238,-951.8991347786714,-616.2230643571048
5,530.7775,23.0,1387.2639079102037,59.99451549323786,-0.01712101881913074,-951.6761325609297,-620.2409160401855
5,530.8775,23.100000000000023,1391.1132449344518,59.99447915429833,-0.01712008471006247,-951.6247167977021,-624.2816273364826
5,530.9775000000001,23.200000000000045,1395.0225842910568,59.99444482549802,-0.017122366435691483,-951.7520793270521,-628.0988210421409
5,531.0775,23.299999999999955,1398.9384503045928,59.99440869329801,-0.017128031909288455,-952.0676116284213,-632.1165439200946
5,531.1775,23.399999999999977,1403.030092939994,59.99437235320013,-0.01713733395496208,-952.5853486404445,-636.1573840201041
5,531.2775,23.5,1407.517018444704,59.994338024399816,-0.017150092551723,-953.2952491613206,-639.9745777257624
5,531.3775,23.600000000000023,1412.140413425819,59.99430189335817,-0.017166115564291363,-954.1866852669251,-643.9921718000037
5,531.4775000000001,23.700000000000045,1416.736383698,59.99426555210192,-0.017185557877037103,-955.2682462673158,-648.0331407051402
5,531.5775,23.799999999999955,1421.281614172226,59.99423122330161,-0.01720852237262919,-956.5456208681362,-651.8503344093839
5,531.6775,23.899999999999977,1425.6810481170248,59.99419869558427,-0.017235068009737602,-958.0220905579563,-655.467256548757
5,531.7775,24.0,1429.832215967909,59.99416638039825,-0.01726503124851145,-959.688585348214,-659.0605462512245
5,531.8775,24.100000000000023,1433.8067647958076,59.99413385190867,-0.017298225730706954,-961.5347497255651,-662.6775542597392
5,531.9775000000001,24.200000000000045,1437.7500987901656,59.994101537494885,-0.017334601822272828,-963.5578179758338,-666.2707580930651
5,532.0775,24.299999999999955,1441.7071576748588,59.99406900823307,-0.017374102235713455,-965.754611274162,-669.8878519707214
5,532.1775,24.399999999999977,1445.7016298774042,59.9940384937439,-0.01741668846019341,-968.1229559778951,-673.2809130428892
5,532.2775,24.5,1449.7921476415045,59.99400977802099,-0.017462295217456715,-970.6592256429672,-676.4739601561967
5,532.3775,24.600000000000023,1453.9562035452552,59.99398127946283,-0.017510875880989527,-973.3608509959489,-679.6428596163342
5,532.4775000000001,24.700000000000045,1458.1694054771783,59.99395256296768,-0.01756244202630317,-976.2284822712276,-682.8359925987833
5,532.5775,24.799999999999955,1462.4427745488172,59.99392586278966,-0.017616844125038035,-979.2537724863688,-685.8049210360459
5,532.6775,24.899999999999977,1466.7729054155652,59.99389916261163,-0.017673648782435904,-982.4126536231192,-688.7738494733086
5,532.7775,25.0,1471.158569989034,59.993872462433615,-0.017732447651449997,-985.6824206812727,-691.7427779105712
5,532.8775,25.100000000000023,1475.5952055362811,59.993845762255596,-0.01779280422137673,-989.0388026504933,-694.7117063478339
5,532.9775000000001,25.200000000000045,1480.1001864593725,59.99381906207757,-0.017854357093754925,-992.4617049214229,-697.6806347865113
5,533.0775,25.299999999999955,1484.6791027479496,59.99379236189955,-0.017917015921258557,-995.9461040212954,-700.6495632223593
5,533.1775,25.399999999999977,1489.3191476734698,59.99376566172153,-0.017980680134543462,-999.4864080974223,-703.618491659622
5,533.2775,25.5,1494.016224007145,59.99373896154351,-0.018045136679454038,-1003.0707708262765,-706.5874200982993
5,533.3775,25.600000000000023,1498.7751701175514,59.99371226136549,-0.0181101769994453,-1006.6875959447059,-709.5563485341473
5,533.4775000000001,25.700000000000045,1503.5938838930795,59.99368376705465,-0.018175781460157532,-1010.3358191624226,-712.7247757154207
5,533.5775,25.799999999999955,1508.469764597273,59.99365325256548,-0.01824203211060181,-1014.0200064351382,-716.1178367861738
5,533.6775,25.899999999999977,1513.3941771001164,59.99362453143689,-0.018308933591971735,-1017.7403575566384,-719.3114849834725
5,533.7775,26.0,1518.353755299875,59.99359603828441,-0.01837646560300529,-1021.4957676300451,-722.4797833610335
5,533.8775,26.100000000000023,1523.3548755959914,59.99356552379524,-0.018444803011652803,-1025.2959946751182,-725.8728444317867
5,533.9775000000001,26.200000000000045,1528.407384434717,59.9935368015083,-0.018514091543333926,-1029.1490825431938,-729.0666214327978
5,534.0775,26.299999999999955,1533.5079414913387,59.993508309514176,-0.018584259227338328,-1033.0510535941573,-732.2347910052316
5,534.1775,26.399999999999977,1538.650744767822,59.99347779502501,-0.01865528189016447,-1037.000599038854,-735.6278520759848
5,534.2775,26.5,1543.8420465475106,59.99344728053584,-0.0187271575028522,-1040.9975746697985,-739.0209131481527
5,534.3775,26.600000000000023,1549.0873312447727,59.99341676604667,-0.01879984304356945,-1045.0395884099426,-742.4139742189058
5,534.4775000000001,26.700000000000045,1554.3817355622639,59.9933862515575,-0.018873309748767955,-1049.125040981459,-745.8070352910736
5,534.5775,26.799999999999955,1559.7229759271095,59.99335573706834,-0.018947553362754457,-1053.2536958149346,-749.2000963618267
5,534.6775,26.899999999999977,1565.110744622659,59.99332522257917,-0.01902253999479809,-1057.4236685414294,-752.5931574325799
5,534.7775,27.0,1570.5465526628566,59.993294708090005,-0.019098213552715074,-1061.6318403190028,-755.986218503333
5,534.8775,27.100000000000023,1576.0291041681714,59.99326419360084,-0.019174557707757067,-1065.8773032711108,-759.3792795755008
5,534.9775000000001,27.200000000000045,1581.5550799776715,59.99323367911167,-0.01925158356875735,-1070.1606751354357,-762.772340646254
5,535.0775,27.299999999999955,1587.1218648985746,59.9932013766676,-0.019329274316183916,-1074.4810497789165,-766.3642135064703
5,535.1775,27.399999999999977,1592.7262937800988,59.993168835436066,-0.019407535450469787,-1078.8331478690636,-769.9826383572362
5,535.2775,27.5,1598.357932991595,59.993138320946905,-0.01948618990211411,-1083.2070867759458,-773.3756994279894
5,535.3775,27.600000000000023,1603.9931326027934,59.99310601966119,-0.019564893313716195,-1087.5837814182385,-776.9674434844933
5,535.4775000000001,27.700000000000045,1609.5671034736465,59.9930734772713,-0.01964258361269886,-1091.9041519249968,-780.5859971403862
5,535.5775,27.799999999999955,1614.9961087429144,59.993042962782134,-0.019717808934677176,-1096.0874322089496,-783.9790582111394
5,535.6775,27.899999999999977,1620.2330717775783,59.993012448292966,-0.01978970688795623,-1100.0857035591653,-787.3721192818925
5,535.7775,28.0,1625.2689426252875,59.9929819338038,-0.019857991208914173,-1103.8830485007004,-790.7651803540604
5,535.8775,28.100000000000023,1630.1072655490325,59.99295320418057,-0.019922696315749226,-1107.4813506501794,-793.9597731133314
5,535.9775000000001,28.200000000000045,1634.752651141187,59.992926504002554,-0.0199839594892901,-1110.888238632713,-796.928701550594
5,536.0775,28.299999999999955,1639.2098936900084,59.99289801973083,-0.02004184486850242,-1114.1073424593446,-800.0960124301972
5,536.1775,28.399999999999977,1643.479134962783,59.992869288949244,-0.020096369151340127,-1117.1395646525084,-803.2907339931808
5,536.2775,28.5,1647.5656540446782,59.99284437209269,-0.02014758336415859,-1119.987673517753,-806.0613658572445
5,536.3775,28.600000000000023,1651.4955072875566,59.99281970329047,-0.020195571106777124,-1122.6563772971144,-808.8044152996448
5,536.4775000000001,28.700000000000045,1655.313912379132,59.992793003112446,-0.02024048711677775,-1125.1543184735829,-811.7733437369075
5,536.5775,28.799999999999955,1658.9990608774322,59.99276808509753,-0.020282417389397886,-1127.4862137294213,-814.5441044046837
5,536.6775,28.899999999999977,1662.6008619932372,59.992743417453674,-0.02032121220785092,-1129.6437640535228,-817.2870250433715
5,536.7775,29.0,1666.1974837001208,59.99271671727565,-0.02035664046761199,-1131.6141580293915,-820.2559534806342
5,536.8775,29.100000000000023,1669.7098005570545,59.99269179810238,-0.02038855968792206,-1133.389407847024,-823.0268429521228
5,536.9775000000001,29.200000000000045,1673.0265829150119,59.99266713161687,-0.02041687564897293,-1134.9643003944605,-825.7696347870982
5,537.0775,29.299999999999955,1676.235198930921,59.99264221167136,-0.020441533617541377,-1136.3358007551049,-828.5406101277284
5,537.1775,29.399999999999977,1679.3746544480111,59.9926175459581,-0.020462520559070666,-1137.503175218118,-831.2833160921476
5,537.2775,29.5,1682.4372740948172,59.99259084578007,-0.020479850374193552,-1138.4672358461214,-834.2522445308249
5,537.3775,29.600000000000023,1685.5507283582212,59.9925659246762,-0.02049355211642521,-1139.2295323077863,-837.0233486751677
5,537.4775000000001,29.700000000000045,1688.4985139130488,59.9925412601213,-0.020503628273242758,-1139.7902288527916,-839.7659258358743
5,537.5775,29.799999999999955,1691.3824057831175,59.99251633824518,-0.02051008702593465,-1140.149789013896,-842.5371158507733
5,537.6775,29.899999999999977,1694.2184912883201,59.99249345237831,-0.020513006530991165,-1140.312518842127,-845.0819116531308
5,537.7775,30.0,1696.9787410306565,59.992470566511436,-0.0205125089594792,-1140.285246378504,-847.626707456903
5,537.8775,30.100000000000023,1699.6984995100322,59.99244768064456,-0.020508700323344974,-1140.0738660937966,-850.1715032606752
5,537.9775000000001,30.200000000000045,1702.3185568088202,59.99242479477768,-0.020501697298775448,-1139.684865439526,-852.7162990644474
5,538.0775,30.299999999999955,1704.905563307052,59.99240368528212,-0.02049165166087496,-1139.1266529302636,-855.0635711158806
5,538.1775,30.399999999999977,1707.3944933493701,59.9923828377412,-0.020478706742607686,-1138.4072243699975,-857.3817151025158
5,538.2775,30.5,1709.8637548313427,59.992361727473394,-0.020462911943756712,-1137.5293354543794,-859.7290730245053
5,538.3775,30.600000000000023,1712.2730852070242,59.99234443113062,-0.020444320363754678,-1136.4958685381525,-861.652341247575
5,538.4775000000001,30.700000000000045,1714.6857643199705,59.9923273990592,-0.0204230428960964,-1135.3130506932682,-863.5462237955927
5,538.5775,30.799999999999955,1717.063827030343,59.99230832750347,-0.020399175373264782,-1133.986249961382,-865.6668869644598
5,538.6775,30.899999999999977,1719.4553490883684,59.992291030002335,-0.020372823285772015,-1132.5212665133238,-867.5902839912419
5,538.7775,31.0,1721.8236989207849,59.99227577275775,-0.020344081297372446,-1130.923359487811,-869.2868145266185
5,538.8775,31.100000000000023,1724.2026332149903,59.992262288795516,-0.020313034020857157,-1129.1972383032867,-870.7861647890518
5,538.9775000000001,31.200000000000045,1726.5646245515616,59.99224907296585,-0.020279811441369148,-1127.3501563542977,-872.2557000293103
5,539.0775,31.299999999999955,1728.933543777724,59.99223558823138,-0.02024459732802776,-1125.3923410201003,-873.7551361608853
5,539.1775,31.399999999999977,1731.2969278829557,59.99222414529794,-0.02020754645396721,-1123.3323589863737,-875.0275340627713
5,539.2775,31.5,1733.670975403736,59.992214474102376,-0.020168762436308125,-1121.17597649356,-876.1029234299974
5,539.3775,31.600000000000023,1736.0594228862587,59.992206845480084,-0.02012835107764208,-1118.9290721412517,-876.9511886969784
5,539.4775000000001,31.700000000000045,1738.4726451721158,59.99219921685779,-0.02008638153476731,-1116.5955259697453,-877.799453965374
5,539.5775,31.799999999999955,1740.919004936443,59.992193358815015,-0.020042882403866934,-1114.1768981986045,-878.4508395014074
5,539.6775,31.899999999999977,1743.406189511148,59.99218954450387,-0.019997827359419643,-1111.6717206054166,-878.8749721348978
5,539.7775,32.0,1745.943391734922,59.99218573019272,-0.019951139922412035,-1109.0757751213873,-879.299104769803
5,539.8775,32.10000000000002,1748.535808791432,59.99218191588158,-0.01990278967239622,-1106.3873702312783,-879.7232374032934
5,539.9775000000001,32.200000000000045,1751.1968654478862,59.99217810157043,-0.019852818686913177,-1103.608845600147,-880.1473700367839
5,540.0775,32.299999999999955,1753.9151003791917,59.9921760559082,-0.019801289682836017,-1100.743659102068,-880.3748376121807
5,540.1775,32.39999999999998,1756.784039295256,59.9921760559082,-0.019748261248040022,-1097.79506408531,-880.3748376121807
5,540.2775,32.5,1759.7402741801932,59.9921760559082,-0.01969379642195483,-1094.7665999150736,-880.3748376121807
5,540.3775,32.60000000000002,1762.845191117028,59.99217782339876,-0.01963789664897413,-1091.6583177457017,-880.1783013577996
5,540.4775000000001,32.700000000000045,1766.0345916026586,59.99217987060547,-0.019580564239028955,-1088.470370747531,-879.9506620441194
5,540.5775,32.799999999999955,1769.3132873859045,59.99218163732379,-0.019521884395429012,-1085.2075058034268,-879.7542116588799
5,540.6775,32.89999999999998,1772.678114964595,59.99218721796713,-0.01946187150296485,-1081.8704557868875,-879.1336715747207
5,540.7775,33.0,1776.1189003182149,59.99219308064335,-0.019400490118885196,-1078.457308098245,-878.481770822423
5,540.8775,33.10000000000002,1779.6257162357406,59.99219689495449,-0.019337757795476765,-1074.969076637791,-878.0576381889325
5,540.9775000000001,33.200000000000045,1783.224574203249,59.99220247443947,-0.01927370988001144,-1071.4076647968104,-877.4372269084856
5,541.0775,33.299999999999955,1786.910678294439,59.99220833827405,-0.019208373887720318,-1067.7746267318648,-876.7851973524756
5,541.1775,33.39999999999998,1790.6563149846102,59.99221391698679,-0.01914193668734592,-1064.0803623168626,-876.1648719411704
5,541.2775,33.5,1794.4583838498556,59.992221545609084,-0.01907463490746216,-1060.3379915970265,-875.3166066741894
5,541.3775,33.60000000000002,1798.323685502356,59.992229174231376,-0.019006398475879423,-1056.5436513747247,-874.4683414057938
5,541.4775000000001,33.700000000000045,1802.257421513861,59.99223680285367,-0.018937089518233953,-1052.6896753038345,-873.6200761373982
5,541.5775,33.799999999999955,1806.257176499497,59.99224443147596,-0.0188667008672864,-1048.775664877957,-872.7718108704172
5,541.6775,33.89999999999998,1810.3252031460977,59.99225206009825,-0.01879522479288546,-1044.801190290736,-871.9235456020216
5,541.7775,34.0,1814.4550705773554,59.992259688720544,-0.01872265154812111,-1040.7657095962293,-871.0752803350406
5,541.8775,34.10000000000002,1818.6447751682228,59.99226731734284,-0.01864897125591328,-1036.6686736107754,-870.227015066645
5,541.9775000000001,34.200000000000045,1822.8969709988057,59.99227494596513,-0.018574186354262088,-1032.5102179181094,-869.3787497982494
5,542.0775,34.299999999999955,1827.2128628402638,59.99228257458742,-0.018498302571830976,-1028.2906610757725,-868.5304845312685
5,542.1775,34.39999999999998,1831.5848393208216,59.99229020320971,-0.01842132793097317,-1024.010449179349,-867.6822192628729
5,542.2775,34.5,1836.0149750797755,59.992297831832005,-0.01834328148239789,-1019.6706415441967,-866.8339539944773
5,542.3775,34.60000000000002,1840.5069500665466,59.99230722022246,-0.0182641807026009,-1015.272182951759,-865.7900111659458
5,542.4775000000001,34.700000000000045,1845.0598926655362,59.992316903773855,-0.018184026167314196,-1010.8151281643861,-864.7132478910394
5,542.5775,34.799999999999955,1849.6701035922,59.99232453239615,-0.01810282159372115,-1006.2997196972856,-863.8649826226438
5,542.6775,34.89999999999998,1854.337515235444,59.99233216101844,-0.01802058116444886,-1001.7267146503326,-863.0167173556628
5,542.7775,35.0,1859.0622709776178,59.99233978964073,-0.017937318627497683,-997.0968774858677,-862.1684520872672
5,542.8775,35.10000000000002,1863.841967341337,59.99234917610058,-0.017853046449987975,-992.4108750799185,-861.1247239315898
5,542.9775000000001,35.200000000000045,1868.6775666375397,59.99235886158258,-0.017767773796498975,-987.6692391907808,-860.0477459838294
5,543.0775,35.299999999999955,1873.5618890694755,59.99236649020487,-0.0176816285196274,-982.8791140010514,-859.1994807154337
5,543.1775,35.39999999999998,1878.4857594090556,59.99237411882716,-0.017594718065774395,-978.0464431144427,-858.3512154484528
5,543.2775,35.5,1883.4570649690636,59.99238350374254,-0.017506954083768993,-973.166288049111,-857.3076590296439
5,543.3775,35.60000000000002,1888.4788774866859,59.99239319076901,-0.017418289888705488,-968.2360746317704,-856.2305093436003
5,543.4775000000001,35.700000000000045,1893.5495584905148,59.9924008193913,-0.017328744958567115,-963.2569203657173,-855.3822440766193
5,543.5775,35.799999999999955,1898.669496165439,59.99241020314832,-0.017238338919229688,-958.2298608517646,-854.3388164615229
5,543.6775,35.89999999999998,1903.8372344509555,59.99241989133315,-0.0171470852506233,-953.1556669431369,-853.2615379717668
5,543.7775,36.0,1909.0529781820194,59.99242751995544,-0.017054996540800095,-948.0350725441951,-852.4132727047858
5,543.8775,36.10000000000002,1914.3153994598435,59.992436902554104,-0.016962080276916553,-942.8684391670874,-851.3699738934018
5,543.9775000000001,36.200000000000045,1919.6234980199215,59.99244659189729,-0.01686833857894106,-937.6559056285981,-850.2925665999333
5,544.0775,36.299999999999955,1924.9770871268058,59.99245422051958,-0.016773783475407793,-932.3981742137332,-849.4443013329524
5,544.1775,36.39999999999998,1930.3763539854704,59.992463601959884,-0.016678425433268758,-927.09577301792,-848.4011313252807
5,544.2775,36.5,1935.8199893650237,59.99247329246143,-0.01658226847812368,-921.7489464318365,-847.3235952280999
5,544.3775,36.60000000000002,1941.3079833631398,59.992482673129494,-0.01648531945390152,-916.3580836690984,-846.2805110909845
5,544.4775000000001,36.700000000000045,1946.839280897785,59.99249236440328,-0.016387604376171847,-910.9246226951716,-845.2028891232472
5,544.5775,36.799999999999955,1952.405108698971,59.992501744299105,-0.016289288050367324,-905.4577359185574,-844.1598908552736
5,544.6775,36.89999999999998,1958.0031313876107,59.99251143634513,-0.016190403745214868,-899.9592646619259,-843.0821830198095
5,544.7775,37.0,1963.6430135356557,59.992520815468716,-0.016090801550086874,-894.4208818736917,-842.0392706209774
5,544.8775,37.10000000000002,1969.324062030413,59.99253050828698,-0.015990504664486472,-888.8438690541078,-840.961476914957
5,544.9775000000001,37.200000000000045,1975.041402706705,59.992539886638326,-0.01588953644108775,-883.229533179969,-839.9186503852665
5,545.0775,37.299999999999955,1980.7948239832806,59.99254958022883,-0.015787922641530745,-877.5792982786377,-838.8407708115191
5,545.1775,37.39999999999998,1986.5824671954806,59.99255895780794,-0.015685686227225357,-871.8944495041308,-837.7980301509702
5,545.2775,37.5,1992.4036891552353,59.99256865217068,-0.015582840387219457,-866.1757118661927,-836.7200647066666
5,545.3775,37.60000000000002,1998.2601872183066,59.99257802897754,-0.015479392452764633,-860.423501355107,-835.6774099166739
5,545.4775000000001,37.700000000000045,2004.149403688902,59.99258772411253,-0.015375352897735015,-854.6383920753035,-834.5993586032287
5,545.5775,37.799999999999955,2010.0691373987167,59.99259710014715,-0.015270722929549283,-848.82045943861,-833.556789680963
5,545.6775,37.89999999999998,2016.0179478838295,59.99260679605438,-0.015165472255370634,-842.968010841512,-832.4786524983762
5,545.7775,38.0,2021.997137462916,59.99261617131676,-0.015059563669093286,-837.0789856910984,-831.4361694466668
5,545.8775,38.10000000000002,2028.0089060069138,59.992625867996225,-0.014952952725418947,-831.1509045311627,-830.3579463949383
5,545.9775000000001,38.200000000000045,2034.048215356995,59.99263349661852,-0.014845598166004727,-825.1815031494259,-829.5096811279574
5,546.0775,38.299999999999955,2040.1115039484694,59.99264112524081,-0.014737487257303537,-819.1700473664154,-828.6614158595618
5,546.1775,38.39999999999998,2046.2040546738842,59.9926487538631,-0.01462863025582198,-813.1171074957696,-827.8131505911662
5,546.2775,38.5,2052.324675887499,59.9926546377759,-0.014519053814889804,-807.0241868529414,-827.1588884360596
5,546.3775,38.60000000000002,2058.4648832004086,59.99265845208705,-0.014408793719086,-800.893278651569,-826.7347558011544
5,546.4775000000001,38.700000000000045,2064.631575091797,59.99266226639819,-0.014297889441394193,-794.7265523070918,-826.310623167664
5,546.5775,38.799999999999955,2070.8331717390697,59.99266608070934,-0.014186361756285737,-788.52516296161,-825.8864905341735
5,546.6775,38.89999999999998,2077.057879918352,59.992669895020484,-0.014074240136065714,-782.2907493880114,-825.462357900683
5,546.7775,39.0,2083.2955023589893,59.992671966552734,-0.013961695774163983,-776.0328510054645,-825.2320137047982
5,546.8775,39.10000000000002,2089.5532306063474,59.992671966552734,-0.013848796130833061,-769.755222180354,-825.2320137047982
5,546.9775000000001,39.200000000000045,2095.8479922685847,59.992671966552734,-0.013735433275756078,-763.4518371055035,-825.2320137047982
5,547.0775,39.299999999999955,2102.1673803335616,59.9926702249322,-0.013621643116288626,-757.1247122879428,-825.4256733401062
5,547.1775,39.39999999999998,2108.511315543937,59.99266815185547,-0.01350745811605916,-750.7756363214138,-825.6561892742742
5,547.2775,39.5,2114.8862494790783,59.99266641100717,-0.013392906995199284,-744.4061985853754,-825.8497630404405
5,547.3775,39.60000000000002,2121.293161356223,59.99266259669603,-0.013278017565909626,-738.0179724652509,-826.273895673931
5,547.4775000000001,39.700000000000045,2127.7290651170383,59.99265704230882,-0.013162801570420333,-731.6116065817362,-826.8915162044461
5,547.5775,39.799999999999955,2134.199792561835,59.99265115337647,-0.013047262814472367,-725.1872966338276,-827.5463365103878
5,547.6775,39.89999999999998,2140.6982928322823,59.9926455997615,-0.01293142617219021,-718.7464183349914,-828.1638711717615
5,547.7775,40.0,2147.217376261086,59.99263797113921,-0.012815306764822954,-712.2898385219372,-829.0121364401571
5,547.8775,40.10000000000002,2153.760086477686,59.99262860398534,-0.012698905099071919,-705.8175811671024,-830.0537178658795
5,547.9775000000001,40.200000000000045,2160.3238101462102,59.99261889919736,-0.012582234405812793,-699.330366633003,-831.132842543595
5,548.0775,40.299999999999955,2166.9117292813985,59.99260953281573,-0.012465285127074531,-692.827656276944,-832.1743381015905
5,548.1775,40.39999999999998,2173.5287413391957,59.99259982725551,-0.012348032506552874,-686.3080806784278,-833.2535486484475
5,548.2775,40.5,2180.177110620892,59.992590461646124,-0.012230420662738868,-679.7685255349253,-834.2949583358867
5,548.3775,40.60000000000002,2186.8529862341397,59.99257901871268,-0.012112397399888624,-673.2061132558551,-835.5673562377727
5,548.4775000000001,40.700000000000045,2193.5562985202914,59.99256757577925,-0.011993953278484936,-666.6202974111586,-836.8397541396589
5,548.5775,40.799999999999955,2200.283983914652,59.992556132845806,-0.011875112595479697,-660.0124289895315,-838.112152041545
5,548.6775,40.89999999999998,2207.015922154197,59.99254468991237,-0.011756102500983133,-653.3951383721591,-839.3845499420164
5,548.7775,41.0,2213.689055380218,59.99253324697893,-0.01163800561300091,-646.8286231601561,-840.6569478453172
5,548.8775,41.10000000000002,2220.210546568579,59.99252353871588,-0.01152252420890609,-640.4075195895509,-841.7364589341698
5,548.9775000000001,41.200000000000045,2226.53582831541,59.99251417580932,-0.011410634577345799,-634.1861268558605,-842.7775680796134
5,549.0775,41.299999999999955,2232.6509696898293,59.99250446677403,-0.01130243569807187,-628.1699553521515,-843.8571650376076
5,549.1775,41.39999999999998,2238.553596497794,59.99249683815174,-0.011197755664601272,-622.3494236033965,-844.7054303060032
5,549.2775,41.5,2244.2571514454044,59.992489209529445,-0.0110963794874937,-616.712597392473,-845.5536955729842
5,549.3775,41.60000000000002,2249.7819201308403,59.99248158090715,-0.010998133479809094,-611.24981913258,-846.4019608413798
5,549.4775000000001,41.700000000000045,2255.136662845164,59.99247395228486,-0.01090273730605928,-605.9455011694134,-847.2502261083608
5,549.5775,41.799999999999955,2260.34504787411,59.99246805563011,-0.010809739346196532,-600.774516045256,-847.9059051071332
5,549.6775,41.89999999999998,2265.431224470028,59.99246250973754,-0.010718711775702262,-595.7130879699857,-848.5225810756762
5,549.7775,42.0,2270.4082405243357,59.99245834350586,-0.01062934440069032,-590.7439599070796,-848.9858455431086
5,549.8775,42.10000000000002,2275.2813864648588,59.99245661269667,-0.010541414588618426,-585.854743621549,-849.1783030090194
5,549.9775000000001,42.200000000000045,2280.052540762668,59.99245625923166,-0.010454774637896727,-581.0372361809056,-849.21760657983
5,550.0775,42.299999999999955,2284.72667762104,59.99245834350586,-0.010369403938200704,-576.290282639454,-848.9858455431086
5,550.1775,42.39999999999998,2289.312436773448,59.99246180280751,-0.010285349234767127,-571.616491908179,-848.6011882172972
5,550.2775,42.5,2293.813420565876,59.992467702165094,-0.010202607315040172,-567.0156765102918,-847.9452086779438
5,550.3775,42.60000000000002,2298.313315350684,59.99247497423342,-0.01012118767807383,-562.4883741918063,-847.1365904569253
5,550.4775000000001,42.700000000000045,2302.9587753778933,59.99248468867439,-0.010041235628450705,-558.0426556729328,-846.0563924135251
5,550.5775,42.799999999999955,2307.7673125064107,59.992495773509376,-0.009963023396040577,-553.6936673863306,-844.823813298714
5,550.6775,42.89999999999998,2312.675736433636,59.99251103075395,-0.009886794345503788,-549.4549182757797,-843.1272827633373
5,550.7775,43.0,2317.6643674277834,59.99252628799854,-0.009812585410203445,-545.3284970864228,-841.4307522279607
5,550.8775,43.10000000000002,2322.7416410051396,59.992543272191114,-0.009740424420170254,-541.3159370662812,-839.5421935709668
5,550.9775000000001,43.200000000000045,2327.819779338846,59.99256234374684,-0.009670378815860527,-537.4209854542787,-837.4215304020997
5,551.0775,43.299999999999955,2332.7910736938716,59.99258141530257,-0.00960238557058434,-533.6401548346388,-835.3008672332327
5,551.1775,43.39999999999998,2337.679603148508,59.99260221264793,-0.009536329175401752,-529.9670085642731,-832.9883047464607
5,551.2775,43.5,2342.51432135395,59.9926250985148,-0.0094720002517283,-526.3899017279288,-830.4435089441032
5,551.3775,43.60000000000002,2347.272544971274,59.99264970939907,-0.009409425508053708,-522.9103225264674,-827.7068996929823
5,551.4775000000001,43.700000000000045,2351.992526155673,59.992676409577086,-0.009348880939251509,-519.5436145759857,-824.7379712557197
5,551.5775,43.799999999999955,2356.676532689261,59.99270310975511,-0.009290436930923893,-516.2937080530185,-821.769042818457
5,551.6775,43.89999999999998,2361.2651887332668,59.99273153379216,-0.009234175345997749,-513.165141318088,-818.6084297389727
5,551.7775,44.0,2365.7721257767666,59.99276204828133,-0.009180186939277168,-510.1629579216384,-815.2153686668049
5,551.8775,44.10000000000002,2370.270824065285,59.992794285857286,-0.00912828878299382,-507.27698936248754,-811.6307088215572
5,551.9775000000001,44.200000000000045,2374.8160121801952,59.992828614657604,-0.009078397836078776,-504.5026155162344,-807.8135151158988
5,552.0775,44.299999999999955,2379.423207406893,59.992862943457915,-0.0090307869262597,-501.85502249792387,-803.9963214116552
5,552.1775,44.39999999999998,2384.094243354201,59.99289899418666,-0.008985625267766145,-499.3436060073067,-799.9876577352147
5,552.2775,44.5,2388.8341282639462,59.99293713729812,-0.008942656452034847,-496.9541060483959,-795.7463313960659
5,552.3775,44.60000000000002,2393.6503461263596,59.992975280409574,-0.008901430762171286,-494.6615325074013,-791.5050050583318
5,552.4775000000001,44.700000000000045,2398.533791710885,59.993013423521035,-0.008861822421295573,-492.45889160300936,-787.2636787191831
5,552.5775,44.799999999999955,2403.4692777210566,59.99305328701645,-0.008823964561523357,-490.3535730155576,-782.8310541475353
5,552.6775,44.89999999999998,2408.454735458977,59.993095244439054,-0.00878790300526651,-488.3481218521067,-778.165595174896
5,552.7775,45.0,2413.494727452828,59.99313720186166,-0.008753597711566273,-486.44032710007895,-773.5001362022567
5,552.8775,45.10000000000002,2418.5924704548806,59.993180878509854,-0.008721158139758621,-484.63626227024656,-768.6435078022456
5,552.9775000000001,45.200000000000045,2423.7257100994793,59.993224931404136,-0.008690891567887684,-482.95302272833266,-763.7450426875024
5,553.0775,45.299999999999955,2428.889217053083,59.99326860728009,-0.008662768552520954,-481.38897659524076,-758.8885001566327
5,553.1775,45.39999999999998,2434.089368781275,59.993314379013846,-0.00863676753027576,-479.9429066810047,-753.7989085490884
5,553.2775,45.5,2439.342409840706,59.9933601507476,-0.008612980980593642,-478.6199701763299,-748.709316941544
5,553.3775,45.60000000000002,2444.6585606144886,59.99340763977634,-0.008591398923400516,-477.41959951288993,-743.4287705808964
5,553.4775000000001,45.700000000000045,2450.0355991571105,59.99345550891236,-0.008572078680451446,-476.3449914058847,-738.1059581598087
5,553.5775,45.799999999999955,2455.473172646058,59.99350299716887,-0.008554970433765767,-475.3933810430677,-732.8254976683025
5,553.6775,45.89999999999998,2460.968583951756,59.99355258321377,-0.008540035872274228,-474.5626201601108,-727.3117734272678
5,553.7775,46.0,2466.5164622981692,59.993602169258665,-0.008527286589008401,-473.85336819275926,-721.7980491862329
5,553.8775,46.10000000000002,2472.1191630667217,59.99365175530356,-0.008516686754935606,-473.26363267343567,-716.284324945198
5,553.9775000000001,46.200000000000045,2477.773589893288,59.993701341348455,-0.008508244039471721,-472.7938397740956,-710.7706007055779
5,554.0775,46.299999999999955,2483.501084008802,59.99375264198551,-0.00850210086972408,-472.4518963160834,-705.0662222520207
5,554.1775,46.39999999999998,2489.2844369711993,59.99380432813552,-0.008498343788072285,-472.2426235013864,-699.3189766540322
5,554.2775,46.5,2495.0903292282446,59.99385562800033,-0.008496962866181644,-472.16547448876236,-693.6146840710313
5,554.3775,46.60000000000002,2500.95751647054,59.99390902835638,-0.00849800054305514,-472.2227909401374,-687.6768271950913
5,554.4775000000001,46.700000000000045,2506.890343544772,59.993962428712415,-0.008501472038316533,-472.41543377092836,-681.7389703219806
5,554.5775,46.799999999999955,2512.9210271075895,59.9940141164069,-0.008507367205078638,-472.7428506976722,-675.9915529857088
5,554.6775,46.89999999999998,2518.9995728412773,59.99406541472724,-0.00851576094455923,-473.20919665744617,-670.2874321395766
5,554.7775,47.0,2525.060774405858,59.99411881508328,-0.008526604960228274,-473.81176809154766,-664.3495752650513
5,554.8775,47.10000000000002,2531.155744441775,59.99417221543932,-0.008539894213298963,-474.5502995200069,-658.4117183919406
5,554.9775000000001,47.200000000000045,2537.271982071399,59.994227326912444,-0.00855561601590342,-475.42407284409,-652.2835937160302
5,555.0775,47.299999999999955,2543.4245918600786,59.994282830848675,-0.008573785853365105,-476.43395817199763,-646.1118290734139
5,555.1775,47.39999999999998,2549.6158614404694,59.99433623120471,-0.008594542987248096,-477.58771641144796,-640.1739721988886
5,555.2775,47.5,2555.8337641693843,59.99438963156076,-0.0086175409072165,-478.8660653707038,-634.2361153243633
5,555.3775,47.60000000000002,2562.092556458528,59.9944430319168,-0.008642544069190338,-480.25590799522877,-628.2982584498379
5,555.4775000000001,47.700000000000045,2568.3889225395105,59.994498141459324,-0.008669541869260035,-481.7566419710637,-622.1703484467815
5,555.5775,47.799999999999955,2574.705783081627,59.99455364732615,-0.008698209862810408,-483.3502367136756,-615.9983691313113
5,555.6775,47.89999999999998,2581.0438907597436,59.99460875609644,-0.00872825949468453,-485.020653535359,-609.8705449973966
5,555.7775,48.0,2587.426313722766,59.994664262735505,-0.008759551497743075,-486.7601429020279,-603.6984798127846
5,555.8775,48.10000000000002,2593.8625346330446,59.99471766309155,-0.008791711230205862,-488.5478923039411,-597.7606229382593
5,555.9775000000001,48.200000000000045,2600.3369907180772,59.99477277070347,-0.008824341409445977,-490.3617838807385,-591.6329276094716
5,556.0775,48.299999999999955,2606.82862148552,59.994829985370664,-0.008857204380289514,-492.1886003956364,-585.2709381000412
5,556.1775,48.39999999999998,2613.345668733429,59.99488720003785,-0.00889025279482042,-494.02572474539005,-578.9089485920254
5,556.2775,48.5,2619.884285512724,59.99494270860752,-0.008923411579688432,-495.8689954826172,-572.7366687345594
5,556.3775,48.60000000000002,2626.455146830484,59.99499781467496,-0.008956507852809449,-497.70879039675737,-566.609145144055
5,556.4775000000001,48.700000000000045,2633.06954931917,59.99505502934215,-0.008989447234039695,-499.5398428829391,-560.2471556346245
5,556.5775,48.799999999999955,2639.721924654196,59.99511224400934,-0.009022179566520242,-501.3593799662332,-553.8851661266087
5,556.6775,48.89999999999998,2646.3806994940783,59.99516945867653,-0.00905448969419959,-503.1554386728045,-547.5231766171783
5,556.7775,49.0,2652.988031725765,59.995226673343716,-0.009085831170327466,-504.8976358194071,-541.1611871091625
5,556.8775,49.10000000000002,2659.4771595902266,59.9952838880109,-0.009115690337288112,-506.55741145048205,-534.7991976011466
5,556.9775000000001,49.200000000000045,2665.8271342035864,59.99533939928341,-0.00914409555023611,-508.1363554471476,-528.6266172002704
5,557.0775,49.299999999999955,2672.048814738336,59.99539450264802,-0.009170975979017152,-509.630519905569,-522.4993941517616
5,557.1775,49.39999999999998,2678.1536017430203,59.99545001469276,-0.009195700620704406,-511.0048141844799,-516.3267278831585
5,557.2775,49.5,2684.1779388039868,59.99550171281248,-0.009217502053699441,-512.2166016581783,-510.57815131347496
5,557.3775,49.60000000000002,2690.158003839572,59.99555300070758,-0.00923568140955339,-513.2269985902351,-504.87518970216905
5,557.4775000000001,49.700000000000045,2696.0789051789293,59.995606401063625,-0.009249793797208248,-514.0112494129764,-498.93733282622907
5,557.5775,49.799999999999955,2701.927224163912,59.99565980141966,-0.00925954626756378,-514.5530827326368,-492.9994759531184
5,557.6775,49.89999999999998,2707.6955766111764,59.99571320177571,-0.00926476748818603,-514.8429728705362,-487.061619078593
5,557.7775,50.0,2713.4329826164917,59.99576660213175,-0.009265452774249188,-514.880659955597,-481.12376220265304
5,557.8775,50.10000000000002,2719.241691113326,59.99581830256819,-0.009261617617379184,-514.6670191708622,-475.37492802554476
5,557.9775000000001,50.200000000000045,2725.1904779564393,59.99586958814657,-0.00925335878616218,-514.2074215258322,-469.6722240230783
5,558.0775,50.299999999999955,2731.242236227863,59.99592298850261,-0.009240575258958364,-513.4962310585789,-463.7343671471383
5,558.1775,50.39999999999998,2737.294500170492,59.995974690097405,-0.009223020344514539,-512.5197617453457,-457.9854041663176
5,558.2775,50.5,2743.295234170386,59.99602427614231,-0.009200636707851238,-511.2748294826699,-452.47167992528273
5,558.3775,50.60000000000002,2749.187547915913,59.99607556017621,-0.009173526999416174,-509.7671128164609,-446.7691476610995
5,558.4775000000001,50.700000000000045,2754.961269917744,59.99612726292936,-0.009142074347139076,-508.01792448296266,-441.02005587515174
5,558.5775,50.799999999999955,2760.668949103972,59.99617515175749,-0.00910661288104251,-506.04587530787757,-435.6950537895383
5,558.6775,50.89999999999998,2766.265333444753,59.996220923491244,-0.009067960194747269,-503.8964112390388,-430.6054621819939
5,558.7775,51.0,2771.73074938269,59.99626669522499,-0.009027261417763374,-501.63318627595623,-425.5158705758642
5,558.8775,51.10000000000002,2777.0559973310324,59.99631077090033,-0.0089853043167721,-499.3000137227631,-420.6148723200288
5,558.9775000000001,51.200000000000045,2782.215963696624,59.99635272832294,-0.008942497322866373,-496.9196056944261,-415.9494133473895
5,559.0775,51.299999999999955,2787.19579099543,59.99639299045937,-0.008898948424135663,-494.4979630821111,-411.472461855903
5,559.1775,51.39999999999998,2791.999004635453,59.99642943867078,-0.008854647379317453,-492.0345321115227,-407.4196000647508
5,559.2775,51.5,2796.6343353173093,59.99646376747109,-0.008809769994404562,-489.5390747779725,-403.6024063590925
5,559.3775,51.60000000000002,2801.1035254496546,59.9964980962714,-0.008764718102599385,-487.03391737983395,-399.7852126548489
5,559.4775000000001,51.700000000000045,2805.3974308069273,59.996530731330026,-0.008719648733342467,-484.52780323158163,-396.1563546920601
5,559.5775,51.799999999999955,2809.5234755065335,59.99655955246362,-0.008674559180685012,-482.02059713657263,-392.95158642960564
5,559.6775,51.89999999999998,2813.497876286868,59.99658625264164,-0.008629247868860223,-479.50107871400314,-389.982657992343
5,559.7775,52.0,2817.3276696240937,59.99661295281966,-0.008583113927832774,-476.93582388778424,-387.0137295550803
5,559.8775,52.10000000000002,2821.006052242461,59.99663796080047,-0.008535741985337368,-474.30175002744704,-384.2329651224039
5,559.9775000000001,52.200000000000045,2824.5590200473453,59.99665915485625,-0.008487238003089136,-471.604763631968,-381.87629039006185
5,560.0775,52.299999999999955,2828.014240779811,59.99667822641198,-0.00843776143172219,-468.8537178054288,-379.75562721978014
5,560.1775,52.39999999999998,2831.5022030516843,59.996697297967714,-0.00838730748697193,-466.0483313730002,-377.6349640509131
5,560.2775,52.5,2835.2310422088185,59.9967146788707,-0.008335875907151766,-463.1886016674979,-375.7022931483491
5,560.3775,52.60000000000002,2838.833576999733,59.99672824584867,-0.008283651921975266,-460.2848420944715,-374.1937119447048
5,560.4775000000001,52.700000000000045,2842.3914637067346,59.996739688782114,-0.008230823694343404,-457.3475023932812,-372.921314041404
5,560.5775,52.799999999999955,2846.2857631860566,59.99675113171555,-0.00817758305133514,-454.3872333340588,-371.64891614093256
5,560.6775,52.89999999999998,2850.0031244683446,59.99676088554073,-0.008124256286353363,-451.42218842580667,-370.5643387670663
5,560.7775,53.0,2853.2785904038997,59.996766825440886,-0.008071080225435389,-448.4655494153845,-369.90385109211974
5,560.8775,53.10000000000002,2856.2388371494176,59.99677063975203,-0.00801812670860984,-445.52129873891766,-369.47971845862924
5,560.9775000000001,53.200000000000045,2859.154565519005,59.99677445406318,-0.007965445111554243,-442.59216718794505,-369.0555858251388
5,561.0775,53.299999999999955,2861.8875359222825,59.99677658081055,-0.007912936624009905,-439.6726721070234,-368.81910197997024
5,561.1775,53.39999999999998,2864.620913453716,59.99677658081055,-0.007860337817998888,-436.74816953053545,-368.81910197997024
5,561.2775,53.5,2867.4206262985626,59.99677489401901,-0.0078075728531028,-433.8144395514935,-369.0066649005653
5,561.3775,53.60000000000002,2870.281567135344,59.99677107970786,-0.007754865296600363,-430.88391519474743,-369.4307975340557
5,561.4775000000001,53.700000000000045,2873.2220493457153,59.99676557937742,-0.007702432073728838,-427.9686544046174,-370.0424072204143
5,561.5775,53.799999999999955,2876.201283345772,59.996757950755125,-0.007650318749435462,-425.07119322296325,-370.89067248739525
5,561.6775,53.89999999999998,2879.230629721762,59.99675032213283,-0.007598382652540702,-422.1835852506172,-371.73893775579086
5,561.7775,54.0,2882.319416652847,59.99674269351054,-0.00754612152922518,-419.2779050787486,-372.5872030227718
5,561.8775,54.10000000000002,2885.511899526396,59.99673338041343,-0.007492837467437775,-416.3153592468551,-373.6227736043376
5,561.9775000000001,54.200000000000045,2888.788504630713,59.99672193748,-0.007438040547333202,-413.26871063724934,-374.89517150480907
5,562.0775,54.299999999999955,2892.1570515262683,59.99671217824913,-0.007381552015658527,-410.12799655157295,-375.9803499640812
5,562.1775,54.39999999999998,2895.6778667588997,59.99670454962684,-0.007323338638619242,-406.8913666329554,-376.82861523247686
5,562.2775,54.5,2899.334111315275,59.99669523807421,-0.007263421715756785,-403.5600286807785,-377.86401407434477
5,562.3775,54.60000000000002,2903.0139517027965,59.996685477685,-0.007201847127316236,-400.1365258904536,-378.9493213359147
5,562.4775000000001,54.700000000000045,2906.784124206292,59.996677849062706,-0.007138656151692518,-396.6231377712245,-379.79758660289565
5,562.5775,54.799999999999955,2910.821012733167,59.99667190221239,-0.007073927918903441,-393.0242669540615,-380.4588471015314
5,562.6775,54.89999999999998,2914.916665192203,59.99666640651539,-0.007007985664098386,-389.35789289122016,-381.069941570211
5,562.7775,55.0,2918.86833866804,59.996658777893096,-0.006940965374601022,-385.631591633557,-381.9182068386066
5,562.8775,55.10000000000002,2922.7399505651,59.996652829884425,-0.006872625983130754,-381.83193738427195,-382.57959613954006
5,562.9775000000001,55.200000000000045,2926.68542860146,59.996649015573276,-0.00680301673576752,-377.961665920617,-383.00372877303056
5,563.0775,55.299999999999955,2930.6236678331575,59.99664520126213,-0.006732191288203084,-374.023772938033,-383.42786140793567
5,563.1775,55.39999999999998,2934.62677020928,59.996641386950984,-0.006660172954953276,-370.0195547185265,-383.85199404142617
5,563.2775,55.5,2938.6977775517803,59.99663757263984,-0.00658697970033474,-365.9500100717914,-384.2761266749166
5,563.3775,55.60000000000002,2942.832130837998,59.99663375832869,-0.006512626311828786,-361.81596117478523,-384.7002593098218
5,563.4775000000001,55.700000000000045,2947.029440322667,59.99663162231445,-0.0064371230470465605,-357.61796927128665,-384.9377735846896
5,563.5775,55.799999999999955,2951.289052046964,59.99662994440367,-0.006360479122885943,-353.35655365338124,-385.12434900732677
5,563.6775,55.89999999999998,2955.6071089300476,59.99662780761719,-0.006282721185916135,-349.0332007991857,-385.36194915275087
5,563.7775,56.0,2959.9866457969397,59.99662780761719,-0.00620387176879861,-344.64914991455777,-385.36194915275087
5,563.8775,56.10000000000002,2964.4314623268347,59.99662780761719,-0.006123950720418965,-340.2055160151855,-385.36194915275087
5,563.9775000000001,56.200000000000045,2968.9386912503574,59.99662780761719,-0.006042977408346413,-335.70337594363855,-385.36194915275087
5,564.0775,56.299999999999955,2973.5033221722256,59.99662780761719,-0.005960965727072963,-331.1435022377773,-385.36194915275087
5,564.1775,56.39999999999998,2978.1239572173067,59.99662780761719,-0.00587793389510722,-326.5269078520619,-385.36194915275087
5,564.2775,56.5,2982.800733238773,59.996629482825135,-0.005793906423792384,-321.8549474753419,-385.1756742706947
5,564.3775,56.60000000000002,2987.532578350656,59.99663162231445,-0.005708897753813073,-317.1284301770261,-384.9377735846896
5,564.4775000000001,56.700000000000045,2992.318123526908,59.99663162231445,-0.005622923157367392,-312.3482174925093,-384.9377735846896
5,564.5775,56.799999999999955,2997.158440159257,59.99663329636404,-0.005536005672195394,-307.5155721386629,-384.7516275063458
5,564.6775,56.89999999999998,3002.0456859242704,59.99663711067519,-0.005448286786419009,-302.638359134123,-384.3274948714407
5,564.7775,57.0,3006.970972245586,59.996639251708984,-0.00535987296273131,-297.72251547579475,-384.0894224471524
5,564.8775,57.10000000000002,3011.9403535932374,59.996640924600214,-0.005270652219036339,-292.7618092254886,-383.903405172521
5,564.9775000000001,57.200000000000045,3016.958557188044,59.99664473891136,-0.0051805744732966695,-287.75344435657314,-383.47927253903055
5,565.0775,57.299999999999955,3022.0259565785323,59.99664855322251,-0.005089642662079978,-282.6975937871825,-383.0551399041254
5,565.1775,57.39999999999998,3027.142254306917,59.99665236753365,-0.004997866019009595,-277.5947709175236,-382.63100727063494
5,565.2775,57.5,3032.308985616939,59.9966561818448,-0.004905241546944418,-272.44480911386114,-382.20687463714444
5,565.3775,57.60000000000002,3037.5247792584983,59.99666166711657,-0.004811768842890907,-267.2476792284829,-381.5969394018766
5,565.4775000000001,57.700000000000045,3042.7885660639054,59.996667625164356,-0.004717451369415867,-262.0035789312138,-380.93443380068754
5,565.5775,57.799999999999955,3048.0989742888264,59.9966714394755,-0.004622297336047673,-256.71297495101203,-380.51030116719704
5,565.6775,57.89999999999998,3053.4551489945143,59.99667525378665,-0.004526318058549909,-251.37648779632406,-380.08616853229194
5,565.7775,58.0,3058.855778704842,59.99667906809779,-0.004429523081050019,-245.9946481309794,-379.66203589880143
5,565.8775,58.10000000000002,3064.300695740595,59.99668288240894,-0.004331922207893994,-240.56800108690172,-379.237903265311
5,565.9775000000001,58.200000000000045,3069.7890762361576,59.996688365363994,-0.004233516980335433,-235.09662643680414,-378.62822563746795
5,566.0775,58.299999999999955,3075.3195777411047,59.9966943257285,-0.00413434675939514,-229.5827172213952,-377.96546242885404
5,566.1775,58.39999999999998,3080.8838436611504,59.99669814003964,-0.0040345693655456615,-224.03505730997517,-377.5413297953636
5,566.2775,58.5,3086.479622333233,59.99670195435078,-0.003934209618681249,-218.4550190748162,-377.1171971618731
5,566.3775,58.60000000000002,3092.1154948959284,59.99670576866193,-0.0038331329388821864,-212.8351198470427,-376.693064526968
5,566.4775000000001,58.700000000000045,3097.7907401358684,59.99671124968639,-0.0037313425466766344,-207.17553347673933,-376.083601571979
5,566.5775,58.799999999999955,3103.5079690624907,59.99671721198149,-0.003628839498019001,-201.4763227225831,-375.4206236905111
5,566.6775,58.89999999999998,3109.265262511694,59.99672102629263,-0.003525635075706213,-195.73812282394854,-374.9964910570206
5,566.7775,59.0,3115.0600394104426,59.99672484060378,-0.0034217428576294976,-189.96168199534975,-374.5723584221155
5,566.8775,59.10000000000002,3120.8921622630414,59.996728654914925,-0.003317166623310103,-184.1472103855782,-374.148225788625
5,566.9775000000001,59.200000000000045,3126.760565608559,59.996732469226075,-0.003211899773961796,-178.2943411073278,-373.7240931551345
5,567.0775,59.299999999999955,3132.6650457311157,59.99673628353722,-0.00310594875795347,-172.40343269786712,-373.29996052164404
5,567.1775,59.39999999999998,3138.607009402067,59.99674009784837,-0.0029993202501483285,-166.4748562875112,-372.8758278867389
5,567.2775,59.5,3144.585254307288,59.99674391215951,-0.0028920250418598237,-160.50921188193774,-372.45169525324843
5,567.3775,59.60000000000002,3150.598510701592,59.99674772647066,-0.00278409718407053,-154.50839272881643,-372.02756261975793
5,567.4775000000001,59.700000000000045,3156.6458520035835,59.9967515407818,-0.002675542356498744,-148.47271462765545,-371.60342998626743
5,567.5775,59.799999999999955,3162.7279230852473,59.99675369262695,-0.0025663603623913823,-142.402170223053,-371.3641553911673
5,567.6775,59.89999999999998,3168.848403851896,59.99675535470683,-0.0024565511245297107,-136.29675235168375,-371.1793402859331
5,567.7775,60.0,3175.0025032771932,59.99675916901798,-0.0023461206851580867,-130.15679163318978,-370.7552076524426
5,567.8775,60.10000000000002,3181.1843587524386,59.99676298332912,-0.0022350786106711696,-123.98282459901242,-370.33107501895216
5,567.9775000000001,60.200000000000045,3187.3975760197095,59.99676513671875,-0.0021234258774782983,-117.77490850009761,-370.09162868556876
5,568.0775,60.299999999999955,3193.647508387418,59.996766797254146,-0.0020111598941791957,-111.53289682089817,-369.90698531861784
5,568.1775,60.39999999999998,3199.931381067826,59.996768951416016,-0.0018983108258644244,-105.25846503951146,-369.6674531175075
5,568.2775,60.5,3206.2304755492364,59.99677061117917,-0.0017850385797258837,-98.96050564510651,-369.4828956196981
5,568.3775,60.60000000000002,3212.5465586695577,59.99677276611328,-0.001671366109181147,-92.64029332672808,-369.2432775494462
5,568.4775000000001,60.700000000000045,3218.887174503649,59.9967744251042,-0.001557141783133195,-86.28939880606616,-369.05880592077847
5,568.5775,60.799999999999955,3225.2549723746197,59.99677658081055,-0.0014423825627643502,-79.90876378837908,-368.81910197997024
5,568.6775,60.89999999999998,3231.658068008693,59.996778239029226,-0.0013271992406187524,-73.50454960887498,-368.6347162218588
5,568.7775,61.0,3238.0600870015696,59.99678039550781,-0.0012123388092550747,-67.1182880265234,-368.39492641190895
5,568.8775,61.10000000000002,3244.3613707526224,59.99678205295425,-0.0010994529370535308,-60.84181313531126,-368.2106265215245
5,568.9775000000001,61.200000000000045,3250.4613198458933,59.99678421020508,-0.000989973971563284,-54.75476271817522,-367.97075084384767
5,569.0775,61.299999999999955,3256.341875189784,59.99678586687928,-0.0008843512149590781,-48.88211890720892,-367.7865368226048
5,569.1775,61.39999999999998,3262.0004456289203,59.996788024902344,-0.0007825696310294603,-43.223044882694495,-367.5465752743718
5,569.2775,61.5,3267.4421919608076,59.996789680804305,-0.0006845505450991444,-37.77316700084515,-367.3624471236851
5,569.3775,61.60000000000002,3272.683873489544,59.99679183959961,-0.0005902040865891188,-32.52748780935866,-367.1223997063105
5,569.4775000000001,61.700000000000045,3277.739502277912,59.99679349472933,-0.0004993901114771953,-27.478215796489245,-366.9383574233508
5,569.5775,61.799999999999955,3282.6107040213965,59.996795654296875,-0.00041201699089464544,-22.6202559082087,-366.6982241382492
5,569.6775,61.89999999999998,3287.2972992709847,59.99679730865436,-0.00032800656144924787,-17.94926261430192,-366.51426772443114
5,569.7775,62.0,3291.800249493877,59.99679946899414,-0.00024730194110037895,-13.462072937895591,-366.27404856877325
5,569.8775,62.10000000000002,3296.119129352957,59.99679946899414,-0.00016987418773093535,-9.157078146931424,-366.27404856877325
5,569.9775000000001,62.200000000000045,3300.2550559318142,59.99680112219326,-9.565809854002351e-05,-5.0306522440554575,-366.09022096008226
5,570.0775,62.299999999999955,3304.217409537102,59.996803283691406,-2.4529101027808313e-05,-1.0758692945129014,-365.84987300071197
5,570.1775,62.39999999999998,3308.0145454534168,59.996803283691406,4.367011607626496e-05,2.7160172665303777,-365.84987300071197
5,570.2775,62.5,3311.655517885258,59.996803283691406,0.0001091116969347772,6.354578844328882,-365.84987300071197
5,570.3775,62.60000000000002,3315.1551401498605,59.996801632036764,0.00017211865602041225,9.857775337435251,-366.03352887111976
5,570.4775000000001,62.700000000000045,3318.532066981652,59.99679946899414,0.00023303803370791173,13.244902267426843,-366.27404856877325
5,570.5775,62.799999999999955,3321.78882040338,59.99679781811174,0.0002919756339562935,16.521842162218473,-366.4576185700394
5,570.6775,62.89999999999998,3324.9217126373223,59.99679400380059,0.0003488514583001171,19.684147806512147,-366.8817512049445
5,570.7775,63.0,3327.9450567519566,59.99678853937928,0.0004036107499135028,22.728774826027124,-367.4893679705596
5,570.8775,63.10000000000002,3330.861626341803,59.99678091075699,0.0004562667422458129,25.656459400739415,-368.3376332389552
5,570.9775000000001,63.200000000000045,3333.668163664997,59.9967732821347,0.00050682026627907,28.46724704907746,-369.18589850593617
5,571.0775,63.299999999999955,3336.442967959931,59.996765653512405,0.000555348121034562,31.16540776998117,-370.0341637743318
5,571.1775,63.39999999999998,3339.1703815754477,59.99675637632443,0.0006019467092337506,33.756302374823605,-371.06574143515405
5,571.2775,63.5,3342.0828870218993,59.996744933390985,0.0006465467662261946,36.23608016721747,-372.33813933704016
5,571.3775,63.60000000000002,3345.7168377763305,59.99673349045755,0.0006891109337977473,38.60266294494207,-373.61053723892627
5,571.4775000000001,63.700000000000045,3349.8160992746825,59.996720400116786,0.0007298899587396304,40.869993242693546,-375.0661187309413
5,571.5775,63.799999999999955,3353.25736901393,59.99670678989341,0.000769100848302562,43.05013609033427,-376.5795086107597
5,571.6775,63.89999999999998,3355.9742974538153,59.99669370032488,0.0008069249535501374,45.15317393816497,-378.0350042336331
5,571.7775,64.0,3358.7340209524946,59.99667679683133,0.0008438342345225038,47.20535087983955,-379.91458955542623
5,571.8775,64.10000000000002,3361.2178784691223,59.99665937113845,0.0008805365398134658,49.24602135531317,-381.85224087386223
5,571.9775000000001,64.20000000000005,3363.6898668794106,59.996644113893865,0.0009179664980205734,51.327148931946326,-383.5487714092388
5,572.0775,64.29999999999995,3366.2417680619074,59.99662885664928,0.0009566137517887321,53.47595946010348,-385.2453019446154
5,572.1775,64.39999999999998,3368.8078337993325,59.99661524410919,0.0009965159091654442,55.694542621148734,-386.7589494332733
5,572.2775,64.5,3371.6936645604883,59.99660380117575,0.0010376090089010775,57.97934156703519,-388.03134733374475
5,572.3775,64.60000000000002,3375.514276361074,59.99659400217456,0.0010797532666913137,60.32258453409706,-389.12094805805384
5,572.4775000000001,64.70000000000005,3379.768092823019,59.99658473000614,0.0011227447534484516,62.712933907763585,-390.1519675694557
5,572.5775,64.79999999999995,3383.309414378384,59.99657657339272,0.0011662689292493203,65.13290054484678,-391.0589428530563
5,572.6775,64.89999999999998,3386.3486318346218,59.996571116307685,0.0012100294500808357,67.56600588717309,-391.665743861826
5,572.7775,65.0,3389.4952480957622,59.996565130073165,0.0012538529008182563,70.00261111534957,-392.3313836895132
5,572.8775,65.10000000000002,3392.0965424671763,59.99656295776367,0.001297815594483342,72.44695456427759,-392.572933816866
5,572.9775000000001,65.20000000000005,3394.760549620114,59.99656131614814,0.0013421916870632058,74.91428269789938,-392.75547338843285
5,573.0775,65.29999999999995,3397.1695987947364,59.996559143066406,0.001387182367797465,77.415782893932,-392.99710938634195
5,573.1775,65.39999999999998,3399.6452782976467,59.9965607839097,0.0014328181307469332,79.95314544562747,-392.8146556839167
5,573.2775,65.5,3402.1064349900867,59.99656295776367,0.001478938372231006,82.5174443829811,-392.572933816866
5,573.3775,65.60000000000002,3404.632654645439,59.996566237905775,0.0015254450962096002,85.10323029009221,-392.2081981531281
5,573.4775000000001,65.70000000000005,3407.2379667658674,59.996572226843135,0.0015724272789113137,87.71544801843746,-391.5422577834453
5,573.5775,65.79999999999995,3409.9332670794847,59.99657768045309,0.0016202083740988022,90.37208580858632,-390.93584318581276
5,573.6775,65.89999999999998,3412.7269302695354,59.996585309075385,0.0016691179008207309,93.09146126960538,-390.08757791741715
5,573.7775,66.0,3415.612257954219,59.99659293769768,0.001719237994386773,95.87814401315869,-389.2393126504362
5,573.8775,66.10000000000002,3418.5922059306663,59.99660056631997,0.0017706065546341792,98.73424125897934,-388.3910473820406
5,573.9775000000001,66.20000000000005,3421.6672948524024,59.99660819494226,0.0018232620127609349,101.66188976965127,-387.54278211505965
5,574.0775,66.29999999999995,3424.834109525445,59.99661746093277,0.001877230371092144,104.66253266754212,-386.51244955679067
5,574.1775,66.39999999999998,3428.103997611837,59.99662890386621,0.0019324867818811113,107.73478727857294,-385.24005165490456
5,574.2775,66.5,3431.470471071909,59.996640346799644,0.001988977885685224,110.8756901102854,-383.9676537530185
5,574.3775,66.60000000000002,3434.9270827496707,59.996651789733086,0.0020466664157307063,114.08316908418118,-382.6952558511324
5,574.4775000000001,66.70000000000005,3438.4742886953018,59.99666323266652,0.002105537653142726,117.35640579236622,-381.4228579492463
5,574.5775,66.79999999999995,3442.10898073956,59.996676311037575,0.0021655913633433096,120.69538417477527,-379.9686074303409
5,574.6775,66.89999999999998,3445.8222348872214,59.99668993323066,0.0022268033309019593,124.09875960848461,-378.45388657741285
5,574.7775,67.0,3449.605472936863,59.99670301082948,0.00228896949784037,127.55518839733072,-376.99972192764903
5,574.8775,67.10000000000002,3453.4484437569968,59.99671826807406,0.002351904009128115,131.05433161825172,-375.3031913922725
5,574.9775000000001,67.20000000000005,3457.3538305715992,59.996733525318646,0.002415757448536925,134.60456581871836,-373.60666085689587
5,575.0775,67.29999999999995,3461.3229975067475,59.99674878256323,0.002480652058736598,138.21268767951,-371.9101303215193
5,575.1775,67.39999999999998,3465.3556237062367,59.99676403980781,0.0025465934975923642,141.87901173890953,-370.2135997861427
5,575.2775,67.5,3469.462414487766,59.99677929705239,0.002613590664280125,145.6040327523275,-368.51706925076616
5,575.3775,67.60000000000002,3473.643520334762,59.996794554296976,0.0026816593315920735,149.38862764885153,-366.8205387153896
5,575.4775000000001,67.70000000000005,3477.893283900645,59.9968114435041,0.002750790008460043,153.23226490296443,-364.94254197413096
5,575.5775,67.79999999999995,3482.211222065369,59.99682888348341,0.0028209486914863437,157.13305615958572,-363.0033020751605
5,575.6775,67.89999999999998,3486.5966998945764,59.996845771918295,0.002892105626115499,161.08934960333002,-361.1253912030435
5,575.7775,68.0,3491.0511881839907,59.996863212669844,0.002964252593799703,165.10068558405692,-359.18606543493144
5,575.8775,68.10000000000002,3495.571411494664,59.99688010033249,0.0030373897817340258,169.16707719214332,-357.308240431956
5,575.9775000000001,68.20000000000005,3500.1537068840835,59.99689917188822,0.0031115140248127956,173.28834133890288,-355.18757726308894
5,576.0775,68.29999999999995,3504.7957025128526,59.99691661379813,0.0031865996124081962,177.46305828523523,-353.2481226912645
5,576.1775,68.39999999999998,3509.4972184836206,59.99693350030241,0.003262609235178172,181.68915094652655,-351.37042649200146
5,576.2775,68.5,3514.257428205422,59.99695257185814,0.0033395157606512854,185.96510312119608,-349.2497633231344
5,576.3775,68.60000000000002,3519.0766615083335,59.99697327190133,0.003417298032821945,190.28973966917425,-346.94802035952256
5,576.4775000000001,68.70000000000005,3523.955050691528,59.996994529666864,0.003495880246770155,194.65884862320152,-344.58426141592435
5,576.5775,68.79999999999995,3528.8781809945026,59.9970136012226,0.003575033279558236,199.0596988571312,-342.46359824564263
5,576.6775,68.89999999999998,3533.844017828516,59.997032672778325,0.003654699887289585,203.48910129776525,-340.3429350767756
5,576.7775,69.0,3538.8639131518967,59.99705337127703,0.0037350695613668694,207.95758651723006,-338.04136385144693
5,576.8775,69.10000000000002,3543.9361086240224,59.99707625714391,0.003816088197358112,212.46214414753007,-335.49656804767477
5,576.9775000000001,69.20000000000005,3549.0601308118185,59.99709751684004,0.003897671016483963,216.99807252042024,-333.13259443122257
5,577.0775,69.29999999999995,3554.2352282760166,59.9971182141804,0.003979759957346213,221.56214017068524,-330.8311520096063
5,577.1775,69.39999999999998,3559.4639897643997,59.99714110004727,0.004062286241381769,226.1505137066605,-328.2863562058341
5,577.2775,69.5,3564.74856742262,59.99716561092653,0.0041451798222436305,230.7593000472746,-325.560867019869
5,577.3775,69.60000000000002,3570.090547093313,59.99719068647829,0.0042283818044614825,235.3852280249203,-322.77258903022846
5,577.4775000000001,69.70000000000005,3575.4876282266964,59.99721357234517,0.004311830282845852,240.02486557764712,-320.2277932264563
5,577.5775,69.79999999999995,3580.9373701578656,59.99723808206606,0.004395476783711057,244.67550392262038,-317.5024328456182
5,577.6775,69.89999999999998,3586.4365010063702,59.99726478224409,0.004479331358182217,249.33769941005534,-314.5335044069409
5,577.7775,70.0,3591.983432260705,59.997291482422106,0.004563369481220407,254.01009638670558,-311.5645759710929
5,577.8775,70.10000000000002,3597.5704945296325,59.997319805295795,0.004647414506734237,258.6828670234395,-308.4152117576475
5,577.9775000000001,70.20000000000005,3603.1924799222725,59.99734869747542,0.0047314307481022555,263.3540310037997,-305.2025435270916
5,578.0775,70.29999999999995,3608.853870879842,59.99737701957687,0.0048155525731793,268.0310636327322,-302.0532651842025
5,578.1775,70.39999999999998,3614.5540257393545,59.99740591252873,0.004899708302871877,272.7099749889428,-298.84051108309035
5,578.2775,70.5,3620.2988306985444,59.99743423385793,0.0049838437786921775,277.3877585475059,-295.69131861075743
5,578.3775,70.60000000000002,3626.08676036303,59.9974647483471,0.005067934828545706,282.06305868572053,-292.29825754000433
5,578.4775000000001,70.70000000000005,3631.9191513089168,59.99749688321521,0.005151947728904961,286.7340024109128,-288.7250183004933
5,578.5775,70.79999999999995,3637.796759557708,59.9975295920227,0.005235840810164756,291.39827718427483,-285.0879598276074
5,578.6775,70.89999999999998,3643.7230623226114,59.997561726118576,0.005319609425556656,296.05562967608273,-281.51480645865263
5,578.7775,71.0,3649.688018196483,59.99759605491889,0.005403287792509275,300.7079499022061,-277.69761275440896
5,578.8775,71.10000000000002,3655.67990830223,59.997630383719205,0.005486905354374277,305.35688457077424,-273.8804190487507
5,578.9775000000001,71.20000000000005,3661.7067701006986,59.997664712519516,0.0055704547716989876,310.00202561770703,-270.0632253430924
5,579.0775,71.29999999999995,3667.769750015279,59.99769904131983,0.005653926143122549,314.64282253922505,-266.24603163884876
5,579.1775,71.39999999999998,3673.8828767326677,59.997733370120145,0.00573733257302054,319.2800039370602,-262.4288379331905
5,579.2775,71.5,3680.052992615395,59.997769316210444,0.005820681063421798,323.91395120715396,-258.43180953817006
5,579.3775,71.60000000000002,3686.2681302858996,59.997807459321905,0.005903962598056637,328.5441598378034,-254.1904831990213
5,579.4775000000001,71.70000000000005,3692.532293111012,59.997845602433365,0.005987192720128779,333.1715046284318,-249.94915685987255
5,579.5775,71.79999999999995,3698.851451142193,59.997883745544826,0.006070388934454376,337.79695883845545,-245.70783052072377
5,579.6775,71.89999999999998,3705.194976350798,59.99792188865628,0.006153473213420524,342.416184197659,-241.466504181575
5,579.7775,72.0,3711.536314146674,59.99796003176774,0.006236386290755639,347.02588556094724,-237.22517784242623
5,579.8775,72.10000000000002,3717.920282559356,59.9979981748792,0.006319143053682737,351.626890661635,-232.9838515032775
5,579.9775000000001,72.20000000000005,3724.330631878037,59.99803793257781,0.006401679662050553,356.21564136611727,-228.5629910167622
5,580.0775,72.29999999999995,3730.7418036925906,59.99807827579939,0.006483944997336878,360.7893008295275,-224.07702325691866
5,580.1775,72.39999999999998,3737.175037714937,59.998118032725756,0.006565860308897065,365.34349696834926,-219.656248639545
5,580.2775,72.5,3743.6374494491215,59.99815999014836,0.006647361122482617,369.87462965490795,-214.99078966690573
5,580.3775,72.60000000000002,3750.1402009443636,59.99820194757097,0.006728472141109367,374.3840843949325,-210.32533069285185
5,580.4775000000001,72.70000000000005,3756.684487157764,59.998245517650126,0.006809220682827636,378.8733708493788,-205.4805522457001
5,580.5775,72.79999999999995,3763.271109940371,59.99828967711344,0.006889558109293342,383.33979042026255,-200.57023717951208
5,580.6775,72.89999999999998,3769.8889105013936,59.99833324642036,0.006969449016054905,387.7813815002239,-195.7255446000873
5,580.7775,73.0,3776.5196684526777,59.99837740665592,0.00704897517338102,392.2026835867009,-190.81514366475764
5,580.8775,73.10000000000002,3783.1704902467477,59.9984209751906,0.007128229388171542,396.6088636422734,-185.97053695447445
5,580.9775000000001,73.20000000000005,3789.841962619645,59.99846674692435,0.007207230890533439,401.00097404523865,-180.88094534834474
5,581.0775,73.29999999999995,3796.536726718445,59.998512518658096,0.007286035924313177,405.3821549706278,-175.79135374221502
5,581.1775,73.39999999999998,3803.2510081651803,59.99855829039185,0.007364912698777131,409.76731852044276,-170.70176213467064
5,581.2775,73.5,3809.9940746519273,59.9986040621256,0.0074442406224092695,414.1775592800942,-165.61217052712627
5,581.3775,73.60000000000002,3816.7822518248813,59.99864983385935,0.007524345890102888,418.6310131756776,-160.52257892099652
5,581.4775000000001,73.70000000000005,3823.6240510580787,59.998695605593106,0.0076054893322812225,423.1421819128375,-155.43298731345214
5,581.5775,73.79999999999995,3830.5105138517447,59.99874137732685,0.007687762395052269,427.71614963997234,-150.34339570732243
5,581.6775,73.89999999999998,3837.4070015169254,59.998787149060604,0.0077711207071851016,432.3504492536981,-145.25380409977805
5,581.7775,74.0,3844.3225205575595,59.99883292079436,0.007855576289402925,437.04574896226865,-140.16421249364834
5,581.8775,74.10000000000002,3851.265585228349,59.99887869252811,0.007941120282054846,441.8015560566154,-135.07462088610396
5,581.9775000000001,74.20000000000005,3858.2361789583524,59.998924464261854,0.00802769739389433,446.614796308212,-129.9850292799742
5,582.0775,74.29999999999995,3865.2241393803765,59.99897023599561,0.008115423813449077,451.4919294855925,-124.89543767242985
5,582.1775,74.39999999999998,3872.225345563635,59.99901440163684,0.008204585325232954,456.4488556665703,-119.98443565169428
5,582.2775,74.5,3879.242405139132,59.999057964765846,0.008295411993784642,461.49835923865703,-115.14043002681703
5,582.3775,74.60000000000002,3886.2789507599423,59.99910213117932,0.008387936916129794,466.64227178785575,-110.22934213693986
5,582.4775000000001,74.70000000000005,3893.3243347500716,59.99914408860192,0.008482193405435871,471.882465194024,-105.5638831643006
5,582.5775,74.79999999999995,3900.3673139813413,59.999186046024526,0.00857837311367322,477.22957935949876,-100.89842419166136
5,582.6775,74.89999999999998,3907.419827250515,59.99922800344713,0.00867659664534448,482.6903194632906,-96.23296521902212
5,582.7775,75.0,3914.4954998158055,59.99926835709394,0.008777103375857388,488.2780059373245,-91.74583822435221
5,582.8775,75.10000000000002,3921.618301113382,59.9993065002054,0.008880153440493099,494.007106499037,-87.50451188520344
5,582.9775000000001,75.20000000000005,3928.761705186835,59.99934304031329,0.008985607056414994,499.86984523984825,-83.44143165629704
5,583.0775,75.29999999999995,3935.933362688902,59.99937736911361,0.009093266991703087,505.85526131836474,-79.62423795063877
5,583.1775,75.39999999999998,3943.1597159940966,59.99941169791392,0.0092029983043867,511.95583553444897,-75.80704424639514
5,583.2775,75.5,3950.441429238905,59.99944602671423,0.009314701498397361,518.1660359336677,-71.98985054073685
5,583.3775,75.60000000000002,3957.7770536315716,59.99947875405547,0.009428203698492187,524.4762635405812,-68.35073120703771
5,583.4775000000001,75.70000000000005,3965.154676499082,59.999509268544635,0.009543338077819824,530.8772483527464,-64.95767013486991
5,583.5775,75.79999999999995,3972.549118511732,59.9995397830338,0.009659968692372609,537.3614147192137,-61.564609064116766
5,583.6775,75.89999999999998,3979.977877997056,59.999568697222244,0.009777947540655656,543.9205471205595,-58.3494935601957
5,583.7775,76.0,3987.383309292652,59.99959699731487,0.009896928063502402,550.5353698003901,-55.20266249067175
5,583.8775,76.10000000000002,3994.7692886485665,59.999625912275555,0.010016052504189483,557.1581831548366,-51.987461116194424
5,583.9775000000001,76.20000000000005,4002.040669675868,59.99965261245357,0.010133794930977508,563.7041727252359,-49.018532680346404
5,584.0775,76.29999999999995,4009.114819007271,59.9996793126316,0.010248673859849688,570.0909530248057,-46.04960424166908
5,584.1775,76.39999999999998,4015.955626261426,59.99970601280962,0.010360016233232036,576.2811037873977,-43.08067580440641
5,584.2775,76.5,4022.5613177623454,59.999731115003634,0.01046767704286492,582.2665771910878,-40.28943532796564
5,584.3775,76.60000000000002,4028.9363395262617,59.99975400087051,0.010571644675085671,588.0467337060486,-37.74463952419345
5,584.4775000000001,76.70000000000005,4035.085804297091,59.999776886737386,0.010671880473321136,593.6194050255667,-35.19984372042127
5,584.5775,76.79999999999995,4041.014793036021,59.99979977260426,0.010768487055294653,598.990296667155,-32.65504791664908
5,584.6775,76.89999999999998,4046.7337836075785,59.999821062031614,0.010861770930703165,604.1764646258474,-30.287768334000923
5,584.7775,77.0,4052.249548355557,59.99984013358734,0.010951966816509912,609.1909648762737,-28.167105165133865
5,584.8775,77.10000000000002,4057.5660077638713,59.99985920514307,0.01103906574038735,614.0332786472298,-26.046441996266807
5,584.9775000000001,77.20000000000005,4062.692396488642,59.9998782766988,0.011122984558366876,618.6987834855134,-23.925778825985102
5,585.0775,77.29999999999995,4067.638131049694,59.99989734825453,0.011203655292936703,623.1837001610617,-21.805115657118044
5,585.1775,77.39999999999998,4072.411567536515,59.99991641981026,0.011281082719338779,627.4882943217108,-19.68445248683634
5,585.2775,77.5,4077.015804946789,59.99993549136599,0.011355218218971402,631.6098630499241,-17.56378931796928
5,585.3775,77.60000000000002,4081.4504425985697,59.999954562921715,0.011426031985539374,635.5467493484895,-15.443126147687574
5,585.4775000000001,77.70000000000005,4085.718838926681,59.99997204112688,0.01149357252204547,639.3016654186588,-13.499635721963458
5,585.5775,77.79999999999995,4089.831442328741,59.99998889133591,0.011557885837712919,642.8771602920153,-11.625975378014745
5,585.6775,77.89999999999998,4093.8079230331405,60.000007962891644,0.011619098638414536,646.2802508979028,-9.50531220773304
5,585.7775,78.0,4097.664623610045,60.00002703444737,0.011677308830275943,649.516402180223,-7.384649038865982
5,585.8775,78.10000000000002,4101.403014480978,60.00004769780919,0.011732467317701802,652.58286899349,-5.086984863724557
5,585.9775000000001,78.20000000000005,4105.018425530238,60.0000689922561,0.011784517679703474,655.4765239332847,-2.7191471302412835
5,586.0775,78.29999999999995,4108.52877500001,60.000089654845674,0.011833417576757054,658.1950256814058,-0.4215688242414689
5,586.1775,78.39999999999998,4112.003124083548,60.00011254071255,0.011879063583818858,660.7325958052425,2.1232269781160706
5,586.2775,78.5,4115.611024898792,60.000135426579426,0.011921410128959135,663.0867228413524,4.668022781888259
5,586.3775,78.60000000000002,4119.486606335947,60.00015990232179,0.011960512618282512,665.260471424577,7.389604917666139
5,586.4775000000001,78.70000000000005,4123.260486273535,60.00018660249982,0.01199638484134773,667.254601860738,10.358533356343457
5,586.5775,78.79999999999995,4126.893597791696,60.000211713574586,0.012028995844758753,669.0674318078231,13.150761329327397
5,586.6775,78.89999999999998,4130.734587244928,60.00023777687572,0.012058303743792161,670.6966071638284,16.048872191100784
5,586.7775,79.0,4134.274098713457,60.00026670303388,0.012084047971246594,672.1276218478138,19.265318668131467
5,586.8775,79.10000000000002,4137.589279067353,60.0002934032119,0.012105969360479977,673.3461187840899,22.234247105394136
5,586.9775000000001,79.20000000000005,4140.835022067092,60.000321690948695,0.012124107028804591,674.3542342946358,25.379704267237667
5,587.0775,79.29999999999995,4143.895753912405,60.00035061826521,0.012138503758855397,675.1543568441224,28.596279547980764
5,587.1775,79.39999999999998,4146.769892809848,60.00037731844323,0.012149116421133428,675.7441180858303,31.565207985243433
5,587.2775,79.5,4149.533433077602,60.00040560502166,0.012156084721485468,676.1312466036617,34.71053634337455
5,587.3775,79.60000000000002,4152.309660778365,60.00043453349654,0.012159747249743256,676.3345768964551,37.927240429244705
5,587.4775000000001,79.70000000000005,4154.988046693971,60.00046281930273,0.012160798938673742,676.3927585592791,41.072482918234215
5,587.5775,79.79999999999995,4157.83585571146,60.00049174854985,0.012160276221438795,676.3634012573988,44.289272871831336
5,587.6775,79.89999999999998,4160.638558328444,60.00051844872787,0.012158425106498555,676.2602118068331,47.258201309094005
5,587.7775,80.0,4163.452987638465,60.000545148905886,0.01215487075248161,676.0623274504453,50.227129746356674
5,587.8775,80.10000000000002,4166.163253263693,60.00057184908391,0.012150078779143699,675.7956353556132,53.19605818361934
5,587.9775000000001,80.20000000000005,4168.859243124455,60.00059854926193,0.012144455963519655,675.4827511716069,56.16498662088201
5,588.0775,80.29999999999995,4171.557994767566,60.0006236661285,0.012137749745611428,675.1096495490517,58.95785861384268
5,588.1775,80.39999999999998,4174.193770287567,60.00064813492071,0.012130207333446648,674.6900649965253,61.67866792734606
5,588.2775,80.5,4176.80426777596,60.000673252559515,0.012122003874357594,674.2337219842897,64.47162578944834
5,588.3775,80.60000000000002,4179.377475783704,60.00069613842639,0.012112969580429537,673.731210225375,67.01642159322053
5,588.4775000000001,80.70000000000005,4181.928596868473,60.00071902429327,0.012102959089118827,673.1744253073063,69.56121739699272
5,588.5775,80.79999999999995,4184.425505714975,60.00074191016014,0.012091583282711373,672.5417335718471,72.10601319935026
5,588.6775,80.89999999999998,4186.933496266026,60.00076479602701,0.01207882496468602,671.8321790259008,74.65080900312245
5,588.7775,81.0,4189.391558069977,60.00078768189389,0.012064631880206633,671.0428565475787,77.19560480689464
5,588.8775,81.10000000000002,4191.861062524064,60.00080898753827,0.012049355091706224,670.19330016856,79.56468764293126
5,588.9775000000001,81.20000000000005,4194.301459761622,60.000828059094,0.012033105227437814,669.289667074038,81.68535081179832
5,589.0775,81.29999999999995,4196.713428138939,60.00084871009999,0.01201567898613531,668.3206158054819,83.98164108067398
5,589.1775,81.39999999999998,4199.0898697678485,60.000870016902724,0.011997484664223724,667.3088557559877,86.35085272042302
5,589.2775,81.5,4201.422677867762,60.00088908845845,0.01197853600558245,666.2551802260667,88.47151588929007
5,589.3775,81.60000000000002,4203.754120062358,60.00090658172228,0.011958847210399526,665.1603720237212,90.41668076469024
5,589.4775000000001,81.70000000000005,4206.019307440014,60.000923416872645,0.011938723424509311,664.0413869644989,92.28866666037756
5,589.5775,81.79999999999995,4208.23336944719,60.00094091090872,0.01191760323728556,662.8669992754403,94.23391740491934
5,589.6775,81.89999999999998,4210.4231959865765,60.00095774528684,0.011895193395117036,661.6209183017752,96.10581743005038
5,589.7775,82.0,4212.566891318734,60.00097524009515,0.011872007475034222,660.3316840438969,98.05115404514842
5,589.8775,82.10000000000002,4214.67196928558,60.000990497339735,0.011847932286754877,658.9930324433715,99.747684580525
5,589.9775000000001,82.20000000000005,4216.735196062606,60.001004178609136,0.011823140613530339,657.6145629868381,101.26897442844486
5,590.0775,82.29999999999995,4218.747418167966,60.00101719713164,0.011797961402313166,656.2145548769142,102.71657008321687
5,590.1775,82.39999999999998,4220.709255483107,60.001032454376215,0.011771960980067194,654.7688686235007,104.41310061859343
5,590.2775,82.5,4222.705894541812,60.00104613680398,0.011744880647447914,653.2631592623292,105.93451927022572
5,590.3775,82.60000000000002,4224.612256379733,60.00105757973742,0.011717225364371734,651.7255073114064,107.20691717352646
5,590.4775000000001,82.70000000000005,4226.48372115768,60.00107059671544,0.011688968299397183,650.1543834183691,108.65434108860059
5,590.5775,82.79999999999995,4228.440807832403,60.00108428030156,0.011659956717076463,648.5413050467264,110.17588854535994
5,590.6775,82.89999999999998,4230.188967745605,60.001095723235,0.011630051231560478,646.8785513271744,111.44828644583139
5,590.7775,83.0,4231.8685374415845,60.00110716616844,0.01159887627144336,645.1452197985367,112.72068434913213
5,590.8775,83.10000000000002,4233.83103637969,60.00111860910187,0.01156640409713739,643.3397682728502,113.99308224960357
5,590.9775000000001,83.20000000000005,4235.508403144013,60.00112847992133,0.011532751475811148,641.4687038780914,115.09066881115567
5,591.0775,83.29999999999995,4237.120886037893,60.00113768027148,0.011497732676853974,639.5216918213503,116.11370248531448
5,591.1775,83.39999999999998,4239.2489490624575,60.00114912320492,0.011461349423799014,637.4987998272634,117.38610038578592
5,591.2775,83.5,4241.19390537563,60.001158995182735,0.011423549417248565,635.3971571044881,118.48381575105043
5,591.3775,83.60000000000002,4243.134966403721,60.00116819437453,0.011384312233042806,633.2156194305284,119.50672062149683
5,591.4775000000001,83.70000000000005,4245.386397576067,60.001178067124584,0.011343633545488292,630.9539334386329,120.60452185590295
5,591.5775,83.79999999999995,4247.671589502643,60.00118569574688,0.011301475569218771,628.6100262239756,121.45278712429855
5,591.6775,83.89999999999998,4250.1674357688835,60.00119332436917,0.01125778895551709,626.1811327218815,122.30105239127951
5,591.7775,84.0,4252.722800375471,60.00120095299146,0.011212544012367388,623.6656021910045,123.14931765967513
5,591.8775,84.10000000000002,4255.419481830915,60.00120858161375,0.011165733502502967,621.0630322950085,123.9975829266561
5,591.9775000000001,84.20000000000005,4258.191983655624,60.001216210236045,0.011117363064454018,618.3737365462057,124.8458481950517
5,592.0775,84.29999999999995,4261.062482292327,60.00122227099167,0.011067462130475674,615.599365892045,125.51977440339218
5,592.1775,84.39999999999998,4264.021408510198,60.00122608530281,0.011016094113969995,612.7434520023724,125.94390703688266
5,592.2775,84.5,4267.05599468335,60.00122989961396,0.010963322555600423,609.8095065277848,126.36803967037314
5,592.3775,84.60000000000002,4270.27061114961,60.0012337139251,0.010909201787764703,606.8005501688466,126.79217230386362
5,592.4775000000001,84.70000000000005,4273.472357888461,60.00123596191406,0.010853784331092976,603.7195171910419,127.04213761699683
5,592.5775,84.79999999999995,4276.675490753826,60.00123596191406,0.01079713204795034,600.5698528971352,127.04213761699683
5,592.6775,84.89999999999998,4279.987050778707,60.00123596191406,0.010739312541660218,597.3552951714599,127.04213761699683
5,592.7775,85.0,4283.269091798994,60.001234396750235,0.01068039538241091,594.079725922412,126.86809909893732
5,592.8775,85.10000000000002,4286.532896227348,60.0012321472168,0.010620473269314153,590.7482907876049,126.61796204893554
5,592.9775000000001,85.20000000000005,4289.81990684749,60.00123058282521,0.010559662199103637,587.3674265031528,126.44400940001765
5,593.0775,85.29999999999995,4293.175059796573,60.00122520450859,0.010498103234835963,583.945015483972,125.84596705218007
5,593.1775,85.39999999999998,4296.629314924397,60.0012175758863,0.010435964858403266,580.4904104016418,124.99770178519911
5,593.2775,85.5,4300.165073574101,60.00120994726401,0.010373439824288243,577.0143077301041,124.1494365168035
5,593.3775,85.60000000000002,4303.780664750193,60.00120231864172,0.010310674536542417,573.5248470076292,123.30117124982253
5,593.4775000000001,85.70000000000005,4307.45024417805,60.00119312755843,0.010247776594630704,570.0280238411555,122.27916800536305
5,593.5775,85.79999999999995,4311.172523942352,60.001180122550124,0.010184731851181935,566.5230707157435,120.83307506339854
5,593.6775,85.89999999999998,4314.953658913098,60.001166426994295,0.0101212652964179,562.9946708640917,119.31019663494422
5,593.7775,86.0,4318.814396457631,60.00115342275822,0.010057090053762707,559.4268631444725,117.86418956070668
5,593.8775,86.10000000000002,4322.752481643898,60.00113816551364,0.009992090671187297,555.8132536527161,116.1676590253301
5,593.9775000000001,86.20000000000005,4326.752057062251,60.001124468799446,0.009926230407095678,552.1517674553463,114.64465179174873
5,594.0775,86.29999999999995,4330.824171960232,60.001109905577465,0.009859431011753609,548.4380744880563,113.02529315541385
5,594.1775,86.39999999999998,4334.96654136348,60.001092393779885,0.009791593587085182,544.6666933207365,111.07806741778573
5,594.2775,86.5,4339.175681139531,60.00107713653531,0.009722639819900718,540.8332269242928,109.3815368838238
5,594.3775,86.60000000000002,4343.452321941609,60.001061879290724,0.009652577568312717,536.9381308297646,107.68500634703257
5,594.4775000000001,86.70000000000005,4347.798972328139,60.00104662204614,0.009581441450797493,532.9833296634722,105.988475811656
5,594.5775,86.79999999999995,4352.214724272644,60.00102980658788,0.009509261560977568,528.9705089458525,104.11867958190906
5,594.6775,86.89999999999998,4356.694455556062,60.001012292859706,0.009436062656597567,524.9010379729762,102.17123917142692
5,594.7775,87.0,4361.228871155206,60.000995478173685,0.009361865142344437,520.7760400035218,100.30152881082158
5,594.8775,87.10000000000002,4365.814008449243,60.00097796367327,0.009286686955978235,516.596523328085,98.35400253261247
5,594.9775000000001,87.20000000000005,4370.455924287593,60.00096114975949,0.009210546641991566,512.3635079370291,96.48437803973411
5,595.0775,87.29999999999995,4375.1575779270215,60.00094363448684,0.009133452675518188,508.07747587983545,94.53676589238339
5,595.1775,87.39999999999998,4379.919605848149,60.0009268213453,0.009055404259633974,503.7383719853407,92.66722727006128
5,595.2775,87.5,4384.743812877762,60.00090774978957,0.008976403195117682,499.3463188141086,90.54656409977957
5,595.3775,87.60000000000002,4389.620085189431,60.00088867823384,0.008896576073859106,494.90833706947143,88.42590093091252
5,595.4775000000001,87.70000000000005,4394.540785269953,60.00086960667811,0.00881602390082631,490.43004225773217,86.30523776063082
5,595.5775,87.79999999999995,4399.51312399628,60.00085208947486,0.008734622389508685,485.90451300229137,84.35741094042606
5,595.6775,87.89999999999998,4404.537626046416,60.000835278263914,0.008652353199920136,481.330736113043,82.48808699095798
5,595.7775,88.0,4409.614924335433,60.00081620670819,0.008569224711970781,476.7091989698098,80.36742382067628
5,595.8775,88.10000000000002,4414.743391212095,60.00079713515246,0.008485221307635418,472.03901661789047,78.24676065180923
5,595.9775000000001,88.20000000000005,4419.923605423508,60.00077806359673,0.008400336870892132,467.31984898392386,76.12609748152751
5,596.0775,88.29999999999995,4425.153381159669,60.00075743961912,0.008314590063690832,462.552744424606,73.83281263685217
5,596.1775,88.39999999999998,4430.431520829923,60.000736105788,0.008227974520200498,457.73734280981523,71.46059557431747
5,596.2775,88.5,4435.759132152147,60.000717034232274,0.008140472299940861,452.8726261583708,69.3399324054504
5,596.3775,88.60000000000002,4441.134601793748,60.00069796267655,0.008052087695113525,447.9588488775662,67.21926923658334
5,596.4775000000001,88.70000000000005,4446.557194222703,60.00067889112081,0.007962840983736834,442.99713831975293,65.09860606630164
5,596.5775,88.79999999999995,4452.02590615968,60.00065981956509,0.007872744729999631,437.9881929735212,62.97794289601993
5,596.6775,88.89999999999998,4457.5419403847945,60.00064074800935,0.007781794143078944,432.9317464430074,60.85727972715288
5,596.7775,89.0,4463.10140738843,60.00062012673459,0.0076899519462221445,427.82573623531937,58.56429542447317
5,596.8775,89.10000000000002,4468.69532212343,60.000598790200634,0.007597270342189296,422.6730589288041,56.19177781994283
5,596.9775000000001,89.20000000000005,4474.320401956216,60.0005797186449,0.0075037761955233685,417.475189092602,54.07111464966112
5,597.0775,89.29999999999995,4479.987557226557,60.00056064708917,0.0074093316416508894,412.2244764791532,51.950451480794065
5,597.1775,89.39999999999998,4485.694622670437,60.00054157553344,0.007313974350211188,406.9230153619435,49.829788310512356
5,597.2775,89.5,4491.440070627058,60.00052250397771,0.007217721247258494,401.5717467353061,47.7091251416453
5,597.3775,89.60000000000002,4497.225061358356,60.000503432421986,0.007120576785680065,396.1709181235139,45.58846197277824
5,597.4775000000001,89.70000000000005,4503.048802792023,60.00048590788246,0.007022546591266685,390.7208331247206,43.63981939289889
5,597.5775,89.79999999999995,4508.9111241139935,60.00046910400779,0.006923641950316925,385.2221243788157,41.771311201690764
5,597.6775,89.89999999999998,4514.813278473819,60.00045003245206,0.006823873342899473,379.6753918393598,39.650648031409055
5,597.7775,90.0,4520.755964957339,60.00043096089633,0.006723249462619855,374.08110541156486,37.529984862542
5,597.8775,90.10000000000002,4526.739646025649,60.0004118893406,0.006621787028951688,368.4401946088143,35.40932169226029
5,597.9775000000001,90.20000000000005,4532.771571790744,60.00039436287047,0.006519501496615373,362.7535101570978,33.46046444094157
5,598.0775,90.29999999999995,4538.85107529194,60.00037756092641,0.00641639431525667,357.02113744273043,31.592170922587467
5,598.1775,90.39999999999998,4544.966114402452,60.00036003368404,0.006312466373562027,351.2431337249269,29.643227800712484
5,598.2775,90.5,4551.1288095144355,60.000343232512215,0.006207728989086516,345.42012042376945,27.77502015149999
5,598.3775,90.60000000000002,4557.340520440025,60.00032570449761,0.00610218911161453,339.5524915420529,25.825991161898045
5,598.4775000000001,90.70000000000005,4563.618524838645,60.00030890409802,0.005995796454117428,333.637443697985,23.957869380412514
5,598.5775,90.79999999999995,4569.930946714483,60.00029137531118,0.005888502658319984,327.67229567645484,22.00875452166896
5,598.6775,90.89999999999998,4576.228216691559,60.000276118066594,0.005780259880108577,321.6543726551472,20.312223986292384
5,598.7775,91.0,4582.584123494594,60.000262402818656,0.005670957173973026,315.57751043315454,18.787155890483053
5,598.8775,91.10000000000002,4588.987098818183,60.00024941827469,0.005560623658957866,309.4433321322112,17.34333848360052
5,598.9775000000001,91.20000000000005,4595.388020863932,60.000235702254514,0.005449328888067834,303.25571158072586,15.818184518649577
5,599.0775,91.29999999999995,4601.816591622763,60.00022425932108,0.005337125328644924,297.0175520926676,14.545786618178132
5,599.1775,91.39999999999998,4608.317034222741,60.000214356839805,0.005224053425853399,290.73110614548204,13.444679417576062
5,599.2775,91.5,4614.887472385071,60.00020518815147,0.005110137780711699,284.39774537411955,12.42516638246723
5,599.3775,91.60000000000002,4621.45891559186,60.000195284897956,0.00499541444720169,278.01948064418883,11.323973314138199
5,599.4775000000001,91.70000000000005,4628.115929944731,60.00018765627566,0.004879936628207994,271.59925730666055,10.475708045742586
5,599.5775,91.79999999999995,4634.808996218237,60.00018002765337,0.004763738160002053,265.1389663306557,9.627442778761623
5,599.6775,91.89999999999998,4641.409242391571,60.00017239903108,0.004646862172123063,258.64100558896496,8.77917751036601
5,599.7775,92.0,4647.995662785682,60.00016630854424,0.0045293479838918686,252.10755525628798,8.101945337244238
5,599.8775,92.10000000000002,4654.579775760171,60.000162494233095,0.004411220898512135,245.54001982984136,7.677812703753756
5,599.9775000000001,92.20000000000005,4661.181663585668,60.000157142558734,0.004292506458559583,238.9398338534597,7.082732844131045
5,600.0775,92.29999999999995,4667.821928388482,60.00015105091354,0.004173245325111792,232.3092547067287,6.405371867296857
5,600.1775,92.39999999999998,4674.493278569274,60.00014877319336,0.0040535006895101,225.65177989711813,6.1521005893823455
5,600.2775,92.5,4681.183376315618,60.00014723698851,0.003933320671209788,218.97009605560893,5.981282168377181
5,600.3775,92.60000000000002,4687.894085854075,60.00014342267736,0.003812708512976165,212.26439338242724,5.55714953347205
5,600.4775000000001,92.70000000000005,4694.629115713107,60.00014114379883,0.0036916550790892016,205.5341514115421,5.303749451845123
5,600.5775,92.79999999999995,4701.3881495905,60.000139608752335,0.0035701480496174243,198.77868803195113,5.133059834552374
5,600.6775,92.89999999999998,4708.17259804203,60.00013732910156,0.003448193544312853,191.9983480312624,4.879573883783836
5,600.7775,93.0,4714.984255875669,60.00013579482731,0.0033258218846358013,185.19481279997262,4.708970135632697
5,600.8775,93.10000000000002,4721.813774796953,60.0001335144043,0.0032030716456584642,178.37023125940865,4.455398315722549
5,600.9775000000001,93.20000000000005,4728.6633295027,60.0001335144043,0.0030799223281975773,171.52345562952905,4.455398315722549
5,601.0775,93.29999999999995,4735.5375804428095,60.000131981288405,0.0029563389335490616,164.6525502741043,4.284923371283826
5,601.1775,93.39999999999998,4742.436934039402,60.00012969970703,0.002832322541907144,157.75757289872388,4.0312227462466135
5,601.2775,93.5,4749.358914155756,60.00012969970703,0.0027078856866756006,150.8392131826493,4.0312227462466135
5,601.3775,93.60000000000002,4756.299561644785,60.000128167749494,0.002583040930407267,143.89817858086207,3.8608766055203065
5,601.4775000000001,93.70000000000005,4763.265790659923,60.000125885009766,0.0024577713680427574,136.93352711615728,3.607047178185326
5,601.5775,93.79999999999995,4770.2559334252555,60.00012435382447,0.0023320919420661036,129.94608636081824,3.43678690660063
5,601.6775,93.89999999999998,4777.267263976233,60.0001220703125,0.0022060098417481418,122.93625905034845,3.1828716101240393
5,601.7775,94.0,4784.30066223158,60.00012053989945,0.0020795212035788113,115.90382750498289,3.012697207680953
5,601.8775,94.10000000000002,4791.3579842771205,60.000118255615234,0.0019526284668377773,108.84893006017302,2.7586960406481036
5,601.9775000000001,94.20000000000005,4798.441083395678,60.00011672597442,0.0018253437830125418,101.77223974256916,2.5886075087612763
5,602.0775,94.29999999999995,4805.546237982787,60.00011444091797,0.0016976843638417118,94.67471588103467,2.3345204725868167
5,602.1775,94.39999999999998,4812.669362748942,60.000112912049396,0.0015697202585386516,87.56025078160596,2.1645178084269516
5,602.2775,94.5,4819.8080981682215,60.0001106262207,0.0014415346823819612,80.4334730770932,1.9103449045255294
5,602.3775,94.60000000000002,4826.959536031078,60.00010909812437,0.0013130842440532225,73.29196840036612,1.7404281095072751
5,602.4775000000001,94.70000000000005,4834.128347434613,60.00010681152344,0.0011843078899084214,66.13234408933441,1.486169335049594
5,602.5775,94.79999999999995,4841.309560018325,60.00010528419934,0.0010552019512884664,58.95439457556092,1.3163384105875984
5,602.6775,94.89999999999998,4848.5012163785805,60.00010299682617,0.0009257568730028841,51.757590050011295,1.0619937669883068
5,602.7775,95.0,4855.707719893404,60.000101470274316,0.0007959807090831659,44.54237702178326,0.8922487116679217
5,602.8775,95.10000000000002,4862.9426350903295,60.000099182128906,0.0006658804994875559,37.309148000271726,0.6378181989270196
5,602.9775000000001,95.20000000000005,4870.1998108414155,60.000099182128906,0.0005354544389655977,30.05780098104028,0.6378181989270196
5,603.0775,95.29999999999995,4877.475830116959,60.000099182128906,0.0004047027833996486,22.788351730994908,0.6378181989270196
5,603.1775,95.39999999999998,4884.770499544685,60.000099182128906,0.0002736444903426265,15.501854240375701,0.6378181989270196
5,603.2775,95.5,4892.078934744666,60.000099182128906,0.00014229904079366456,8.19939160165995,0.6378181989270196
