lap,session_time_s,lap_time_s,lap_distance_m,latitude_deg,longitude_deg,x_east_m,y_north_m
2,271.795,0.0,0.0,60.00007498888505,3.4629441075023832e-06,0.0,0.0
2,271.89500000000004,0.10000000000002274,6.502110140735048,60.00007880296961,-0.0001282547954303661,-7.323165284840705,0.42410743860725153
2,271.995,0.19999999999998863,13.88877188305389,60.00008512546577,-0.00026011574888531346,-14.654291492238036,1.1271379060468585
2,272.095,0.30000000000001137,21.310435691525498,60.000092753634895,-0.0003920904558361599,-21.991740263067555,1.9753527832613618
2,272.195,0.39999999999997726,28.79900593976455,60.00010038180402,-0.0005241681763230585,-29.334914625900755,2.823567661890513
2,272.295,0.5,36.32273599904835,60.00010800997314,-0.0006563690762669238,-36.68493575125234,3.671782539105016
2,272.39500000000004,0.6000000000000227,43.87873801732132,60.00011814410304,-0.0007886528928274053,-44.039563460202864,4.798647925921084
2,272.495,0.6999999999999886,51.4304488795096,60.00012708100865,-0.0009210388378701647,-51.399867921101254,5.7923878630099574
2,272.595,0.8000000000000114,58.97593768984336,60.00013721391314,-0.0010535474066530946,-58.76698688771481,6.919116990917954
2,272.695,0.8999999999999773,66.46477704977663,60.00014865616683,-0.0011861654343812997,-66.14018791631378,8.191439308154356
2,272.795,1.0,73.94725797599882,60.00015759491055,-0.0013189019131289589,-73.51997473846636,9.185383632190689
2,272.89500000000004,1.1000000000000227,81.44718285844861,60.00016772597693,-0.0014517928106306005,-80.90834337984897,10.311908371736578
2,272.995,1.1999999999999886,88.96791449919613,60.000179168230616,-0.0015848476125284556,-88.30582065475113,11.584230688972982
2,273.095,1.3000000000000114,96.49675446708623,60.000190610484296,-0.0017180854325132648,-95.7134706854352,12.856553004794735
2,273.195,1.3999999999999773,104.0217273171733,60.00020205273798,-0.0018514870368515305,-103.1302241228295,14.12887532061649
2,273.295,1.5,111.55351452777117,60.000215995438104,-0.001985033882934927,-110.55504586492651,15.67923497953884
2,273.39500000000004,1.6000000000000227,119.0797717336154,60.000228751942615,-0.0021187001234952967,-117.98650460158525,17.097695521735936
2,273.495,1.6999999999999886,126.62682747894254,60.0002401941963,-0.002252560026665112,-125.4287300772643,18.370017838972338
2,273.595,1.8000000000000114,134.20670818815518,60.00025163644998,-0.0023866280199977535,-132.88252222271737,19.64234015479409
2,273.695,1.8999999999999773,141.80201588602208,60.00026307870367,-0.002520946423098906,-140.35023388589352,20.914662472030496
2,273.795,2.0,149.41085405653175,60.000274520957355,-0.0026555419600351486,-147.83335084408347,22.186984789266898
2,273.89500000000004,2.1000000000000227,157.01540109822784,60.000285963211034,-0.002790418782042928,-155.33210388656823,23.45930710508865
2,273.995,2.1999999999999886,164.61851935749388,60.00029740546472,-0.0029255712756074597,-162.84618090937678,24.73162942091041
2,274.095,2.3000000000000114,172.2251886649026,60.0003088477184,-0.0030609622536812825,-170.37351440818856,26.003951736732162
2,274.195,2.3999999999999773,179.83725088813515,60.00031779503998,-0.003196598185747446,-177.91447077068372,26.998849878783588
2,274.295,2.5,187.45631464570272,60.0003279175285,-0.0033325218417781786,-185.47141844653538,28.12442080172903
2,274.39500000000004,2.6000000000000227,195.08315797408653,60.00033686607549,-0.003468749244193977,-193.04525468175964,29.119455202688528
2,274.495,2.6999999999999886,202.72046634172807,60.000344494244615,-0.0036052134397870036,-200.6322579067139,29.96767007990303
2,274.595,2.8000000000000114,210.36563542185777,60.00035212241374,-0.00374186558184034,-208.22970867549634,30.815884957117532
2,274.695,2.8999999999999773,218.01206170267804,60.00035975058287,-0.003878711807157668,-215.83794817343946,31.664099835746686
2,274.795,3.0,225.66114000319843,60.00036737875199,-0.004015781941658822,-223.45863463349735,32.512314712961185
2,274.89500000000004,3.1000000000000227,233.32557116250536,60.00037500692111,-0.004153118189917965,-231.09411450590915,33.360529590175695
2,274.995,3.1999999999999886,241.01332296683327,60.00038263509023,-0.00429067179504417,-238.74167704110806,34.208744468804845
2,275.095,3.3000000000000114,248.7156805203283,60.000390263259355,-0.004428417462789185,-246.3999159468216,35.05695934601935
2,275.195,3.3999999999999773,256.4190057692616,60.00039540262342,-0.004566328749635011,-254.0673705929785,35.62843134541853
2,275.295,3.5,264.1348273267811,60.000401704900334,-0.00470446128901691,-261.747120455333,36.329213532387065
2,275.39500000000004,3.6000000000000227,271.8670862910476,60.000406845489806,-0.004842812893538276,-269.439052979602,36.900821792108964
2,275.495,3.6999999999999886,279.62405222970057,60.00041314654131,-0.004981346695779295,-277.1411091177886,37.60146771875478
2,275.595,3.8000000000000114,287.3793902864364,60.000418288356194,-0.005120072506489063,-284.85384389884297,38.17321223738475
2,275.695,3.8999999999999773,295.1457260381825,60.00042210244076,-0.005258987442920293,-292.5770981983902,38.59731967740665
2,275.795,4.0,302.9176266747141,60.000425916525316,-0.005398084859938479,-300.3104970023776,39.021427114599256
2,275.89500000000004,4.100000000000023,310.69966085785364,60.00042973060988,-0.005537382348111856,-308.0550182939127,39.445534554621155
2,275.995,4.199999999999989,318.4828791190959,60.00043354469444,-0.005676882342700737,-315.8107974645138,39.869641993228406
2,276.095,4.300000000000011,326.2815026253548,60.000437358779,-0.00581660081463104,-323.578722449552,40.29374943183566
2,276.195,4.399999999999977,334.10208518092134,60.00043869018555,-0.00595653771117346,-331.35880274991763,40.44179528999724
2,276.295,4.5,341.91702490591484,60.00043869018555,-0.006096657653887638,-339.1490663999756,40.44179528999724
2,276.39500000000004,4.600000000000023,349.7223951105083,60.00043869018555,-0.006236919876543505,-346.9472404033809,40.44179528999724
2,276.495,4.699999999999989,357.5291707216238,60.000436209345644,-0.006377337695587926,-354.7540784187375,40.165938097913674
2,276.595,4.800000000000011,365.3467054602979,60.00043487548828,-0.0065178781955144635,-362.5677314366284,40.0176197205213
2,276.695,4.899999999999977,373.1729178080919,60.00043239587379,-0.006658483902530912,-370.3850165099543,39.74189878876046
2,276.795,5.0,381.0064933622459,60.00042858178923,-0.00679916539760484,-378.2065233953629,39.31779135015321
2,276.89500000000004,5.100000000000023,388.84371527192104,60.000424767704665,-0.006939923750724941,-386.03230426862274,38.89368391013131
2,276.995,5.199999999999989,396.6851201386766,60.00042095362011,-0.007080780199067443,-393.86353985637845,38.469576472938705
2,277.095,5.300000000000011,404.5316080595206,60.00041466237187,-0.00722171485285229,-401.69913938564974,37.7700206189721
2,277.195,5.399999999999977,412.3888369620579,60.00040951075372,-0.00736273311400455,-409.5393816805481,37.19718602624826
2,277.295,5.5,420.2593360555313,60.00040322073089,-0.0075038312762315115,-417.38407464944896,36.49776643260438
2,277.39500000000004,5.600000000000023,428.138887527325,60.000395592561766,-0.007645014095770257,-425.2334844156031,35.64955155538988
2,277.495,5.699999999999989,436.02392065413824,60.000387964392644,-0.007786270357109514,-433.08697914670904,34.801336678175375
2,277.595,5.800000000000011,443.91969786048986,60.00038033622352,-0.007927577243444763,-440.9432902947049,33.953121799546224
2,277.695,5.899999999999977,451.8257093665466,60.0003727080544,-0.008068933322788775,-448.80233824613583,33.10490692233172
2,277.795,6.0,459.7429237549557,60.00036507988528,-0.008210359047589775,-456.66526010019436,32.25669204511722
2,277.89500000000004,6.100000000000023,467.6707074355013,60.000357451716155,-0.008351854252106394,-464.53204664346794,31.408477167902713
2,277.995,6.199999999999989,475.60177589756927,60.00034982354703,-0.008493417317817742,-472.4026078920903,30.560262289273563
2,278.095,6.300000000000011,483.53663987191317,60.00033972434127,-0.008635087010390534,-480.27911704791967,29.43728029548401
2,278.195,6.399999999999977,491.47354700448034,60.000330752511516,-0.008776854974996437,-488.1610839398509,28.43965696536862
2,278.295,6.5,499.41273537258377,60.00032065453117,-0.008918725096085454,-496.0487410283092,27.31681123048714
2,278.39500000000004,6.600000000000023,507.3629887596527,60.000311681476006,-0.0090607060625111,-503.9425546479753,26.31905164146368
2,278.495,6.699999999999989,515.3216109626575,60.000304053306884,-0.009202758318044808,-511.8403234805524,25.470836764249174
2,278.595,6.800000000000011,523.2856708628346,60.00029395716465,-0.009344840362737493,-519.7397697172177,24.3481954177298
2,278.695,6.899999999999977,531.252548467755,60.000284982271374,-0.009486886813436025,-527.637230494762,23.350231440344235
2,278.795,7.0,539.2228745099943,60.00027488735455,-0.009628838583063548,-535.5294384743725,22.227726354147578
2,278.89500000000004,7.100000000000023,547.19935870148,60.00026344510087,-0.009770625373369604,-543.4124875317597,20.955404038325824
2,278.995,7.199999999999989,555.1647313182629,60.00024953732489,-0.009911984631266977,-551.2717902271324,19.40892777242999
2,279.095,7.300000000000011,563.0381251897934,60.00023674589623,-0.010051416328617871,-559.0239196723179,17.98658383579173
2,279.195,7.399999999999977,570.6931304686549,60.00022283934567,-0.010187026365174557,-566.5635876853817,16.440243830218616
2,279.295,7.5,578.0923671507968,60.0002100466916,-0.010317885152812498,-573.8390925877867,15.017763634672287
2,279.39500000000004,7.600000000000023,585.2220761905419,60.00019614136644,-0.010443844314912343,-580.8422040659539,13.471559888007242
2,279.495,7.699999999999989,592.1046362563482,60.00018334748697,-0.010565013539014914,-587.5790008822449,12.048943433552843
2,279.595,7.800000000000011,598.7439065621385,60.00017190523328,-0.0106815371325511,-594.0575034942811,10.77662111631644
2,279.695,7.899999999999977,605.1297922204848,60.000158001746236,-0.010793517742496246,-600.283452865202,9.23062175942815
2,279.795,8.0,611.2693276753052,60.00014520602865,-0.010901004575322185,-606.2595525753371,7.807800915196995
2,279.89500000000004,8.100000000000023,617.1678457091667,60.00013130376701,-0.011004090811004223,-611.9910032236446,6.261937817216777
2,279.995,8.199999999999989,622.830265367447,60.000118506824016,-0.01110283793104284,-617.4812025098779,4.83898071407755
2,280.095,8.300000000000011,628.2605907661989,60.00010706457033,-0.01119730948750858,-622.733681000726,3.5666583982557962
2,280.195,8.399999999999977,633.4649375476826,60.00009562231665,-0.011287643602300381,-627.7561303221207,2.2943360824340413
2,280.295,8.5,638.4529353557525,60.000081722505826,-0.011373959833542517,-632.5552209732767,0.7487455022699657
2,280.39500000000004,8.600000000000023,643.2366279285916,60.00006892311202,-0.01145636746429516,-637.1369949400748,-0.6744841201000513
2,280.495,8.699999999999989,647.8213633320694,60.00005748085833,-0.011534906156095426,-641.5036544579934,-1.946806435921806
2,280.595,8.800000000000011,652.2120333682906,60.000043582885624,-0.01160963873447443,-645.6587292955077,-3.4921926263091265
2,280.695,8.899999999999977,656.4171246786865,60.0000307816537,-0.011680730136570281,-649.6113549856896,-4.9156266370412505
2,280.795,9.0,660.4528044526927,60.0000168849064,-0.01174847011888503,-653.3776625906304,-6.4608765685205
2,280.89500000000004,9.100000000000023,664.3411809845923,60.00000408244907,-0.011813083092912161,-656.970107147493,-7.884446838160695
2,280.995,9.199999999999989,668.1010837083154,59.99999018692718,-0.011874706741067007,-660.3963650068719,-9.429560509317225
2,281.095,9.300000000000011,671.7833955533793,59.999972477933426,-0.01193358675659619,-663.670123453072,-11.398713491041619
2,281.195,9.399999999999977,675.4927543446519,59.99995585955342,-0.011989918579022825,-666.8021994552365,-13.246595589065821
2,281.295,9.5,679.0984060236624,59.99993815178508,-0.012043699066591754,-669.792440148055,-15.215612310467495
2,281.39500000000004,9.600000000000023,682.8777360337142,59.99991908136227,-0.01209481744950718,-672.6346898148984,-17.3361495049184
2,281.495,9.699999999999989,686.847672199919,59.99989756073479,-0.012143193388257829,-675.3244929235939,-19.729137404604607
2,281.595,9.800000000000011,690.8176788124225,59.999877125819395,-0.012188791764383734,-677.8598608942312,-22.00139946046685
2,281.695,9.899999999999977,694.4461295927136,59.99985560641731,-0.012231738113915171,-680.2477952743086,-24.394251102659634
2,281.795,10.0,698.1462625858303,59.999830273543374,-0.012272121138820462,-682.4932558072987,-27.211142052590986
2,281.89500000000004,10.100000000000023,701.9199408639352,59.999806022705314,-0.012309750700157085,-684.5856207842572,-29.907715936837235
2,281.995,10.199999999999989,705.5382371431289,59.999780691056785,-0.012344750632563945,-686.5317972939238,-32.724470626445864
2,282.095,10.300000000000011,708.9574018822125,59.99975399246485,-0.012377374144040658,-688.3458660189874,-35.693222699525926
2,282.195,10.399999999999977,712.3170069747516,59.99972729387292,-0.012407703980040001,-690.0324131124477,-38.66197477119133
2,282.295,10.5,715.7067496216738,59.999698149977945,-0.012435788152439647,-691.594133332985,-41.90263251104511
2,282.39500000000004,10.600000000000023,719.1527907202737,59.9996700819918,-0.012461758861028046,-693.0383398150193,-45.02365448258344
2,282.495,10.699999999999989,722.6969471853946,59.999640939322234,-0.012485796337067083,-694.3750753674315,-48.26417596352914
2,282.595,10.800000000000011,726.3473416042606,59.999610426645745,-0.012508079262406659,-695.6142773368896,-51.657035473801805
2,282.695,10.899999999999977,730.1053461012933,59.99957747111702,-0.012529207874146913,-696.7893288454903,-55.32152813444669
2,282.795,11.0,733.8531246510044,59.999545586595495,-0.0125506886894675,-697.9839519905587,-58.86693006382306
2,282.89500000000004,11.100000000000023,737.7417416080898,59.99951507391901,-0.012574077533588541,-699.2846441541321,-62.25978957409572
2,282.995,11.199999999999989,741.8173710681823,59.99948212022839,-0.012600258169854292,-700.7405811804414,-65.92407784496385
2,283.095,11.300000000000011,746.0501070399403,59.99945023386876,-0.012629560554813547,-702.3700711222458,-69.46968416411697
2,283.195,11.399999999999977,750.4049130497044,59.99941972119227,-0.012661748022736171,-704.1599527580853,-72.86254367438964
2,283.295,11.5,754.479818322672,59.99938920851578,-0.012696721295174246,-706.1047211771963,-76.2554031846623
2,283.39500000000004,11.600000000000023,758.6660964627621,59.99936113440259,-0.012735062253975896,-708.2367019656822,-79.37710645215563
2,283.495,11.699999999999989,762.9720973852088,59.99933199786006,-0.012776660984379037,-710.5498216814095,-82.61694663714633
2,283.595,11.800000000000011,767.1819589175577,59.99930392252147,-0.01282133273223888,-713.0337858151821,-85.73878616354774
2,283.695,11.899999999999977,771.2796738695336,59.99927722392954,-0.012869228269196406,-715.6969736660521,-88.7075382366278
2,283.795,12.0,775.3078059984725,59.99925052533761,-0.012920183692351258,-718.5302875460518,-91.6762903082932
2,283.89500000000004,12.100000000000023,779.3254527561627,59.99922626224546,-0.012973986317903544,-721.5218762790216,-94.37422678586411
2,283.995,12.199999999999989,783.3681350448206,59.99920094285102,-0.013030570775863998,-724.6681435049852,-97.18961888214808
2,284.095,12.300000000000011,787.4714995230128,59.99917667853346,-0.013089870094775522,-727.9653428301241,-99.8876916200417
2,284.195,12.399999999999977,791.6381291659974,59.999156227687756,-0.013151788454319727,-731.4081163324431,-102.16172504878213
2,284.295,12.5,795.8518616369694,59.999137157264954,-0.013216195619819791,-734.9892497672608,-104.28226224323303
2,284.39500000000004,12.600000000000023,800.112126326816,59.999118086842145,-0.013282929072943407,-738.699722713358,-106.40279943626929
2,284.495,12.699999999999989,804.4259052711628,59.999099016419336,-0.0133519338994651,-742.5364821486053,-108.5233366307202
2,284.595,12.800000000000011,808.7913008609314,59.99908237720738,-0.013423198714691983,-746.4988677815211,-110.37353514008414
2,284.695,12.899999999999977,813.2117251829042,59.999067120869135,-0.013496372941642059,-750.5673996928557,-112.06996489451315
2,284.795,13.0,817.6949736793987,59.99905186453089,-0.013570963704843095,-754.7146904508949,-113.7663946503568
2,284.89500000000004,13.100000000000023,822.2458631574964,59.99903417881991,-0.013646607161875067,-758.9205389619713,-115.73295870151065
2,284.995,13.199999999999989,826.8642235206624,59.99901753715714,-0.0137229520732395,-763.165377349298,-117.58342972869076
2,285.095,13.300000000000011,831.5476588498279,59.99899985267157,-0.013799691048486384,-767.4321392567329,-119.54985752093654
2,285.195,13.399999999999977,836.2945834073154,59.99898078224876,-0.01387653262777762,-771.7046242244799,-121.67039471538745
2,285.295,13.5,841.100132506874,59.99896171182595,-0.013953228957994163,-775.9690360462746,-123.79093190983835
2,285.39500000000004,13.600000000000023,845.9587656836644,59.99894021509393,-0.014029570338530197,-780.2137443168923,-126.18126275091463
2,285.495,13.699999999999989,850.8576351549322,59.998917330586565,-0.014105297408613871,-784.4243171300849,-128.72590738397278
2,285.595,13.800000000000011,855.7807455237511,59.99889444607919,-0.01417998863677918,-788.5773016961767,-131.27055201703095
2,285.695,13.899999999999977,860.7188248871759,59.998869137100726,-0.01425309070477838,-792.641963378528,-134.08478590835236
2,285.795,14.0,865.7008980304696,59.998842438508795,-0.014324284386017832,-796.6005415584601,-137.05353798001778
2,285.89500000000004,14.100000000000023,870.8228500665225,59.998813316671175,-0.014393903558443768,-800.4716119668258,-140.29174305103837
2,285.995,14.199999999999989,876.1404823624263,59.998782803994686,-0.014462062822450786,-804.2615339733928,-143.68460256131104
2,286.095,14.300000000000011,881.5659689947692,59.99875229131819,-0.014528440188441811,-807.9523885728095,-147.0774620715837
2,286.195,14.399999999999977,886.9888012154173,59.99871935723412,-0.014592775221766862,-811.529725539679,-150.73957019284944
2,286.295,14.5,892.3928947019848,59.99868503047307,-0.014655080181000531,-814.9942139842865,-154.55653714172936
2,286.39500000000004,14.600000000000023,897.7958233444572,59.998648283529846,-0.01471524682420123,-818.3398485570569,-158.64261644127964
2,286.495,14.699999999999989,903.2067041835177,59.998610142684235,-0.014773215154060836,-821.5632809139593,-162.88369083018145
2,286.595,14.800000000000011,908.6125209672336,59.998572001838625,-0.014829058449929591,-824.6685679080044,-167.12476521766862
2,286.695,14.899999999999977,913.9902584322222,59.998531442648954,-0.014882906564441639,-827.6629592266278,-171.63474756746405
2,286.795,15.0,919.3510394759622,59.99848948771878,-0.014934781121752417,-830.5476444329419,-176.2999293949731
2,286.89500000000004,15.100000000000023,924.7430126215944,59.9984475327886,-0.014984600985805095,-833.3180948550507,-180.9651112210675
2,286.995,15.199999999999989,930.1949273491452,59.99840557785843,-0.015032297074184454,-835.9704693750675,-185.6302930485766
2,287.095,15.300000000000011,935.7014828249083,59.99836120703502,-0.015077938419344005,-838.5086365117357,-190.56411031774846
2,287.195,15.399999999999977,941.2422776900802,59.99831543802028,-0.015121554384421507,-840.9342159358418,-195.65339958386477
2,287.295,15.5,946.8124852852936,59.998269669005545,-0.015163270286603013,-843.2541572487181,-200.74268884856644
2,287.39500000000004,15.600000000000023,952.4297488880761,59.99822389999081,-0.015203285090555893,-845.4795224616252,-205.83197811468276
2,287.495,15.699999999999989,958.1023296940721,59.99817571753365,-0.015241786832791067,-847.6207969411886,-211.18963030464576
2,287.595,15.800000000000011,963.822450887191,59.99812613443435,-0.015279008319120966,-849.6909115134805,-216.70302700936932
2,287.695,15.899999999999977,969.5813550302693,59.99807896355207,-0.015315277825046535,-851.7080688872779,-221.9481970491543
2,287.795,16.0,975.3816118739728,59.99803078293303,-0.01535098222848729,-853.6938229579642,-227.30564484934052
2,287.89500000000004,16.100000000000023,981.2232952565213,59.99798119983373,-0.01538638304111241,-855.6627186596713,-232.81904155406409
2,287.995,16.19999999999999,987.1054325171141,59.997931616734434,-0.015421583859020774,-857.6204977620047,-238.33243825878765
2,288.095,16.30000000000001,993.0255199203236,59.99787962386894,-0.01545665533946923,-859.571120038329,-244.11378910921903
2,288.195,16.399999999999977,998.9869772386908,59.99782863583857,-0.015491741551149135,-861.5225513410463,-249.78340723629606
2,288.295,16.5,1004.9920606653,59.997779052739276,-0.015527047878212056,-863.4862055855722,-255.29680394101965
2,288.39500000000004,16.600000000000023,1011.0330229997277,59.9977270617119,-0.015562749573397873,-865.4718764948589,-261.0779504016743
2,288.495,16.69999999999999,1017.1091734741879,59.997676071843415,-0.015598928919190663,-867.4840944988966,-266.747772918528
2,288.595,16.80000000000001,1023.2212181887836,59.99762408204145,-0.01563560405768242,-869.5238945573525,-272.5287831202746
2,288.695,16.899999999999977,1029.3676153931083,59.997570684857585,-0.015672788698581623,-871.5920444483526,-278.4662872636054
2,288.795,17.0,1035.550092550707,59.997519693151,-0.015710410775381614,-873.684487156835,-284.13631416882134
2,288.89500000000004,17.100000000000023,1041.768449067077,59.997467705187134,-0.015748422707760425,-875.7986220928105,-289.9171199822058
2,288.995,17.19999999999999,1048.021828508974,59.99741430800328,-0.015786951768591666,-877.9415312097881,-295.8546241241219
2,289.095,17.30000000000001,1054.3080772157289,59.997360910819424,-0.01582611403812455,-880.1196499949294,-301.79212826745277
2,289.195,17.399999999999977,1060.617780911511,59.99730751363556,-0.01586578811443755,-882.3262286182344,-307.7296324121982
2,289.295,17.5,1066.9519980357388,59.99725411645171,-0.015905927310237312,-884.5586713451437,-313.6671365541144
2,289.39500000000004,17.600000000000023,1073.316466010734,59.997200719267845,-0.01594659189044129,-886.8203289574035,-319.60464069885984
2,289.495,17.69999999999999,1079.711003279939,59.99714732208399,-0.015987857845347106,-889.1154265767361,-325.542144840776
2,289.595,17.80000000000001,1086.1347828003297,59.997093924900135,-0.016029815503970216,-891.4489865700583,-331.47964898410686
2,289.695,17.899999999999977,1092.5862370094903,59.99703812775335,-0.016072538032124953,-893.8251094691336,-337.684017197637
2,289.795,18.0,1099.0638785749802,59.99698331583515,-0.016115886531112067,-896.2360270151224,-343.77883284024443
2,289.89500000000004,18.100000000000023,1105.5657020223307,59.99692991865129,-0.016159046560686265,-898.6364504288981,-349.7163369835752
2,289.995,18.19999999999999,1112.0872580788337,59.996876521467435,-0.01620098507798276,-900.9689615087011,-355.65384112690606
2,290.095,18.30000000000001,1118.6307282660725,59.99682072677147,-0.016241239699443223,-903.2078842251248,-361.8579368212054
2,290.195,18.399999999999977,1125.2060446489513,59.99676351550305,-0.01628032423031701,-905.3817728348882,-368.21954840314345
2,290.295,18.5,1131.7992007864907,59.99670870052133,-0.01631914459825894,-907.5409448099721,-374.3147046930211
2,290.39500000000004,18.600000000000023,1138.409662008365,59.996652907663474,-0.016357979575370135,-909.7009460803091,-380.5185959989583
2,290.495,18.69999999999999,1145.0464655958572,59.996595696395055,-0.016396959656906348,-911.8690383953781,-386.88020758089635
2,290.595,18.80000000000001,1151.7105701126718,59.996538485126635,-0.0164362040186499,-914.05182853985,-393.2418191642491
2,290.695,18.899999999999977,1158.4022108960899,59.996481273858215,-0.016475767904513806,-916.2523881373838,-399.60343074618714
2,290.795,19.0,1165.1211841361453,59.996424062589796,-0.01651588661091775,-918.4837998284423,-405.9650423281252
2,290.89500000000004,19.100000000000023,1171.8648293431188,59.996366851321376,-0.016556762070016624,-920.7572912279252,-412.3266539100633
2,290.995,19.19999999999999,1178.6325479293612,59.99630964005296,-0.016598338458101887,-923.0697586145011,-418.6882654920014
2,291.095,19.30000000000001,1185.422575561251,59.99625242878454,-0.01664051685722799,-925.4157021895319,-425.04987707393946
2,291.195,19.399999999999977,1192.232903999795,59.996195217516124,-0.0166830794022344,-927.7830085899814,-431.4114886558775
2,291.295,19.5,1199.0572341541526,59.996138006247705,-0.01672581671636912,-930.1600363725635,-437.7731002378156
2,291.39500000000004,19.600000000000023,1205.9081932040945,59.996080794979285,-0.016768668534415485,-932.5434347699968,-444.13471181975365
2,291.495,19.69999999999999,1212.790273615528,59.996023583710866,-0.016811633241741925,-934.9331140239568,-450.4963234031064
2,291.595,19.80000000000001,1219.7105858763293,59.9959639841209,-0.016854718530959278,-937.3295357009514,-457.1235045913731
2,291.695,19.899999999999977,1226.6650333373896,59.99590534647676,-0.016897893601108827,-939.730939933377,-463.6437221350438
2,291.795,20.0,1233.6431175008936,59.99584813520834,-0.01694107812270165,-942.1328536194975,-470.00533371698185
2,291.89500000000004,20.100000000000023,1240.605687362914,59.99578853745649,-0.016983955744336837,-944.5177415763441,-476.6323105168865
2,291.995,20.19999999999999,1247.4490707990547,59.995729897974236,-0.017025838964766823,-946.8473303472371,-483.15273245033393
2,292.095,20.30000000000001,1254.0913979015356,59.99567507196384,-0.017066167649557804,-949.0904346297375,-489.2491150760428
2,292.195,20.399999999999977,1260.5114445721567,59.99562167477998,-0.017104709890712656,-951.2341937521746,-495.186619217959
2,292.295,20.5,1266.714246907345,59.99556827759613,-0.017141238049718593,-953.2659709463481,-501.1241233612898
2,292.39500000000004,20.600000000000023,1272.7171775555664,59.99551726383218,-0.017175448658719672,-955.168858342908,-506.7966029367535
2,292.495,20.69999999999999,1278.5512418272087,59.99546768073288,-0.017206857214274025,-956.9159302035085,-512.309999641477
2,292.595,20.80000000000001,1284.2379342534712,59.99541809763358,-0.01723491216130457,-958.4765395955034,-517.8233963462006
2,292.695,20.899999999999977,1289.8039971929704,59.99536851453429,-0.017259278265867647,-959.8320466334374,-523.3367930495095
2,292.795,21.0,1295.2757014278582,59.995318931434994,-0.017279862099824673,-960.9772561198902,-528.8501897542332
2,292.89500000000004,21.100000000000023,1300.6682742394871,59.9952693483357,-0.017296404453036953,-961.8977551218684,-534.3635864589567
2,292.995,21.19999999999999,1306.0094664684254,59.99522214498008,-0.017308939394319395,-962.5954027901059,-539.612367373952
2,293.095,21.30000000000001,1311.3497083684179,59.99517399683437,-0.017317484837196532,-963.0712429819076,-544.9662043003425
2,293.195,21.399999999999977,1316.7633811884502,59.995126792253345,-0.017321855138533758,-963.3149256901703,-550.215121474246
2,293.295,21.5,1322.3368336364774,59.99507864533304,-0.017322130432759895,-963.3309334684841,-555.5688221403137
2,293.39500000000004,21.600000000000023,1328.0214684937043,59.99502906223374,-0.01731841417596132,-963.1250253383907,-561.0822188450373
2,293.495,21.69999999999999,1333.6456786638814,59.99498185581461,-0.017311084954205087,-962.7181953381549,-566.3313404087174
2,293.595,21.80000000000001,1339.1006329147692,59.994936086799875,-0.017300274693986012,-962.1177920812764,-571.4206296734192
2,293.695,21.899999999999977,1344.4495948034196,59.99489031778514,-0.017286131845370124,-961.3320901758132,-576.5099189395354
2,293.795,22.0,1349.6003922248958,59.9948445487704,-0.01726948224256994,-960.4070071137678,-581.5992082056517
2,293.89500000000004,22.100000000000023,1354.5461730859022,59.994801153985016,-0.017250967658984376,-959.3781919676946,-586.4244948485408
2,293.995,22.19999999999999,1359.3179941836017,59.99476157267148,-0.017230982601120857,-958.26755910393,-590.8257421822766
2,294.095,22.30000000000001,1363.9423610884548,59.99472105882193,-0.017210019207291767,-957.1025410490887,-595.330682934083
2,294.195,22.399999999999977,1368.4184617760325,59.99468147628299,-0.01718888865527121,-955.9282137908281,-599.732066526727
2,294.295,22.5,1372.7467112775573,59.994643335437374,-0.0171687393061819,-954.8084211480698,-603.9731409156287
2,294.39500000000004,22.600000000000023,1376.9483353577762,59.99460756575759,-0.0171507944673338,-953.8111682343074,-607.9505533285734
2,294.495,22.69999999999999,1381.0329811005504,59.99457086844342,-0.01713584732489258,-952.9806056336643,-612.0311141225418
2,294.595,22.80000000000001,1385.0020171991703,59.99453509753822,-0.017124211679518202,-952.3341548699264,-616.0086627958092
2,294.695,22.899999999999977,1388.8633749692567,59.994500770777165,-0.0171160625354882,-951.8815394258328,-619.8256297461038
2,294.795,23.0,1392.631411181437,59.99446644401612,-0.017111452297572917,-951.6256942194402,-623.6425966949837
2,294.89500000000004,23.100000000000023,1396.3712862666086,59.994432117255066,-0.017110314685402576,-951.562934225535,-627.4595636438636
2,294.995,23.19999999999999,1400.2085360518763,59.99440015798361,-0.017112735791716436,-951.6980126367023,-631.0132773977546
2,295.095,23.30000000000001,1403.9221722155278,59.994367278430225,-0.01711876548161336,-952.0337496405048,-634.6693219749768
2,295.195,23.399999999999977,1407.7909929598402,59.99433531793336,-0.017128265293783557,-952.5624203114392,-638.2231719877758
2,295.295,23.5,1411.7913831299697,59.99430243960539,-0.017141211596926408,-953.2827374177593,-641.8790803046753
2,295.39500000000004,23.600000000000023,1415.749443017438,59.99427047788312,-0.017157528806720716,-954.1904721591719,-645.4330665763824
2,295.495,23.69999999999999,1419.4536470829232,59.994239965206624,-0.01717720772033522,-955.2851053837501,-648.8259260880698
2,295.595,23.80000000000001,1423.2122203950685,59.99421181634351,-0.017200346488638444,-956.572081471639,-651.9559411800777
2,295.695,23.899999999999977,1426.9943143585429,59.99418275455091,-0.01722683980456654,-958.0455926534594,-655.1874695391391
2,295.795,24.0,1430.629674551842,59.994152241874424,-0.017256599150590874,-959.7007252523208,-658.5803290494118
2,295.89500000000004,24.100000000000023,1434.2162230700274,59.99412409117319,-0.017289572627841,-961.5345385175503,-661.7105485326111
2,295.995,24.19999999999999,1437.8122561338662,59.99409739258126,-0.017325586522966764,-963.5373868449947,-664.6793006042766
2,296.095,24.30000000000001,1441.4279363027465,59.99406833323948,-0.01736452711199809,-965.7030026233311,-667.9105564441072
2,296.195,24.399999999999977,1445.1216159897745,59.994042540837285,-0.01740636079402509,-968.0294356712702,-670.7785446769574
2,296.295,24.5,1448.913990171478,59.994017296805474,-0.017451076924506495,-970.5161338441613,-673.5855568192727
2,296.39500000000004,24.600000000000023,1452.8068062610448,59.99399059821354,-0.017498631734572143,-973.1606930621347,-676.5543088909382
2,296.495,24.69999999999999,1456.7683584848626,59.99396389962162,-0.017548978659589105,-975.9605031236943,-679.5230609626036
2,296.595,24.80000000000001,1460.7842266255552,59.993939558716015,-0.01760196286994681,-978.9069204116822,-682.2296499133739
2,296.695,24.899999999999977,1464.864670686999,59.99391667420865,-0.017656965650632416,-981.9655559924698,-684.7742945464321
2,296.795,25.0,1469.0135494517694,59.993891433240364,-0.017713264508637777,-985.0962940511637,-687.5809660400625
2,296.89500000000004,25.100000000000023,1473.2197661677103,59.99386709049665,-0.01777060276960643,-988.2848146221851,-690.2877593806097
2,296.995,25.19999999999999,1477.4842019918985,59.99384185075377,-0.01782894615410628,-991.5292385138479,-693.0942946153322
2,297.095,25.30000000000001,1481.8217958523248,59.993815152161844,-0.017888256440814546,-994.827449161676,-696.0630466855829
2,297.195,25.399999999999977,1486.2330603031262,59.99379080758001,-0.01794850285420205,-998.1776781271959,-698.7700444159067
2,297.295,25.5,1490.7071876905766,59.99376556967525,-0.018009640231257073,-1001.5774630790929,-701.5763752608524
2,297.39500000000004,25.600000000000023,1495.2433351099485,59.993738871083316,-0.018071632249501614,-1005.0247932002259,-704.5451273339324
2,297.495,25.69999999999999,1499.8437176492105,59.99371217249139,-0.01813447308256011,-1008.5193225502267,-707.5138794041832
2,297.595,25.80000000000001,1504.5061062997554,59.99368312234018,-0.01819817979789859,-1012.0620361528586,-710.744113299374
2,297.695,25.899999999999977,1509.2285425643847,59.993654960610264,-0.018262760527312294,-1015.6533368672829,-713.87555911699
2,297.795,26.0,1514.010652036634,59.99362826201834,-0.018328205375685948,-1019.2926655611735,-716.8443111872407
2,297.89500000000004,26.100000000000023,1518.8508557038733,59.99359921370524,-0.018394496007064075,-1022.9790614680171,-720.0743406940694
2,297.995,26.19999999999999,1523.7460651244526,59.99357105013721,-0.018461580972530967,-1026.7096141460888,-723.2059909000475
2,298.095,26.30000000000001,1528.680614222678,59.99354200304952,-0.018529228983974105,-1030.471490749975,-726.4358841465535
2,298.195,26.399999999999977,1533.6541892743119,59.99351383825609,-0.018597477799897153,-1034.266763353687,-729.5676706114396
2,298.295,26.5,1538.6757890534038,59.99348479239381,-0.01866646026884328,-1038.1028462842728,-732.7974275990375
2,298.39500000000004,26.600000000000023,1543.7469147150089,59.99345427971732,-0.018736176671435782,-1041.9797645761614,-736.1902871093101
2,298.495,26.69999999999999,1548.869874595791,59.99342376704083,-0.018806628149015948,-1045.8975588201604,-739.5831466195829
2,298.595,26.80000000000001,1554.0451302140855,59.993393254364335,-0.01887786953772548,-1049.8592781283921,-742.9760061298555
2,298.695,26.899999999999977,1559.2697069638018,59.99336508650738,-0.018949958850314575,-1053.8681109015504,-746.108133244841
2,298.795,27.0,1564.5421669209763,59.993336043708624,-0.019022886543494304,-1057.9235776163073,-749.3375495823395
2,298.89500000000004,27.100000000000023,1569.8646379244756,59.993305531032135,-0.019096610223987565,-1062.023330846097,-752.7304090926121
2,298.995,27.19999999999999,1575.2348852013606,59.99327267537422,-0.019171108381922625,-1066.1661889774005,-756.3837966112245
2,299.095,27.30000000000001,1580.6507250341317,59.993240690981885,-0.019246360271214166,-1070.350946972275,-759.9403036826335
2,299.195,27.399999999999977,1586.1107057742342,59.9932101783054,-0.019322331105034278,-1074.575660716526,-763.3331631929061
2,299.295,27.5,1591.6159831879431,59.99317966562891,-0.019398989788637452,-1078.8386250115007,-766.7260227031787
2,299.39500000000004,27.600000000000023,1597.1644312205763,59.99314915295241,-0.019476266829742735,-1083.135975914539,-770.1188822148661
2,299.495,27.69999999999999,1602.7473673711722,59.993116300358025,-0.019553946593517238,-1087.4557619292614,-773.7719290833788
2,299.595,27.80000000000001,1608.357021234981,59.99308431290217,-0.019631787763601572,-1091.7845126798263,-777.3287768034727
2,299.695,27.899999999999977,1613.94969581631,59.993051461533184,-0.019709108341419448,-1096.0843352697204,-780.9816874130775
2,299.795,28.0,1619.4225295839158,59.99301947285192,-0.01978448609119343,-1100.2761200476823,-784.5386713934939
2,299.89500000000004,28.100000000000023,1624.6963400983234,59.99298896017543,-0.01985684026528118,-1104.2997632471056,-787.9315309037667
2,299.995,28.19999999999999,1629.7495463438963,59.99296078435332,-0.019925795803657283,-1108.134395339407,-791.0645437030693
2,300.095,28.30000000000001,1634.585861681513,59.99293174951972,-0.01999132071465847,-1111.7782905286979,-794.2930743562506
2,300.195,28.399999999999977,1639.2199358034843,59.9929035724722,-0.020053522472849913,-1115.2373957258758,-797.426223415876
2,300.295,28.5,1643.6631885777335,59.99287687388027,-0.020112472719166156,-1118.5156835526989,-800.3949754875415
2,300.39500000000004,28.600000000000023,1647.921257433234,59.99285017528834,-0.02016818186419595,-1121.613757496576,-803.3637275592068
2,300.495,28.69999999999999,1651.9967077091653,59.99282581048727,-0.02022055232430094,-1124.5261516845096,-806.0729735685871
2,300.595,28.80000000000001,1655.899148942879,59.99280059280175,-0.02026952496543408,-1127.2496318298615,-808.8770561330617
2,300.695,28.899999999999977,1659.6581437563984,59.99277389420982,-0.020315085287922977,-1129.7834023116466,-811.8458082047272
2,300.795,29.0,1663.2672705768275,59.99274952757064,-0.02035722430703286,-1132.1268982503543,-814.5552586038842
2,300.89500000000004,29.100000000000023,1666.7178741170796,59.99272664306327,-0.020395934777714297,-1134.2797309051161,-817.0999032369424
2,300.995,29.19999999999999,1670.052362870297,59.992701427828564,-0.020431216186288848,-1136.2419368447506,-819.9037132836008
2,301.095,29.30000000000001,1673.2472280078946,59.992677059351266,-0.020463090770513812,-1138.0146979104736,-822.6133680711199
2,301.195,29.399999999999977,1676.3094095388788,59.992651845341975,-0.02049148439705237,-1139.5939208861355,-825.4170418574557
2,301.295,29.5,1679.337135224262,59.99262747563927,-0.02051632948802564,-1140.9758188942403,-828.1268329052975
2,301.39500000000004,29.600000000000023,1682.2436399524183,59.99260226285538,-0.020537629438138767,-1142.1606095483908,-830.9303704327252
2,301.495,29.69999999999999,1685.1151869663877,59.99257789192727,-0.020555393772431305,-1143.148793186921,-833.6402977394752
2,301.595,29.80000000000001,1687.8497856770005,59.992555007419895,-0.02056965007576248,-1143.9418922327773,-836.1849423725333
2,301.695,29.899999999999977,1690.3928056392801,59.99252979647412,-0.02058033893226505,-1144.53666863641,-838.9882755101843
2,301.795,30.0,1693.0121659359447,59.9925054237079,-0.02058749459683895,-1144.934972177909,-841.698407206711
2,301.89500000000004,30.100000000000023,1695.4519448431988,59.992480213987534,-0.020591213239534584,-1145.1421790350569,-844.5016040854538
2,301.995,30.19999999999999,1697.9145370566719,59.9924558399959,-0.020591581497584322,-1145.1630774098444,-847.2118720408885
2,302.095,30.30000000000001,1700.4777279322911,59.99243295548853,-0.020588727955132904,-1145.0048055547275,-849.7565166739466
2,302.195,30.399999999999977,1702.6944213827971,59.992412394356045,-0.02058275730803566,-1144.6731703620471,-852.0428134496823
2,302.295,30.5,1704.9682904031174,59.99239100117106,-0.020573796925200474,-1144.1753084715529,-854.4216303720017
2,302.39500000000004,30.600000000000023,1707.0522546422017,59.99237043881317,-0.020562000113751505,-1143.519715438334,-856.7080634066454
2,302.495,30.69999999999999,1709.2113369244141,59.99234904685359,-0.020547464803169962,-1142.7118650763402,-859.0867440686421
2,302.595,30.80000000000001,1711.1692980733521,59.99232848327029,-0.02053016322699919,-1141.7501846752496,-861.3733133636084
2,302.695,30.899999999999977,1713.2305317850228,59.99231173315884,-0.020510141572915322,-1140.6371908872688,-863.2358433494215
2,302.795,31.0,1715.527305556462,59.99229415712194,-0.020487488983716568,-1139.377920367601,-865.1902121830343
2,302.89500000000004,31.100000000000023,1717.4264529700306,59.99227740578509,-0.020462377868961306,-1137.9819312207276,-867.0528784277556
2,302.995,31.19999999999999,1719.478290463505,59.992262149446844,-0.02043489476027421,-1136.454023385499,-868.7493081835992
2,303.095,31.30000000000001,1721.399452275645,59.9922468931086,-0.02040508814267347,-1134.796918473713,-870.4457379380282
2,303.195,31.399999999999977,1723.4776812491211,59.9922339540182,-0.020373066615012928,-1133.0166152492652,-871.8845011339189
2,303.295,31.5,1725.438418135014,59.99222251176451,-0.020338981732465206,-1131.1215549269427,-873.1568234511553
2,303.39500000000004,31.600000000000023,1727.5476107942006,59.99221106951083,-0.020302996859720295,-1129.120846851559,-874.4291457669771
2,303.495,31.69999999999999,1729.9196916354108,59.99219962725714,-0.02026524876447505,-1127.0220958037114,-875.7014680842135
2,303.595,31.80000000000001,1731.9519735471717,59.992190499800486,-0.02022589196968874,-1124.83385448389,-876.7163963593131
2,303.695,31.899999999999977,1734.1322111282327,59.99218518581568,-0.020185043851025528,-1122.5626242216779,-877.3072853266741
2,303.795,32.0,1736.2522895732118,59.99217905815951,-0.020142774296570836,-1120.21236978466,-877.9886505456808
2,303.89500000000004,32.10000000000002,1738.521833724315,59.99217374294929,-0.02009916128761229,-1117.787399670461,-878.57967577195
2,303.995,32.19999999999999,1740.7415036239154,59.99216992886473,-0.020054256195879208,-1115.290558819323,-879.0037832105572
2,304.095,32.30000000000001,1743.1305270245557,59.99216842651367,-0.020007945850570506,-1112.7155410016314,-879.1708372571271
2,304.195,32.39999999999998,1745.5120881764096,59.99216611539288,-0.01996009316806372,-1110.054776425402,-879.4278225197104
2,304.295,32.5,1748.0748379048996,59.992164611816406,-0.01991069418702176,-1107.3080176697006,-879.5950128251884
2,304.39500000000004,32.60000000000002,1750.6764328145086,59.992164611816406,-0.019859804026004645,-1104.4783180271952,-879.5950128251884
2,304.495,32.69999999999999,1753.4361501486012,59.99216692109909,-0.019807439072161127,-1101.5665754697388,-879.3382319523819
2,304.595,32.80000000000001,1756.3459817339217,59.99216842651367,-0.019753602416835853,-1098.5730138876218,-879.1708372571271
2,304.695,32.89999999999998,1759.3723750765432,59.99217073457095,-0.019698310865420194,-1095.4985410280992,-878.9141926432287
2,304.795,33.0,1762.5589311001122,59.99217454865551,-0.01964158377045609,-1092.3442214796858,-878.4900852046214
2,304.89500000000004,33.10000000000002,1765.8321092840272,59.99217836274007,-0.01958344763409914,-1089.1115538869296,-878.0659777660142
2,304.995,33.19999999999999,1769.1827253763831,59.992182176824635,-0.01952391946697269,-1085.801484122873,-877.6418703259923
2,305.095,33.30000000000001,1772.6200430159636,59.99218829651565,-0.019462992080869934,-1082.4135747921407,-876.9613907927173
2,305.195,33.39999999999998,1776.127350392695,59.99219361969102,-0.01940065547297364,-1078.9473206558566,-876.3694798807164
2,305.295,33.5,1779.7212794200043,59.99219973815663,-0.01933692543657596,-1075.403573908174,-875.6891366063496
2,305.39500000000004,33.60000000000002,1783.3878401656118,59.99220506255741,-0.019271823885430854,-1071.7835789348578,-875.0970894340261
2,305.495,33.69999999999999,1787.121253209982,59.99221117979761,-0.019205530640485788,-1068.0973087767682,-874.4168824199819
2,305.595,33.80000000000001,1790.918405230775,59.99221880796673,-0.019138240219215598,-1064.3555679870392,-873.5686675427675
2,305.695,33.89999999999998,1794.7775174835424,59.99222643613586,-0.019069902333193115,-1060.5555848199085,-872.7204526641383
2,305.795,34.0,1798.709543553496,59.99223176298745,-0.0190004457100637,-1056.69343301804,-872.1281329739985
2,305.89500000000004,34.10000000000002,1802.709564081544,59.99223787777684,-0.018929855777456282,-1052.7682527609186,-871.4481984777706
2,305.995,34.19999999999999,1806.7777590557105,59.99224550594596,-0.01885813114870852,-1048.7799556041193,-870.5999835991414
2,306.095,34.30000000000001,1810.9134135235556,59.99225313411508,-0.018785276257549968,-1044.728812270331,-869.7517687219269
2,306.195,34.39999999999998,1815.1112450324867,59.992260762284204,-0.01871129222647424,-1040.614885196402,-868.9035538447124
2,306.295,34.5,1819.369848028933,59.992268390453326,-0.018636174184062847,-1036.4379035338175,-868.0553389674978
2,306.39500000000004,34.60000000000002,1823.6926781654072,59.99227601862245,-0.018559929650005216,-1032.1982854289547,-867.2071240888687
2,306.495,34.69999999999999,1828.0771639266652,59.99228364679157,-0.018482577241777695,-1027.8970661089138,-866.3589092116542
2,306.595,34.80000000000001,1832.5178980252938,59.99229127496069,-0.018404129970372364,-1023.5349690576181,-865.5106943344397
2,306.695,34.89999999999998,1837.0177585639788,59.992298903129814,-0.01832460499151111,-1019.1129482220018,-864.6624794572252
2,306.795,35.0,1841.5796109011737,59.99230653129894,-0.018244016801276037,-1014.6318096621014,-863.8142645785961
2,306.89500000000004,35.10000000000002,1846.201913080607,59.99231415946806,-0.01816237134720744,-1010.0918841050119,-862.9660497013816
2,306.995,35.19999999999999,1850.8816624196295,59.99232178763718,-0.018079680193501604,-1005.4938145858187,-862.1178348241671
2,307.095,35.30000000000001,1855.6174726771128,59.9923294158063,-0.017995986971110222,-1000.8400271767094,-861.2696199469526
2,307.195,35.39999999999998,1860.395281984382,59.992337043975425,-0.01791154679151506,-996.1447070945081,-860.4214050683235
2,307.295,35.5,1865.217091227972,59.99234467214455,-0.01782632011613861,-991.4056558540673,-859.5731901911089
2,307.39500000000004,35.60000000000002,1870.0902509386055,59.99235230031368,-0.017740171343456707,-986.61533349641,-858.7249753124797
2,307.495,35.69999999999999,1875.0155434171902,59.9923599284828,-0.017653085204027426,-981.7728909987878,-857.8767604352653
2,307.595,35.80000000000001,1879.992673859811,59.99236755665192,-0.017565068426529086,-976.8787025199217,-857.0285455580507
2,307.695,35.89999999999998,1885.0204712070908,59.99237518482104,-0.017476137761903803,-971.9336994951597,-856.1803306808363
2,307.795,36.0,1890.0978128670351,59.9923851020536,-0.017386302889264578,-966.9383866881026,-855.0775832098716
2,307.89500000000004,36.10000000000002,1895.223478724712,59.99239425585655,-0.017295571255601994,-961.8932230947198,-854.0597253569313
2,307.995,36.19999999999999,1900.3970539841732,59.992401884025675,-0.01720395924477402,-956.799130588192,-853.2115104783022
2,308.095,36.30000000000001,1905.6185874657126,59.9924095121948,-0.017111482496896598,-951.6569565420398,-852.3632956010877
2,308.195,36.39999999999998,1910.8872742816789,59.99241714036392,-0.01701814883292545,-946.4671358481348,-851.5150807238731
2,308.295,36.5,1916.204040017576,59.99242476853304,-0.01692396383810338,-941.2299790839197,-850.6668658466587
2,308.39500000000004,36.60000000000002,1921.5684727400119,59.99243468208938,-0.016828934213585105,-935.945826549604,-849.564527153833
2,308.495,36.69999999999999,1926.980374501366,59.99244383956855,-0.016733074100036514,-930.6155078644415,-848.5462605227538
2,308.595,36.80000000000001,1932.4386995280631,59.99245146773767,-0.016636403230247176,-925.2401308954007,-847.6980456455392
2,308.695,36.89999999999998,1937.9419086087432,59.992459095906796,-0.016538927588256456,-919.8200067618814,-846.84983076691
2,308.795,37.0,1943.4867368821283,59.99246672407592,-0.01644066463015467,-914.3561061044484,-846.0016158896956
2,308.89500000000004,37.10000000000002,1949.0600510060226,59.99247435224504,-0.01634182654102194,-908.8602272352563,-845.153401012481
2,308.995,37.19999999999999,1954.6662558835294,59.99248426212515,-0.016242367774008802,-903.3298064382823,-844.0514710977942
2,309.095,37.30000000000001,1960.3120272667363,59.99249342328056,-0.016142193530170115,-897.7596142369271,-843.0327956871614
2,309.195,37.39999999999998,1965.9969933372272,59.99250105144968,-0.016041334380999743,-892.151360923275,-842.184580809947
2,309.295,37.5,1971.7202572330884,59.9925086796188,-0.01593981823356509,-886.5065773207323,-841.3363659327324
2,309.39500000000004,37.60000000000002,1977.4809117401464,59.99251630778792,-0.015837655592095847,-880.8258475166624,-840.488151055518
2,309.495,37.69999999999999,1983.2803660980032,59.99252621460451,-0.01573485608454681,-875.109676738171,-839.3865617895159
2,309.595,37.80000000000001,1989.1174156809047,59.99253537882343,-0.015631447783128277,-869.3596662061301,-838.3675457316131
2,309.695,37.89999999999998,1994.9892746741232,59.992543006992555,-0.01552744455775561,-863.5765973155807,-837.5193308543985
2,309.795,38.0,2000.8949854550863,59.99255063516168,-0.015422857525661792,-857.7610679229341,-836.6711159757693
2,309.89500000000004,38.10000000000002,2006.8345716888825,59.992560539527446,-0.015317695857217987,-851.9135586407864,-835.5697992304127
2,309.995,38.19999999999999,2012.8080825683114,59.99256970619719,-0.015211953456045991,-846.0337696409574,-834.550510653279
2,310.095,38.30000000000001,2018.8182116593352,59.99257733436631,-0.015105617109960163,-840.1209762610767,-833.7022957746499
2,310.195,38.39999999999998,2024.858556466205,59.99258723689397,-0.014998672855853405,-834.1743536321076,-832.6011834176554
2,310.295,38.5,2030.9268985090278,59.99259640540182,-0.014891112281755636,-828.1934722995102,-831.581690450745
2,310.39500000000004,38.60000000000002,2037.027686472307,59.99260403357094,-0.014782927958477184,-822.1779290069445,-830.7334755735304
2,310.495,38.69999999999999,2043.1609446681503,59.992611661740064,-0.014674120563941925,-816.12774204292,-829.885260696316
2,310.595,38.80000000000001,2049.32786791906,59.992619289909186,-0.014564669257226735,-810.0417525874105,-829.0370458191014
2,310.695,38.89999999999998,2055.522813345432,59.99262691807831,-0.014454533456242263,-803.9177041395724,-828.1888309404723
2,310.795,39.0,2061.7432698593866,59.99263227556512,-0.014343687170416982,-797.7541789174736,-827.593104764899
2,310.89500000000004,39.10000000000002,2067.983698339126,59.992638359719294,-0.014232275851813955,-791.5592281078453,-826.9165767541045
2,310.995,39.19999999999999,2074.2495710873495,59.99264371843151,-0.014120357866206634,-785.3361145084543,-826.3207143196231
2,311.095,39.30000000000001,2080.537158861906,59.992645263671875,-0.014007877753829098,-779.081790514518,-826.1488911928803
2,311.195,39.39999999999998,2086.8456788128915,59.992647531903366,-0.013894857862384476,-772.7974446790781,-825.89667501047
2,311.295,39.5,2093.178420211739,59.99264907836914,-0.013781336049402368,-766.4851989638216,-825.7247156234043
2,311.39500000000004,39.60000000000002,2099.552727630353,59.99264907836914,-0.013667342555193071,-760.1467441099836,-825.7247156234043
2,311.495,39.69999999999999,2105.953558500579,59.99264681197576,-0.013552915545583131,-753.7842100338785,-825.9767274174526
2,311.595,39.80000000000001,2112.3743801980886,59.992645263671875,-0.013438075484987325,-747.3987002650705,-826.1488911928803
2,311.695,39.89999999999998,2118.851782406942,59.992642998503904,-0.013322847894875476,-740.9916501661711,-826.4007667266059
2,311.795,40.0,2125.356535894712,59.99263918441934,-0.013207256741321522,-734.5644013650731,-826.8248741666278
2,311.89500000000004,40.10000000000002,2131.8726740762672,59.99263537033478,-0.013091304758458891,-728.1170883906907,-827.2489816038203
2,311.995,40.19999999999999,2138.410115076266,59.99262929292036,-0.01297498967646934,-721.6496097134941,-827.924760187791
2,312.095,40.30000000000001,2144.988277563972,59.992623927468394,-0.01285828276945128,-715.1603352413435,-828.5213720505108
2,312.195,40.39999999999998,2151.5708276814216,59.992617851279384,-0.012741145020583567,-708.6471109361663,-829.1970143755734
2,312.295,40.5,2158.149166471125,59.992612484602006,-0.012623574215992951,-702.1097984119601,-829.7937624972012
2,312.39500000000004,40.60000000000002,2164.7540507109825,59.992606409638405,-0.012505623195445976,-695.5513508625825,-830.4692685619411
2,312.495,40.69999999999999,2171.3878144026185,59.992598781469276,-0.012387344562213715,-688.974701805452,-831.3174834405703
2,312.595,40.80000000000001,2178.048732052959,59.992591153300154,-0.012268765793602874,-682.3813625934844,-832.1656983177847
2,312.695,40.89999999999998,2184.744476249735,59.992581266090106,-0.012149893408572438,-675.7717187702848,-833.2651074327698
2,312.795,41.0,2191.463560619656,59.992572082264644,-0.012030758420193887,-669.147464135739,-834.2863036416896
2,312.89500000000004,41.10000000000002,2198.2024167333857,59.992562196280005,-0.011911374959410104,-662.5093987008823,-835.385576496352
2,312.995,41.19999999999999,2204.9367420111976,59.99255075402632,-0.011792244318151094,-655.8854044186119,-836.6578988135884
2,313.095,41.30000000000001,2211.5677071438713,59.99253931177264,-0.011674967751360465,-649.3645013323588,-837.9302211294101
2,313.195,41.39999999999998,2218.0105433771937,59.99253012549636,-0.011560957965288764,-643.0252193462916,-838.9516898575608
2,313.295,41.5,2224.2498476964056,59.99252024196254,-0.011450635914448738,-636.890994263618,-840.0506901929924
2,313.39500000000004,41.60000000000002,2230.2874888791735,59.99250879970885,-0.011343913808000648,-630.956952694967,-841.3230125102288
2,313.495,41.69999999999999,2236.124522816051,59.99249961159446,-0.011240581092848019,-625.211350749709,-842.3446856267416
2,313.595,41.80000000000001,2241.7725976342936,59.99249198342534,-0.011140425235076065,-619.6423779040542,-843.1929005039561
2,313.695,41.89999999999998,2247.2448020712036,59.99248435525622,-0.011043326654272507,-614.2433999694632,-844.0411153825852
2,313.795,42.0,2252.5473046969128,59.992476727087094,-0.010949103532665929,-609.0043072458733,-844.8893302597997
2,313.89500000000004,42.10000000000002,2257.6920684020406,59.99246909891797,-0.010857439233894211,-603.9074936018483,-845.7375451370142
2,313.995,42.19999999999999,2262.69988819567,59.99246372182462,-0.01076798941347711,-598.933791845184,-846.3354514636046
2,314.095,42.30000000000001,2267.588561207852,59.992459907740056,-0.010680442872803328,-594.0659048616361,-846.7595589036265
2,314.195,42.39999999999998,2272.3729167660067,59.9924560936555,-0.010594528571723775,-589.2887760678682,-847.1836663408192
2,314.295,42.5,2277.065493173475,59.992452279570934,-0.010509944560381401,-584.5856159141482,-847.6077737808411
2,314.39500000000004,42.60000000000002,2281.6765957056364,59.99245071411133,-0.010426392171734121,-579.9397976759358,-847.7818451866403
2,314.495,42.69999999999999,2286.2111937574664,59.99245296212358,-0.01034376967980754,-575.3456518717157,-847.5318772847011
2,314.595,42.80000000000001,2290.670032299029,59.99245677620814,-0.01026216373858757,-570.8080169697519,-847.1077698460938
2,314.695,42.89999999999998,2295.101095080107,59.9924605902927,-0.010181665608412287,-566.3319811088098,-846.6836624060719
2,314.795,43.0,2299.601886086323,59.9924666505514,-0.010102375113718497,-561.9230758222803,-846.0097914538875
2,314.89500000000004,43.10000000000002,2304.02384433569,59.992476524281955,-0.010024494509467812,-557.5925344780586,-844.9118811939644
2,314.995,43.19999999999999,2308.5436389015067,59.992487966535634,-0.009948293105248869,-553.3553511968598,-843.6395588767281
2,315.095,43.30000000000001,2313.2220100968984,59.99249940878932,-0.00987400194504971,-549.2243861695559,-842.3672365609062
2,315.19500000000005,43.400000000000034,2317.964558749349,59.99251309476632,-0.009801714842940977,-545.2048372698606,-840.8454232493235
2,315.295,43.5,2322.7880639781765,59.99253059421518,-0.009731311371703737,-541.2899957907658,-838.8995706300021
2,315.39500000000004,43.60000000000002,2327.629579616981,59.99254966463799,-0.009662610169056111,-537.4697961205692,-836.7790334355512
2,315.495,43.69999999999999,2332.423399369203,59.9925687350608,-0.009595526768857358,-533.7395544897311,-834.6584962411004
2,315.595,43.80000000000001,2337.1927383182697,59.992590046756106,-0.009530024156345325,-530.0971947071735,-832.2887405715338
2,315.69500000000005,43.900000000000034,2341.9372411152603,59.99261293126347,-0.009466068541982292,-526.5408435545456,-829.7440959384757
2,315.795,44.0,2346.6405093214207,59.992638055817935,-0.00940377467874061,-523.0768766073335,-826.95036908921
2,315.89500000000004,44.10000000000002,2351.335569210771,59.992664754409866,-0.009343417961069009,-519.720612277145,-823.9816170175445
2,315.995,44.19999999999999,2356.0083904223457,59.992693691823476,-0.009285061269546216,-516.4755418718413,-820.7639189899943
2,316.095,44.30000000000001,2360.6156130164845,59.992724204499964,-0.009228752014265191,-513.3443068942189,-817.3710594797217
2,316.19500000000005,44.400000000000034,2365.1828285459947,59.99275471717646,-0.009174661454168695,-510.3364421674298,-813.9781999680343
2,316.295,44.5,2369.771367951372,59.99278746683652,-0.009122752207560212,-507.44985181072906,-810.336598890239
2,316.39500000000004,44.60000000000002,2374.4281611701454,59.99282179359757,-0.009072909561556361,-504.67816253094566,-806.5196319413591
2,316.495,44.69999999999999,2379.1527006674382,59.992858356116784,-0.009025266012275594,-502.0287365952676,-802.4540596838646
2,316.595,44.80000000000001,2383.9325161746115,59.992896496962395,-0.008979969278607391,-499.50979271176817,-798.2129852963774
2,316.69500000000005,44.900000000000034,2388.7720069676952,59.99293463780801,-0.008936917681696934,-497.1156890013727,-793.9719109074756
2,316.795,45.0,2393.677998200592,59.99297277865362,-0.008895717075987894,-494.8245094221296,-789.7308365199884
2,316.89500000000004,45.10000000000002,2398.652243246884,59.99301315280658,-0.008856171907074994,-492.6253636890027,-785.2414293417028
2,316.995,45.19999999999999,2403.6881932087967,59.99305510773676,-0.008818380552300045,-490.5237267995863,-780.5762475141937
2,317.095,45.30000000000001,2408.777212190124,59.99309706266693,-0.008782384303089375,-488.5219063284418,-775.9110656880993
2,317.19500000000005,45.400000000000034,2413.919120202831,59.99314124906633,-0.008748064342966376,-486.61327909376024,-770.9977554609832
2,317.295,45.5,2419.1063762974827,59.99318478722454,-0.008715541269827645,-484.8045718301809,-766.1565264664346
2,317.39500000000004,45.60000000000002,2424.3321942195557,59.99322897239854,-0.008684975029574557,-483.1046683293344,-761.2433524982264
2,317.495,45.69999999999999,2429.5917222917255,59.99327474141328,-0.008656217393827634,-481.5053196440858,-756.1540632321102
2,317.595,45.80000000000001,2434.888504278305,59.99332051042801,-0.008629304732932289,-480.0085594738698,-751.0647739659938
2,317.69500000000005,45.900000000000034,2440.240344642178,59.99336850784846,-0.008604354063845344,-478.62087798676714,-745.7276969489552
2,317.795,46.0,2445.6543772618106,59.99341586315475,-0.008581564660877266,-477.3533760451749,-740.4620198656999
2,317.89500000000004,46.10000000000002,2451.1256178804747,59.99346385934979,-0.008561126697973643,-476.2166183566622,-735.1250791075694
2,317.995,46.19999999999999,2456.6415534088387,59.993513442449085,-0.008543108726070506,-475.2144095083233,-729.6116824042605
2,318.095,46.30000000000001,2462.206471404882,59.993563025548376,-0.008527510003819511,-474.3467194248755,-724.0982856995369
2,318.19500000000005,46.400000000000034,2467.827930267856,59.99361260864767,-0.008514332725049265,-473.6136697870287,-718.5848889948134
2,318.295,46.5,2473.5035300789427,59.993664416476456,-0.00850351131618396,-473.0115983136389,-712.8241133173063
2,318.39500000000004,46.60000000000002,2479.248643854906,59.993715589543534,-0.008495076957681992,-472.5422588983909,-707.133920017305
2,318.495,46.69999999999999,2485.042829033801,59.99376739614691,-0.008489083979037073,-472.2086630359721,-701.3732805987061
2,318.595,46.80000000000001,2490.872985624172,59.993818570439394,-0.008485414761806986,-472.00427954747755,-695.6829510397965
2,318.69500000000005,46.900000000000034,2496.7524569346315,59.99387037581736,-0.008484012640562713,-471.9259483695318,-689.9224478801057
2,318.795,47.0,2502.690314087348,59.993923773001214,-0.0084850451066238,-471.9829753054761,-683.9849437367749
2,318.89500000000004,47.10000000000002,2508.7288673663165,59.993977170185076,-0.008488618570849317,-472.18128809654377,-678.0474395934441
2,318.995,47.19999999999999,2514.8035289888176,59.99403056736893,-0.008494750840408107,-472.52187652366996,-672.1099354501132
2,319.095,47.30000000000001,2520.8845806961253,59.994083964552786,-0.008503465824681219,-473.00606966253486,-666.172431308197
2,319.19500000000005,47.400000000000034,2527.0023135716174,59.99413736173665,-0.008514761163649976,-473.6337359427568,-660.2349271634516
2,319.295,47.5,2533.152201014396,59.99419297752294,-0.008528729515084972,-474.4100111004902,-654.0507253447071
2,319.39500000000004,47.60000000000002,2539.3398655524747,59.99424797080163,-0.008545099211622779,-475.3198097597922,-647.9357433087287
2,319.495,47.69999999999999,2545.552734375001,59.994301367985486,-0.008564030934230497,-476.37207284855236,-641.9982391653979
2,319.595,47.80000000000001,2551.7945413512907,59.99435698193367,-0.008585401921100152,-477.55994674938904,-635.8142417350153
2,319.69500000000005,47.900000000000034,2558.0789965890926,59.99441197705047,-0.008608593178689826,-478.8490341375545,-629.6990553106749
2,319.795,48.0,2564.399175254854,59.99446537423432,-0.008633463332352345,-480.23148117195785,-623.7615511673441
2,319.89500000000004,48.10000000000002,2570.740364091864,59.9945209863444,-0.008660026612505204,-481.7080512092081,-617.5777581253237
2,319.995,48.19999999999999,2577.1090298464846,59.994575983299306,-0.008688075202279365,-483.26720949356195,-611.4623673112065
2,320.095,48.30000000000001,2583.5217352210616,59.99463159418397,-0.008717609252756744,-484.9089552555511,-605.2787105295089
2,320.19500000000005,48.400000000000034,2589.9734408252725,59.99468880545239,-0.008748822873640778,-486.64407386229885,-598.9170989475708
2,320.295,48.5,2596.4567329169035,59.99474380424541,-0.008781833605738499,-488.47912858551746,-592.8015037450915
2,320.39500000000004,48.60000000000002,2602.970234999276,59.994799413291965,-0.008816572575756047,-490.4102689561766,-586.618051351756
2,320.495,48.69999999999999,2609.5148643054945,59.994856624560384,-0.008852843669537237,-492.42658299593455,-580.2564397698179
2,320.595,48.80000000000001,2616.0820502291303,59.99491162519152,-0.008890131090244432,-494.4994196263221,-574.1406401775619
2,320.69500000000005,48.900000000000034,2622.673240007256,59.99496723239996,-0.008927214237775491,-496.5608903203407,-567.9573921740031
2,320.795,49.0,2629.300915201878,59.99502444366838,-0.008962902914489783,-498.5448105706147,-561.595780592065
2,320.89500000000004,49.10000000000002,2635.9714305668176,59.99508165493679,-0.00899696325012082,-500.4381890029735,-555.234169010127
2,320.995,49.19999999999999,2642.6674664304674,59.99513886620521,-0.009029668044398208,-502.25619394338776,-548.8725574281889
2,321.095,49.30000000000001,2649.321066724349,59.99519607747363,-0.009060923012055485,-503.99358318379734,-542.5109458462508
2,321.19500000000005,49.400000000000034,2655.84223747315,59.99525328874205,-0.009090335280662897,-505.62851265027075,-536.149334262898
2,321.295,49.5,2662.1906017544884,59.99531050001047,-0.009117822917019716,-507.156427006446,-529.78772268096
2,321.39500000000004,49.60000000000002,2668.3712495043483,59.99536550554324,-0.009143374146761392,-508.5766888133413,-523.671378051657
2,321.495,49.69999999999999,2674.4004245443125,59.99541669760415,-0.009166781852931894,-509.8777948932845,-517.9790727315071
2,321.595,49.80000000000001,2680.3270448365492,59.99546848521369,-0.009187546279849811,-511.0319246346776,-512.2205453330566
2,321.69500000000005,49.900000000000034,2686.196694094388,59.99552188239755,-0.00920510715097453,-512.0079184335625,-506.2830411897258
2,321.795,50.0,2692.0201396801226,59.99557307629657,-0.009219030891818861,-512.7816989404284,-500.59053147979927
2,321.89500000000004,50.10000000000002,2697.787383356779,59.995624862068,-0.009228986349445075,-513.3348325299646,-494.8322084725401
2,321.995,50.19999999999999,2703.4869051062324,59.995678259251854,-0.009234756624719221,-513.655251957912,-488.8947043292093
2,322.095,50.30000000000001,2709.161053955,59.995729454989,-0.00923628975355138,-513.740098110619,-483.201990229506
2,322.19500000000005,50.400000000000034,2714.8918512713853,59.995781238922305,-0.009233517407739117,-513.5855507716562,-477.44387161060894
2,322.295,50.5,2720.7715113928134,59.99583243588485,-0.009226506407059416,-513.1953348671271,-471.75102125199754
2,322.39500000000004,50.60000000000002,2726.8523797005537,59.99588421859276,-0.009215482595591169,-512.5819989910065,-465.9930388920086
2,322.495,50.69999999999999,2733.052056969073,59.99593541678071,-0.009200188569297345,-511.73124084047265,-460.30005227448913
2,322.595,50.80000000000001,2739.401288212361,59.99598499988001,-0.009180508022652228,-510.6366022116157,-454.78665556976557
2,322.69500000000005,50.900000000000034,2745.524386809414,59.9960367807498,-0.009156391563099204,-509.29530795735906,-449.02887759955337
2,322.795,51.0,2751.348375731562,59.99608798077587,-0.009128132867939466,-507.72370879427814,-443.33568659225716
2,322.89500000000004,51.10000000000002,2757.076077136206,59.996135367330076,-0.009096064551416592,-505.9403235267019,-438.06653489552883
2,322.995,51.19999999999999,2762.6875785830084,59.99618333227719,-0.009060852424954533,-503.9821384214608,-432.733068752286
2,323.095,51.30000000000001,2768.138009566111,59.996230720056815,-0.009023836922466529,-501.9236916644714,-427.46378079523487
2,323.19500000000005,51.400000000000034,2773.410866869406,59.99627429436458,-0.008986128088167003,-499.826726995608,-422.618532147337
2,323.295,51.5,2778.5014129648484,59.99631624929475,-0.008948242184106186,-497.71993209010816,-417.9533503212426
2,323.39500000000004,51.60000000000002,2783.4008931798116,59.99635601074336,-0.008910268263031507,-495.6082624931526,-413.5320728516293
2,323.495,51.69999999999999,2788.1066307903598,59.99639415158898,-0.008872135925871688,-493.48779950664346,-409.29099846414215
2,323.595,51.80000000000001,2792.625031135186,59.996430100178436,-0.008833903180889427,-491.36177252240844,-405.293692174228
2,323.69500000000005,51.900000000000034,2796.9693982706117,59.99646442693949,-0.008795711828752915,-489.23806130110887,-401.4767252253481
2,323.795,52.0,2801.1434978285374,59.99649656266979,-0.008757525296876404,-487.1146364224595,-397.90339011654777
2,323.89500000000004,52.10000000000002,2805.1460267191655,59.996527075346286,-0.00871915192353166,-484.9808370438923,-394.5105306048605
2,323.995,52.19999999999999,2808.985980775553,59.99655539821744,-0.008680465423860736,-482.8296456736341,-391.3611666743447
2,324.095,52.30000000000001,2812.676216162251,59.99658209680936,-0.00864126258734655,-480.64975943636324,-388.3924146040939
2,324.19500000000005,52.400000000000034,2816.2215825959192,59.996606606821366,-0.008601198564356835,-478.42200853393473,-385.66702185186267
2,324.295,52.5,2819.6208558442554,59.99662949132873,-0.008559990074566906,-476.1306382726311,-383.12237722021916
2,324.39500000000004,52.60000000000002,2822.87488353716,59.99665018848158,-0.008517664409647322,-473.7771699976758,-380.82095564768713
2,324.495,52.69999999999999,2826.0113653617386,59.99666925890439,-0.008474404322581206,-471.37176065630445,-378.70041845323624
2,324.595,52.80000000000001,2829.0510975426896,59.99668832932719,-0.008430368446502941,-468.9232186306376,-376.57988126019995
2,324.69500000000005,52.900000000000034,2832.130869884106,59.99670521423359,-0.00838556176965766,-466.4318367127615,-374.70236273791306
2,324.795,53.0,2835.405650432034,59.99671828566814,-0.00833994018555961,-463.89517377182653,-373.24888352477933
2,324.89500000000004,53.10000000000002,2838.4949606488926,59.996729727921824,-0.008293484089315073,-461.3121241300578,-371.97656120895755
2,324.995,53.19999999999999,2841.7309734223168,59.996741170175504,-0.008246141183107777,-458.679768556498,-370.7042388931358
2,325.095,53.30000000000001,2845.246958790506,59.9967504293636,-0.008197907462819011,-455.99789949251453,-369.67466272883263
2,325.19500000000005,53.400000000000034,2848.364974627571,59.996755875079835,-0.008148846798389417,-453.2700790445274,-369.06912587509726
2,325.295,53.5,2851.503458711138,59.9967596891644,-0.008099033783731158,-450.50043933292625,-368.64501843649003
2,325.39500000000004,53.60000000000002,2854.5469580533,59.996763503248964,-0.008048623438578704,-447.6975882475542,-368.22091099788275
2,325.495,53.69999999999999,2857.4940759626343,59.99676513671875,-0.007997736560974784,-444.86825685064343,-368.0392771929779
2,325.595,53.80000000000001,2860.4175051729903,59.99676513671875,-0.007946494605046352,-442.0191940823648,-368.0392771929779
2,325.69500000000005,53.900000000000034,2863.2084920548045,59.99676513671875,-0.007895032934775054,-439.15791515366516,-368.0392771929779
2,325.795,54.0,2866.0068966393455,59.99676295794209,-0.007843411126085168,-436.28774686458087,-368.28154643831823
2,325.89500000000004,54.10000000000002,2868.867844593553,59.99675696569358,-0.00779168050291318,-433.4115532600977,-368.9478549928117
2,325.995,54.19999999999999,2871.802289933971,59.9967515150757,-0.007739932611381227,-430.5343954857841,-369.5539368850086
2,326.095,54.30000000000001,2874.795813031416,59.9967455240526,-0.007688092670071032,-427.6521227432096,-370.2201091791794
2,326.19500000000005,54.400000000000034,2877.847862746071,59.99673789588348,-0.007635702633942434,-424.7392745970551,-371.0683240563939
2,326.295,54.5,2880.957803394724,59.99672809200121,-0.007582262422188795,-421.7680496477033,-372.1584675316786
2,326.39500000000004,54.60000000000002,2884.1184059287684,59.996720999948394,-0.007527614121408745,-418.7296366218484,-372.9470689145121
2,326.495,54.69999999999999,2887.351307967909,59.996715011376104,-0.007471775287317118,-415.6250220766618,-373.61296869086675
2,326.595,54.80000000000001,2890.6730144536277,59.99670738320698,-0.007414739058103784,-412.4538417310943,-374.46118356808125
2,326.69500000000005,54.900000000000034,2894.02740182457,59.99669975503786,-0.007356500397132643,-409.2158051473939,-375.30939844529576
2,326.795,55.0,2897.4757236538308,59.99669212686874,-0.007297073056819046,-405.911676940263,-376.1576133239249
2,326.89500000000004,55.10000000000002,2901.0724775716894,59.99668667073653,-0.007236470080914482,-402.54216910813125,-376.76430838120814
2,326.995,55.19999999999999,2904.650966665119,59.99668068522776,-0.007174706215160359,-399.1081181290525,-377.42986751029264
2,327.095,55.30000000000001,2908.3752519048153,59.99667522787014,-0.007111803321478954,-395.6107331086687,-378.0366988278986
2,327.19500000000005,55.400000000000034,2912.334366545662,59.99667141378558,-0.007047769643182024,-392.05046583786464,-378.46080626650587
2,327.295,55.5,2916.3700287227953,59.99666759970101,-0.006982589073445072,-388.4264306742804,-378.88491370652775
2,327.39500000000004,55.60000000000002,2920.3349803087613,59.996663785616455,-0.006916219268803117,-384.7362732983503,-379.309021145135
2,327.495,55.69999999999999,2924.1729710447485,59.99666213989258,-0.006848668633148551,-380.98044847171985,-379.4920175433645
2,327.595,55.80000000000001,2928.003428556282,59.9966599721446,-0.006779978601959028,-377.16127571929434,-379.7330604542882
2,327.69500000000005,55.900000000000034,2931.8947273938197,59.99665832519531,-0.006710164942424082,-373.2796257213549,-379.9161931114258
2,327.795,56.0,2935.8467079993434,59.99665832519531,-0.006639246791158388,-369.33655627980664,-379.9161931114258
2,327.89500000000004,56.10000000000002,2939.860577312193,59.99665832519531,-0.006567229876334192,-365.33239527095594,-379.9161931114258
2,327.995,56.19999999999999,2943.934988559191,59.99665832519531,-0.006494105067295593,-361.26663502772993,-379.9161931114258
2,328.095,56.30000000000001,2948.078325065125,59.99665832519531,-0.006419877210405197,-357.13954500927196,-379.9161931114258
2,328.19500000000005,56.400000000000034,2952.294708791135,59.996660489267065,-0.006344550293252451,-352.95133538243806,-379.6755589800556
2,328.295,56.5,2956.5748230627496,59.99666213989258,-0.006268121321873169,-348.70185421020733,-379.4920175433645
2,328.39500000000004,56.60000000000002,2960.9034984967293,59.99666213989258,-0.006190596480303049,-344.3914511515271,-379.4920175433645
2,328.495,56.69999999999999,2965.27827141379,59.99666430212622,-0.00611199883066797,-340.0213885499292,-379.2515878003564
2,328.595,56.80000000000001,2969.709433051042,59.996665954589844,-0.00603233560739658,-335.59208262871,-379.0678419753032
2,328.69500000000005,56.900000000000034,2974.2052142728094,59.996665954589844,-0.005951606129648221,-331.1035011533808,-379.0678419753032
2,328.795,57.0,2978.7620938623063,59.99666811498537,-0.005869821862219191,-326.55626241487573,-378.82761662065724
2,328.89500000000004,57.10000000000002,2983.377636883447,59.99666976928711,-0.005786997962735826,-321.95122260760104,-378.6436664058273
2,328.995,57.19999999999999,2988.05142277596,59.99667192845723,-0.005703150054186798,-317.28924542460123,-378.403577311504
2,329.095,57.30000000000001,2992.7816607177824,59.99667574254179,-0.005618293697931095,-312.57119076090635,-377.97946987289674
2,329.19500000000005,57.400000000000034,2997.567480531493,59.99667739868164,-0.005532436614178165,-307.7975059635639,-377.7953152697047
2,329.295,57.5,3002.4015549397186,59.996679556013646,-0.005445685213113995,-302.9740948281128,-377.5554305637435
2,329.39500000000004,57.60000000000002,3007.2801026253323,59.996681213378906,-0.0053581563680179176,-298.10746016517425,-377.37113970022875
2,329.495,57.69999999999999,3012.20815368515,59.9966833694855,-0.005269790728691083,-293.1942975552689,-377.1313912545903
2,329.595,57.80000000000001,3017.188126311287,59.99668718357007,-0.005180523109882854,-288.2309777470254,-376.7072838159831
2,329.69500000000005,57.900000000000034,3022.219458148983,59.996690997654625,-0.0050903515693684,-283.2174002310973,-376.2831763773758
2,329.795,58.0,3027.3016294288836,59.9966926574707,-0.004999274466488299,-278.153482851671,-376.0986129946303
2,329.89500000000004,58.10000000000002,3032.4286703911794,59.99669481112648,-0.00490729635232236,-273.03946723110033,-375.8591370682226
2,329.995,58.19999999999999,3037.5978792155615,59.996698625211046,-0.00481442657382811,-267.87586845884107,-375.4350296282007
2,330.095,58.30000000000001,3042.812321933412,59.996700286865234,-0.004720673674012695,-262.66317706217313,-375.2502618585077
2,330.19500000000005,58.400000000000034,3048.075446276203,59.9967024386829,-0.004626040228897078,-257.40152548280406,-375.01099032046216
2,330.295,58.5,3053.385543181128,59.99670625276746,-0.004530548356494983,-252.0921391435946,-374.5868828818549
2,330.39500000000004,58.60000000000002,3058.74198633691,59.996707916259766,-0.004434224492770029,-246.73650251773662,-374.4019107209705
2,330.495,58.69999999999999,3064.1431009137577,59.99671006623932,-0.004337071280682959,-241.3347524168964,-374.16284357270166
2,330.595,58.80000000000001,3069.5920781896248,59.99671173095703,-0.004239090778013746,-235.8870068422618,-373.9777351529092
2,330.69500000000005,58.900000000000034,3075.086408762776,59.99671387971118,-0.004140353874625569,-230.39720379548706,-373.73880426213384
2,330.795,59.0,3080.613891483924,59.99671769379574,-0.004041017600689094,-224.87407030083887,-373.31469682352656
2,330.89500000000004,59.10000000000002,3086.177306364254,59.99671936035156,-0.003941042302520354,-219.31541466577454,-373.12938401537195
2,330.995,59.19999999999999,3091.781432576093,59.996721507267594,-0.003840341554626147,-213.71642258565433,-372.890657515788
2,331.095,59.30000000000001,3097.4266078616906,59.99672317504883,-0.0037389167733989804,-208.07717595560172,-372.70520844731067
2,331.19500000000005,59.400000000000034,3103.1131819624884,59.99672532073945,-0.003636771469361079,-202.3978669143494,-372.4666182066348
2,331.295,59.5,3108.841887300359,59.996729134824015,-0.0035339176856083615,-196.67916164887603,-372.0425107666129
2,331.39500000000004,59.60000000000002,3114.608576308024,59.99673080444336,-0.0034303749113295855,-190.92215520420186,-371.85685730977343
2,331.495,59.69999999999999,3120.411110853175,59.99673294829587,-0.0033261572307220024,-185.12762278080248,-371.6184714574597
2,331.595,59.80000000000001,3126.2511240821023,59.996734619140625,-0.003221263484568581,-179.29550262110695,-371.43268174171214
2,331.69500000000005,59.900000000000034,3132.126528839498,59.99673676176773,-0.0031157107694672666,-173.42674270102933,-371.1944321483064
2,331.795,60.0,3138.0383559587585,59.996740575852286,-0.0030094993188097305,-167.52135308881515,-370.7703247096992
2,331.89500000000004,60.10000000000002,3143.987374408356,59.996742248535156,-0.002902635204554245,-161.57968115197298,-370.5843306041749
2,331.995,60.19999999999999,3149.9726510738724,59.99674438932414,-0.002795138549424042,-155.6028390070842,-370.34628540196064
2,332.095,60.30000000000001,3155.9927863229177,59.99674820340871,-0.002687015196772504,-149.59114895125748,-369.9221779619387
2,332.19500000000005,60.400000000000034,3162.048793068511,59.99674987792969,-0.0025782654412841786,-143.54463610329162,-369.73597946805234
2,332.295,60.5,3168.140879571304,59.99675201688056,-0.0024688960546062123,-137.4636709741059,-369.4981386527855
2,332.39500000000004,60.60000000000002,3174.2673195539637,59.99675583096513,-0.002358913180049406,-131.34859286093476,-369.07403121417826
2,332.495,60.69999999999999,3180.4244006359413,59.99675750732422,-0.0022483197056338204,-125.19957002358989,-368.88762833051516
2,332.595,60.80000000000001,3186.612831475995,59.996759644436985,-0.0021371139223763857,-119.01650217463573,-368.64999190502505
2,332.69500000000005,60.900000000000034,3192.837101265738,59.996761322021484,-0.002025289966168602,-112.79906496989291,-368.46345276245387
2,332.795,61.0,3199.098712571902,59.99676345790884,-0.001912849198243278,-106.54733248920444,-368.22595259587183
2,332.89500000000004,61.10000000000002,3205.377986703319,59.9967672719934,-0.0017999941322895353,-100.27256281758169,-367.80184515726455
2,332.995,61.19999999999999,3211.6740755595247,59.996768951416016,-0.0016867252910546038,-93.97479091686773,-367.61510162491663
2,333.095,61.30000000000001,3217.9994316848592,59.996771085465255,-0.0015729055824828917,-87.64639040453937,-367.37780584811134
2,333.19500000000005,61.400000000000034,3224.3486631634255,59.99677276611328,-0.001458541203455909,-81.28770707738086,-367.19092605685535
2,333.295,61.5,3230.7185695022017,59.99677489893711,-0.0013439222884047493,-74.91487131055858,-366.9537665389581
2,333.39500000000004,61.60000000000002,3237.0362063762364,59.996778713021676,-0.001230548136235402,-68.61124325830299,-366.5296591003509
2,333.495,61.69999999999999,3243.190652849127,59.99678039550781,-0.0011202532894273181,-62.478827880832604,-366.3425749193181
2,333.595,61.80000000000001,3249.1262549753574,59.99678252649353,-0.0010138633987069267,-56.56352869818957,-366.1056197911977
2,333.69500000000005,61.900000000000034,3254.828570538997,59.99678421020508,-0.0009115021844856852,-50.87222537542548,-365.9183993512568
2,333.795,62.0,3260.300165290968,59.99678633996539,-0.0008130887673028968,-45.40042025458699,-365.68158048204447
2,333.89500000000004,62.10000000000002,3265.551703267111,59.996788024902344,-0.0007185311929844011,-40.1430012974318,-365.4942237817809
2,333.995,62.19999999999999,3270.597457439693,59.996790153437246,-0.0006277538235265016,-35.09576242402962,-365.25754117289125
2,334.095,62.30000000000001,3275.4497200892056,59.99679396752181,-0.0005406256453483326,-30.25141877009329,-364.833433734284
2,334.19500000000005,62.400000000000034,3280.111501289956,59.996795654296875,-0.0004570522346387417,-25.604722166673984,-364.6458726456583
2,334.295,62.5,3284.5818016182143,59.99679778099367,-0.0003769682067491343,-21.15203593213202,-364.40939442513076
2,334.39500000000004,62.60000000000002,3288.8560228307965,59.99679946899414,-0.000300328172203667,-16.89083669848996,-364.2216970761824
2,334.495,62.69999999999999,3292.9402593066748,59.99679946899414,-0.00022709616226038453,-12.819124740372049,-364.2216970761824
2,334.595,62.80000000000001,3296.839597491869,59.996801593852815,-0.00015720640092310882,-8.93324207489374,-363.9854232454316
2,334.69500000000005,62.900000000000034,3300.552119984491,59.996803283691406,-9.06032774226145e-05,-5.230097293152529,-363.7975215081211
2,334.795,63.0,3304.0862255592733,59.996803283691406,-2.7150606477971456e-05,-1.702118416647704,-363.7975215081211
2,334.89500000000004,63.10000000000002,3307.4589735914055,59.996803283691406,3.34136069682392e-05,1.6652617507966032,-363.7975215081211
2,334.995,63.19999999999999,3310.6896971871993,59.996803283691406,9.141443792304288e-05,4.890117432707814,-363.7975215081211
2,335.095,63.30000000000001,3313.796396874938,59.996803283691406,0.00014726202724253082,7.995252527726283,-363.7975215081211
2,335.19500000000005,63.400000000000034,3316.797974064158,59.996803283691406,0.00020133768438278883,11.001867903939281,-363.7975215081211
2,335.295,63.5,3319.713542111082,59.996803283691406,0.00025391495280577183,13.925172622544954,-363.7975215081211
2,335.39500000000004,63.60000000000002,3322.5450404553494,59.99680116373437,0.00030520960950255945,16.77716445707745,-364.0332503004103
2,335.495,63.69999999999999,3325.3039767237437,59.9967973496498,0.00035538990503986495,19.567198308801018,-364.4573577404322
2,335.595,63.80000000000001,3328.0157013086514,59.996793535565246,0.0004045456497296093,22.300267279203815,-364.8814651790395
2,335.69500000000005,63.900000000000034,3330.668665958532,59.99678760336175,0.0004526013341931368,24.972173823220267,-365.5410970215738
2,335.795,64.0,3333.2541295292676,59.99677997519263,0.0004992840702767777,27.567745373721653,-366.389311900203
2,335.89500000000004,64.10000000000002,3335.8267819520725,59.99677234702351,0.0005443641950546831,30.074212030496003,-367.2375267774175
2,335.995,64.19999999999999,3338.337700833701,59.99676260257357,0.0005877401808099021,32.4859298408551,-368.32106167019697
2,336.095,64.30000000000001,3341.1145040314186,59.99675116031989,0.0006292908722977604,34.79616251751594,-369.5933839860187
2,336.19500000000005,64.40000000000003,3343.82536102697,59.9967397180662,0.00066887146374168,36.9968580035185,-370.86570630325514
2,336.295,64.5,3347.1126825055094,59.996726161369814,0.0007066768222271474,39.09885214563222,-372.3731442448651
2,336.39500000000004,64.60000000000002,3351.14076459856,59.99671301886157,0.000743259294449947,41.132854122346636,-373.83452650437454
2,336.495,64.69999999999999,3354.3208350926934,59.99669946339059,0.0007788564807535964,43.1120750324161,-375.3418281870765
2,336.595,64.80000000000001,3357.0600200865074,59.99668420705235,0.000813472366072373,45.03673731927919,-377.03825794292015
2,336.69500000000005,64.90000000000003,3359.722518180752,59.9966689507141,0.0008477610109880074,46.94320583688485,-378.73468769734916
2,336.795,65.0,3362.1254175408576,59.99665158299668,0.0008830227523008863,48.90378123534925,-380.6658924302962
2,336.89500000000004,65.10000000000002,3364.494620161735,59.99663673410682,0.0009199963614937645,50.95953610024939,-382.31701592944836
2,336.995,65.19999999999999,3366.9654020658077,59.99662318169936,0.0009585872317088088,53.10521107099623,-383.82397696346544
2,337.095,65.30000000000001,3369.4052238329564,59.99661003490219,0.0009986319684698358,55.331722035736824,-385.2858361305678
2,337.19500000000005,65.40000000000003,3372.330803645375,59.9965985926485,0.0010400470044048865,57.63442149622083,-386.55815844638954
2,337.295,65.5,3376.1098455961524,59.99658925871048,0.0010827029444353056,60.00611453697372,-387.5960464337927
2,337.39500000000004,65.60000000000002,3380.2849590866444,59.99658163054136,0.0011263848812305434,62.43485241766862,-388.4442613124219
2,337.495,65.69999999999999,3383.59601510425,59.996574002372235,0.0011707595103570485,64.90210479870005,-389.2924761896364
2,337.595,65.80000000000001,3386.820357359763,59.99656848068066,0.0012156413367330641,67.39755595384062,-389.9064611267944
2,337.69500000000005,65.90000000000003,3390.2225924111103,59.99656466659609,0.0012610514081589693,69.92237633868977,-390.3305685668163
2,337.795,66.0,3392.945417434197,59.99656295776367,0.001307196225333743,72.4880468415781,-390.52058232427515
2,337.89500000000004,66.10000000000002,3395.4865407775233,59.99656085312424,0.0013541974200552427,75.10133283202906,-390.7546078759695
2,337.995,66.19999999999999,3398.05731783486,59.99656124709313,0.0014019913120952624,77.75869031564173,-390.7108004729254
2,338.095,66.30000000000001,3400.614882712115,59.99656295776367,0.001450398927817768,80.45016942829237,-390.52058232427515
2,338.19500000000005,66.40000000000003,3403.242283258339,59.99656506056499,0.001499205951532872,83.16385513864752,-390.2867611637722
2,338.295,66.5,3405.934572665285,59.996568874649554,0.0015482873087391477,85.89279149634119,-389.86265372375027
2,338.39500000000004,66.60000000000002,3408.7032642064287,59.99657479031003,0.0015976995857533793,88.64012398345889,-389.2048613835481
2,338.495,66.69999999999999,3411.557715416261,59.99658241847915,0.0016477483609032178,91.42284313245455,-388.3566465063336
2,338.595,66.80000000000001,3414.507896102283,59.99659004664827,0.0016988347122718628,94.26325123309067,-387.5084316277045
2,338.69500000000005,66.90000000000003,3417.5521800197143,59.996597674817394,0.001751147161234622,97.17183011726976,-386.66021675049
2,338.795,67.0,3420.687720769631,59.99660740211161,0.0018047005159288678,100.1493999213808,-385.5785894894967
2,338.89500000000004,67.10000000000002,3423.92629752939,59.996618844365294,0.001859505862866587,103.19657734437206,-384.306267173675
2,338.995,67.19999999999999,3427.264375749754,59.996630286618974,0.0019155810293919513,106.31435607465068,-383.0339448578532
2,339.095,67.30000000000001,3430.6949289960958,59.99664172887266,0.0019729192639212634,109.50236068551311,-381.7616225406168
2,339.19500000000005,67.40000000000003,3434.219397564776,59.99665317112635,0.002031501743465656,112.75954457689235,-380.48930022338044
2,339.295,67.5,3437.8327809256302,59.99666461338003,0.0020913116221707912,116.08497107867863,-379.21697790755866
2,339.39500000000004,67.60000000000002,3441.5302691240627,59.99667815108258,0.0021523265129178674,119.47739164168387,-377.711651986097
2,339.495,67.69999999999999,3445.299184415029,59.99669340742082,0.002214332844188735,122.92493197156406,-376.015222231668
2,339.595,67.80000000000001,3449.1305175938123,59.99670656953561,0.0022771488743515292,126.41749416803951,-374.5516598211415
2,339.69500000000005,67.90000000000003,3453.027498641661,59.99672010540005,0.0023408842318605842,129.96116905607732,-373.04653828945663
2,339.795,68.0,3456.9928647882866,59.996735361738295,0.0024056508126700017,133.56217526552362,-371.35010853361297
2,339.89500000000004,68.10000000000002,3461.0239764837606,59.99675061807654,0.0024714713039683304,137.22177745637921,-369.65367877918396
2,339.995,68.19999999999999,3465.1225842391023,59.996765874414784,0.0025383783800547017,140.94179228550848,-367.9572490233403
2,340.095,68.30000000000001,3469.2963629556257,59.99678322191296,0.002606401985395718,144.72388005479056,-366.028292572279
2,340.19500000000005,68.40000000000003,3473.5427089241466,59.99680020178854,0.0026755467924229124,148.5683056658585,-364.1402139450064
2,340.295,68.5,3477.8573289007927,59.99681545812678,0.00274579443567495,152.47405113706196,-362.4437841891627
2,340.39500000000004,68.60000000000002,3482.240239551128,59.99683280378685,0.0028171170430501746,156.43955802315062,-360.5150321264635
2,340.495,68.69999999999999,3486.6922025891927,59.996849785500544,0.0028894989551357655,160.46396118599137,-358.6267491094141
2,340.595,68.80000000000001,3491.212206905769,59.996867129935204,0.0029629331791592287,164.54687004052153,-356.6981333070376
2,340.69500000000005,68.90000000000003,3495.796992952941,59.996886200358006,0.0030374132094000365,168.68791927916544,-354.5775961125867
2,340.795,69.0,3500.4436324548783,59.99690318390981,0.0031129283609285983,172.8865244077353,-352.68910870717525
2,340.89500000000004,69.10000000000002,3505.1507993821306,59.99692052650636,0.0031894503520018985,177.1411067638856,-350.76069729316083
2,340.995,69.19999999999999,3509.9180932907366,59.99693959692916,0.0032669496949142233,181.45002296260026,-348.64016009870994
2,341.095,69.30000000000001,3514.7451824380632,59.99695866735197,0.00334540911730431,185.8123171278807,-346.519622904259
2,341.19500000000005,69.40000000000003,3519.62659730553,59.99697773777477,0.003424726679850574,190.2223213855701,-344.39908571122277
2,341.295,69.5,3524.554333405904,59.99699680819758,0.0035047201720062493,194.6699047878589,-342.2785485167718
2,341.39500000000004,69.60000000000002,3529.531778827575,59.99701587862039,0.0035853987424151594,199.1555759667078,-340.15801132232093
2,341.495,69.69999999999999,3534.5628053914534,59.99703494904319,0.003666830456045595,203.68311929929192,-338.0374741292847
2,341.595,69.80000000000001,3539.6471048043263,59.99705610143537,0.0037489873134234444,208.2509714269022,-335.6854321842559
2,341.69500000000005,69.90000000000003,3544.784409515355,59.99707690458607,0.0038317926760199233,212.85487860418684,-333.3722241723216
2,341.795,70.0,3549.972345525568,59.99709805575284,0.003915160661563277,217.49006353090934,-331.0203184862009
2,341.89500000000004,70.10000000000002,3555.2107802555574,59.99712094026021,0.0039990297907594365,222.15310321002536,-328.4756738531427
2,341.995,70.19999999999999,3560.4985826824995,59.997141745249024,0.0040833284512073464,226.84002867788413,-326.1622614528463
2,342.095,70.30000000000001,3565.8367712876834,59.99716497348353,0.004167969333061207,231.5459701804358,-323.57939605319467
2,342.19500000000005,70.40000000000003,3571.227544317056,59.99718959378231,0.004252873134487922,236.2665216938067,-320.8417399553829
2,342.295,70.5,3576.671588548465,59.99721247828968,0.004337967715533987,240.99768332864988,-318.29709532232476
2,342.39500000000004,70.60000000000002,3582.1610628563712,59.99723743986478,0.004423112176637568,245.73160729754233,-315.5214909757357
2,342.495,70.69999999999999,3587.688323357004,59.997264138456714,0.004508195270524225,250.4621091152393,-312.5527389040702
2,342.595,70.80000000000001,3593.256246721788,59.997290837048645,0.00459324158629398,255.1905622608252,-309.58398683240483
2,342.69500000000005,70.90000000000003,3598.866816269791,59.99731753564057,0.00467826797174568,259.91790346986375,-306.61523476073944
2,342.795,71.0,3604.52255112758,59.9973442342325,0.0047632134344501795,264.6407415823913,-303.64648268907405
2,342.89500000000004,71.10000000000002,3610.223600187222,59.997373006828646,0.004847992088545816,269.35429293344055,-300.4471115525625
2,342.995,71.19999999999999,3615.9666539825434,59.997403519505134,0.004932559793441056,274.0561042731632,-297.0542520422899
2,343.095,71.30000000000001,3621.751240858649,59.99743403218162,0.005016907290359603,278.7456677932525,-293.66139253060254
2,343.19500000000005,71.40000000000003,3627.5778064329547,59.99746454485811,0.005101044403662574,283.4235297412714,-290.26853302032987
2,343.295,71.5,3633.447676499632,59.997497129088,0.005184999605628183,288.09126416003954,-286.6453269644419
2,343.39500000000004,71.60000000000002,3639.363821449367,59.99753145584906,0.005268805757987099,292.75069917934945,-282.82836001414734
2,343.495,71.69999999999999,3645.32157504348,59.997563712282115,0.005352471657743559,297.40234069204047,-279.2416033519747
2,343.595,71.80000000000001,3651.3174159083396,59.99759629467389,0.005435998500837888,302.0462447003287,-275.61860168444883
2,343.69500000000005,71.90000000000003,3657.3510733560647,59.99763269053752,0.005519409343113258,306.6836768739457,-271.5715607077697
2,343.795,72.0,3663.420301771302,59.99766876289326,0.00560272101583926,311.31559169647204,-267.56049221721304
2,343.89500000000004,72.10000000000002,3669.529063125842,59.99770308965431,0.005685945454335119,315.94265963236404,-263.74352526833314
2,343.995,72.19999999999999,3675.6828552108836,59.99773948367983,0.005769101102258116,320.56588803750014,-259.6966886814308
2,344.095,72.30000000000001,3681.8852676308293,59.99777762452544,0.005852176769302421,325.1846558861067,-255.455614292529
2,344.19500000000005,72.40000000000003,3688.132250733446,59.99781576537106,0.0059350585121299435,329.792636356113,-251.21453990362718
2,344.295,72.5,3694.439260941706,59.99785390621667,0.006017666223536459,334.38537556324025,-246.97346551614
2,344.39500000000004,72.60000000000002,3700.77329045096,59.99789204706228,0.00610008377969566,338.96753698606307,-242.73239112865286
2,344.495,72.69999999999999,3707.1168006629823,59.9979301879079,0.006182332136636836,343.5402857816726,-238.49131673975106
2,344.595,72.80000000000001,3713.5084959055275,59.99797039234175,0.006264372601317722,348.1014598074958,-234.02078149238034
2,344.69500000000005,72.90000000000003,3719.927775038965,59.998010284296384,0.006346179356911056,352.6496359288677,-229.5849923953008
2,344.795,73.0,3726.357284707653,59.998050487504834,0.006427765944018281,357.1855637118873,-225.11459340683814
2,344.89500000000004,73.10000000000002,3732.805408589299,59.998092442435,0.0065091738143473726,361.7115399165969,-220.4494115807437
2,344.995,73.19999999999999,3739.2711840028214,59.99813439736518,0.006590366018729618,366.22551956024586,-215.78422975323465
2,345.095,73.30000000000001,3745.770673605397,59.99817635229535,0.006671316881696733,370.72607513503556,-211.1190479257256
2,345.19500000000005,73.40000000000003,3752.314406069309,59.99821830722553,0.006752066485047702,375.2154351734051,-206.45386609963117
2,345.295,73.5,3758.9077418223465,59.99826232145501,0.006832623822567265,379.69408792345405,-201.5597003212461
2,345.39500000000004,73.60000000000002,3765.53377877299,59.998306031783144,0.006912942483023171,384.15946629652655,-196.69932687655177
2,345.495,73.69999999999999,3772.1784148395473,59.998350044787216,0.006993045907367691,388.6128701079306,-191.80529735707478
2,345.595,73.80000000000001,3778.845164102029,59.998393756340754,0.007073061657998313,393.0613952290925,-186.944787654887
2,345.69500000000005,73.90000000000003,3785.5317179688786,59.99843776811942,0.0071531392016424234,397.51334828472824,-182.05089439431808
2,345.795,74.0,3792.2400914041173,59.998483537134156,0.007233363047895564,401.9734189831836,-176.96160512820177
2,345.89500000000004,74.10000000000002,3798.9640565474565,59.998529306148896,0.007313815676097124,406.44620349232434,-171.87231586208546
2,345.995,74.19999999999999,3805.7169875289856,59.99857507516363,0.007394662712827204,410.94091040407216,-166.78302659738378
2,346.095,74.30000000000001,3812.5098099357806,59.99862084417836,0.007476035545846679,415.4648446532178,-161.69373733126747
2,346.19500000000005,74.40000000000003,3819.3465465983177,59.9986666131931,0.007557966706300876,420.0198148651486,-156.60444806515116
2,346.295,74.5,3826.228266661169,59.998712382207835,0.007640490136903626,424.60770814142177,-151.51515880044948
2,346.39500000000004,74.60000000000002,3833.1397471760347,59.99875815122257,0.00772378632620489,429.2385593100753,-146.42586953433317
2,346.495,74.69999999999999,3840.0696289376197,59.99880392023731,0.007808223135851328,433.9328208311659,-141.33658026821686
2,346.595,74.80000000000001,3847.0197626855884,59.99884968925204,0.007894107189964075,438.70754039703667,-136.2472910035152
2,346.69500000000005,74.90000000000003,3853.99822160848,59.99889545826677,0.007981487735328117,443.56545588340475,-131.15800173739888
2,346.795,75.0,3860.9980616191183,59.998939177172765,0.008070317334550842,448.5039435737241,-126.29667447751874
2,346.89500000000004,75.10000000000002,3868.0120357093133,59.99898318159898,0.008160640544521654,453.5254650456852,-121.40359877464218
2,346.995,75.19999999999999,3875.0356160625543,59.99902690173038,0.008252511962642718,458.6330595410295,-116.54213525585396
2,347.095,75.30000000000001,3882.073796385937,59.99906885666055,0.008345787308109767,463.81871557541695,-111.87695342975955
2,347.19500000000005,75.40000000000003,3889.1266443612258,59.999110811590725,0.008440481631669905,469.08325769487755,-107.2117716022505
2,347.295,75.5,3896.1971640631264,59.9991527665209,0.008536777133735374,474.4368157622926,-102.54658977474142
2,347.39500000000004,75.60000000000002,3903.281975206669,59.999194721451076,0.00863472876787291,479.8824449251582,-97.88140794864701
2,347.495,75.69999999999999,3910.397943101509,59.99923667638125,0.008734394858719595,485.42338774838925,-93.21622612113795
2,347.595,75.80000000000001,3917.5531178004812,59.999276586104315,0.00883599321264867,491.07176884797565,-88.77846126281813
2,347.69500000000005,75.90000000000003,3924.7407234405155,59.999314726949926,0.008939454334537075,496.82372268474234,-84.53738687533097
2,347.795,76.0,3931.9594520301716,59.99935286779554,0.009044607334171633,502.66973494354744,-80.2963124878438
2,347.89500000000004,76.10000000000002,3939.231584048373,59.99938896527215,0.009151548714282181,508.615186528075,-76.28245067835448
2,347.995,76.19999999999999,3946.5442946226003,59.9994253347895,0.00926039223803025,514.6663848146078,-72.23833927951611
2,348.095,76.30000000000001,3953.9183837027967,59.99946143349152,0.009371112263679232,520.8219082000729,-68.22434121253336
2,348.19500000000005,76.40000000000003,3961.317528371452,59.99949371872169,0.009483647324238275,527.0783673770466,-64.63438245328919
2,348.295,76.5,3968.730533647645,59.99952627231636,0.00959803720420408,533.4379423021214,-61.01458288142018
2,348.39500000000004,76.60000000000002,3976.1531217374745,59.99955855877194,0.009714202167645227,539.8962039694741,-57.42448786326793
2,348.495,76.69999999999999,3983.5317503980905,59.99958703175565,0.009831275425191958,546.404990001128,-54.258432154268895
2,348.595,76.80000000000001,3990.766999104688,59.99961373034758,0.009947254399954806,552.8529455420132,-51.28968008260348
2,348.69500000000005,76.90000000000003,3997.7685995472652,59.99964042893951,0.010060326806414745,559.1392971356602,-48.320928010938076
2,348.795,77.0,4004.5270094977222,59.99966712753144,0.010169843714678281,565.2279659312874,-45.35217593927267
2,348.89500000000004,77.10000000000002,4011.0409860583413,59.999691788881414,0.010275713651995437,571.1138840767236,-42.60995514965009
2,348.995,77.19999999999999,4017.3194200103394,59.99971467338878,0.010377951707706504,576.7978890051112,-40.065310518006584
2,349.095,77.30000000000001,4023.373240234691,59.99973755789615,0.010476632125991644,582.284093551236,-37.52066588494843
2,349.19500000000005,77.40000000000003,4029.2107270041993,59.99976044240352,0.01057181041687732,587.575584148949,-34.976021251890266
2,349.295,77.5,4034.8387610376967,59.99978129211975,0.0106635474817695,592.6757652041102,-32.6576353830588
2,349.39500000000004,77.60000000000002,4040.2594234516796,59.99980036254255,0.010751899720133408,597.5877707378696,-30.5370981886079
2,349.495,77.69999999999999,4045.474617688172,59.99981943296536,0.01083694489201883,602.3159083851358,-28.416560994156992
2,349.595,77.80000000000001,4050.4866382220243,59.99983850338817,0.01091878297997518,606.865737095976,-26.296023799706088
2,349.69500000000005,77.90000000000003,4055.299761239412,59.99985757381097,0.010997504024167189,611.242263041353,-24.17548660666983
2,349.795,78.0,4059.9215354147436,59.99987461250616,0.011073157529340974,615.4482576153683,-22.280867527760787
2,349.89500000000004,78.10000000000002,4064.3646110831232,59.99988986884441,0.011145763957069435,619.4848566160476,-20.584437771917134
2,349.995,78.19999999999999,4068.6333186624133,59.99990512518266,0.011215367229099521,623.3544856353728,-18.88800801607348
2,350.095,78.30000000000001,4072.730714694428,59.9999203815209,0.011282042706270999,627.0613346664572,-17.191578261644473
2,350.19500000000005,78.40000000000003,4076.666678326024,59.999935637859146,0.011345908622871647,630.6119773564122,-15.49514850580082
2,350.295,78.5,4080.454845199315,59.99995089419739,0.011407204220802008,634.0197150692595,-13.798718751371814
2,350.39500000000004,78.60000000000002,4084.115837785849,59.999966150535634,0.011466210625450656,637.3001777742088,-12.10228899552816
2,350.495,78.69999999999999,4087.660687665636,59.99998140687388,0.011523058116669356,640.4606087924185,-10.405859241099153
2,350.595,78.80000000000001,4091.092965267879,59.99999463638614,0.011577642643019454,643.4952429229589,-8.93480256375043
2,350.69500000000005,78.90000000000003,4094.4130806829485,60.0000081048531,0.011629663246848037,646.3873258984512,-7.437175298887779
2,350.795,79.0,4097.618715712084,60.00002336119135,0.011678886745535516,649.1238782163042,-5.740745543044126
2,350.89500000000004,79.10000000000002,4100.704716737272,60.00004064251746,0.01172528960785438,651.7035891504247,-3.8191470998969423
2,350.995,79.19999999999999,4103.680726646573,60.00005768856511,0.01176894492677054,654.1305447153378,-1.9237104647101777
2,351.095,79.30000000000001,4106.550045220523,60.00007294490335,0.01180991747662178,656.4083617632195,-0.22728070886652335
2,351.19500000000005,79.40000000000003,4109.34194525729,60.00009022439135,0.011848219833703278,658.5377018389573,1.6941133445039045
2,351.295,79.5,4112.116608871817,60.00010929481416,0.011883812471554088,660.5163696140094,3.8146505389548104
2,351.39500000000004,79.60000000000002,4115.028285804991,60.00012836523696,0.011916624023430973,662.3404151844862,5.935187733405717
2,351.495,79.69999999999999,4117.913673114133,60.000149456971414,0.01194660804721198,664.0072363381228,8.28048483702129
2,351.595,79.80000000000001,4120.997487382801,60.00017234147878,0.011973686064535166,665.5124721838492,10.825129470079446
2,351.69500000000005,79.90000000000003,4124.045916161813,60.00019320589991,0.011997819707483317,666.85402804579,13.14515045146636
2,351.795,80.0,4127.169713104572,60.00021429579625,0.012019151168639951,668.0397870507979,15.490243166719825
2,351.89500000000004,80.10000000000002,4130.60861536425,60.00023919916444,0.012037835126982664,669.0783127799715,18.259375191126505
2,351.995,80.19999999999999,4133.716785111076,60.000263879508246,0.01205369235048417,669.9596812873128,21.003708000897426
2,352.095,80.30000000000001,4136.831001357716,60.00028878165103,0.012066427585206646,670.6674729458471,23.772703766396038
2,352.19500000000005,80.40000000000003,4140.145505459717,60.00031346322025,0.012076010212536764,671.1999901228617,26.517172836489678
2,352.295,80.5,4143.1860804081425,60.000338364137626,0.012082462117208752,671.5584452841415,29.286032341665567
2,352.39500000000004,80.60000000000002,4146.152882694549,60.00036506272955,0.012085654011425235,671.7356345614608,32.254784411916326
2,352.495,80.69999999999999,4149.131315736804,60.00039176132148,0.012085540521258074,671.7290537511377,35.22353648358174
2,352.595,80.80000000000001,4152.041765222204,60.00041845991341,0.012082298066068548,671.5485114850143,38.192288556661794
2,352.69500000000005,80.90000000000003,4154.997643686131,60.00044717246453,0.01207605293520223,671.2010088632203,41.384982981214144
2,352.795,81.0,4158.034505626606,60.00047567179453,0.012066736617512999,670.6827596934395,44.5539682680539
2,352.89500000000004,81.10000000000002,4161.14823265088,60.000502370386464,0.012054336312476155,669.9930685967473,47.52272033971931
2,352.995,81.19999999999999,4164.335335187118,60.00053108109947,0.012038948572932754,669.1372652122725,50.71521037590955
2,353.095,81.30000000000001,4167.58145238654,60.000559582267584,0.012020658189026947,668.120086348441,53.88440005111141
2,353.19500000000005,81.40000000000003,4170.890087623978,60.000586280859515,0.011999555627692457,666.9465779521329,56.85315212277682
2,353.295,81.5,4174.2906945483155,60.00061498973441,0.011976037810802212,665.6387694054298,60.04543777060496
2,353.39500000000004,81.60000000000002,4177.760458284814,60.00064349274064,0.011950821541560887,664.2365353134559,63.214831835583574
2,353.495,81.69999999999999,4181.283637135349,60.00067220039012,0.011924377652594196,662.7660485130439,66.40698122167434
2,353.595,81.80000000000001,4184.872667292404,60.000702713066616,0.011896856948601688,661.235677383257,69.79984073336165
2,353.69500000000005,81.90000000000003,4188.540287281287,60.000733225743105,0.011868367757536918,659.6514628237087,73.19270024363432
2,353.795,82.0,4192.2785560615275,60.00076373841959,0.01183895401057086,658.0158473429766,76.58555975390698
2,353.89500000000004,82.10000000000002,4196.07997185756,60.00079425109608,0.01180859175030532,656.3274990572747,79.97841926417964
2,353.995,82.19999999999999,4199.94469136484,60.00082476377258,0.01177727753775769,654.5862268431952,83.37127877586694
2,354.095,82.30000000000001,4203.8568471681265,60.000855276449066,0.011745164139448172,652.8005240972761,86.7641382861396
2,354.19500000000005,82.40000000000003,4207.741509898011,60.000885789125554,0.0117126975170825,650.9951848947517,90.15699779641227
2,354.295,82.5,4211.5204349546,60.00091630180204,0.011680108618165926,649.1830491835938,93.54985730668493
2,354.39500000000004,82.60000000000002,4215.170553362414,60.00094481093532,0.011647066662678587,647.3457463061466,96.7199326690332
2,354.495,82.69999999999999,4218.704028939879,60.00097150952725,0.011613130332663334,645.4587384403094,99.68868473928396
2,354.595,82.80000000000001,4222.135510987192,60.00099820811918,0.01157798069785625,643.5042764296645,102.65743681094936
2,354.69500000000005,82.90000000000003,4225.476992981174,60.001022905006,0.011541184393340188,641.4582861413147,105.40360912305249
2,354.795,83.0,4228.755047507429,60.00104578951337,0.01150234453164704,639.2987000694255,107.94825375611065
2,354.89500000000004,83.10000000000002,4231.992739620143,60.00106667354105,0.011461428166006591,637.02368823786,110.27045488992924
2,354.995,83.19999999999999,4235.288089388251,60.001087743830844,0.01141855160119667,634.6396957187403,112.61336745416567
2,355.095,83.30000000000001,4238.5569606821455,60.00110862908392,0.01137377980661509,632.1503382582107,114.93570484547769
2,355.19500000000005,83.40000000000003,4241.968681298688,60.00112570086515,0.011327197603819112,629.5603662475692,116.83400292905114
2,355.295,83.5,4245.610536961934,60.0011409572034,0.011278972172690211,626.879055004183,118.53043268489479
2,355.39500000000004,83.60000000000002,4249.019108689869,60.00115621354164,0.011229263440581071,624.1152786463135,120.2268624393238
2,355.495,83.69999999999999,4252.451946490147,60.001169473076416,0.011178130063013216,621.2723170237924,121.7012574726521
2,355.595,83.80000000000001,4256.110962659112,60.0011809153301,0.011125633363823497,618.3535776386699,122.9735797898885
2,355.69500000000005,83.90000000000003,4259.5225664991085,60.00119036200573,0.011071872641803605,615.3645826111367,124.02400364351763
2,355.795,84.0,4262.972601037986,60.00119799017485,0.011016967772200124,612.3119947025826,124.87221852214678
2,355.89500000000004,84.10000000000002,4266.68765630333,60.001205618343974,0.010961031391791847,609.2020591446837,125.72043339936128
2,355.995,84.19999999999999,4270.419267800855,60.001211252773146,0.010904110772753613,606.0374223863727,126.34695420274525
2,356.095,84.30000000000001,4273.890287767528,60.00121506685771,0.010846233016482505,602.8195893172087,126.77106164135252
2,356.19500000000005,84.40000000000003,4277.340833801802,60.00121888094227,0.010787457164282394,599.5518256711372,127.19516907995977
2,356.295,84.5,4280.933385685407,60.001220703125,0.010727846375859523,596.2376608639638,127.39778683592789
2,356.39500000000004,84.60000000000002,4284.350654481961,60.001220703125,0.010667425152207534,592.8784552475236,127.39778683592789
2,356.495,84.69999999999999,4287.713185428922,60.001218712448576,0.01060620220028011,589.4746941212902,127.1764334107822
2,356.595,84.80000000000001,4291.107997836694,60.001216888427734,0.010544201604473852,586.0276970713606,126.97361126645195
2,356.69500000000005,84.90000000000003,4294.514222191341,60.001212909525705,0.010481478814083494,582.5405673463642,126.531176936806
2,356.795,85.0,4297.995106207838,60.00120727019489,0.01041812905721627,579.0185946167518,125.9041110935458
2,356.89500000000004,85.10000000000002,4301.564461751879,60.00120146788473,0.010354262097103509,575.4678680310345,125.25892275043829
2,356.995,85.19999999999999,4305.210367184991,60.001193839715604,0.010289984944593926,571.8943513557056,124.41070787180912
2,357.095,85.30000000000001,4308.929365246924,60.00118422454628,0.010225347446835974,568.3008169972948,123.34154834758779
2,357.19500000000005,85.40000000000003,4312.714908843712,60.0011727822926,0.010160255115126178,564.6820100179115,122.06922603176604
2,357.295,85.5,4316.560997590122,60.00116134003891,0.010094523927543298,561.0276836354277,120.79690371452963
2,357.39500000000004,85.60000000000002,4320.4844107623285,60.00114989778523,0.010028036607748286,557.3313176761679,119.52458139870788
2,357.495,85.69999999999999,4324.486018498534,60.00113647098217,0.009960740542298369,553.5900036001177,118.03158695511007
2,357.595,85.80000000000001,4328.563578987061,60.00112319858059,0.009892568140599701,549.7999654647958,116.55576119758844
2,357.69500000000005,85.90000000000003,4332.712170359182,60.00110977300294,0.009823472795537042,545.9586146111126,115.0629030128987
2,357.795,86.0,4336.927185548758,60.00109451666469,0.009753448810276398,542.0656480021062,113.36647325705505
2,357.89500000000004,86.10000000000002,4341.2105767396815,60.00107926032645,0.009682484460115616,538.1203985344364,111.67004350262604
2,357.995,86.19999999999999,4345.567846938493,60.001064003988205,0.009610562351640891,534.1218991575616,109.97361374678239
2,358.095,86.30000000000001,4350.000935075064,60.00104874764996,0.009537686753588433,530.0703871618452,108.27718399235339
2,358.19500000000005,86.40000000000003,4354.499111902208,60.001031511051266,0.009463851179459627,525.9655176266438,106.36055901774124
2,358.295,86.5,4359.051358544938,60.001014420276206,0.009389038371664746,521.8063139088473,104.4601489126048
2,358.39500000000004,86.60000000000002,4363.659924579135,60.00099718490292,0.009313240364598378,517.5923354051027,102.54366019831535
2,358.495,86.69999999999999,4368.322668735444,60.000980092902445,0.009236457992801045,513.3236262082492,100.64311383285619
2,358.595,86.80000000000001,4373.04008439282,60.00096285875457,0.00915869039001998,509.0001403395621,98.72676137747483
2,358.69500000000005,86.90000000000003,4377.819274843527,60.00094576552869,0.00907992155862854,504.62098615428306,96.82607875452224
2,358.795,87.0,4382.656644169862,60.000928532606224,0.009000236701029993,500.19090273103916,94.90986255804896
2,358.89500000000004,87.10000000000002,4387.545413136447,60.000909462183415,0.008919761791990393,495.716906506166,92.78932536359805
2,358.995,87.19999999999999,4392.488051461362,60.00089039176061,0.008838442603884257,491.19596854755537,90.6687881705618
2,359.095,87.30000000000001,4397.487242573986,60.00087329608392,0.008756203348205361,486.6238606952097,88.76783302837842
2,359.19500000000005,87.40000000000003,4402.540850930074,60.00085606561226,0.008673062807722638,482.0016429491758,86.85188934972126
2,359.295,87.5,4407.649398926253,60.00083699518946,0.008589033654316834,477.3300320603736,84.731352156685
2,359.39500000000004,87.60000000000002,4412.812582974876,60.00081792476665,0.00850411434560636,472.60892870093306,82.6108149622341
2,359.495,87.69999999999999,4418.028450892051,60.00079885434384,0.008418312297318414,467.83874511880265,80.4902777677832
2,359.595,87.80000000000001,4423.295050493898,60.00077978392104,0.008331647539170836,463.0205948601955,78.36974057474694
2,359.69500000000005,87.90000000000003,4428.614718644598,60.00076071349823,0.008244139106732945,458.1555362010949,76.24920338029604
2,359.795,88.0,4433.985224512126,60.00074164307542,0.008155796508440314,453.2440977400423,74.12866618584513
2,359.89500000000004,88.10000000000002,4439.400101232484,60.00072257265262,0.008066623048797591,448.2864631570476,72.00812899280886
2,359.995,88.19999999999999,4444.8586890848355,60.00070350222981,0.007976627709099317,443.28313174417315,69.88759179835796
2,360.095,88.30000000000001,4450.3606883244165,60.000682463187935,0.00788585332001194,438.2364977544855,67.54815384900918
2,360.19500000000005,88.40000000000003,4455.896337718091,60.000661546686935,0.007794451827426844,433.15499472884227,65.22234184139487
2,360.295,88.5,4461.468198115138,60.000642476264126,0.0077023815953463125,428.0362966773585,63.10180464694396
2,360.39500000000004,88.60000000000002,4467.083912850347,60.000623405841324,0.00760948749192097,422.8717909382126,60.9812674539077
2,360.495,88.69999999999999,4472.7406148202845,60.000604335418515,0.0075157628352181,417.6611059765873,58.860730259456794
2,360.595,88.80000000000001,4478.437327933013,60.000583299440166,0.007421220278644426,412.40495749626973,56.52163295879284
2,360.69500000000005,88.90000000000003,4484.175088198057,60.00056237987564,0.007325869424949495,407.10386605822015,54.19548030390835
2,360.795,89.0,4489.953806680151,60.00054330945283,0.007229710386696842,401.75782738375375,52.074943109457436
2,360.89500000000004,89.10000000000002,4495.772817305957,60.00052423903002,0.007132736803563458,396.3664993456793,49.95440591500653
2,360.995,89.19999999999999,4501.631322716734,60.00050516860722,0.0070349369566065295,390.9292303661561,47.83386872055563
2,361.095,89.30000000000001,4507.528906626448,60.00048413569239,0.006936296896405848,385.4452562922005,45.495112068576496
2,361.19500000000005,89.40000000000003,4513.473045871148,60.000463213064336,0.006836802885803878,379.9138009424039,43.16861876359253
2,361.295,89.5,4519.462120244864,60.000444142641534,0.006736434018733028,374.3336921265769,41.04808157055627
2,361.39500000000004,89.60000000000002,4525.489533088311,60.000425072218725,0.0066351621164025985,368.70337393412865,38.92754437610537
2,361.495,89.69999999999999,4531.557250309941,60.00040600179592,0.006532969327815218,363.0218538573164,36.80700718306911
2,361.595,89.80000000000001,4537.665956491681,60.00038889080162,0.006429854664057597,357.28906628926376,34.9043487974616
2,361.69500000000005,89.90000000000003,4543.838745470109,60.00037167564757,0.00632580865902711,351.50449637504715,32.99010836222858
2,361.795,90.0,4550.060836267517,60.00035260522477,0.006220814972993872,345.6672447532325,30.869571169192326
2,361.89500000000004,90.10000000000002,4556.316126111771,60.00033549239235,0.006114890356750035,339.77822260224696,28.96670839522271
2,361.995,90.19999999999999,4562.618661127479,60.00031827907642,0.006008062127396027,333.83895954427504,27.052672348351802
2,362.095,90.30000000000001,4568.97715995046,60.00030116501859,0.00590037482843302,327.8519310182386,25.149673315474114
2,362.19500000000005,90.40000000000003,4575.351187779828,60.00028590868035,0.00579193899144107,321.82327371077076,23.45324356104511
2,362.295,90.5,4581.728335323268,60.0002706523421,0.005682697206576433,315.74980513774557,21.756813805201453
2,362.39500000000004,90.60000000000002,4588.1745665856915,60.00025539600386,0.005572522885096962,309.62448728064066,20.06038405077245
2,362.495,90.69999999999999,4594.647882164386,60.000240139665614,0.005461421744704104,303.4476379922106,18.363954294928792
2,362.595,90.80000000000001,4601.114936512458,60.000226836628826,0.005349401638738695,297.2196850860516,16.884722051973533
2,362.69500000000005,90.90000000000003,4607.613598405379,60.00021539437514,0.005236448832361819,290.9398658699314,15.61239973473713
2,362.795,91.0,4614.206588612772,60.00020395212146,0.005122555542612802,284.6077561400403,14.340077418915374
2,362.89500000000004,91.10000000000002,4620.842035917927,60.00019250986777,0.005007774012035793,278.2262604144489,13.067755103093619
2,362.995,91.19999999999999,4627.462130518691,60.00018301846473,0.004892178222511916,271.79948384759945,12.012357779514819
2,363.095,91.30000000000001,4634.1382787246785,60.00017344005767,0.00477580860564696,265.32968305062053,10.947286038096749
2,363.19500000000005,91.40000000000003,4640.793322922526,60.00016394742922,0.004658715934826156,258.8196801684966,9.891752455609877
2,363.295,91.5,4647.391437808685,60.0001563192601,0.004540961874045211,252.27289678150154,9.043537578395375
2,363.39500000000004,91.60000000000002,4653.994932729182,60.0001506394908,0.004422579545388836,245.69117461884358,8.411975175607683
2,363.495,91.69999999999999,4660.623981165803,60.00014487761912,0.004303585249246085,239.07542784902625,7.771283392027655
2,363.595,91.80000000000001,4667.292464156112,60.00013919662441,0.0041839950282689786,232.42654779506455,7.139584728917244
2,363.69500000000005,91.90000000000003,4673.993610699465,60.00013343597814,0.004063830657545233,225.74574565805256,6.499029205659936
2,363.795,92.0,4680.722271020719,60.00012775375802,0.003943115431208675,219.034315974746,5.867194283641454
2,363.89500000000004,92.10000000000002,4687.477329586239,60.000123939673465,0.0038218788855053187,212.29389515597035,5.443086845034202
2,363.995,92.19999999999999,4694.259205819095,60.0001201255889,0.003700145622137955,205.52585736121455,5.018979405012303
2,364.095,92.30000000000001,4701.065469135858,60.00011631150434,0.0035779417856391885,198.73165615319965,4.5948719678196985
2,364.19500000000005,92.40000000000003,4707.89391858487,60.00011249741978,0.0034552974076842136,191.91296120993556,4.170764527797799
2,364.295,92.5,4714.743357382977,60.00010868333522,0.0033322405880448465,185.07133480104,3.7466570891905477
2,364.39500000000004,92.60000000000002,4721.614531362937,60.000104869250656,0.0032087858050398187,178.20758187926498,3.322549650583296
2,364.495,92.69999999999999,4728.506667870247,60.0001010551661,0.003084934021554496,171.32175597469958,2.8984422119760445
2,364.595,92.80000000000001,4735.4203169859775,60.000099182128906,0.0029606791534016606,164.4135139948318,2.69016969151788
2,364.69500000000005,92.90000000000003,4742.355657443335,60.00009724169424,0.002836030803779634,157.48339523943977,2.474402902822829
2,364.795,93.0,4749.312004189838,60.00009342760968,0.0027110003725644496,150.53203759861736,2.0502954642155773
2,364.89500000000004,93.10000000000002,4756.29056475303,60.000091552734375,0.0025855565137431896,143.55768944772106,1.8418185539806573
2,364.995,93.19999999999999,4763.291330898149,60.00008961413782,0.00245969493655321,136.5601169771035,1.6262561550623613
2,365.095,93.30000000000001,4770.314310703101,60.00008773803711,0.002333439746295662,129.54066010952346,1.4176429859193702
2,365.19500000000005,93.40000000000003,4777.354288593202,60.000085800665964,0.0022068666729511636,122.50352948257785,1.2022168459091456
2,365.295,93.5,4784.40573356376,60.000083923339844,0.0020800692714700573,115.45392627607669,0.9934674178580829
2,365.39500000000004,93.60000000000002,4791.471874968631,60.000083923339844,0.0019529960584942383,108.38898518962252,0.9934674178580829
2,365.495,93.69999999999999,4798.556076976214,60.00008198780681,0.001825578861185215,101.30492243008297,0.7782456662099653
2,365.595,93.80000000000001,4805.657844246912,60.00008010864258,0.0016978391193521794,94.20292653569393,0.5692918483821475
2,365.69500000000005,93.90000000000003,4812.775953097398,60.00008010864258,0.0015697825178437354,87.0833111866593,0.5692918483821475
2,365.795,94.0,4819.911414519253,60.00008010864258,0.001441405315120873,79.94587124053083,0.5692918483821475
2,365.89500000000004,94.10000000000002,4827.06418075096,60.00008010864258,0.001312732723626954,72.7920084438537,0.5692918483821475
2,365.99500000000006,94.20000000000005,4834.230340758515,60.00008010864258,0.0011838211211184922,65.6248572538592,0.5692918483821475
2,366.095,94.30000000000001,4841.407974904886,60.00008010864258,0.0010546759560233075,58.44472058902153,0.5692918483821475
2,366.19500000000005,94.40000000000003,4848.595346442845,60.00008010864258,0.0009252841083195628,51.25086901011026,0.5692918483821475
2,366.295,94.5,4855.79324630017,60.00008010864258,0.0007956572352461554,44.04395062941328,0.5692918483821475
2,366.39500000000004,94.60000000000002,4863.006548897771,60.00008203866127,0.0006657860869642326,36.82345010562422,0.7839004321146479
2,366.49500000000006,94.70000000000005,4870.235201297988,60.000083923339844,0.0005356550972485444,29.58850351356217,0.9934674178580829
2,366.595,94.80000000000001,4877.477773713562,60.000085852133125,0.00040525232252008176,22.338446777383247,1.2079397412678639
2,366.69500000000005,94.90000000000003,4884.737704739327,60.00008966621769,0.0002745934269641659,15.07415038143502,1.6320471798751153
2,366.795,95.0,4892.011727376877,60.000093480302255,0.00014370142840825777,7.796894902668828,2.056154619897015
