lap,session_time_s,lap_time_s,lap_distance_m,latitude_deg,longitude_deg,x_east_m,y_north_m
1,1135.79,0.0,0.0,59.99903693292647,-0.0020094688977256013,0.0,0.0
1,1135.89,0.10000000000013642,11.337102070984105,59.99896884659119,-0.001975018778896717,1.9153995967712303,-7.570865514344756
1,1135.99,0.20000000000004547,19.090914586618098,59.99890019080125,-0.0019403664504959,3.8420458740509473,-15.205051584451288
1,1136.0900000000001,0.3000000000001819,26.806422143090956,59.99883477879378,-0.001905592355614526,5.775466001586286,-22.478545004253714
1,1136.19,0.40000000000009095,34.51929994140633,59.99876669391863,-0.001870730836737801,7.713750983979308,-30.049248158017715
1,1136.29,0.5,42.26396546424277,59.998698038128694,-0.0018357903868122774,9.656428561247052,-37.683434229538896
1,1136.39,0.6000000000001364,50.01758752717058,59.998632624661084,-0.00180077481057369,11.603286587179937,-44.95709000850743
1,1136.49,0.7000000000000455,57.78221369169299,59.99856454124608,-0.001765695118050771,13.553713846450703,-52.52763080169068
1,1136.5900000000001,0.8000000000001819,65.55905693080139,59.99849588545614,-0.0017305401020320853,15.508333211163597,-60.161816873211855
1,1136.69,0.900000000000091,73.34466400911727,59.9984272296662,-0.001695305874355914,17.46736077448608,-67.79600294473303
1,1136.79,1.0,81.13842482901563,59.99836181425173,-0.0016600099552185887,19.429821480372773,-75.0698752044759
1,1136.89,1.1000000000001364,88.93686622973699,59.99829373278359,-0.00162464095970372,21.396349959558123,-82.64019951688482
1,1136.99,1.2000000000000455,96.74284569905832,59.99822507699364,-0.0015891915683211553,23.3673526860524,-90.27438558840599
1,1137.0900000000001,1.300000000000182,104.56043159369683,59.9981564212037,-0.001553707989452565,25.340260323770558,-97.90857165992718
1,1137.19,1.400000000000091,112.38331937597944,59.998087765413764,-0.0015181847369176507,27.315377910013044,-105.54275773003371
1,1137.29,1.5,120.21028669119335,59.998019109623826,-0.001482558483276728,29.296226458182197,-113.17694380155488
1,1137.39,1.6000000000001364,128.04823694539982,59.99795369128908,-0.0014467566549467242,31.286839551629885,-120.45114078245926
1,1137.49,1.7000000000000455,135.88804044420323,59.99788561274121,-0.001410747120605741,33.28900639980735,-128.02114037512132
1,1137.5900000000001,1.800000000000182,143.7382147850728,59.99781695695127,-0.001374546361366867,35.301809815533176,-135.65532644522784
1,1137.69,1.900000000000091,151.5937091556656,59.99774830116133,-0.0013382194139595048,37.32163350107101,-143.28951251674903
1,1137.79,2.0,159.45326595414963,59.997679645371385,-0.001301840734534959,39.34433769395961,-150.9236985882702
1,1137.89,2.1000000000001364,167.3238164411505,59.997610989581446,-0.0012654144623751576,41.36969225759766,-158.55788465837674
1,1137.99,2.2000000000000455,175.20312099466815,59.99754233379151,-0.0012289254888328779,43.39853724727203,-166.1920707284833
1,1138.0900000000001,2.300000000000182,183.09058227980404,59.99747367800157,-0.0011923637398065195,45.43143279864131,-173.82625680000444
1,1138.19,2.400000000000091,190.98619199970366,59.99740502221162,-0.001155729728072144,47.46835041367866,-181.46044287152563
1,1138.29,2.5,198.8692302905881,59.997336366421685,-0.001119095618593049,49.505277690510624,-189.09462894163218
1,1138.39,2.6000000000001364,206.65654519946412,59.997267710631746,-0.0010827570446058153,51.5257772303654,-196.72881501315334
1,1138.49,2.7000000000000455,214.26479351637127,59.99720228694315,-0.001047119134381365,53.5073209515342,-204.00360731477252
1,1138.5900000000001,2.800000000000182,221.6332151034683,59.9971406769784,-0.0010124894361179854,55.43280804945443,-210.85433228871756
1,1138.69,2.900000000000091,228.74966601532702,59.99707964960956,-0.00097895150350789,57.29759518049498,-217.6402754630887
1,1138.79,3.0,235.62041409694174,59.997018622240724,-0.0009464404136030363,59.10529241923975,-224.4262186374598
1,1138.89,3.1000000000001364,242.25361501109964,59.99696082502638,-0.0009149790406352813,60.85462480877609,-230.85298452411791
1,1138.99,3.2000000000000455,248.66085253308714,59.996906841535875,-0.0008844597327478276,62.551576933680224,-236.85568308168723
1,1139.0900000000001,3.300000000000182,254.8440085590201,59.99685344258814,-0.0008547940988609665,64.20106613727218,-242.79338335890833
1,1139.19,3.400000000000091,260.8065336726501,59.99680004364041,-0.0008260281071510392,65.80053696391599,-248.7310836361294
1,1139.29,3.5,266.5490526854683,59.99674987290032,-0.0007981626052124983,67.34993887931446,-254.30982310641178
1,1139.39,3.6000000000001364,272.0750257143034,59.996703515884064,-0.0007711689418869628,68.85086397001001,-259.46449524902005
1,1139.49,3.7000000000000455,277.3815955413257,59.99665774535743,-0.0007449711271263626,70.30754043833367,-264.55395262909104
1,1139.5900000000001,3.800000000000182,282.47850597769775,59.996611974830806,-0.0007194561903200358,71.7262500905728,-269.64341001057676
1,1139.69,3.900000000000091,287.37107748079046,59.99656943056497,-0.00069443338470332,73.11759503836214,-274.37412306306874
1,1139.79,4.0,292.07028339453643,59.99653070002296,-0.0006696798202745418,74.49396733011223,-278.6807687893013
1,1139.89,4.100000000000136,296.58489907558015,59.996489332630084,-0.0006449442536282602,75.86934355666732,-283.2806193594141
1,1139.99,4.2000000000000455,300.92304380001,59.996453825915296,-0.0006201832281052147,77.24613020831765,-287.2287913590356
1,1140.0900000000001,4.300000000000182,305.0859965909018,59.996416273706394,-0.0005952667205152286,78.6315657827257,-291.4044122408935
1,1140.19,4.400000000000091,309.13921875135316,59.99638135542809,-0.0005699201686043903,80.0409108065003,-295.28715299861807
1,1140.29,4.5,312.99821940775337,59.996350250873625,-0.0005437831734797658,81.49420238538082,-298.7458264272538
1,1140.39,4.600000000000136,316.72110530600213,59.996319737189204,-0.0005165070076406015,83.01083412442794,-302.13879801585404
1,1140.49,4.7000000000000455,320.3665212166321,59.99628922350479,-0.000487329322735314,84.63319451334816,-305.53176960162494
1,1140.5900000000001,4.800000000000182,324.0252889148833,59.99625870982037,-0.00045608574462205933,86.37042314618017,-308.9247411902252
1,1140.69,4.900000000000091,327.58867558207027,59.9962314175296,-0.00042266373122816123,88.22877339647253,-311.9595096517676
1,1140.79,5.0,331.0924152670704,59.996204718055736,-0.000387082400620056,90.20718573248745,-314.92835978967076
1,1140.89,5.100000000000136,334.5472525039846,59.99617801858187,-0.0003494314956429605,92.30067123110767,-317.897209927574
1,1140.99,5.2000000000000455,338.0116822984098,59.99615453904151,-0.00030992210493460524,94.49748857040773,-320.50801930182945
1,1141.0900000000001,5.300000000000182,341.40019254044023,59.9961316537782,-0.00026863122014657894,96.79336052186434,-323.05274799327964
1,1141.19,5.400000000000091,344.75343777863384,59.99610876851489,-0.00022556830139159383,99.18776201968238,-325.5974766833151
1,1141.29,5.5,348.0513168203238,59.99608910172495,-0.00018087307680698546,101.67291910707937,-327.7843269674544
1,1141.39,5.600000000000136,351.3533760304137,59.996070030672186,-0.00013465728972419412,104.24262252080699,-329.9049342096222
1,1141.49,5.7000000000000455,354.69923875846024,59.99605417711937,-8.709586178663169e-05,106.88714209421119,-331.6677712876955
1,1141.5900000000001,5.800000000000182,357.88091372466005,59.99603892027716,-3.834187625778757e-05,109.59797015038208,-333.36425708058096
1,1141.69,5.900000000000091,361.32277513863346,59.99602366343495,1.1431674406010528e-05,112.36548900219982,-335.06074287488104
1,1141.79,6.0,365.06284123150886,59.996011622632544,6.212459529692253e-05,115.18412208270632,-336.3996208642528
1,1141.89,6.100000000000136,368.27804405658145,59.996000180000884,0.00011371444625509539,118.05262596834946,-337.67198520927053
1,1141.99,6.2000000000000455,372.10833849258483,59.99598873736923,0.00016620014531296105,120.97094154157914,-338.9443495542883
1,1142.0900000000001,6.300000000000182,375.9940667432047,59.995980509317235,0.00021945923135827436,123.93225375749303,-339.8592684563731
1,1142.19,6.400000000000091,379.18866382904145,59.99597609498908,0.00027327464820090864,126.92449235122066,-340.3501200293691
1,1142.29,6.5,382.8405582582253,59.99597228077853,0.0003274120588731493,129.9346335811765,-340.77424147723684
1,1142.39,6.600000000000136,386.5809584662123,59.9959716796875,0.0003816251669522832,132.9489776093211,-340.8410798427523
1,1142.49,6.7000000000000455,390.2420019700511,59.9959716796875,0.00043567450084832716,135.954214328401,-340.8410798427523
1,1142.5900000000001,6.800000000000182,393.322694573945,59.9959716796875,0.0004893318635475504,138.93765676902086,-340.8410798427523
1,1142.69,6.900000000000091,396.7158292161142,59.99597489134688,0.0005423837198163061,141.88742511466864,-340.48395912098084
1,1142.79,7.0,400.0948829272852,59.995978705557434,0.0005946664481487128,144.79442701211926,-340.0598376716985
1,1142.89,7.100000000000136,403.0655348474427,59.995985730453945,0.0006460561490690887,147.6517675446395,-339.27870374103185
1,1142.99,7.2000000000000455,406.2095899723462,59.99599335887505,0.0006963851346958691,150.45012850665114,-338.4304608438818
1,1143.0900000000001,7.300000000000182,409.1326675671396,59.99600098729615,0.0007455842019947677,153.18566343223205,-337.5822179481464
1,1143.19,7.400000000000091,412.13562160718175,59.996011824943075,0.0007937079862833748,155.86140260016327,-336.3771249287782
1,1143.29,7.5,415.0843217153952,59.99602326757473,0.000840795216591907,158.47950528759597,-335.1047605837604
1,1143.39,7.600000000000136,418.0112729516888,59.996037918458775,0.0008868314467212846,161.0391618836595,-333.47565435691166
1,1143.49,7.7000000000000455,420.9438024632888,59.996053175300986,0.0009317600301630734,163.53722884658535,-331.7791685626116
1,1143.5900000000001,7.800000000000182,423.93928892348015,59.9960684321432,0.0009754772929264388,165.967943225059,-330.0826827697261
1,1143.69,7.900000000000091,426.9293315931104,59.9960836889854,0.0010178475980360101,168.32376342733005,-328.3861969768406
1,1143.79,8.0,429.9606365995114,59.99610215213315,0.0010588385479687672,170.6028798830268,-326.33318578148385
1,1143.89,8.100000000000136,433.0723179019158,59.99612442900473,0.0010984608539839512,172.8058863018415,-323.85610725845294
1,1143.99,8.200000000000045,436.24901375644504,59.99614410893594,0.0011370188764320123,174.94972224786284,-321.66779572908695
1,1144.0900000000001,8.300000000000182,439.4560029284518,59.99616638483409,0.001175763140798244,177.10390531365758,-319.1908254464432
1,1144.19,8.400000000000091,442.7695901994271,59.996186065738726,0.001216057630495689,179.344288897506,-317.00240567669005
1,1144.29,8.5,446.171182339365,59.99620513679148,0.0012584405922030164,181.70079507890264,-314.88179843452224
1,1144.39,8.600000000000136,449.609777515866,59.99622420784424,0.0013029069338676104,184.17313899918975,-312.76119119235443
1,1144.49,8.700000000000045,452.88526352110813,59.996240075998465,0.0013492537971989,186.75005037171022,-310.99673051130287
1,1144.5900000000001,8.800000000000182,456.31007948738073,59.9962585352525,0.0013973405315055602,189.42369251883113,-308.94415227749477
1,1144.69,8.900000000000091,459.84479599248726,59.996271202455034,0.0014469801197838708,192.18369097359465,-307.5356216753704
1,1144.79,9.0,463.10659376657156,59.99628584652509,0.0014982330596202546,195.03338726635124,-305.9072731312318
1,1144.89,9.100000000000136,466.71008645763965,59.99629790241561,0.0015512472419639365,197.98101769384616,-304.5667174172736
1,1144.99,9.200000000000045,470.4477251408428,59.99630614458229,0.0016056062216260791,201.0034313141241,-303.6502290309895
1,1145.0900000000001,9.300000000000182,473.7725812335848,59.9963137730034,0.001661057066498345,204.0865553596808,-302.8019861338395
1,1145.19,9.400000000000091,477.45017084574107,59.9963214014245,0.0017176616116781264,207.23382609357046,-301.95374323810404
1,1145.29,9.5,481.17014149435425,59.996325830840775,0.0017752949053176834,210.43830616601153,-301.46121394052153
1,1145.39,9.600000000000136,484.8104735863488,59.996329645051325,0.0018337966157975628,213.69107301730565,-301.0370924912392
1,1145.49,9.700000000000045,488.1500159192927,59.996333459261876,0.0018931517312893958,216.99129003311694,-300.6129710433715
1,1145.5900000000001,9.800000000000182,491.663132259639,59.996334075927734,0.0019532188365125438,220.33110496158253,-300.5444008344906
1,1145.69,9.900000000000091,495.1725590879884,59.996330878869756,0.002013776619716472,223.69821511872615,-300.89989795186915
1,1145.79,10.0,498.56008056983,59.99633026123047,0.0020746455921909876,227.08261931875208,-300.9685764025519
1,1145.89,10.100000000000136,502.0077535414873,59.99632386906136,0.0021356880962565034,230.47669230181552,-301.679354159364
1,1145.99,10.200000000000045,505.46104440562124,59.996319436238096,0.002196793112552421,233.8742347852919,-302.1722622983016
1,1146.0900000000001,10.300000000000182,508.93965473855883,59.99630923180529,0.0022578888775312495,237.27128403449476,-303.306945022207
1,1146.19,10.400000000000091,512.4406267298467,59.996300983798044,0.002318995079537495,240.6689075292267,-304.2240828508141
1,1146.29,10.5,515.9755990644883,59.99629016123924,0.002380187369310225,244.07132797392185,-305.42749814559585
1,1146.39,10.600000000000136,519.5677296717131,59.996278718607584,0.0024414937096185127,247.4800932290396,-306.69986248919895
1,1146.49,10.700000000000045,523.2585024207629,59.996267275975924,0.0025028872770018864,250.89370961816968,-307.9722268356314
1,1146.5900000000001,10.800000000000182,527.0176592750482,59.99625264066671,0.002564542370106147,254.32188068097832,-309.59960121770007
1,1146.69,10.900000000000091,530.8652729590425,59.9962373838245,0.0026269238216808464,257.79044231024005,-311.29608701058555
1,1146.79,11.0,534.8031500983194,59.99622212698229,0.002690567462235954,261.32918517014275,-312.99257280488564
1,1146.89,11.100000000000136,538.7658605640844,59.996206870140085,0.0027557731307039017,264.9547808147196,-314.6890585977711
1,1146.99,11.200000000000045,542.8532928738025,59.99619480402858,0.002822740456512424,268.67831605307657,-316.03075083437994
1,1147.0900000000001,11.300000000000182,547.0431101486741,59.99618017115293,0.002891533844897316,272.5033951435474,-317.6578546168954
1,1147.19,11.400000000000091,551.3197636248802,59.996168104068005,0.002962136089324339,276.4290404453698,-318.9996550938914
1,1147.29,11.5,555.6922642854623,59.996156661436345,0.0030345238564259813,280.4539624134975,-320.2720194389092
1,1147.39,11.600000000000136,560.1420790763568,59.99614840758854,0.003108635488175968,284.5747216722903,-321.18980670701
1,1147.49,11.700000000000045,564.6447732828364,59.9961375908703,0.0031844440500108148,288.7898451611328,-322.39257256088337
1,1147.5900000000001,11.800000000000182,569.0635782453619,59.996129336049066,0.003261849203835429,293.093731755751,-323.3104680693714
1,1147.69,11.900000000000091,573.6515844823106,59.99612489495168,0.0033406865278042537,297.47723324249813,-323.8042962501853
1,1147.79,12.0,578.3206803670605,59.99611789390413,0.003420947691238246,301.93991476575985,-324.5827782941956
1,1147.89,12.100000000000136,583.0393254809788,59.99611345183331,0.0035025398226644975,306.4765893537602,-325.07671471539663
1,1147.99,12.200000000000045,587.813677771114,59.99611282348633,0.0035853297107824684,311.0798438321103,-325.14658380750893
1,1148.0900000000001,12.300000000000182,592.6552765758348,59.996109638109466,0.003669235951590551,315.7451816142746,-325.5007820444854
1,1148.19,12.400000000000091,597.5559409569865,59.99610900878906,0.003754186080504078,320.46854933679145,-325.5707593769848
1,1148.29,12.5,602.5068312858157,59.996112193192495,0.0038399465132424454,325.2369526080361,-325.2166693818102
1,1148.39,12.600000000000136,607.5133736741475,59.99611282348633,0.003926307891754553,330.0387817151735,-325.14658380750893
1,1148.49,12.700000000000045,612.5634106082953,59.99611919034634,0.004013239990754923,334.8723146786266,-324.43862029793394
1,1148.5900000000001,12.800000000000182,617.6405702544839,59.996123635824155,0.004100587504658883,339.72895431269615,-323.9443050353778
1,1148.69,12.900000000000091,622.7421886525426,59.99613063249129,0.004188152508743632,344.59767281007504,-323.1663100731098
1,1148.79,13.0,627.8580426876531,59.996141442882255,0.0042757029945260676,349.4655628942186,-321.964247781753
1,1148.89,13.100000000000136,632.9996919350876,59.996149704030756,0.004362736935093746,354.3047443067864,-321.04564871074837
1,1148.99,13.200000000000045,638.1732473552275,59.996163694444746,0.004449012525846559,359.10172797009756,-319.48998350454457
1,1149.0900000000001,13.300000000000182,643.3624414760286,59.99617895128695,0.004534471999514537,363.85332525627035,-317.7934977116591
1,1149.19,13.400000000000091,648.574076606333,59.99619420812916,0.004619091545978203,368.558219098666,-316.09701191877366
1,1149.29,13.5,653.8237126952805,59.99621264450767,0.0047028454062645235,373.2149593566555,-314.0469773312347
1,1149.39,13.600000000000136,659.2804784489641,59.99623489461002,0.004785897589019659,377.83266090669565,-311.57287541460704
1,1149.49,13.700000000000045,664.6720514420355,59.996254601310454,0.00486859445292314,382.43061779229697,-309.3815872788378
1,1149.5900000000001,13.800000000000182,670.0833121783917,59.99627685043938,0.0049513041942338175,387.02927307016273,-306.90759360259733
1,1149.69,13.900000000000091,675.5298749373492,59.99629973570269,0.00503398167511745,391.626127763182,-304.3628649125618
1,1149.79,14.0,680.995449569914,59.99632579806874,0.005116090968309744,396.19136819845113,-301.46485802884075
1,1149.89,14.100000000000136,686.4773164307205,59.9963524975426,0.005197447129695954,400.71472598444706,-298.49600789093756
1,1149.99,14.200000000000045,691.982285140984,59.996379197016466,0.005277668525540961,405.174985575854,-295.5271577516197
1,1150.0900000000001,14.300000000000182,697.5286425271428,59.99640589649034,0.005356173627343111,409.53981326782815,-292.5583076123018
1,1150.19,14.400000000000091,703.1130823568463,59.99643894627596,0.005433045201806334,413.8137713998777,-288.8833340485762
1,1150.29,14.5,708.7103824624417,59.996470099501764,0.005507774397375793,417.968618160644,-285.41924860624056
1,1150.39,14.600000000000136,714.4176157127772,59.99650378736863,0.00558030244501453,422.00105817928363,-281.673323546531
1,1150.49,14.700000000000045,720.0754999224015,59.996538115263604,0.005650671417783208,425.91344269016395,-277.8562305114777
1,1150.5900000000001,14.800000000000182,725.7325618044482,59.9965756163676,0.005718541039830523,429.6868355601483,-273.6862922428729
1,1150.69,14.900000000000091,731.4161193896948,59.996613758473124,0.005783895167070123,433.3203554356992,-269.44507775995197
1,1150.79,15.0,737.1213821101576,59.99665507281424,0.005846529372770955,436.8026193787622,-264.8511262838667
1,1150.89,15.100000000000136,742.8470658472004,59.99669702913032,0.005906350947024554,440.12848922790636,-260.18579035166334
1,1150.99,15.200000000000045,748.596489256674,59.99673898544639,0.00596320283289183,443.28923694798624,-255.52045441946004
1,1151.0900000000001,15.300000000000182,754.3906641940634,59.996784112537924,0.0060170827097703545,446.284712438217,-250.50254385608778
1,1151.19,15.400000000000091,760.1896868460619,59.99682988306455,0.006067988797123916,449.1148337614776,-245.4130864760168
1,1151.29,15.5,766.0151527192872,59.99687565359118,0.0061159896385197705,451.7834166609247,-240.3236290945311
1,1151.39,15.600000000000136,771.8698158535111,59.99692142411781,0.006161235255872384,454.29880283072913,-235.23417171446008
1,1151.49,15.700000000000045,777.7563721165192,59.99697036347304,0.0062039010251482155,456.67072177872086,-229.79235618257982
1,1151.5900000000001,15.800000000000182,783.678909298519,59.997019948210216,0.006244248301136216,458.9137225336093,-224.27877735322645
1,1151.69,15.900000000000091,789.6448604447681,59.9970695329474,0.006282562016616969,461.04365231049013,-218.76519852387307
1,1151.79,16.0,795.6353794834915,59.997119117684576,0.006319083979873987,463.07395609041197,-213.25161969593435
1,1151.89,16.100000000000136,801.6563727633915,59.99717186930351,0.006353944874718468,465.01187795527346,-207.38589919554607
1,1151.99,16.200000000000045,807.7099908048281,59.9972221018562,0.006387512752401197,466.87792186900526,-201.8002864691663
1,1152.0900000000001,16.300000000000182,813.7962036677969,59.997274852501704,0.006420028317644144,468.6854358645551,-195.93467420916522
1,1152.19,16.40000000000009,819.9183436724618,59.99732825144944,0.006451650242753464,470.44325544439414,-189.99697393194415
1,1152.29,16.5,826.077196703899,59.997381650397166,0.006482653896124461,472.16669593761895,-184.05927365472306
1,1152.39,16.600000000000136,832.2693406037176,59.9974350493449,0.006513297181348815,473.8700969973692,-178.121573377502
1,1152.49,16.700000000000045,838.4974607267172,59.99748844829263,0.006543644129715335,475.5570188412689,-172.18387310028092
1,1152.5900000000001,16.800000000000182,844.7588117576221,59.99754184724036,0.00657380383404044,477.23352711509114,-166.24617282305985
1,1152.69,16.90000000000009,851.0460566024784,59.997598409176135,0.006603862671215234,478.9044015369981,-159.95676383635256
1,1152.79,17.0,857.3577301190262,59.99765245983309,0.006633864098114419,480.5720993119353,-153.94659669914176
1,1152.89,17.100000000000136,863.7005908274855,59.99770585878082,0.006663891512965431,482.2412440487309,-148.0088964219207
1,1152.99,17.200000000000045,870.0693082610267,59.99776241925645,0.006693978965286702,483.9137010648182,-141.71964979579414
1,1153.0900000000001,17.300000000000182,876.4726098785435,59.99781963241474,0.0067241220936701636,485.58924602968966,-135.35782807070538
1,1153.19,17.40000000000009,882.9024199212924,59.99787368501855,0.00675433388575423,487.26862908311756,-129.34744445272025
1,1153.29,17.5,889.3600759503399,59.997930244034045,0.0067846231576341644,488.95229875298935,-123.05836018717446
1,1153.39,17.600000000000136,895.849625661085,59.99798745719232,0.0068149965058646325,490.6406353412072,-116.69653846208567
1,1153.49,17.700000000000045,902.3650372755543,59.99804467035061,0.006845482042579712,492.3352066875922,-110.33471673558225
1,1153.5900000000001,17.800000000000182,908.9082532318174,59.99809872490127,0.0068760857471095605,494.03636881147605,-104.32411663823743
1,1153.69,17.90000000000009,915.4833508382253,59.99815528196991,0.00690678495416889,495.7428193355113,-98.03524885346599
1,1153.79,18.0,922.0842629333985,59.99821249512819,0.006937575712914886,497.4543522686787,-91.67342712696255
1,1153.89,18.100000000000136,928.7096838898625,59.99827286543396,0.006968491712801929,499.172821804419,-84.96054613329594
1,1153.99,18.200000000000045,935.3662510790278,59.99833073614202,0.006999542624089781,500.89880816699423,-78.52560810730907
1,1154.0900000000001,18.300000000000182,942.0486758654877,59.99838794930031,0.007030739025387739,502.63288570611735,-72.16378638080565
1,1154.19,18.40000000000009,948.7555695040796,59.998445162458594,0.007062128073887291,504.37767136348833,-65.80196465571686
1,1154.29,18.5,955.4936462617757,59.99850553081751,0.007093704531874465,506.1328497597701,-59.08930014140993
1,1154.39,18.600000000000136,962.2542123914219,59.998563403472424,0.007125437232601439,507.89673113711825,-52.654145636063376
1,1154.49,18.700000000000045,969.045202120674,59.99862061663071,0.007157322613768229,509.66910346544927,-46.29232390955995
1,1154.5900000000001,18.800000000000182,975.8587242369562,59.99868098352948,0.007189358848536123,511.4498357274018,-39.57982175724842
1,1154.69,18.90000000000009,982.699347584986,59.99874201089832,0.007221524282991765,513.2377430414889,-32.793878582877284
1,1154.79,19.0,989.5651377555105,59.99879988550009,0.007253820255715761,515.0329294421772,-26.35850759534175
1,1154.89,19.100000000000136,996.4553463417125,59.998860250938726,0.007286229121763701,516.8343700346917,-19.64616780219632
1,1154.99,19.200000000000045,1003.3666344664,59.99892127830756,0.007318699986414486,518.6392492264048,-12.86022462923984
1,1155.0900000000001,19.300000000000182,1010.3050595333314,59.99897915436947,0.007351214913519468,520.4465997138082,-6.424691281123545
1,1155.19,19.40000000000009,1017.2686136719743,59.99903951834797,0.007383781051285333,522.25677466932,0.2874861514411293
1,1155.29,19.5,1024.2565756431886,59.99910054571681,0.007416352190617441,524.0672191486487,7.073429325812257
1,1155.39,19.600000000000136,1031.2589163348039,59.99916157308564,0.007448777096461752,525.8695298434694,13.859372498768737
1,1155.49,19.700000000000045,1038.2768980762844,59.99922260045447,0.007480977587391549,527.6593599669218,20.645315673139866
1,1155.5900000000001,19.800000000000182,1045.317883486123,59.99928362782331,0.007513044537901212,529.4417620801311,27.431258847510993
1,1155.69,19.90000000000009,1052.3799520322295,59.99934465519215,0.007545066549472539,531.221662348582,34.21720202188212
1,1155.79,20.0,1059.4623003857362,59.99940568256098,0.007577092803368125,533.001795200772,41.00314519625325
1,1155.89,20.100000000000136,1066.5651086747234,59.99946985734304,0.007609150290316702,534.7836358475439,48.139065235330534
1,1155.99,20.200000000000045,1073.6883188414015,59.99953155199592,0.0076412869511705995,536.56989511982,54.99920711305679
1,1156.0900000000001,20.300000000000182,1080.8284862217993,59.99959257936476,0.007673578512123807,538.3647687322718,61.78515028742792
1,1156.19,20.40000000000009,1087.9916297342477,59.99965675268667,0.007705983381006381,540.1659131145112,68.92090796592444
1,1156.29,20.5,1095.1759601217123,59.99971844879969,0.007738493577826041,541.9729303782503,75.78121220281682
1,1156.39,20.600000000000136,1102.3805918098399,59.99977947616853,0.007771124122946773,543.7866409563899,82.56715537718794
1,1156.49,20.700000000000045,1109.6055826227678,59.9998436480303,0.007803816237092701,545.6037454005142,89.70275069651836
1,1156.5900000000001,20.800000000000182,1116.8476339053116,59.999905345603466,0.007836570584088112,547.4243268396377,96.56321729399149
1,1156.69,20.90000000000009,1124.1126775488847,59.99996951649181,0.007869396630445008,549.2488707174798,103.69870437293474
1,1156.79,21.0,1131.3920713200857,60.0000343580712,0.007902327611660907,551.0792396703164,110.90876899517357
1,1156.89,21.100000000000136,1138.6937251550378,60.00009605710451,0.007935400244770833,552.9175068967493,117.76939795464209
1,1156.99,21.200000000000045,1146.0131507931653,60.000160226532714,0.007968588702001064,554.7621895935295,124.90472267158994
1,1157.0900000000001,21.300000000000182,1153.34892967912,60.0002250681121,0.00800180709665945,556.6085275218938,132.11478729524342
1,1157.19,21.40000000000009,1160.7043787996306,60.00028676860554,0.008035039293373335,558.4556557118078,138.9755786124634
1,1157.29,21.5,1168.0733745164282,60.00035093657361,0.0080682892901004,560.3037492047497,146.1107409716598
1,1157.39,21.600000000000136,1175.4613854787872,60.000415778153,0.00810158627380011,562.1544457697307,153.32080559389863
1,1157.49,21.700000000000045,1182.8629667267269,60.000480619732386,0.008134950126524026,564.0088564861996,160.53087021613746
1,1157.5900000000001,21.800000000000182,1190.2835610709021,60.00054546131177,0.008168373081137782,565.8665495069336,167.7409348383763
1,1157.69,21.90000000000009,1197.7211427037685,60.00061030289116,0.0082018597283847,567.7277800576663,174.95099946061512
1,1157.79,22.0,1205.1750559665834,60.00067514447055,0.008235424576189424,569.5933547364172,182.16106408285395
1,1157.89,22.100000000000136,1212.648635866203,60.000739986049936,0.008269091111324678,571.4645793415923,189.37112870650742
1,1157.99,22.200000000000045,1220.1357697757105,60.000804827629324,0.008302890597203537,573.3431920295873,196.58119332874625
1,1158.0900000000001,22.300000000000182,1227.638599047107,60.00086966920871,0.008336835706910958,575.2298973720104,203.79125795098508
1,1158.19,22.40000000000009,1235.1542906814136,60.0009345107881,0.008370908020397045,577.1236712351501,211.00132257322392
1,1158.29,22.5,1242.6855762127914,60.00100248809959,0.008405149170668407,579.0268008457883,218.56006517835215
1,1158.39,22.600000000000136,1250.2332149919791,60.00106800864415,0.008439625731861421,580.9430363638676,225.8456273871775
1,1158.49,22.700000000000045,1257.7937964015618,60.001132850223534,0.00847432853262927,582.8718523983574,233.05569200941633
1,1158.5900000000001,22.800000000000182,1265.3732013098067,60.00119769180292,0.00850917947210956,584.8089007695427,240.26575663306983
1,1158.69,22.90000000000009,1272.9596276102175,60.00126566716755,0.008544090707725665,586.7492698513256,247.82428275600907
1,1158.79,23.0,1280.5535120054135,60.00133118965896,0.008578955604528166,588.6870804606042,255.11006144560878
1,1158.89,23.100000000000136,1288.068556043558,60.00139603123835,0.008613336023192204,590.5979576924933,262.3201260678476
1,1158.99,23.200000000000045,1295.398743015827,60.00146087281774,0.008646779315121448,592.4567296282044,269.53019069150105
1,1159.0900000000001,23.300000000000182,1302.4817298334613,60.001522582558735,0.008679042402470302,594.2499101363436,276.39201029239916
1,1159.19,23.40000000000009,1309.3147819096232,60.0015804785759,0.008710074203108438,595.9746657836304,282.8297625670378
1,1159.29,23.5,1315.9025682559588,60.00163769173418,0.00873989049442376,597.6318459411076,289.19158429212655
1,1159.39,23.600000000000136,1322.259311353989,60.00169177451422,0.008768554291698745,599.224976459609,295.20532335787
1,1159.49,23.700000000000045,1328.3979789095695,60.00174517346195,0.008796139571723701,600.7581483855029,301.1430236336764
1,1159.5900000000001,23.800000000000182,1334.327368489056,60.00179857240968,0.008822726159890179,602.2357937260633,307.0807239123122
1,1159.69,23.90000000000009,1340.059038037548,60.00184884243931,0.008848408800376895,603.6632086381447,312.670503889354
1,1159.79,24.0,1345.5951007373646,60.00189529874509,0.008873265386416748,605.04473031283,317.8362165387217
1,1159.89,24.100000000000136,1350.9356347533753,60.001941069271716,0.008897270188743218,606.3788999535582,322.92567391879277
1,1159.99,24.200000000000045,1356.0771592775827,60.00198683979834,0.008920198586911489,607.6532232502623,328.01513129886376
1,1160.0900000000001,24.300000000000182,1361.0225079631043,60.002029483353716,0.008941773375943795,608.8523174389377,332.7568848609445
1,1160.19,24.40000000000009,1365.7889797872756,60.00207143966979,0.00896180822117789,609.9658007655968,337.42222079314786
1,1160.29,24.5,1370.39020656666,60.002113395985866,0.008980062618708741,610.9802958879109,342.0875567253512
1,1160.39,24.600000000000136,1374.83849067641,60.00215222679083,0.008996232311911392,611.8789162862734,346.4053511987304
1,1160.49,24.700000000000045,1379.1761567331523,60.00219036889635,0.00901002399671717,612.6453330436235,350.64656568165134
1,1160.5900000000001,24.800000000000182,1383.3885456046792,60.002228511001874,0.009021091098816247,613.2602717178305,354.88778016598695
1,1160.69,24.90000000000009,1387.497266472274,60.00226665310739,0.00902914595982509,613.7077397874943,359.1289946489079
1,1160.79,25.0,1391.5316232196076,60.00230167164866,0.009034156953157124,613.9860082062078,363.02288415519376
1,1160.89,25.100000000000136,1395.516671519436,60.002335999543625,0.009035957923386913,614.0858170578703,366.839977190247
1,1160.99,25.200000000000045,1399.4702989997377,60.00237345002943,0.009034546337568948,614.0069904103192,371.00428696437757
1,1161.0900000000001,25.300000000000182,1403.342040932561,60.00240847003083,0.009029938342007809,613.7504777695622,374.89833882982947
1,1161.19,25.40000000000009,1407.216752009113,60.0024427979258,0.009022099974740315,613.3143751144861,378.71543186488276
1,1161.29,25.5,1411.072524655164,60.00247400469008,0.00901104234398546,612.6993227822596,382.18547052285413
1,1161.39,25.600000000000136,1414.893149337018,60.002507639018475,0.008996755201352891,611.9046998460028,385.92544236834266
1,1161.49,25.700000000000045,1418.6037761711082,60.00253884675618,0.008979124877086485,610.9242318844073,389.39558926528656
1,1161.5900000000001,25.800000000000182,1422.3247589992607,60.002569360440596,0.008958228878193345,609.7622121785471,392.78856085247213
1,1161.69,25.90000000000009,1426.019827234037,60.00259987412502,0.008934179769818378,608.4248927505146,396.1815324396577
1,1161.79,26.0,1429.68411421923,60.00263038780943,0.008907079030553457,606.9179156607677,399.5745040268432
1,1161.89,26.100000000000136,1433.266659843512,60.00265778328344,0.008876958519687065,605.2430809238047,402.6207459566938
1,1161.99,26.200000000000045,1436.878714103341,60.0026844827573,0.008843845650891193,603.401890512212,405.58959609601163
1,1162.0900000000001,26.300000000000182,1440.4878099505033,60.002711182231174,0.00880782272712957,601.3989139638167,408.5584462353295
1,1162.19,26.40000000000009,1444.0672876606811,60.00273788170504,0.008768857462368185,599.2323564985838,411.52729637323273
1,1162.29,26.5,1447.6508780340598,60.002761464915345,0.008727163234162751,596.9141093757955,414.1496333359899
1,1162.39,26.600000000000136,1451.2199737557944,60.00278435017866,0.00868277353950832,594.4460129999852,416.69436202602543
1,1162.49,26.700000000000045,1454.772056023117,60.00280723544197,0.008635658770324293,591.8264151143006,419.23909071606096
1,1162.5900000000001,26.800000000000182,1458.3776786783747,60.00283012070528,0.008585880809120046,589.0587562941713,421.7838194060964
1,1162.69,26.90000000000009,1461.9128764923983,60.00284989165189,0.00853381523940039,586.1639452091905,423.9822514003456
1,1162.79,27.0,1465.396114924497,60.002865848874656,0.008479907900368781,583.166774579635,425.756616065506
1,1162.89,27.100000000000136,1468.9583439121045,60.00288421906015,0.008424301618321256,580.0751299255256,427.79929031661993
1,1162.99,27.200000000000045,1472.4369423796159,60.002897064399775,0.008366934075090931,576.8856162461237,429.22762888696195
1,1163.0900000000001,27.300000000000182,1475.9289632704888,60.00291161940129,0.0083077516865761,573.5951910177606,430.8460734469917
1,1163.19,27.40000000000009,1479.462409264163,60.002923764360354,0.008246800175118658,570.2064320441239,432.19653314505877
1,1163.29,27.5,1483.1263016455048,60.002935206992014,0.008184144120074547,566.7229147265529,433.4688974900765
1,1163.39,27.600000000000136,1486.7681946857276,60.00294353871396,0.008119843960607177,563.1480196740024,434.39534398066303
1,1163.49,27.700000000000045,1490.458654567628,60.00295116713506,0.008054027622802091,559.4888382177425,435.2435868763984
1,1163.5900000000001,27.800000000000182,1494.2788866703672,60.00295879555617,0.007986832401343515,555.7529973786601,436.0918297749631
1,1163.69,27.90000000000009,1498.1187750682082,60.00296642397727,0.007918294769553422,551.9425249488519,436.9400726706985
1,1163.79,28.0,1502.0202270969837,60.002970943435514,0.007848533437253983,548.0640464832659,437.442614192777
1,1163.89,28.100000000000136,1505.99248685339,60.002977866122215,0.007777618366800507,544.121405729517,438.2123828955227
1,1163.99,28.200000000000045,1510.0208372512664,60.00298238655389,0.007705579566362665,540.1163106996395,438.7150326579884
1,1164.0900000000001,28.300000000000182,1514.11530133638,60.00298620076444,0.007632456500561176,536.0509412964267,439.1391541072707
1,1164.19,28.40000000000009,1518.2558725253482,60.00299001497499,0.007558291993836537,531.9276725824336,439.56327555513843
1,1164.29,28.5,1522.4470689097304,60.00299382918554,0.007483085260903862,527.7464609091061,439.9873970030061
1,1164.39,28.600000000000136,1526.6945870193056,60.00299764339609,0.007406791850805846,523.5048349985854,440.4115184522885
1,1164.49,28.700000000000045,1530.9958406123126,60.00300145760664,0.00732942142211753,519.20333183779,440.8356399001562
1,1164.5900000000001,28.800000000000182,1535.3566171080479,60.0030052718172,0.007250976488415628,514.8420911814443,441.2597613494385
1,1164.69,28.90000000000009,1539.771955653729,60.00300598144531,0.007171467986492264,510.4217450327234,441.3386685039769
1,1164.79,29.0,1544.2502150105063,60.00300598144531,0.007090913670018114,505.943261485436,441.3386685039769
1,1164.89,29.100000000000136,1548.7770575936852,60.00300908505432,0.007009345797221868,501.4084049173725,441.68377455691905
1,1164.99,29.200000000000045,1553.3685485323244,60.00300669302028,0.006926811866386875,496.81988125862904,441.4177921392897
1,1165.0900000000001,29.300000000000182,1558.0260585774674,60.00300598144531,0.006843364043380339,492.18053617710086,441.3386685039769
1,1165.19,29.40000000000009,1562.7487603059658,60.00300287929644,0.006759073861800961,487.4943769924791,440.99372481020094
1,1165.29,29.5,1567.5399063026637,60.00299906508589,0.006674030447115832,482.766345945911,440.5696033623332
1,1165.39,29.600000000000136,1572.3970729010402,60.00299525087534,0.006588330129144377,478.001793269182,440.1454819144655
1,1165.49,29.700000000000045,1577.316057680155,60.002988335976056,0.006502071707851813,473.20623400120587,439.3765791334026
1,1165.5900000000001,29.800000000000182,1582.296161247151,60.00298070755495,0.006415370604160331,468.3860674808392,438.5283362362525
1,1165.69,29.90000000000009,1587.3307606451212,60.00296997941854,0.006328346360113185,463.5479563048992,437.335420247709
1,1165.79,30.0,1592.4150522543775,60.00296163601547,0.006241115578263146,458.6983443779468,436.4076748738911
1,1165.89,30.100000000000136,1597.544910136773,60.00294781011061,0.006153794920417868,453.84377210444524,434.87030227472854
1,1165.99,30.200000000000045,1602.7195563919279,60.00293565152357,0.00606657610740767,448.9948486396405,433.5183272126557
1,1166.0900000000001,30.300000000000182,1607.9389910198508,60.00292111112346,0.005979599318628307,444.15939493649927,431.90150625560426
1,1166.19,30.40000000000009,1613.209953705594,60.00290275699952,0.005892941955371069,439.34172318593824,429.8606179708786
1,1166.29,30.5,1618.523895488207,60.002883685946756,0.005806813097791411,434.55343623357663,427.7400107287108
1,1166.39,30.600000000000136,1623.8852138789414,60.002864614893994,0.005721389030759554,429.80433001500074,425.61940348795764
1,1166.49,30.700000000000045,1629.3714538192633,60.002842448019635,0.0056366720900880045,425.0945543181737,423.1545561145304
1,1166.5900000000001,30.800000000000182,1634.8217461110319,60.00281956275632,0.005552956936071674,420.4404753408084,420.60982742449494
1,1166.69,30.90000000000009,1640.2838962360124,60.00279667749301,0.005470422264056175,415.85202321981467,418.0650987344594
1,1166.79,31.0,1645.7753631717653,60.002770697868236,0.005389168892948277,411.33482239245103,415.1762922723306
1,1166.89,31.100000000000136,1651.2952882676418,60.00274090451963,0.005309406619466583,406.90054060112345,411.8634184839423
1,1166.99,31.200000000000045,1656.8438464652925,60.00271039083521,0.005231425240000579,402.56526990931604,408.47044689675675
1,1167.0900000000001,31.300000000000182,1662.424152024323,60.00267987715079,0.005155227454763774,398.3291560966386,405.0774753095712
1,1167.19,31.40000000000009,1668.037018957932,60.002646271051766,0.005080809652856321,394.19201697414985,401.3406424324813
1,1167.29,31.5,1673.6792052721705,60.0026119431568,0.005008044865538265,390.14677915837586,397.52354939742804
1,1167.39,31.600000000000136,1679.4291885707678,60.00257761526183,0.004936673138965471,386.1789860049056,393.70645636237475
1,1167.49,31.700000000000045,1685.1535558090932,60.0025401964124,0.004866620780422386,382.2845584592625,389.5456643965833
1,1167.5900000000001,31.800000000000182,1690.8828432654775,60.002505144774624,0.004797720139903164,378.4541441650827,385.6480947227923
1,1167.69,31.90000000000009,1696.632511262054,60.00246463691758,0.004729824821999322,374.6796489040712,381.1438203084516
1,1167.79,32.0,1702.4025597988282,60.002425770095826,0.004662758616760415,370.9512354257395,376.8220209449911
1,1167.89,32.100000000000136,1708.1863660434835,60.0023876279903,0.0045963010170401155,367.2566497847457,372.5808064606555
1,1167.99,32.200000000000045,1714.0055030488825,60.00234639736389,0.004530418011285179,363.5940221990649,367.99616364937884
1,1168.0900000000001,32.30000000000018,1719.8455388988166,60.00230444104781,0.004465120482656871,359.96394442400504,363.33082771717557
1,1168.19,32.40000000000009,1725.7217638642526,60.00226248473174,0.004400366748459512,356.3640950831896,358.66549178355757
1,1168.29,32.5,1731.635315655252,60.00222052841566,0.0043361084652366036,352.79178650796325,354.00015585135424
1,1168.39,32.600000000000136,1737.5822952744936,60.00217857209959,0.004272305401223386,349.2447820046741,349.33481991915096
1,1168.49,32.700000000000045,1743.5618826345772,60.00213352969618,0.004208923065243089,345.72118015786305,344.3263262595599
1,1168.5900000000001,32.80000000000018,1749.5740544511455,60.00209084477017,0.004145923045933171,342.21881682290655,339.579972486683
1,1168.69,32.90000000000009,1755.6188107241765,60.002045803340195,0.0040832062743055295,338.73220864969096,334.5715870660645
1,1168.79,33.0,1761.6928940873854,60.00200003281357,0.004020746995585287,335.2599151710752,329.48212968599347
1,1168.89,33.100000000000136,1767.802048319391,60.001954262286944,0.00395860484436156,331.80524813212344,324.3926723059225
1,1168.99,33.200000000000045,1773.941301623497,60.00190849176031,0.00389670852323337,328.3642436659659,319.30321492443676
1,1169.0900000000001,33.30000000000018,1780.1091120917138,60.001862721233685,0.003835000497474026,324.9337030551931,314.21375754436576
1,1169.19,33.40000000000009,1786.3086363886835,60.00181695070706,0.0037735191644543585,321.51576109334735,309.1243001628801
1,1169.29,33.5,1792.5342121402452,60.001771180180434,0.0037122574757816177,318.110025938076,304.03484278280905
1,1169.39,33.600000000000136,1798.784317763544,60.001722327946894,0.0036511396253611048,314.7122976904173,298.6027147542633
1,1169.49,33.700000000000045,1805.06210842805,60.00167582442992,0.0035901495755749934,311.321658696767,293.4317524531911
1,1169.5900000000001,33.80000000000018,1811.3518707777723,60.001630053903284,0.003529439292636476,307.94656571618566,288.3422950717054
1,1169.69,33.90000000000009,1817.659741637692,60.00158120312989,0.0034689608427634095,304.58437147339146,282.91032940515504
1,1169.79,34.0,1823.9912687512692,60.00153161839271,0.00340855191866736,301.2260410357089,277.39675057580166
1,1169.89,34.100000000000136,1830.34060173536,60.001485112928876,0.003348065842211889,297.8634022522013,272.2255717939551
1,1169.99,34.200000000000045,1836.7128653678171,60.001436263615616,0.003287299265561033,294.48517416503387,266.79376848657085
1,1170.0900000000001,34.30000000000018,1843.1095603664169,60.00138667887844,0.0032259569875412544,291.0749369497019,261.2801896572175
1,1170.19,34.40000000000009,1849.5340118583438,60.00133709414126,0.0031637221239335916,287.6150693397036,255.76661082927876
1,1170.29,34.5,1855.9771730696143,60.00129058673057,0.0031002985824448706,284.0890960868992,250.59521556524325
1,1170.39,34.600000000000136,1862.44308735543,60.00124173936417,0.003035612903239591,280.49295634287336,245.16362874004795
1,1170.49,34.700000000000045,1868.9334843212507,60.00119215462699,0.0029698312520215846,276.8358812373724,239.6500499106946
1,1170.5900000000001,34.80000000000018,1875.4450646162243,60.00114564575616,0.0029031542121377976,273.1290066792419,234.47849228749294
1,1170.69,34.90000000000009,1881.977025451387,60.0010967998499,0.0028357295413429825,269.38057007066726,229.04706782146377
1,1170.79,35.0,1888.5293668267473,60.00105029000564,0.0027678044078279593,265.60429408789577,223.87540195646034
1,1170.89,35.100000000000136,1895.1019903613067,60.0010014450728,0.0026995302149644585,261.80861520670663,218.44408573081833
1,1170.99,35.200000000000045,1901.691724703329,60.000951860335626,0.0026308623152758834,257.9910444709722,212.9305069028796
1,1171.0900000000001,35.30000000000018,1908.301156188033,60.00090534903123,0.002561869812556641,254.1554090592064,207.75867867871003
1,1171.19,35.40000000000009,1914.927550218227,60.00085650555853,0.0024926987867408225,250.30985161702844,202.32752481223415
1,1171.29,35.5,1921.570250055321,60.000806920821354,0.0024233777978988473,246.45595366281768,196.81394598429543
1,1171.39,35.600000000000136,1928.2128865184416,60.00076040805681,0.0023539673757993133,242.59706638249864,191.6419553995451
1,1171.49,35.700000000000045,1934.799010137639,60.00071156604426,0.002285052138750491,238.7657132565025,186.21096389506462
1,1171.5900000000001,35.80000000000018,1941.2402681308538,60.000665052306296,0.0022176861955419246,235.0204835199719,181.0388650699271
1,1171.69,35.90000000000009,1947.4727687937063,60.00061928177967,0.002152529900815727,231.3980975774642,175.9494076898561
1,1171.79,36.0,1953.4720179312344,60.00057658127883,0.0020897400395266377,227.90726469968914,171.20132207219913
1,1171.89,36.100000000000136,1959.2448723719676,60.000534624962754,0.0020292350051926223,224.5434563722729,166.53598613999583
1,1171.99,36.200000000000045,1964.8001685777895,60.00049266864668,0.0019709015660720076,221.3003799886609,161.8706502077925
1,1172.0900000000001,36.30000000000018,1970.1527116689826,60.00045378089625,0.0019145716827647205,218.16868301006141,157.54652367883713
1,1172.19,36.40000000000009,1975.308862441751,60.000415638790734,0.0018600593226260692,215.13803057964725,153.30530919591618
1,1172.29,36.5,1980.2857776493051,60.00038056427743,0.0018071409450471927,212.19598710964462,149.40519587444135
1,1172.39,36.600000000000136,1985.1039333782355,60.00034623638246,0.0017554763296884239,209.32364490387928,145.58810283938809
1,1172.49,36.700000000000045,1989.8000213385524,60.00031190848749,0.0017044423192298954,206.4863601436058,141.77100980292016
1,1172.5900000000001,36.80000000000018,1994.4082978303422,60.00027758059252,0.001653164056731496,203.63549248561145,137.9539167678669
1,1172.69,36.90000000000009,1998.980889104235,60.00024631834292,0.001600710573484047,200.71927247482293,134.4777084149001
1,1172.79,37.0,2003.4995249833166,60.0002158046585,0.0015464828694632432,197.7044040451799,131.08473682912918
1,1172.89,37.100000000000136,2007.9865381619427,60.000188355646024,0.0014902536790472676,194.57824479293322,128.03254168364288
1,1172.99,37.200000000000045,2012.4491435080022,60.00015859198693,0.0014319683404571788,191.33777147397853,124.72296922281933
1,1173.0900000000001,37.30000000000018,2016.897046818392,60.00013420569954,0.0013715995871876655,187.9814457688584,122.01133403967263
1,1173.19,37.40000000000009,2021.3426224966483,60.000108257224426,0.0013090779556674944,184.50542566740967,119.12599126710396
1,1173.29,37.5,2025.801257164839,60.00008462047565,0.0012443397624328392,180.90615949878196,116.49770109012569
1,1173.39,37.600000000000136,2030.2794547570406,60.000061735212334,0.0011773907257520216,177.1839696126236,113.95297240009018
1,1173.49,37.700000000000045,2034.7845972849855,60.000041911700684,0.0011083649185268261,173.34630418271786,111.74869543200708
1,1173.5900000000001,37.80000000000018,2039.2495287212705,60.00002284064792,0.001037394271424456,169.40050467543037,109.62808818983927
1,1173.69,37.90000000000009,2043.7849680385825,60.000006830373394,0.0009645968790033553,165.35313122486585,107.84782442923671
1,1173.79,38.0,2048.360027003846,59.99999157353118,0.0008901461512379574,161.21383125057952,106.15133863493661
1,1173.89,38.100000000000136,2052.9564343499023,59.99997937649378,0.0008142036842696601,156.99158383949992,104.79508808322923
1,1173.99,38.200000000000045,2057.563382802038,59.99996793386212,0.0007369198151385286,152.69475334732985,103.52272373821148
1,1174.0900000000001,38.30000000000018,2062.1685975785003,59.99995649123047,0.0006584870331802754,148.33404367001984,102.25035939319372
1,1174.19,38.40000000000009,2066.769858757487,59.99994810694348,0.0005790904150902171,143.91973808892976,101.31806792735864
1,1174.29,38.5,2071.367018980357,59.99994353638033,0.0004988912980372421,139.4608056916384,100.80984379202698
1,1174.39,38.600000000000136,2075.9664870397523,59.99993972216978,0.00041808917852171506,134.96834516276294,100.38572234415928
1,1174.49,38.700000000000045,2080.5702516335737,59.99993590795923,0.0003368731273496919,130.45287017672618,99.96160089487694
1,1174.5900000000001,38.80000000000018,2085.1746930575205,59.999935150146484,0.00025539014383201556,125.92254783980906,99.87733584683222
1,1174.69,38.90000000000009,2089.7888648969597,59.999938206057585,0.00017375109974696474,121.3835416836096,100.21713812646162
1,1174.79,39.0,2094.415436199852,59.999942020268136,9.208020020048001e-05,116.84276349487808,100.64125957574397
1,1174.89,39.100000000000136,2099.0182850353076,59.99994888941636,1.0529000510362728e-05,112.30863576380641,101.40507506285391
1,1174.99,39.200000000000045,2103.669944562334,59.99995651783747,-7.079455267918986e-05,107.78716451540897,102.25331796000397
1,1175.0900000000001,39.30000000000018,2108.3584283930913,59.99996720022282,-0.00015179799404445397,103.28348724084246,103.44114665600908
1,1175.19,39.40000000000009,2113.075322621151,59.99997864285447,-0.00023233520422049353,98.80573197848098,104.71351100102683
1,1175.29,39.5,2117.8338165510313,59.99999008548613,-0.00031227769149682065,94.36104388153473,105.9858753460446
1,1175.39,39.600000000000136,2122.6372208928465,60.00000458062189,-0.0003914294184597854,89.96031813866072,107.5976631307513
1,1175.49,39.700000000000045,2127.478699127626,60.0000228894815,-0.0004696332679276196,85.61228979810696,109.63351824313213
1,1175.5900000000001,39.80000000000018,2132.3635757596226,60.000041960534254,-0.0005466696827670966,81.32917032507613,111.75412548529995
1,1175.69,39.90000000000009,2137.2932163482396,60.000061031587016,-0.0006223716001463516,77.12024910894645,113.87473272605311
1,1175.79,40.0,2142.2675232704596,60.00008315319703,-0.0006966355019687982,72.99127814838847,116.33454692713553
1,1175.89,40.100000000000136,2147.286886935302,60.000106038460345,-0.0007693004010094493,68.95121092703815,118.87927561717105
1,1175.99,40.200000000000045,2152.344378849264,60.00013197330748,-0.0008401773728666558,65.010549110651,121.76310302573401
1,1176.0900000000001,40.30000000000018,2157.435311300532,60.00016172187846,-0.0009090769067298689,61.17982888325987,125.07099776338573
1,1176.19,40.40000000000009,2162.552316471208,60.00018918695248,-0.0009758061089609729,57.469780591545096,128.12497887243103
1,1176.29,40.5,2167.6906081958014,60.000218934550034,-0.0010404066824465207,53.87808137857659,131.4327653682809
1,1176.39,40.600000000000136,2172.8525232800143,60.00025249587142,-0.0011026658445356882,50.41656060892287,135.1646191932196
1,1176.49,40.700000000000045,2178.029095315953,60.000283776616136,-0.00116222168010411,47.10534481752933,138.64288411071334
1,1176.5900000000001,40.80000000000018,2183.211241728312,60.000320383627646,-0.0012189499949765798,43.951333353959534,142.71340369263078
1,1176.69,40.90000000000009,2188.391054823727,60.00035547955633,-0.0012726758642914446,40.96425643278755,146.61589829979405
1,1176.79,41.0,2193.5539027467025,60.00039285314143,-0.0013232771999097425,38.15089925803199,150.77165709324072
1,1176.89,41.100000000000136,2198.702728745224,60.000430995246944,-0.0013709079043029409,35.502705968232604,155.0128715761617
1,1176.99,41.200000000000045,2203.836183821106,60.00046913735247,-0.0014155385712864641,33.02131167731329,159.25408605908268
1,1177.0900000000001,41.30000000000018,2208.946710652335,60.00051032368797,-0.0014572526679279148,30.702074088488384,163.8338039398163
1,1177.19,41.40000000000009,2214.032780372241,60.00054923626078,-0.001495799916495217,28.558910426819388,168.1606905958152
1,1177.29,41.5,2219.1010643858403,60.00059042162285,-0.0015312052113798302,26.590434258542807,172.74030023616166
1,1177.39,41.600000000000136,2224.13337602844,60.00063542070877,-0.0015636281082640128,24.787773935376272,177.74397720559688
1,1177.49,41.700000000000045,2229.170633156644,60.00067814895227,-0.0015928954531577073,23.1605585372186,182.49514766862958
1,1177.5900000000001,41.80000000000018,2234.246875232591,60.000723147064754,-0.0016188248546614734,21.718926616591414,187.49871639767764
1,1177.69,41.90000000000009,2239.371092587077,60.00076587628168,-0.0016415211146871404,20.45705260116211,192.24999510251214
1,1177.79,42.0,2244.5343949731564,60.00081087342075,-0.0016610802758406694,19.369594939290263,197.25345559117304
1,1177.89,42.100000000000136,2249.7442327656854,60.00085664394737,-0.0016773393425707258,18.465615970143887,202.34291297124406
1,1177.99,42.200000000000045,2254.9998229453527,60.00090545432356,-0.001692371374167924,17.62985763927901,207.77038666738548
1,1178.0900000000001,42.30000000000018,2260.293515364179,60.00095199969789,-0.0017082028079358495,16.74965631484473,212.94600330086206
1,1178.19,42.40000000000009,2265.5817605179564,60.000997770224515,-0.0017244551291176328,15.846056122149546,218.03546068093306
1,1178.29,42.5,2270.7823363546536,60.00104354075114,-0.0017403814675096916,14.96058099888032,223.12491806100408
1,1178.39,42.600000000000136,2275.8283757547347,60.001089311277774,-0.0017556309016284444,14.112741241453994,228.21437544248977
1,1178.49,42.700000000000045,2280.6812223058773,60.001132044388406,-0.0017700003832689527,13.313826334377726,232.96608710887296
1,1178.5900000000001,42.80000000000018,2285.3376672508152,60.00117400070448,-0.0017833001674383312,12.574384964737929,237.63142304107626
1,1178.69,42.90000000000009,2289.8052127558944,60.00121292057799,-0.0017953449918440235,11.90471748843659,241.9591214985643
1,1178.79,43.0,2294.0917678227574,60.001251062683515,-0.0018060023877225573,11.312188209517752,246.2003359828999
1,1178.89,43.100000000000136,2298.21524400232,60.00128920478904,-0.0018150999950925415,10.806379590484106,250.44155046582085
1,1178.99,43.200000000000045,2302.1637033652237,60.001324311912136,-0.001822557718494545,10.391745044059403,254.34528983602192
1,1179.0900000000001,43.30000000000018,2305.9458269469624,60.0013586398071,-0.0018284708705732689,10.06298490784817,258.1623828710752
1,1179.19,43.40000000000009,2309.568013032352,60.001389933693076,-0.0018329130912805478,9.816005197483651,261.6421090323811
1,1179.29,43.5,2313.0735778977337,60.00142348089978,-0.0018359096328241637,9.64940104079516,265.3723933731204
1,1179.39,43.600000000000136,2316.408428565452,60.0014517427236,-0.0018374485587148279,9.563837056787245,268.51496914145326
1,1179.49,43.700000000000045,2319.572130061693,60.00148147474633,-0.0018374391058580291,9.564358310229261,271.82102379393774
1,1179.5900000000001,43.80000000000018,2322.662609088173,60.0015089563686,-0.0018357778554131106,9.656715013470137,274.87684498673565
1,1179.69,43.90000000000009,2325.5067091895467,60.00153565584247,-0.0018325020111680985,9.838838421899407,277.8456951260535
1,1179.79,44.0,2328.3188997696257,60.00156235531634,-0.0018275071436084022,10.11653428529822,280.81454526537135
1,1179.89,44.100000000000136,2330.8051936092393,60.0015860241882,-0.0018207539095539019,10.491990331913252,283.4464073708823
1,1179.99,44.200000000000045,2333.370310170008,60.0016119395668,-0.0018121874013836206,10.968258332503705,286.3280699731165
1,1180.0900000000001,44.30000000000018,2335.5573768782824,60.00163560941209,-0.0018014746419864028,11.563851424093267,288.96004032042924
1,1180.19,44.40000000000009,2337.955939817948,60.00165546553354,-0.0017883537364920131,12.293330388471913,291.16794333723857
1,1180.29,44.5,2339.906839444951,60.00167756524145,-0.001772742581466068,13.16125872633903,293.62532213102435
1,1180.39,44.600000000000136,2342.179397216352,60.00169742233633,-0.0017546089182887404,14.16943065135748,295.83333338963547
1,1180.49,44.700000000000045,2344.5647873919656,60.00171649338909,-0.0017340312289485975,15.31348244671059,297.9539406318033
1,1180.5900000000001,44.80000000000018,2346.2144337374557,60.00173556444185,-0.0017111751859898335,16.584202960147252,300.0745478739711
1,1180.69,44.90000000000009,2348.3457907593656,60.001751608786314,-0.0016861955374930587,17.97298939469741,301.85860004388064
1,1180.79,45.0,2349.7435927336896,60.001766865628525,-0.0016592161789285857,19.472952996062727,303.55508583676607
1,1180.89,45.100000000000136,2351.7549319770415,60.00178212247073,-0.0016303898496148053,21.075601664669325,305.25157162965155
1,1180.99,45.200000000000045,2353.9847034938953,60.001794354064785,-0.0015998714047147837,22.772326913225868,306.61166471227415
1,1181.0900000000001,45.30000000000018,2355.111782816538,60.00180579669644,-0.001567820241059507,24.554266133209318,307.8840290572919
1,1181.19,45.40000000000009,2357.007690756761,60.0018172393281,-0.0015344347946673249,26.410386617018656,309.1563934023097
1,1181.29,45.5,2359.179532758888,60.00182565817174,-0.0014997832660630396,28.336897889507316,310.0925273976453
1,1181.39,45.600000000000136,2360.1660471588357,60.00183328659284,-0.0014639867117486496,30.327068808755914,310.9407702933807
1,1181.49,45.700000000000045,2362.014649465438,60.00184091501394,-0.0014271680538272987,32.37406496132672,311.78901319053074
1,1181.5900000000001,45.80000000000018,2364.183095874657,60.00184552110717,-0.0013894532640348622,34.47088427740471,312.30118809575015
1,1181.69,45.90000000000009,2365.170182742991,60.00184933531773,-0.0013509645886982137,36.61072929542259,312.72530954503253
1,1181.79,46.0,2367.0472238450056,60.00185314952828,-0.001311840960772627,38.78587539380271,313.14943099290025
1,1181.89,46.100000000000136,2369.2522804144414,60.001853942871094,-0.0012722233324620872,40.98848794809058,313.2376468108327
1,1181.99,46.200000000000045,2370.3734016695876,60.00185092249007,-0.001232271655923361,43.209674949851795,312.901795301091
1,1182.0900000000001,46.30000000000018,2372.325090504289,60.00185012817383,-0.0011921603694134348,45.43973442858247,312.8134712427714
1,1182.19,46.40000000000009,2374.5798783207197,60.001847108766235,-0.0011520895770322866,47.667544220267786,312.4777279734169
1,1182.29,46.5,2375.972926120242,60.00184329455568,-0.001112229188489286,49.88365703453408,312.0536065241346
1,1182.39,46.600000000000136,2378.0315680899125,60.001836461910955,-0.001072751353452787,52.07850372820836,311.2938500458849
1,1182.49,46.700000000000045,2379.668037829554,60.00182883348985,-0.001033787302276521,54.24478678308121,310.4456071501495
1,1182.5900000000001,46.80000000000018,2381.8175185834693,60.00182120506875,-0.0009954801459299686,56.37454907458932,309.5973642529994
1,1182.69,46.90000000000009,2384.154647703198,60.001810559673615,-0.0009579155211835829,58.463032123576156,308.4136486874628
1,1182.79,47.0,2385.9617865981054,60.001799117041955,-0.0009211282927205599,60.50829579947132,307.1412843410304
1,1182.89,47.100000000000136,2388.198708020233,60.0017876744103,-0.0008852495559372981,62.503050909794936,305.86891999601266
1,1182.99,47.200000000000045,2390.1708802253356,60.00177321626476,-0.0008504688598273767,64.43676203713447,304.2612453431891
1,1183.0900000000001,47.30000000000018,2392.4678830635244,60.00175795942255,-0.0008169923711776349,66.29796495551923,302.56475954888896
1,1183.19,47.40000000000009,2394.635343980672,60.00174270258034,-0.0007848370653600233,68.08571508241536,300.86827375600353
1,1183.29,47.5,2397.0374317220285,60.001727445738126,-0.000753417167156595,69.8325796519106,299.1717879617034
1,1183.39,47.600000000000136,2399.467359946577,60.001709175328884,-0.000721339656728101,71.6160094973277,297.1402083403718
1,1183.49,47.700000000000045,2402.0542164029785,60.001693117356446,-0.0006876855115488659,73.48709391970898,295.3546408064566
1,1183.5900000000001,47.80000000000018,2404.696281981148,60.001677860514235,-0.0006522943456957211,75.45475137105095,293.65815501215644
1,1183.69,47.90000000000009,2407.360048746308,60.001662603672024,-0.0006154781426062825,77.50163745709698,291.961669219271
1,1183.79,48.0,2410.041811467575,60.00164734682982,-0.0005775937042381373,79.60791512668389,290.26518342638553
1,1183.89,48.100000000000136,2412.6595663066546,60.00163208998761,-0.0005387591349526125,81.76701817533349,288.56869763208545
1,1183.99,48.200000000000045,2415.342955943338,60.001619843792156,-0.0004989859922815367,83.97830025404184,287.2069809464846
1,1184.0900000000001,48.30000000000018,2417.9296075180673,60.00161141132054,-0.0004583359421258616,86.23833160424199,286.26933158855786
1,1184.19,48.40000000000009,2420.638745180527,60.00160077322611,-0.0004168786851332456,88.54324476286956,285.08642782451034
1,1184.29,48.5,2423.202701510034,60.00159233978107,-0.00037471085494766404,90.88766138118235,284.1486702261965
1,1184.39,48.600000000000136,2425.9644130333145,60.00158471135996,-0.00033194706319722797,93.26521114841358,283.3004273290464
1,1184.49,48.700000000000045,2428.519034890605,60.00158009115204,-0.0002886969751203913,95.66979374244286,282.78668293962767
1,1184.5900000000001,48.80000000000018,2431.369997136725,60.001573269215015,-0.0002450802977176674,98.09476121295984,282.02811710422225
1,1184.69,48.90000000000009,2433.931476653209,60.00157165527344,-0.00020113263110449388,100.53812328731115,281.84865474034586
1,1184.79,49.0,2436.89285498315,60.00156864852039,-0.00015675841732249368,103.0052024051601,281.51431859460996
1,1184.89,49.100000000000136,2440.066780606572,60.00156784057617,-0.0001119126137139841,105.49849723646587,281.4244791722846
1,1184.99,49.200000000000045,2442.7347325357564,60.00156784057617,-6.665799574471557e-05,108.01451967490172,281.4244791722846
1,1185.0900000000001,49.30000000000018,2445.8518861241655,60.00156784057617,-2.108934183112895e-05,110.54800157974864,281.4244791722846
1,1185.19,49.40000000000009,2448.575771975709,60.00157084538237,2.4693708447986102e-05,113.0933981496701,281.7585988386608
1,1185.29,49.5,2451.690218264399,60.00157465959292,7.058108013774654e-05,115.64459303381427,282.18272028652854
1,1185.39,49.600000000000136,2454.8987267037987,60.00157847380347,0.00011641898475936571,118.19303740206918,282.60684173439626
1,1185.49,49.700000000000045,2457.6537936522964,60.00158529136008,0.0001619320316770651,120.72341487591854,283.36492048947406
1,1185.5900000000001,49.80000000000018,2460.7198971691682,60.00159291978118,0.00020668576580938088,123.21157479647624,284.2131633852095
1,1185.69,49.90000000000009,2463.469190175796,60.00160355057491,0.00025027490675401886,125.63498054915561,285.39525534776783
1,1185.79,50.0,2466.5408026859477,60.00161199132066,0.00029250500112411624,127.98283085680536,286.3338247475709
1,1185.89,50.100000000000136,2469.744183528463,60.00162562254016,0.00033316116380952395,130.24316448661878,287.8495492947632
1,1185.99,50.200000000000045,2472.4766654600003,60.001637878469886,0.0003721478428680803,132.41068170325926,289.2123483828211
1,1186.0900000000001,50.30000000000018,2475.561225439124,60.00165232152732,0.00040948130588422464,134.48627988015272,290.81834531247284
1,1186.19,50.40000000000009,2478.3049888002442,60.00166757836953,0.0004451178574810187,136.46753237493203,292.514831106773
1,1186.29,50.5,2481.3888764867097,60.00168283521173,0.00047899676562753834,138.35106436679575,294.2113168996584
1,1186.39,50.600000000000136,2484.160747989644,60.00170109101958,0.000511010401849747,140.13088575929024,296.24127291801176
1,1186.49,50.700000000000045,2487.2139342838614,60.00172016207234,0.0005408716334649184,141.79103738873908,298.36188016017957
1,1186.5900000000001,50.80000000000018,2490.3406321997277,60.0017392331251,0.0005684335816423014,143.32335505759193,300.4824874023474
1,1186.69,50.90000000000009,2493.1311538119353,60.00176130168335,0.0005935406416166004,144.71918118126663,302.9364025079876
1,1186.79,51.0,2496.1432524735296,60.00178118992789,0.0006157932313667437,145.95631162874616,305.1478774547443
1,1186.89,51.100000000000136,2498.9776729021914,60.00180625404478,0.0006349868110437682,147.0233585490658,307.9348839430827
1,1186.99,51.200000000000045,2502.0091413547325,60.0018299574733,0.0006511905791195327,147.9241837142636,310.5705885795088
1,1187.0900000000001,51.30000000000018,2505.101316531931,60.00185284273661,0.0006643229564420635,148.65425060035795,313.11531726954433
1,1187.19,51.40000000000009,2508.0075499810796,60.00187872307185,0.0006742731901539314,149.20739331004194,315.9930832220844
1,1187.29,51.5,2511.062236276622,60.00190542254571,0.0006810143429587327,149.5821192695004,318.96193336140226
1,1187.39,51.600000000000136,2514.0338213626164,60.00193212201958,0.000684569465761085,149.7797120901266,321.93078349930545
1,1187.49,51.700000000000045,2517.121237661412,60.001958821493446,0.0006850300045415314,149.80525608142761,324.89963363862336
1,1187.5900000000001,51.80000000000018,2520.2409515750774,60.00198552096731,0.000682383104673002,149.65803677710562,327.86848377652655
1,1187.69,51.90000000000009,2523.2876943759347,60.00201222044118,0.0006765277745393948,149.33243958994038,330.8373339158444
1,1187.79,52.0,2526.388866705721,60.002038919915044,0.0006674583776472991,148.82815136582374,333.80618405516225
1,1187.89,52.100000000000136,2529.4942113762527,60.00206561938891,0.0006551991281064115,148.1465185435999,336.7750341930655
1,1187.99,52.200000000000045,2532.6077687783395,60.00209231886277,0.0006397165604082125,147.28568076978848,339.7438843309687
1,1188.0900000000001,52.30000000000018,2535.7154238604376,60.00211901833664,0.0006209633538112445,146.24300739050278,342.71273447028653
1,1188.19,52.40000000000009,2538.8842236313585,60.00214571781051,0.000598977547684166,145.0206134834146,345.68158460960444
1,1188.29,52.5,2542.0194963104695,60.00217241728437,0.0005739950677248975,143.63161591480176,348.65043474750763
1,1188.39,52.600000000000136,2545.1504369133936,60.002199116758234,0.0005461804588165636,142.08516300619908,351.6192848868255
1,1188.49,52.700000000000045,2548.3955862888715,60.00222282748745,0.0005155100981500449,140.37994794503757,354.2558013233261
1,1188.5900000000001,52.80000000000018,2551.6111009194055,60.0022487010087,0.00048197300701114553,138.5153495074013,357.1328095959853
1,1188.69,52.90000000000009,2554.8672766918485,60.00227241271134,0.00044568836084363147,136.49800271572684,359.76943427287307
1,1188.79,53.0,2558.2509728453074,60.002295297974655,0.00040678037497038886,134.3348107524575,362.3141629629086
1,1188.89,53.100000000000136,2561.6655761864145,60.00231818323797,0.00036534091058152194,132.03087919021408,364.85889165294407
1,1188.99,53.200000000000045,2565.1568202152325,60.00234106850128,0.0003213970020522868,129.587711188509,367.4036203429796
1,1189.0900000000001,53.30000000000018,2568.7457485598884,60.00236395376459,0.0002748641980850101,127.00061170684812,369.9483490344298
1,1189.19,53.40000000000009,2572.4005920075265,60.002386839027906,0.0002260993432148559,124.28942014600176,372.49307772446525
1,1189.29,53.5,2576.1221013064064,60.002409724291226,0.0001756105068694555,121.4823834274687,375.0378064145008
1,1189.39,53.600000000000136,2579.8905819304096,60.00243260955454,0.00012412401925500496,118.61988292651546,377.58253510595097
1,1189.49,53.700000000000045,2583.728277890822,60.00245549481785,7.18982862565896e-05,115.71628510817858,380.12726379598644
1,1189.5900000000001,53.80000000000018,2587.6180898536395,60.002478380081165,1.917482287323477e-05,112.78501734740969,382.67199248602196
1,1189.69,53.90000000000009,2591.568710587375,60.00250126534448,-3.373252073987935e-05,109.84352856382411,385.2167211760575
1,1189.79,54.0,2595.5843093593635,60.00252713302517,-8.657040736096653e-05,106.90589854264996,388.0930800063936
1,1189.89,54.100000000000136,2599.665214653114,60.00255085056837,-0.00013918018812788047,103.98095601769676,390.73035412560444
1,1189.99,54.200000000000045,2603.7985576940646,60.00257671727564,-0.00019152411291125098,101.07079288523306,393.60660471555343
1,1190.0900000000001,54.30000000000018,2607.9997945264854,60.0026034167495,-0.00024364981492486942,98.1727631411739,396.5754548534566
1,1190.19,54.40000000000009,2612.2713936049036,60.00263309669389,-0.0002955133762421554,95.28930545395933,399.87571865088614
1,1190.29,54.5,2616.608931345829,60.002660630394494,-0.00034695341899618215,92.42939933782026,402.937330698739
1,1190.39,54.600000000000136,2621.0148263020396,60.00269030936546,-0.00039768726814826767,89.60875429975948,406.237486257196
1,1190.49,54.700000000000045,2625.474214999579,60.00272082304988,-0.0004475779233325688,86.8349889623224,409.63045784438157
1,1190.5900000000001,54.80000000000018,2629.9822821895586,60.00275431525797,-0.0004964238282828629,84.11930636931864,413.3546266103191
1,1190.69,54.90000000000009,2634.539302155076,60.00278566511598,-0.0005441404824428158,81.46641099849766,416.84057658681394
1,1190.79,55.0,2639.1453818640584,60.00281915635065,-0.0005906389751465347,78.88124047120823,420.5646371123643
1,1190.89,55.100000000000136,2643.768511929412,60.00285646130914,-0.0006359190489935181,76.36380731568639,424.7127649655888
1,1190.99,55.200000000000045,2648.469610415812,60.00289162683785,-0.000680007574091067,73.9126246355654,428.6229987519468
1,1191.0900000000001,55.30000000000018,2653.233484265187,60.002928930822925,-0.0007228939235667907,71.52827827263785,432.7710183647841
1,1191.19,55.40000000000009,2658.053560567724,60.002964097325055,-0.0007646638701705237,69.20600420871591,436.68136039152927
1,1191.29,55.5,2662.930751198474,60.00300140033671,-0.000805400439197694,66.94118193478917,440.82927176397936
1,1191.39,55.600000000000136,2667.849064546746,60.003042517072195,-0.0008448700790916377,64.74679441586602,445.40125046693294
1,1191.49,55.700000000000045,2672.7881909949047,60.00308149924501,-0.0008826223044827127,62.647892607097866,449.73587630071194
1,1191.5900000000001,55.80000000000018,2677.6926665339533,60.00312261500708,-0.0009182814012610378,60.66536032245937,454.30774676186365
1,1191.69,55.90000000000009,2682.4721594648913,60.003161598153326,-0.0009515557250324735,58.81541550062142,458.64248083744445
1,1191.79,56.0,2687.079521418337,60.00319974025885,-0.0009823280174580777,57.10457566838502,462.8836953203654
1,1191.89,56.100000000000136,2691.504252052724,60.003234910167976,-0.0010106160165631345,55.531856152128945,466.7944161884657
1,1191.99,56.200000000000045,2695.7490493851665,60.003272209772625,-0.0010365246100250294,54.09142105439046,470.9419487195607
1,1192.0900000000001,56.30000000000018,2699.8113242977447,60.00330738065518,-0.0010602858325429064,52.77037358676427,474.8527778266335
1,1192.19,56.40000000000009,2703.699748792553,60.00333873781389,-0.0010821785731930111,51.55320975495746,478.33953960603213
1,1192.29,56.5,2707.4267692755716,60.00337222174785,-0.0011022516966246788,50.437208016142236,482.0627883286787
1,1192.39,56.600000000000136,2711.0137651993723,60.00340357987999,-0.001120565274995671,49.419031760254306,485.54965834846456
1,1192.49,56.700000000000045,2714.497955544208,60.00343112428829,-0.0011371144755525913,48.49895066662384,488.61246103916164
1,1192.5900000000001,56.80000000000018,2717.910840109564,60.003460792551564,-0.0011516833753818215,47.688964504189876,491.9114259547744
1,1192.69,56.90000000000009,2721.2361932469903,60.00349130623598,-0.0011641202591722076,46.9975087866395,495.3043975405453
1,1192.79,57.0,2724.4520011307727,60.00351885210442,-0.0011744371994594916,46.42391487502189,498.3673625932378
1,1192.89,57.100000000000136,2727.5475574370594,60.003545551578284,-0.001182657250477919,45.96689936218402,501.33621273114096
1,1192.99,57.200000000000045,2730.511200928492,60.003572251052155,-0.0011886230728873422,45.635208840982685,504.30506287045887
1,1193.0900000000001,57.30000000000018,2733.378462232414,60.00359895052602,-0.001192261427532785,45.432914914306174,507.27391300836206
1,1193.19,57.40000000000009,2736.1284070975216,60.00362564999988,-0.0011934585162611429,45.366344068242896,510.2427631476799
1,1193.29,57.5,2738.840928308362,60.00364938409134,-0.0011919210578481651,45.45180322762893,512.8818773506433
1,1193.39,57.600000000000136,2741.4238426199736,60.00367226935465,-0.0011874068796634907,45.70275442975071,515.4266060406788
1,1193.49,57.700000000000045,2744.0244634866203,60.003695154617965,-0.0011797571859995843,46.1280252069142,517.971334732129
1,1193.5900000000001,57.80000000000018,2746.4440648316563,60.00371803988128,-0.0011690128069423704,46.725345420400934,520.5160634221645
1,1193.69,57.90000000000009,2748.9339814593927,60.00374092514459,-0.0011552559740410254,47.49014321176716,523.0607921122
1,1193.79,58.0,2751.1913768862582,60.00376084745906,-0.001138575378199294,48.41748978837072,525.2760554682636
1,1193.89,58.100000000000136,2753.5802655421,60.003779918511825,-0.0011190434109232845,49.50335892939023,527.3966627104314
1,1193.99,58.200000000000045,2755.6746825808445,60.00379898956459,-0.0010968162930094535,50.73906476695793,529.5172699525992
1,1194.0900000000001,58.30000000000018,2757.9584198393904,60.00381806061735,-0.001072124986920936,52.111766780812864,531.637877194767
1,1194.19,58.40000000000009,2759.8797554207877,60.003834170668114,-0.0010452146598449324,53.607837151478364,533.429235580908
1,1194.29,58.5,2762.0521992550503,60.003849427510325,-0.0010162847890120355,55.21618427063031,535.1257213752081
1,1194.39,58.600000000000136,2764.318221517006,60.00386172432397,-0.000985557726840293,56.92444823020313,536.4930665552831
1,1194.49,58.700000000000045,2766.026383104976,60.00387316695563,-0.0009532578604339341,58.720152511941144,537.7654309003009
1,1194.5900000000001,58.80000000000018,2768.0679137999296,60.00388460958729,-0.0009196462683052529,60.588781675464055,539.0377952467334
1,1194.69,58.90000000000009,2769.6388512243384,60.00389309365052,-0.0008849576208392108,62.51729196105781,539.9811813381068
1,1194.79,59.0,2771.5917153148157,60.00390072207162,-0.0008494154733271605,64.49325298155314,540.8294242338422
1,1194.89,59.100000000000136,2773.6971606818083,60.00390539289773,-0.000813261006510048,66.50325845106103,541.3487971177351
1,1194.99,59.200000000000045,2775.120494503291,60.003909207108286,-0.0007767357361849588,68.53387936875023,541.7729185670175
1,1195.0900000000001,59.30000000000018,2776.9849630951358,60.00391302131884,-0.0007400979294338476,70.57075652176617,542.1970400148853
1,1195.19,59.40000000000009,2779.0220195364823,60.00391387939453,-0.0007034882813820899,72.6060711997628,542.2924538114912
1,1195.29,59.5,2780.4111674613005,60.00391387939453,-0.0006669166244478952,74.63927467462892,542.2924538114912
1,1195.39,59.600000000000136,2782.2666078131983,60.003910924233104,-0.0006304408185909833,76.66715272778191,541.963854399202
1,1195.49,59.700000000000045,2784.318430479283,60.00390711002255,-0.0005941621094142479,78.68407438102965,541.5397329499197
1,1195.5900000000001,59.80000000000018,2785.800948970136,60.003903295811995,-0.0005582036973049395,80.68318932920204,541.1156115020519
1,1195.69,59.90000000000009,2787.729288686796,60.00389652790015,-0.0005227259879708514,82.65558349266232,540.3630530010612
1,1195.79,60.0,2789.84540374565,60.00388889947905,-0.00048787294926809727,84.593250545901,539.5148101053258
1,1195.89,60.100000000000136,2791.5037429323506,60.00387831833008,-0.0004537913820115899,86.4880318834674,538.3382383954398
1,1195.99,60.200000000000045,2793.544856564553,60.00386687569843,-0.0004205782952170731,88.33453172005672,537.0658740518367
1,1196.0900000000001,60.30000000000018,2795.418642454774,60.00385543306677,-0.00038835472657488136,90.1260198253899,535.7935097054043
1,1196.19,60.40000000000009,2797.5775611081517,60.00384103916739,-0.00035726177860948195,91.8546556569952,534.1929789096461
1,1196.29,60.5,2799.683313963783,60.00382873310619,-0.0003272270437484668,93.5244577902347,532.8246054473075
1,1196.39,60.600000000000136,2801.9805791236154,60.003811389885946,-0.00029817543821115743,95.1396105741034,530.8961246801684
1,1196.49,60.700000000000045,2804.379480358936,60.003795268640765,-0.0002698705103834436,96.71325075086622,529.103521529575
1,1196.5900000000001,60.80000000000018,2806.743640060403,60.00377706247769,-0.00024211756785513867,98.25620707260128,527.0790857653087
1,1196.69,60.90000000000009,2809.2553191049738,60.003757991424926,-0.00021455490732523385,99.78858678418105,524.9584785231409
1,1196.79,61.0,2811.836340545408,60.003738920372165,-0.00018680305786220218,101.33148537720942,522.8378712809731
1,1196.89,61.100000000000136,2814.518232527372,60.0037198493194,-0.00015856170951881896,102.90159865939383,520.7172640388053
1,1196.99,61.200000000000045,2817.319334193118,60.00369783089263,-0.00012964675293604454,104.50916691426194,518.2689233074457
1,1197.0900000000001,61.30000000000018,2820.2101465271535,60.00367789251661,-9.994134518976071e-05,106.16067823960799,516.0518739864084
1,1197.19,61.40000000000009,2823.1886483113226,60.00365587506327,-6.938829352625634e-05,107.85931894715145,513.6036414954359
1,1197.29,61.5,2826.2633256881004,60.003632989799954,-3.798914777800567e-05,109.60500107390166,511.05891280540044
1,1197.39,61.600000000000136,2829.4261316628736,60.00361010453664,-5.746374679357329e-06,111.39758613722026,508.5141841153649
1,1197.49,61.700000000000045,2832.674497925685,60.00358427433287,2.734629826863144e-05,113.23742794823703,505.6419925342762
1,1197.5900000000001,61.80000000000018,2836.011739246474,60.00356051931274,6.131754154036067e-05,115.12611201725323,503.0005511644033
1,1197.69,61.90000000000009,2839.429192282758,60.00353469008241,9.620653997578597e-05,117.0658240575727,500.12846782653105
1,1197.79,62.0,2842.9332489025346,60.00350799060855,0.00013206632950907228,119.05951069875643,497.1596176872132
1,1197.89,62.100000000000136,2846.511381710718,60.003481291134676,0.00016902949775929137,121.11454175661919,494.19076754789535
1,1197.99,62.200000000000045,2850.165103095813,60.00345459166081,0.00020732003969658642,123.24337040577322,491.2219174099921
1,1198.0900000000001,62.30000000000018,2853.905611774692,60.00342789218695,0.00024710646243081085,125.45536496733013,488.25306727067425
1,1198.19,62.40000000000009,2857.698045570866,60.003401192713085,0.0002883924688013243,127.75073140315362,485.28421713277106
1,1198.29,62.5,2861.5280405885815,60.003374493239214,0.00033132065044177544,130.13739726929768,482.31536699345315
1,1198.39,62.600000000000136,2865.4102676100233,60.00334779376535,0.0003763450254833036,132.6406040576927,479.34651685554996
1,1198.49,62.700000000000045,2869.3529400104967,60.003321094291486,0.00042354303821730103,135.26465746807173,476.3776667162321
1,1198.5900000000001,62.80000000000018,2873.3817656431124,60.00329439481762,0.0004729324643334428,138.01054589654052,473.40881657832887
1,1198.69,62.90000000000009,2877.4508402972856,60.00326769534375,0.0005246172424985674,140.88404802350632,470.439966439011
1,1198.79,63.0,2881.572721541753,60.00324099586989,0.0005785544788716586,143.88277929353774,467.47111629969316
1,1198.89,63.100000000000136,2885.7524817242884,60.003214296396024,0.000634784556748477,147.0089849937588,464.50226616179
1,1198.99,63.200000000000045,2889.992496317694,60.0031905345619,0.0006936389664010827,150.28108802937138,461.8600671106215
1,1199.0900000000001,63.30000000000018,2894.2967822155592,60.00316764929859,0.0007551596013632897,153.70142200993072,459.315338420586
1,1199.19,63.40000000000009,2898.678641504918,60.00314476403528,0.0008193051035063007,157.26768970273235,456.77060972913586
1,1199.29,63.5,2903.107578256663,60.003121878771964,0.0008860619760597335,160.97914089647279,454.22588103910033
1,1199.39,63.600000000000136,2907.5983594534973,60.00310192920154,0.000955530055603816,164.84131891607382,452.00758695502526
1,1199.49,63.700000000000045,2912.1582710416315,60.00308285814879,0.0010275068634890041,168.84297168021473,449.8869797142721
1,1199.5900000000001,63.80000000000018,2916.790637592769,60.003063787096025,0.0011019391856568696,172.98114297041008,447.7663724721043
1,1199.69,63.90000000000009,2921.50266881951,60.00304765027602,0.001178676909582523,177.2474794187755,445.97203747673086
1,1199.79,64.0,2926.2960344472863,60.003032393433806,0.0012575430259722396,181.63214521817147,444.2755516838454
1,1199.89,64.10000000000014,2931.1742450008605,60.003017136591595,0.0013384538015870473,186.13048753378368,442.5790658895453
1,1199.99,64.20000000000005,2936.125232303753,60.003004812522,0.0014212541750749093,190.73387722482977,441.20868998145875
1,1200.0900000000001,64.30000000000018,2941.1330390514518,60.00299336989035,0.0015055831961486696,195.42225246570558,439.93632563785565
1,1200.19,64.40000000000009,2946.190677441484,60.002984859057875,0.0015913442622026146,200.19023620544485,438.9899629372497
1,1200.29,64.5,2951.3035100325988,60.00297723063677,0.001678521717566912,205.0369638022627,438.14172004151425
1,1200.39,64.60000000000014,2956.460889571067,60.002969602215664,0.0017668478823918313,209.9475560001597,437.2934771443642
1,1200.49,64.70000000000005,2961.646464896086,60.002967834472656,0.001855952430235375,214.90140516646716,437.0969128191201
1,1200.5900000000001,64.80000000000018,2966.8564480536697,60.00296490462032,0.0019456550689020526,219.8885098318723,436.7711276526534
1,1200.69,64.90000000000009,2972.0908390438235,60.00296401977539,0.002035883629111242,224.90484704746098,436.6727372496442
1,1200.79,65.0,2977.3530119350517,60.0029669486543,0.002126532687810281,229.94454911657553,436.9984141743091
1,1200.89,65.10000000000014,2982.6466099081194,60.00297076286485,0.00221739945013234,234.99635101342787,437.42253562359144
1,1200.99,65.20000000000005,2987.972800992073,60.00297750498088,0.0023082601723443765,240.04780589890186,438.1722257571515
1,1201.0900000000001,65.30000000000018,2993.3191458000038,60.002988060820755,0.0023989159387108197,245.08785093352242,439.34598321838575
1,1201.19,65.40000000000009,2998.8037915528084,60.00299950345241,0.0024891551405369036,250.10473175609508,440.6183475634035
1,1201.29,65.5,3004.204098136034,60.00301094608407,0.0025787537343205653,255.0859957143084,441.8907119084212
1,1201.39,65.60000000000014,3009.5789974914987,60.00302531467435,0.0026675151947885803,260.0207053448675,443.4884284583571
1,1201.49,65.70000000000005,3014.967067181337,60.003043496988475,0.0027551928300263077,264.8951414361622,445.51021233596697
1,1201.5900000000001,65.80000000000018,3020.3609760196705,60.00306256804123,0.0028415723575152983,269.69740191668126,447.6308195767201
1,1201.69,65.90000000000009,3025.762159133466,60.00308456359248,0.0029264899472052903,274.41836995495083,450.07661666322525
1,1201.79,66.0,3031.168459585519,60.00310744885579,0.003009765685046319,279.04805113456825,452.6213453532607
1,1201.89,66.10000000000014,3036.581903058779,60.003133257644166,0.0030912514859565963,283.5782037491296,455.4911556472464
1,1201.99,66.20000000000005,3042.0097616482253,60.00316288015638,0.0031707591553121104,287.9983606288179,458.78503326890615
1,1202.0900000000001,66.30000000000018,3047.4601459145474,60.003190471289166,0.0032482636707057803,292.3071558457035,461.8530314925287
1,1202.19,66.40000000000009,3052.9411094145416,60.00322301489287,0.0033236793770579096,296.49979658629564,465.4717201171707
1,1202.29,66.5,3058.461079667037,60.00325734278784,0.0033970192207545117,300.5770162369682,469.2888131536386
1,1202.39,66.60000000000014,3063.9904605526563,60.003291670682806,0.0034680836160267147,304.5277267738923,473.10590618869185
1,1202.49,66.70000000000005,3069.550999702538,60.00332891918256,0.0035369619238757276,308.3568828553566,477.24775610653376
1,1202.5900000000001,66.80000000000018,3075.1431424425627,60.00336706128808,0.003603939055525184,312.08033352860235,481.48897059086937
1,1202.69,66.90000000000009,3080.766702414705,60.003405203393605,0.003669185066444847,315.70753740664884,485.730185075205
1,1202.79,67.0,3086.42920643509,60.00344334549913,0.003732834694836118,319.2459854876782,489.9713995595406
1,1202.89,67.10000000000014,3092.1355175258013,60.00348440626257,0.0037949986606265994,322.7018192096133,494.53715444447585
1,1202.99,67.20000000000005,3097.8930316536134,60.00352636257865,0.0038557503926181813,326.0791305430441,499.2024903766792
1,1203.0900000000001,67.30000000000018,3103.6908703616905,60.00357123657922,0.003915118743947402,329.3795135325545,504.1922584705096
1,1203.19,67.40000000000009,3109.531611263332,60.00361408990806,0.003973245025485924,332.6108489478661,508.9573378091471
1,1203.29,67.5,3115.4109158136093,60.00365896293521,0.004030318951500158,335.78366392918684,513.946997664005
1,1203.39,67.60000000000014,3121.327018751102,60.00370473346184,0.004086693835693982,338.9176066124555,519.036455044076
1,1203.49,67.70000000000005,3127.279790908558,60.00375050398846,0.004142959181531344,342.0454551522737,524.1259124255616
1,1203.5900000000001,67.80000000000018,3133.266003021849,60.00379627451509,0.0041996527597115176,345.19710700891676,529.2153698056327
1,1203.69,67.90000000000009,3139.2910200793967,60.003842045041715,0.004256865241594991,348.37760301820174,534.3048271857037
1,1203.79,68.0,3145.335162621141,60.00388781556835,0.004314369529501368,351.57431760602503,539.3942845671894
1,1203.89,68.10000000000014,3151.3447595396065,60.00393358609497,0.004371485715252824,354.7494512137849,544.4837419472605
1,1203.99,68.20000000000005,3157.2368690284056,60.0039793566216,0.0044272596726554455,357.84995923541913,549.5731993287461
1,1204.0900000000001,68.30000000000018,3162.959396256533,60.00402221433086,0.004481180476671472,360.847452853349,554.3387657477112
1,1204.19,68.40000000000009,3168.496432762093,60.004064170646934,0.004533111678601697,363.73433574793285,559.0041016799146
1,1204.29,68.5,3173.8462034715467,60.00410612696301,0.004583048698001282,366.5103486044131,563.6694376121178
1,1204.39,68.60000000000014,3179.0054122216807,60.00414517192186,0.0046310341507700345,369.1778771056305,568.0110449452106
1,1204.49,68.70000000000005,3183.9730194861454,60.00418331402738,0.004677076955669193,371.73740634683816,572.2522594281317
1,1204.5900000000001,68.80000000000018,3188.749211529514,60.0042214561329,0.004721121053718307,374.185814924984,576.4934739124673
1,1204.69,68.90000000000009,3193.3338599321255,60.00425668834134,0.004763113831707467,376.52019457458516,580.4111221568585
1,1204.79,69.0,3197.7393824007404,60.00429101623631,0.004803082257927003,378.74203359904845,584.2282151919118
1,1204.89,69.10000000000014,3201.98231626728,60.00432243520763,0.004841102771054616,380.8555933918042,587.7218502274078
1,1204.99,69.20000000000005,3206.069391321588,60.00435585732899,0.004877220680252321,382.863364906938,591.438225693957
1,1205.0900000000001,69.30000000000018,3210.007804338792,60.00438727727373,0.004911345148753231,384.76032137844925,594.9319689712548
1,1205.19,69.40000000000009,3213.8026896025617,60.00441779095814,0.00494326052792986,386.5344678258604,598.3249405570258
1,1205.29,69.5,3217.455033124132,60.004445397665755,0.00497278533627201,388.17572683746425,601.3946706254284
1,1205.39,69.60000000000014,3220.97097341057,60.004475003629715,0.0049997283817075884,389.6734406512859,604.6867081633355
1,1205.49,69.70000000000005,3224.3678632294977,60.004502611310755,0.00502397428860716,391.0212186948837,607.7565464721255
1,1205.5900000000001,69.80000000000018,3227.6724668538586,60.004532216301286,0.005045522109685821,392.2189849251395,611.0484757682308
1,1205.69,69.90000000000009,3230.9349628708555,60.00455982495575,0.005064215394633623,393.25806539627376,614.1184223174077
1,1205.79,70.0,3234.1099743505433,60.00458652442962,0.005079889415804874,394.1292959736792,617.0872724567257
1,1205.89,70.10000000000014,3237.352834579296,60.00461322390348,0.005092415668587464,394.825527324083,620.0561225946288
1,1205.99,70.20000000000005,3240.6930770345166,60.00464282694716,0.005101760451901791,395.3448687144147,623.3478354113745
1,1206.0900000000001,70.30000000000018,3243.8222761743514,60.00467043754848,0.00510789609727233,395.6858113850445,626.4179984399112
1,1206.19,70.40000000000009,3247.1822544912807,60.00469713702235,0.005110760521927453,395.8448976653527,629.3868485792291
1,1206.29,70.5,3250.7026313713923,60.00472383649621,0.005110398461671553,395.8246093898596,632.3556987185469
1,1206.39,70.60000000000014,3253.825048493788,60.004750535970075,0.005106792088190988,395.6239556221099,635.3245488564502
1,1206.49,70.70000000000005,3257.225100459722,60.00477723544394,0.005099901733473581,395.240731263736,638.2933989943534
1,1206.5900000000001,70.80000000000018,3260.7041950945354,60.00480393491781,0.005089718596930957,394.6744472731312,641.2622491336713
1,1206.69,70.90000000000009,3263.749440053771,60.00483063439167,0.005076288347630913,393.9276428113382,644.2310992729891
1,1206.79,71.0,3267.000640914566,60.00485443418943,0.005059651210881947,393.0025716195892,646.8775196935985
1,1206.89,71.10000000000014,3270.283776403281,60.004877319452746,0.005039837627896983,391.9009143650866,649.422248383634
1,1206.99,71.20000000000005,3273.2649092535758,60.00490310341874,0.0050169604316558725,390.6289215318167,652.2892985519908
1,1207.0900000000001,71.30000000000018,3276.3313385127913,60.004926904676644,0.004991187458266183,389.1959529192126,654.9358813345957
1,1207.19,71.40000000000009,3279.273002142015,60.004946892210704,0.004962589826998265,387.60597311865604,657.1583967881118
1,1207.29,71.5,3282.272479658441,60.004968860506004,0.004931174472923584,385.859333749449,659.6011631466054
1,1207.39,71.60000000000014,3285.271146619274,60.00498884901349,0.004896971488677505,383.95773108610814,661.8237868405087
1,1207.49,71.70000000000005,3288.2361975352565,60.005007920066255,0.004860075110653489,381.90639795699326,663.9443940812619
1,1207.5900000000001,71.80000000000018,3291.2130344948832,60.00502699111902,0.00482060648699356,379.7120642652796,666.0650013234297
1,1207.69,71.90000000000009,3294.2267530943677,60.00504316687609,0.00477871994319165,377.38332623950924,667.863665930046
1,1207.79,72.0,3297.237880115104,60.0050584237183,0.004734506888382207,374.9252542800628,669.5601517229314
1,1207.89,72.10000000000014,3300.269701212909,60.005073680560514,0.004688041048235428,372.3419419132526,671.2566375172315
1,1207.99,72.20000000000005,3303.3897315759323,60.00508893740272,0.004639408075295979,369.63815099954166,672.953123310117
1,1208.0900000000001,72.30000000000018,3306.5479181293176,60.00510419424493,0.004588588800075136,366.8128159125797,674.6496091044171
1,1208.19,72.40000000000009,3309.7686175163585,60.00511655822502,0.00453566953252524,363.8707509678266,676.0244228627189
1,1208.29,72.5,3313.106800075941,60.00512800085668,0.004480888407626039,360.8251839775033,677.2967872077367
1,1208.39,72.60000000000014,3316.5044344858816,60.00513944348833,0.004424447836236643,357.6873627220564,678.5691515527544
1,1208.49,72.70000000000005,3319.9727888229377,60.00515377752197,0.004366416779678662,354.46110559399926,680.1630255731897
1,1208.5900000000001,72.80000000000018,3323.538021862657,60.00516614344891,0.004306786758234608,351.145967446745,681.5380558108512
1,1208.69,72.90000000000009,3327.1617485062284,60.00517758608057,0.0042455845855026595,347.7434332172859,682.8104201572836
1,1208.79,73.0,3330.851966324149,60.00518902871223,0.004182839567724265,344.2551272546977,684.0827845023014
1,1208.89,73.10000000000014,3334.6093642637566,60.00519758188876,0.004118703818992311,340.6895211117748,685.033855652676
1,1208.99,73.20000000000005,3338.4226864174016,60.00520809927828,0.004053577059110024,337.0688116342229,686.2033376242756
1,1209.0900000000001,73.30000000000018,3342.276772621046,60.00521954190993,0.003987281040311459,333.38309490716665,687.4757019678788
1,1209.19,73.40000000000009,3346.182686017856,60.0052280965466,0.003919744327743147,329.6284187735607,688.4269354802487
1,1209.29,73.5,3350.145779987816,60.00523861247598,0.003850973751414165,325.8051385930393,689.596255089853
1,1209.39,73.60000000000014,3354.159765436029,60.00524716808608,0.003780954100748987,321.91242820564196,690.5475968426101
1,1209.49,73.70000000000005,3358.2349440107796,60.00525479650719,0.003709656550971428,317.9486798441062,691.3958397397602
1,1209.5900000000001,73.80000000000018,3362.347585436447,60.00526242492829,0.0036370649504692937,313.9129910350828,692.2440826354956
1,1209.69,73.90000000000009,3366.5072516192804,60.00527005334939,0.0035631753485977605,309.80514217162414,693.0923255326456
1,1209.79,74.0,3370.723021760068,60.0052776817705,0.003488012881995841,305.62653072284786,693.9405684297957
1,1209.89,74.10000000000014,3374.9986754335387,60.00528242560361,0.0034116229182289087,301.3796920149419,694.4680593328238
1,1209.99,74.20000000000005,3379.3417495794392,60.00528623981417,0.0033340612549583428,297.0677187382365,694.8921807821062
1,1210.0900000000001,74.30000000000018,3383.7326089909925,60.00529005402472,0.0032554039730155237,292.6948362396197,695.3163022299739
1,1210.19,74.40000000000009,3388.1919075102705,60.00529098510742,0.0031757164560342094,288.26469202409453,695.4198340457151
1,1210.29,74.5,3392.719354407166,60.005293867748556,0.00309507353049315,283.7814246714892,695.740369557648
1,1210.39,74.60000000000014,3397.3088344330135,60.00529479980469,0.0030135389618464272,279.24859602734557,695.8440096137764
1,1210.49,74.70000000000005,3401.956383212544,60.005291918136976,0.002931177556864572,274.66981628971047,695.5235823422306
1,1210.5900000000001,74.80000000000018,3406.6547768704454,60.00529098510742,0.002848045209458126,270.0481684988718,695.4198340457151
1,1210.69,74.90000000000009,3411.399036362534,60.00528810441314,0.0027641918249393643,265.3864431231364,695.0995150145565
1,1210.79,75.0,3416.1880219332675,60.00528429020259,0.002679670027648043,260.6875613419185,694.6753935652741
1,1210.89,75.10000000000014,3421.024991276021,60.00528047599204,0.0025945249684298935,255.954029450194,694.2512721174064
1,1210.99,75.20000000000005,3425.907887755491,60.00527666178149,0.0025088037510737956,251.1884661260102,693.8271506695387
1,1211.0900000000001,75.30000000000018,3430.8200342608866,60.005269968823505,0.002422801005276802,246.40726170580643,693.0829266698721
1,1211.19,75.40000000000009,3435.7627918245207,60.005262340402396,0.002336412673199034,241.6046234793083,692.2346837727221
1,1211.29,75.5,3440.7382558837994,60.005254711981294,0.0022496031959082807,236.77857102619183,691.386440875572
1,1211.39,75.60000000000014,3445.740165461576,60.00524708356019,0.0021624057728878735,231.93095002844086,690.5381979798366
1,1211.49,75.70000000000005,3450.7664828719207,60.00523657833851,0.002074866687776217,227.06434344295658,689.3700690116619
1,1211.5900000000001,75.80000000000018,3455.8295417486806,60.00522513570685,0.001987024095359458,222.1808652879021,688.0977046666442
1,1211.69,75.90000000000009,3460.9302328058875,60.0052136930752,0.0018988754663759734,217.2803716563308,686.8253403216264
1,1211.79,76.0,3466.06753561195,60.00520225044354,0.001810426377492349,212.36317256849202,685.552975975194
1,1211.89,76.10000000000014,3471.2445780077173,60.005190807811886,0.0017216963008879554,207.43035055180982,684.2806116315909
1,1211.99,76.20000000000005,3476.4563108207394,60.00517649081322,0.001632660097032558,202.4805167889373,682.6886318151019
1,1212.0900000000001,76.30000000000018,3481.716016181539,60.00516123397101,0.0015433518171870135,197.5155578939693,680.9921460222164
1,1212.19,76.40000000000009,3487.0255602867937,60.0051459771288,0.0014538236535541107,192.5383724841138,679.2956602279163
1,1212.29,76.5,3492.380978200556,60.005130720286594,0.001364083941357907,187.54942393967457,677.5991744350308
1,1212.39,76.60000000000014,3497.781122691358,60.00511546344438,0.00127412522372,182.54829769443958,675.9026886421453
1,1212.49,76.70000000000005,3503.222992655911,60.00509733466873,0.0011839110455288413,177.53297475941926,673.8868579787566
1,1212.5900000000001,76.80000000000018,3508.7885051392036,60.005081135062696,0.0010934408899483238,172.50341321733288,672.0855414854839
1,1212.69,76.90000000000009,3514.351433924599,60.005063007260475,0.0010027141760756088,167.4595909673608,670.0698190624822
1,1212.79,77.0,3519.9258800255584,60.00504393620771,0.0009117602554420277,162.40313691107346,667.9492118203144
1,1212.89,77.10000000000014,3525.5297263976167,60.00502486515495,0.0008205942535829834,157.3348894688545,665.8286045795612
1,1212.99,77.20000000000005,3531.165191519304,60.00500579410219,0.0007291891910807479,152.2533487329071,663.7079973373934
1,1213.0900000000001,77.30000000000018,3536.830058033478,60.004986723049434,0.0006375877407132542,147.16088704892934,661.5873900952256
1,1213.19,77.40000000000009,3542.5113045634057,60.00496478347022,0.0005459536868023841,142.06661602188728,659.1478168253242
1,1213.29,77.5,3548.22629141492,60.00494189820691,0.00045418186876335266,136.96468468788208,656.6030881352887
1,1213.39,77.60000000000014,3554.0279201951616,60.00492188049662,0.0003622744496022815,131.85520547044226,654.3772172325996
1,1213.49,77.70000000000005,3559.8056374503094,60.00489994237755,0.00027028119246545285,126.74095474382386,651.9378063232789
1,1213.5900000000001,77.80000000000018,3565.5949953736576,60.004877057114236,0.0001782134572957721,121.62256181609462,649.3930776318288
1,1213.69,77.90000000000009,3571.426956100834,60.00485417185092,8.610728551808057e-05,116.50202849186762,646.8483489417932
1,1213.79,78.0,3577.291601560419,60.00482842098144,-5.9252119225435684e-06,111.38559232214097,643.984978943771
1,1213.89,78.10000000000014,3583.190916027086,60.00480458662703,-9.778123877596271e-05,106.27895985138126,641.334715993661
1,1213.99,78.20000000000005,3589.1972434568247,60.00477883673098,-0.0001893461919878009,101.18850867551704,638.4714542360258
1,1214.0900000000001,78.30000000000018,3595.199179283388,60.00475213725711,-0.0002804461406024991,96.12390654727027,635.502604096708
1,1214.19,78.40000000000009,3601.2165678834926,60.00472257412393,-0.0003709893267299147,91.09025713834568,632.2153291315923
1,1214.29,78.5,3607.264582047202,60.004694923612114,-0.00046080042757853706,86.09730058722735,629.1407282514256
1,1214.39,78.60000000000014,3613.3380387727657,60.00466536145236,-0.0005494294536918518,81.17005897567672,625.8535615252825
1,1214.49,78.70000000000005,3619.5031306650785,60.00463198556877,-0.0006366816323887997,76.31936244008959,622.1423274714653
1,1214.5900000000001,78.80000000000018,3625.635504307956,60.00460051938626,-0.0007223786466218658,71.55511751173283,618.6434427828501
1,1214.69,78.90000000000009,3631.766012314829,60.00456714447609,-0.0008062274078932467,66.89362269854172,614.9323169680054
1,1214.79,79.0,3637.9209891453015,60.00452995584209,-0.000888069334316431,62.34369583499179,610.7971238269012
1,1214.89,79.10000000000014,3644.167555414831,60.00449181373657,-0.0009676413954457472,57.91995688451463,606.5559093439801
1,1214.99,79.20000000000005,3650.387543063368,60.00445367163105,-0.0010449449988256285,53.62232684938214,602.3146948596445
1,1215.0900000000001,79.30000000000018,3656.6046987616405,60.00441267024663,-0.0011200457433635984,49.44716113731831,597.7555426298388
1,1215.19,79.40000000000009,3662.8420522294978,60.004370713930555,-0.0011929335439047656,45.39501880885266,593.0902066976355
1,1215.29,79.5,3669.1425919658295,60.00432875761448,-0.0012633524544252005,41.48012856945122,588.4248707654322
1,1215.39,79.60000000000014,3675.4258233020414,60.004283943479656,-0.0013313536286282581,37.69964843165151,583.4417594483394
1,1215.49,79.70000000000005,3681.7029691686553,60.00423817295303,-0.0013966787424940915,34.0679386689834,578.3523020668538
1,1215.5900000000001,79.80000000000018,3687.991339107963,60.0041924024264,-0.0014589963222601326,30.603427216828237,573.2628446867827
1,1215.69,79.90000000000009,3694.3224417243896,60.00414377554116,-0.0015182464192192036,27.30944844163271,567.8557742809884
1,1215.79,80.0,3700.6454622197825,60.00409419080398,-0.0015743868249377374,24.188348172713305,562.342195451635
1,1215.89,80.10000000000014,3706.9795811405384,60.004044606066806,-0.0016276119910771344,21.229315825215526,556.8286166236962
1,1215.99,80.20000000000005,3713.332078348282,60.00399216643115,-0.001678072818140164,18.423963246375525,550.9975871292004
1,1216.0900000000001,80.30000000000018,3719.7191970391123,60.00394162189518,-0.001726031190485974,15.757729835356349,545.3772833969282
1,1216.19,80.40000000000009,3726.1134689889864,60.00388918323296,-0.0017717063750189875,13.218426736655333,539.5463621428195
1,1216.29,80.5,3732.522036232697,60.00383578428522,-0.0018151344128692548,10.804050170304318,533.6086618655984
1,1216.39,80.60000000000014,3738.950923466872,60.003782385337495,-0.001856420732649732,8.508738888341485,527.6709615883773
1,1216.49,80.70000000000005,3745.3971482780125,60.00372613392486,-0.001895816681233976,6.3185197678724005,521.4160812469817
1,1216.5900000000001,80.80000000000018,3751.8686701405923,60.00367177274476,-0.0019336457544818317,4.215407652507601,515.3713854644592
1,1216.69,80.90000000000009,3758.3657676571243,60.00361552230555,-0.0019698298413513278,2.2037456705929133,509.1166133634507
1,1216.79,81.0,3764.8842327270645,60.003558309147266,-0.002004212203185264,0.29224782103750885,502.7547916369473
1,1216.89,81.10000000000014,3771.435361752592,60.00350394650704,-0.0020369371448774715,-1.5271083211612873,496.7099334952588
1,1216.99,81.20000000000005,3778.014044103009,60.00344769752797,-0.0020680300787841903,-3.2557353381185994,490.455323754831
1,1217.0900000000001,81.30000000000018,3784.6171342860057,60.00338763482506,-0.002097709107676592,-4.905758822018971,483.7766466867291
1,1217.19,81.40000000000009,3791.2475497368655,60.00332945651414,-0.002126430594103084,-6.5025500137923595,477.30750473517753
1,1217.29,81.5,3797.906642890622,60.00327224335585,-0.002154606634895392,-8.069019518786062,470.9456830086741
1,1217.39,81.60000000000014,3804.591256293487,60.003215030197566,-0.002182292228725315,-9.608225016672606,464.58386128358535
1,1217.49,81.70000000000005,3811.3000952826437,60.00315496944151,-0.0022095625685328267,-11.12434731934984,457.90540069484314
1,1217.5900000000001,81.80000000000018,3818.0365601131057,60.003096789183736,-0.0022366776337792212,-12.631839410332827,451.4360422639318
1,1217.69,81.90000000000009,3824.795449747462,60.0030367294011,-0.0022638556305155824,-14.142833280842577,444.75768991416214
1,1217.79,82.0,3831.583887676084,60.00297570203227,-0.002291236262247576,-15.66509578833435,437.97174674120566
1,1217.89,82.10000000000014,3838.395743895755,60.002917520314355,-0.0023188327658523007,-17.199361955522328,431.50222594971365
1,1217.99,82.20000000000005,3845.2340496937595,60.002857461991866,-0.002346529072694126,-18.739180008297,424.82403596193933
1,1218.0900000000001,82.30000000000018,3852.094904697004,60.00279643462303,-0.0023742278614850496,-20.279139140261556,418.0380927875682
1,1218.19,82.40000000000009,3858.982087182319,60.00273540725419,-0.0024019049077874037,-21.81789231680027,411.2521496131971
1,1218.29,82.5,3865.891758847498,60.00267722358942,-0.0024295667202044666,-23.35580038361129,404.7824123409307
1,1218.39,82.60000000000014,3872.8248445466056,60.002617167213785,-0.0024572388697555216,-24.894286565007558,398.1044388325161
1,1218.49,82.70000000000005,3879.7823380782743,60.00255613984495,-0.0024849088752010025,-26.432656723408183,391.31849565814497
1,1218.5900000000001,82.80000000000018,3886.7642394425197,60.00249227023219,-0.0025125005853245193,-27.966677994921127,384.2165089436645
1,1218.69,82.90000000000009,3893.7676386799294,60.00243027041002,-0.0025397015522351948,-29.47897751487835,377.3224337427561
1,1218.79,83.0,3900.7913586553973,60.00236924304118,-0.0025659661046375103,-30.939218177113148,370.536490568385
1,1218.89,83.10000000000014,3907.835518942067,60.00230821567234,-0.002590967379836392,-32.32922785632258,363.75054739401384
1,1218.99,83.20000000000005,3914.8938195426476,60.002244348006435,-0.0026144485347567425,-33.6347282361498,356.64877715889304
1,1219.0900000000001,83.30000000000018,3921.96753319059,60.002182346237404,-0.00263602632633691,-34.834409781666345,349.7544854772103
1,1219.19,83.40000000000009,3929.042398244046,60.002118479544926,-0.0026554432988818307,-35.9139604665855,342.65282348247666
1,1219.29,83.5,3936.134371176896,60.002056476802466,-0.0026729509471150547,-36.88736021287067,335.75842356040675
1,1219.39,83.60000000000014,3943.244575692253,60.001992611083416,-0.002688785922873478,-37.76776782189861,328.6568698060603
1,1219.49,83.70000000000005,3950.3741585958583,60.00192776950403,-0.0027031088388011467,-38.56411211944701,321.4468051838215
1,1219.5900000000001,83.80000000000018,3957.5273311447772,60.001865765301424,-0.002715776712483838,-39.268441267711836,314.55224289975615
1,1219.69,83.90000000000009,3964.707879019057,60.00180190104251,-0.0027265663975591945,-39.86835151748116,307.45085150599044
1,1219.79,84.0,3971.9047590113114,60.001737059463125,-0.0027354820650654817,-40.364073975138055,300.24078688375164
1,1219.89,84.10000000000014,3979.132174285071,60.00167221788374,-0.0027426809168506336,-40.764347696607274,293.0307222615128
1,1219.99,84.20000000000005,3986.371947271352,60.00160737630435,-0.002748161124362819,-41.06907073924557,285.820657639274
1,1220.0900000000001,84.30000000000018,3993.6461068203985,60.00154253472496,-0.0027519191129837597,-41.278044083862255,278.6105930170351
1,1220.19,84.40000000000009,4000.93161681628,60.001477693145574,-0.0027541947647301314,-41.40460419522859,271.4005283947963
1,1220.29,84.5,4008.235382888675,60.00141001759639,-0.0027550688475253644,-41.45324307404426,263.87534027290974
1,1220.39,84.60000000000014,4015.587919479976,60.00134419528953,-0.0027544633580339007,-41.41962078403534,256.5562235808427
1,1220.49,84.70000000000005,4022.9429955573914,60.001279353710146,-0.002752371949712056,-41.303384776696774,249.34615895860387
1,1220.5900000000001,84.80000000000018,4030.3301203120177,60.00121451213076,-0.002748792064333992,-41.10439319309731,242.13609433636503
1,1220.69,84.90000000000009,4037.7176671237203,60.00114683852843,-0.002743697877255132,-40.821211754651806,234.61112269525285
1,1220.79,85.0,4045.14358861986,60.00108101427472,-0.002736879914360671,-40.44219107941779,227.29178952241145
1,1220.89,85.10000000000014,4052.5629094518604,60.00101617269532,-0.0027286004983606317,-39.98191592237877,220.08172489875798
1,1220.99,85.20000000000005,4060.0050585069525,60.000948500553136,-0.0027190093463399555,-39.44871224183933,212.55691561964116
1,1221.0900000000001,85.30000000000018,4067.439608302207,60.00088267483928,-0.002708066924996107,-38.84037904263861,205.23742008621903
1,1221.19,85.40000000000009,4074.8981022881576,60.000817833259894,-0.0026957470534624277,-38.15546105380991,198.02735546256554
1,1221.29,85.5,4082.354988713024,60.000750162577845,-0.002682107112010827,-37.39715044825328,190.50270854261484
1,1221.39,85.60000000000014,4089.834805708383,60.000684335403854,-0.002667131300933852,-36.564565892431915,183.1830506500266
1,1221.49,85.70000000000005,4097.312138394023,60.00061666569523,-0.00265078937920167,-35.656027885221114,175.65851197046308
1,1221.5900000000001,85.80000000000018,4104.803402784341,60.00055083754781,-0.0026331099607725095,-34.67312506258352,168.338745836073
1,1221.69,85.90000000000009,4112.294829318984,60.000483168812615,-0.0026140620039833647,-33.61413330290618,160.81431539689666
1,1221.79,86.0,4119.79930419558,60.00041733969177,-0.002593680315069595,-32.480985634694925,153.49444102211942
1,1221.89,86.10000000000014,4127.306194084292,60.00034967193,-0.0025720190465988424,-31.276694447293757,145.9701188233302
1,1221.99,86.20000000000005,4134.8240079706575,60.00028384183573,-0.0025490744802817203,-30.0010510250723,138.65013620958047
1,1222.0900000000001,86.30000000000018,4142.35178337184,60.000219000256344,-0.002524941012828332,-28.659303913022374,131.44007158734163
1,1222.19,86.40000000000009,4149.888092408329,60.00015133395471,-0.0024996595602362406,-27.253729404334322,123.91591174771855
1,1222.29,86.5,4157.432465260238,60.000085502400296,-0.0024732342434088065,-25.78455442236228,116.59576677197339
1,1222.39,86.60000000000014,4164.9846486185825,60.00001783707209,-0.002445764197748397,-24.25729200748117,109.07171517415212
1,1222.49,86.70000000000005,4172.551508656778,59.999952004544255,-0.0024173349311481665,-22.676694699190836,101.75146195943444
1,1222.5900000000001,86.80000000000018,4180.128227872784,59.99988434018948,-0.002388044624150379,-21.048222320843863,94.2275186005857
1,1222.69,86.90000000000009,4187.716243221008,59.999818506688214,-0.0023579838193868293,-19.3769075525549,86.90715714548084
1,1222.79,87.0,4195.313699926311,59.99975084330686,-0.00232718992296743,-17.66483110829079,79.38332202701928
1,1222.89,87.10000000000014,4202.919094166326,59.999685008832174,-0.0022957195269087015,-15.915138278679425,72.06285233294189
1,1222.99,87.20000000000005,4210.535548507237,59.99961734642425,-0.002263618168192846,-14.130361673105355,64.53912545486749
1,1223.0900000000001,87.30000000000018,4218.164567768198,59.99955151097613,-0.002230995039985193,-12.316571356864207,57.218547518988295
1,1223.19,87.40000000000009,4225.802669687547,59.99948384954163,-0.0021980717546969462,-10.486089352300455,49.69492888130107
1,1223.29,87.5,4233.448582113322,59.99941801312009,-0.0021649837614188374,-8.646445792055658,42.3742427050347
1,1223.39,87.60000000000014,4241.103026679235,59.99935035265902,-0.0021317697480324896,-6.799792179427158,34.85073230773464
1,1223.49,87.70000000000005,4248.765536555738,59.99928451526405,-0.0020984826875148927,-4.949073309471061,27.529937892495752
1,1223.5900000000001,87.80000000000018,4256.439103168991,59.9992168557764,-0.0020651541484057005,-3.096044673006943,20.006535734168214
1,1223.69,87.90000000000009,4264.121988658864,59.999151017408,-0.002031787233443417,-1.2408785508976434,12.685633077127509
