lap,session_time_s,lap_time_s,lap_distance_m,latitude_deg,longitude_deg,x_east_m,y_north_m
3,649.6324999999999,0.0,0.0,59.99911032821245,-0.0019882980802924358,0.0,0.0
3,649.7325000000001,0.10000000000013642,3.865044539119207,59.99904383985068,-0.0019567020308379414,1.756711637280173,-7.3931787220222125
3,649.8325,0.20000000000004547,11.1702076586744,59.99897683464401,-0.0019249449852107323,3.522378082729581,-14.843828053484105
3,649.9325,0.3000000000000682,18.856142198451366,59.99890818051116,-0.0018930188479976606,5.2974495940942985,-22.477829864256798
3,650.0325,0.40000000000009095,26.539490043006253,59.99884169041306,-0.0018609348611990603,7.081300878308904,-29.871201657456062
3,650.1324999999999,0.5,34.22134932637588,59.99877468694271,-0.0018287196302465424,8.872452902058773,-37.32165791915555
3,650.2325000000001,0.6000000000001364,41.915644153592496,59.99870603280986,-0.0017963655321000815,10.671329748893958,-44.95565972992824
3,650.3325,0.7000000000000455,49.622223913819,59.99863954097543,-0.0017638781043210596,12.477622973116835,-52.34922459430456
3,650.4325,0.8000000000000682,57.33606948470288,59.99857253924141,-0.0017312999174014204,14.288966099655473,-59.799487784827
3,650.5325,0.900000000000091,65.05806026768677,59.998503885108555,-0.001698626173072895,16.105626245357527,-67.4334895955997
3,650.6324999999999,1.0,72.78935317981058,59.99843739153781,-0.001665819188821001,17.929697662468335,-74.82724752832377
3,650.7325000000001,1.1000000000001364,80.52852900787306,59.998370391540114,-0.0016328686989019547,19.761751763025032,-82.2773176490838
3,650.8325,1.2000000000000455,88.27496623804517,59.99830173740725,-0.0015997635460085929,21.60240933115066,-89.91131945985649
3,650.9325,1.3000000000000682,96.02955019728921,59.9982330832744,-0.0015664851156293332,23.452704907962413,-97.54532127204384
3,651.0325,1.400000000000091,103.793435691869,59.99816658738857,-0.0015330520888996323,25.31159902982141,-104.93933663111778
3,651.1324999999999,1.5,111.56520326313306,59.99809958970596,-0.0014994807491278948,27.17818728337836,-112.38914932552794
3,651.2325000000001,1.6000000000001364,119.34423532372311,59.9980309355731,-0.0014657356444307368,29.05444136414955,-120.02315113630064
3,651.3325,1.7000000000000455,127.13026152841972,59.997962281440245,-0.0014317972860250377,30.941444244854807,-127.65715294707333
3,651.4325,1.8000000000000682,134.9235526032666,59.99789362730739,-0.0013976740258931095,32.838731588240655,-135.29115475926068
3,651.5325,1.900000000000091,142.7261393632049,59.99782712852769,-0.001363402095959165,34.74428779530058,-142.6854919026866
3,651.6324999999999,2.0,150.53660796716045,59.99776013373894,-0.0013291205857737674,36.650380771067134,-150.13498281274477
3,651.7325000000001,2.1000000000001364,158.35088419115104,59.99769147960609,-0.0012949575110012235,38.549893537872045,-157.76898462351747
3,651.8325,2.2000000000000455,166.1741066355164,59.997622825473236,-0.0012608632463386926,40.445584384849155,-165.40298643429017
3,651.9325,2.300000000000068,174.0081362752533,59.99755417134038,-0.0012267259063290668,42.343674169890235,-173.0369882464775
3,652.0325,2.400000000000091,181.85031360133877,59.99748551720752,-0.0011924961004606779,44.246909032692926,-180.6709900572502
3,652.1324999999999,2.5,189.70178809532226,59.99741686307467,-0.0011581581336661258,46.15616164220257,-188.30499186943754
3,652.2325000000001,2.6000000000001364,197.5599950305146,59.997348208941816,-0.0011237205639816243,48.070956185906425,-195.93899368021025
3,652.3325,2.7000000000000455,205.3843704846314,59.99727955480896,-0.001089342137325481,49.98246631688348,-203.57299549098295
3,652.4325,2.800000000000068,213.06635466042889,59.99721305082029,-0.0010553976022664574,51.86985408217798,-210.96791184652537
3,652.5325,2.900000000000091,220.50789442657373,59.99714821080593,-0.0010221836361253957,53.71662415783159,-218.17780244582426
3,652.6324999999999,3.0,227.67824542056798,59.9970855197782,-0.0009897971881198946,55.51738543014574,-225.14873630448244
3,652.7325000000001,3.1000000000001364,234.57564042881108,59.9970266422902,-0.0009582596829080721,57.27094492419865,-231.69562330683965
3,652.8325,3.2000000000000455,241.20352070755337,59.99696943051282,-0.0009276156397863061,58.97482881526393,-238.05729148319088
3,652.9325,3.300000000000068,247.5737263733476,59.99691436598576,-0.0008978470914422481,60.63003540293262,-244.1801959872492
3,653.0325,3.400000000000091,253.68993063180287,59.99686096832688,-0.0008688738324086928,62.24102435460372,-250.11775295071197
3,653.1324999999999,3.5,259.55864702032306,59.99680971676076,-0.0008406503453016345,63.810325789957844,-255.81667495788605
3,653.2325000000001,3.6000000000001364,265.1927345309469,59.99676013322036,-0.0008131507571203383,65.33937849649531,-261.330120709875
3,653.3325,3.7000000000000455,270.6023680510823,59.99671269461519,-0.000786334576510618,66.8304331482179,-266.60506021875017
3,653.4325,3.800000000000068,275.7942876872236,59.99666906954974,-0.0007601288996620288,68.28754132746032,-271.45595287132437
3,653.5325,3.900000000000091,280.7725675800252,59.99662711424633,-0.0007344534428524513,69.71516883883528,-276.1211762003657
3,653.6324999999999,4.0,285.54244397822384,59.99658515894292,-0.0007092246805348139,71.11796142990501,-280.786399529407
3,653.7325000000001,4.100000000000136,290.1100138411202,59.99654534625964,-0.0006843064916697285,72.50348519768811,-285.2133740416844
3,653.8325,4.2000000000000455,294.48367794350924,59.996507205074714,-0.0006594193756101888,73.88728108018852,-289.4544861592519
3,653.9325,4.300000000000068,298.68049056930585,59.99647120535238,-0.0006343751803974848,75.27980991960857,-293.4574781718158
3,654.0325,4.400000000000091,302.7514265057858,59.996436878285955,-0.0006090576455151976,76.68753637207396,-297.27447907790946
3,654.1324999999999,4.5,306.67605787603117,59.99640469152456,-0.0005831915740446133,78.125761111335,-300.85348859358913
3,654.2325000000001,4.600000000000136,310.4475807418005,59.99637203885036,-0.0005564613498384288,79.61203585712364,-304.4843053206209
3,654.3325,4.7000000000000455,314.101968118478,59.99634199007891,-0.0005287696518072708,81.15176813220093,-307.82558087365106
3,654.4325,4.800000000000068,317.6943282745362,59.996313152680756,-0.0004999680858030708,82.753210489387,-311.0321576746194
3,654.5325,4.900000000000091,321.1891357116303,59.99628477772276,-0.00046990668879110165,84.42470203307936,-314.18731340517513
3,654.6324999999999,5.0,324.5793682475155,59.99625807889331,-0.0004385845117507633,86.16629400469377,-317.15609188832116
3,654.7325000000001,5.100000000000136,327.9375302768091,59.99623138006387,-0.0004059126016479892,87.98293450351659,-320.1248703700525
3,654.8325,5.2000000000000455,331.2485062129341,59.996206817488044,-0.0003718503276809818,89.87687985119021,-322.8561079603115
3,654.9325,5.300000000000068,334.5119710999509,59.99618393277709,-0.0003363303388699932,91.85187540181535,-325.400775230569
3,655.0325,5.400000000000091,337.7553011964117,59.99616104806614,-0.00029923828271943587,93.91428164247098,-327.9454425008266
3,655.1324999999999,5.5,340.9803128700422,59.99613816335519,-0.00026040379694845437,96.07357106783961,-330.4901097710842
3,655.2325000000001,5.600000000000136,344.2063615718225,59.99611741258276,-0.000219703178838631,98.3366186701188,-332.79749357621915
3,655.3325,5.7000000000000455,347.40311970954207,59.996098341990304,-0.00017711123044300792,100.70482606391253,-334.9180496335882
3,655.4325,5.800000000000068,350.6497628176227,59.996079271397846,-0.00013256946448554497,103.18144776489785,-337.038605692372
3,655.5325,5.900000000000091,354.022151733455,59.99606020080539,-8.611952952802216e-05,105.76416814020403,-339.15916175115575
3,655.6324999999999,6.0,357.309364144056,59.996043261836355,-3.800104530218634e-05,108.43966054407419,-341.0426917725814
3,655.7325000000001,6.100000000000136,360.7366337684325,59.99602800536239,1.1541069420871934e-05,111.19430766223708,-342.7391366184767
3,655.8325,6.2000000000000455,364.5342390280032,59.996014879354306,6.24018646833409e-05,114.02227317787568,-344.19868414018885
3,655.9325,6.300000000000068,368.0414401392817,59.996003436998826,0.00011450954489148275,116.9195656978273,-345.47101777602495
3,656.0325,6.400000000000091,371.7429117958946,59.99599412395169,0.0001677454970924242,119.87958915303142,-346.50658279943826
3,656.1324999999999,6.5,375.7959585697675,59.9959864957147,0.0002218933509648512,122.89031356071223,-347.35480522380055
3,656.2325000000001,6.600000000000136,379.73065167952456,59.99597886747772,0.0002766790779096236,125.93650546868632,-348.2030276467482
3,656.3325,6.7000000000000455,383.1816945204018,59.99597336681275,0.0003318450076161316,129.00383384066512,-348.8146745298647
3,656.4325,6.800000000000068,386.68513700600715,59.9959716796875,0.00038713140314183234,132.077853211678,-349.00227455668016
3,656.5325,6.900000000000091,390.4394778085419,59.9959716796875,0.0004422964814587528,135.1451238535407,-349.00227455668016
3,656.6324999999999,7.0,394.0547516883142,59.9959716796875,0.0004971116980947535,138.19294160064928,-349.00227455668016
3,656.7325000000001,7.100000000000136,397.2875102151266,59.99597380494442,0.0005513759341096087,141.2101193677908,-348.76595644319895
3,656.8325,7.2000000000000455,400.4866857515643,59.99597761906291,0.0006049325476359811,144.18794826913071,-348.34184523172513
3,656.9325,7.300000000000068,403.62155625035626,59.99598355728077,0.0006576378994765299,147.1184405374188,-347.681544619945
3,657.0325,7.400000000000091,406.69206637147056,59.99599118551776,0.0007093108463305828,149.9915250196606,-346.8333221969973
3,657.1324999999999,7.5,409.76711885188416,59.995998813754746,0.0007597495503828519,152.79598290298466,-345.985099772635
3,657.2325000000001,7.600000000000136,412.69892573772796,59.99600856435478,0.0008088714022102346,155.52721600266955,-344.90088101914347
3,657.3325,7.7000000000000455,415.5767491808997,59.99602000671025,0.0008567616683788957,158.189966077988,-343.628547384722
3,657.4325,7.800000000000068,418.4883464847373,59.99603357027124,0.0009035282336136331,160.79023048221876,-342.12034613293156
3,657.5325,7.900000000000091,421.4012420195922,59.9960488267452,0.0009491713770921625,163.32802558365,-340.42390128562164
3,657.6324999999999,8.0,424.3067015212489,59.996064083219174,0.000993600414722919,165.79831329275888,-338.7274564383117
3,657.7325000000001,8.100000000000136,427.2979652429098,59.99608145916232,0.001036700962650145,168.1947283451289,-336.7953370462245
3,657.8325,8.200000000000045,430.33515672042483,59.996100529754784,0.0010784115441695116,170.51385346251868,-334.6747809874407
3,657.9325,8.300000000000068,433.4262103018674,59.99611960034724,0.0011187848197016456,172.75862095913917,-332.554224928657
3,658.0325,8.400000000000091,436.61051805947955,59.9961386709397,0.001158181780159639,174.9491025473077,-330.43366886987326
3,658.1324999999999,8.5,439.921320215337,59.99615985868625,0.0011976649147148418,177.14436861502088,-328.0776956926621
3,658.2325000000001,8.600000000000136,443.2542211213988,59.99618062682189,0.001238547767011032,179.41746081634656,-325.7683811842445
3,658.3325,8.700000000000045,446.6891597747202,59.99619969741435,0.0012815548949895155,181.80866912678243,-323.6478251254607
3,658.4325,8.800000000000068,450.2786285395764,59.996218768006806,0.001326867122696402,184.32804298132356,-321.527269066677
3,658.5325,8.900000000000091,453.9317139255286,59.996237838599264,0.0013744028699620428,186.97104629348289,-319.4067130093079
3,658.6324999999999,9.0,457.43494067671486,59.9962547949315,0.0014238779777954501,189.7218853715738,-317.5212522845996
3,658.7325000000001,9.100000000000136,461.0223304541352,59.996270051405475,0.0014750161250779903,192.56519534307037,-315.8248074372897
3,658.8325,9.200000000000045,464.8432960284515,59.99628530787944,0.0015277068568249222,195.49482988772263,-314.12836259139436
3,658.9325,9.300000000000068,468.4002600999626,59.99629845182951,0.0015816134608556717,198.49207361575887,-312.66682000839745
3,659.0325,9.400000000000091,472.00533699703686,59.99630778223986,0.0016363506038502302,201.53550688730593,-311.62932428028694
3,659.1324999999999,9.5,475.8059898796633,59.996317521843196,0.0016918187216178287,204.6195812431177,-310.5463283062012
3,659.2325000000001,9.600000000000136,479.50648124184585,59.99632685341109,0.0017479679580739251,207.74152710710513,-309.5087038663304
3,659.3325,9.700000000000045,482.8996839053053,59.99633237143927,0.0018046500711732597,210.89311291519797,-308.8951262785166
3,659.4325,9.800000000000068,486.25260439817765,59.996336185557766,0.0018619478899141383,214.07893778485519,-308.47101506704274
3,659.5325,9.900000000000091,489.6877662358904,59.996337890625,0.00191997503600379,217.305320808876,-308.28141997894255
3,659.6324999999999,10.0,492.98622401982095,59.996337890625,0.0019786017654756472,220.56504700424753,-308.28141997894255
3,659.7325000000001,10.100000000000136,496.2646508544616,59.996337890625,0.002037648076291635,223.84810249516175,-308.28141997894255
3,659.8325,10.200000000000045,499.56366056622306,59.996335783310066,0.0020969343160300844,227.14450559606902,-308.5157430325537
3,659.9325,10.300000000000068,502.8552138951171,59.99633196919157,0.002156312480987711,230.4460260195342,-308.9398542440275
3,660.0325,10.400000000000091,506.15322303685383,59.99632604891569,0.002215721463135192,233.74926774233012,-309.5981597959376
3,660.1324999999999,10.5,509.4588193411575,59.996318420678705,0.002275180750655163,237.05531322360014,-310.4463822202999
3,660.2325000000001,10.600000000000136,512.8387537293414,59.996310792441726,0.0023347246395264624,240.36606341972941,-311.2946046432475
3,660.3325,10.700000000000045,516.2514073367961,59.99630105978367,0.002394342446033324,243.68093205321347,-312.376828336869
3,660.4325,10.800000000000068,519.694813884166,59.9962896174282,0.0024539495113148264,246.99521081695102,-313.6491619712904
3,660.5325,10.900000000000091,523.2507548319928,59.9962760718092,0.002513443407833093,250.3032063401735,-315.1553681617961
3,660.6324999999999,11.0,526.8984498903842,59.99626081533523,0.002572909190625074,253.6096466120973,-316.8518130091061
3,660.7325000000001,11.100000000000136,530.6289987982252,59.99624555886126,0.0026327221048310554,256.9353894162415,-318.548257856416
3,660.8325,11.200000000000045,534.4612061991459,59.996230302387296,0.002693462024830388,260.31267662551534,-320.2447027037259
3,660.9325,11.300000000000068,538.3954554172764,59.99621504591333,0.0027555806424958674,263.76662300697495,-321.9411475496212
3,661.0325,11.400000000000091,542.3528335425459,59.996201889809015,0.002819301532931912,267.3096512351241,-323.40404162519883
3,661.1324999999999,11.5,546.3986613603934,59.99618834766266,0.002884771613793549,270.9499400479497,-324.9098616747651
3,661.2325000000001,11.600000000000136,550.5772116395857,59.99617309118869,0.002952078218191611,274.6923509355533,-326.60630652207504
3,661.3325,11.700000000000045,554.8383943618189,59.99615993334805,0.003021271986278643,278.5396838772914,-328.0693936674151
3,661.4325,11.800000000000068,559.1730320750626,59.996148490992574,0.003092363408221683,282.4925234747959,-329.3417273032512
3,661.5325,11.900000000000091,563.5582706831701,59.99613914611289,0.003165345562899237,286.55048299607057,-330.38083195029236
3,661.6324999999999,12.0,567.9037866651717,59.9961315178759,0.003240132957272699,290.7088102285313,-331.22905437324005
3,661.7325000000001,12.100000000000136,572.3189664669109,59.996123889638916,0.00331653369904475,294.9568430278311,-332.07727679760234
3,661.8325,12.200000000000045,576.8587126699291,59.99611626140194,0.0033944471731601777,299.2889870718282,-332.92549922054997
3,661.9325,12.300000000000068,581.4480630269533,59.99611072832564,0.003473795788339178,303.70091857680325,-333.5407500824672
3,662.0325,12.400000000000091,586.0920887714021,59.99610900878906,0.003554446757460987,308.185245968923,-333.7319540909127
3,662.1324999999999,12.5,590.8017092232919,59.99610691478592,0.0036362973287698067,312.73627511580474,-333.9647969373535
3,662.2325000000001,12.600000000000136,595.5738511037064,59.9961051940918,0.0037192724372566354,317.3498287828071,-334.156129658974
3,662.3325,12.700000000000045,600.4041545151957,59.9961051940918,0.0038032934516571896,322.02152831804534,-334.156129658974
3,662.4325,12.800000000000068,605.2968971971294,59.996107286358615,0.0038882798600465697,326.7468949335424,-333.92347988229557
3,662.5325,12.900000000000091,610.2447655431403,59.99610900878906,0.003974146114136963,331.5211838943301,-333.7319540909127
3,662.6324999999999,13.0,615.2294238829438,59.99611319100761,0.004060769025640447,336.3375314324182,-333.2669119639057
3,662.7325000000001,13.100000000000136,620.2347834938304,59.996118728714094,0.004147838384869435,341.1786945579313,-332.65114624645946
3,662.8325,13.200000000000045,625.2566614256584,59.99612463278431,0.004235106341254178,346.03089726572557,-331.99464268607176
3,662.9325,13.300000000000068,630.3113805405956,59.996132261021295,0.004322473779097457,350.88862128626425,-331.14642026170947
3,663.0325,13.400000000000091,635.4108858659832,59.99614197805246,0.004409816573489751,355.74496274253755,-330.06593420160823
3,663.1324999999999,13.5,640.5518696686097,59.99615550862334,0.004497011813589804,360.59307774603354,-328.56140128662065
3,663.2325000000001,13.600000000000136,645.7281920118065,59.996170765097304,0.004583945032562445,365.426612465109,-326.86495644072534
3,663.3325,13.700000000000045,650.9438149856303,59.996186021571276,0.004670461652902968,370.23698144926084,-325.1685115934154
3,663.4325,13.800000000000068,656.2031443912306,59.99620336452433,0.004756368363357756,375.0134244969852,-323.2400605367164
3,663.5325,13.900000000000091,661.5030161053556,59.996222435116785,0.004841499053057122,379.7467072353783,-321.1195044793473
3,663.6324999999999,14.0,666.8416000178645,59.99624359103078,0.00492573614623501,384.4302898703334,-318.7670709243494
3,663.7325000000001,14.100000000000136,672.2199692214673,59.996266475741734,0.005008945724753273,389.0567280637394,-316.22240365409186
3,663.8325,14.200000000000045,677.6769516322241,59.99629144461667,0.005090976243239787,393.6175932626102,-313.4459876022097
3,663.9325,14.300000000000068,683.1537971479202,59.99631814344612,0.00517164996363522,398.10300475970837,-310.4772091190637
3,664.0325,14.400000000000091,688.6256977973211,59.996346925282005,0.00525090414509316,402.50947167051356,-307.27681056888264
3,664.1324999999999,14.5,694.1376013289126,59.99637743822994,0.005328549504319041,406.82647144225996,-303.8839208742628
3,664.2325000000001,14.600000000000136,699.6822846473035,59.99640795117788,0.005404188459197389,411.03190852941765,-300.49103118105756
3,664.3325,14.700000000000045,705.2547323683851,59.996440545395934,0.005477666189183871,415.1171618080404,-296.86671448916513
3,664.4325,14.800000000000068,710.8599521994058,59.99647487246236,0.005548933694997382,419.0795088557512,-293.04971358448614
3,664.5325,14.900000000000091,716.4998294793892,59.99651127964136,0.005617973476082031,422.9179742805686,-289.0014143942948
3,664.6324999999999,15.0,722.1721016755481,59.996549420826284,0.0056847140413134,426.6285851651888,-284.76030227531265
3,664.7325000000001,15.100000000000136,727.9093429479822,59.99658964096623,0.005748971575791188,430.20111887553213,-280.2880205882371
3,664.8325,15.200000000000045,733.6703393143517,59.99662951789338,0.005810652426912401,433.6303840114429,-275.85390247353104
3,664.9325,15.300000000000068,739.4311198027793,59.99667181467326,0.005869606796294868,436.908033687106,-271.150708640468
3,665.0325,15.400000000000091,745.2204228411211,59.99671550687646,0.0059256945285811454,440.02628186187036,-266.2923506011132
3,665.1324999999999,15.5,751.0371241823439,59.9967595388198,0.005978808705226542,442.97919094297833,-261.39621512749903
3,665.2325000000001,15.600000000000136,756.8803399603592,59.996805308241704,0.0060288815049361795,445.7629808682178,-256.3068805869839
3,665.3325,15.700000000000045,762.7733101697893,59.996851077663614,0.006075862610008656,448.37486583231475,-251.21754604646875
3,665.4325,15.800000000000068,768.6911865012138,59.99689892198913,0.006119727304151895,450.81345780668727,-245.89749243114318
3,665.5325,15.900000000000091,774.6223156199345,59.996948505529524,0.006160504467267639,453.08036498361747,-240.38404667915424
3,665.6324999999999,16.0,780.5892024687687,59.99699808906992,0.006198462789733815,455.1905389378277,-234.87060092716527
3,665.7325000000001,16.100000000000136,786.5949774261635,59.9970497457776,0.006234263462677083,457.1807284315307,-229.12662917154293
3,665.8325,16.200000000000045,792.6680459352508,59.997101070847975,0.006268607727980327,459.0899397994684,-223.41953385371144
3,665.9325,16.300000000000068,798.7731957392914,59.99715272639811,0.006301982378952529,460.94523468554786,-217.67569081126405
3,666.0325,16.40000000000009,804.8830666973992,59.99720405262603,0.006334765991649631,462.76766687279786,-211.96846677884295
3,666.1324999999999,16.5,811.0142373507605,59.99725570701862,0.006367261316135497,464.5740649318827,-206.22475245098514
3,666.2325000000001,16.600000000000136,817.1724124353418,59.997309104677505,0.006399629448819306,466.3733759477891,-200.28719548752238
3,666.3325,16.700000000000045,823.3576732942778,59.997362502336394,0.006431957947587909,468.1704803930639,-194.34963852264494
3,666.4325,16.800000000000068,829.5719763400288,59.99741589999528,0.0064643263932559975,469.9698030028893,-188.41208155776752
3,666.5325,16.90000000000009,835.8197836305139,59.99746929765417,0.006496741838355902,471.77173589560743,-182.47452459430477
3,666.6324999999999,17.0,842.1001738043385,59.99752476327138,0.0065291443823560485,473.5729337716476,-176.30702083791047
3,666.7325000000001,17.100000000000136,848.4120552851304,59.997579907669206,0.006561478222487896,475.3703109777375,-170.17523509790328
3,666.8325,17.200000000000045,854.7467679981718,59.997633305328094,0.006593695939510719,477.1612413073543,-164.23767813302587
3,666.9325,17.300000000000068,861.10550808809,59.99768876920899,0.006625831934284725,478.94761001251067,-158.070367446394
3,667.0325,17.40000000000009,867.4948175123889,59.997743915343136,0.006657952314533547,480.7331098601489,-151.9383886366244
3,667.1324999999999,17.5,873.9135728759902,59.99779937806648,0.006690089875076775,482.5195596485484,-145.77120666316745
3,667.2325000000001,17.600000000000136,880.3608230083852,59.99785452535818,0.0067222661088218,484.3081589835526,-139.6390991388083
3,667.3325,17.700000000000045,886.8376906748994,59.99790998692397,0.006754494125218184,486.09963214493473,-133.4720458799409
3,667.4325,17.800000000000068,893.3418263507879,59.99796719870135,0.0067868211347326705,487.8965934129617,-127.11037770358966
3,667.5325,17.90000000000009,899.8736970924994,59.998024410478735,0.006819348223804171,489.7046759854123,-120.74870952865307
3,667.6324999999999,18.0,906.4339314945295,59.998081622256116,0.006852128793629713,491.5268489346341,-114.38704135230184
3,667.7325000000001,18.100000000000136,913.0206751475487,59.998136772441676,0.006885095350664773,493.3593749656873,-108.25461204359068
3,667.8325,18.200000000000045,919.6349552590339,59.99819429212665,0.006918150200358039,495.19678926122026,-101.85870605802268
3,667.9325,18.300000000000068,926.2766471472694,59.99825325758825,0.006951261715611072,497.03734009133575,-95.30203682324813
3,668.0325,18.40000000000009,932.9448483142596,59.99831046936563,0.006984433999909396,498.8812796040588,-88.94036864831153
3,668.1324999999999,18.5,939.6406509475785,59.99836768114301,0.007017631320478648,500.7266079351032,-82.5787004719603
3,668.2325000000001,18.600000000000136,946.3627695029523,59.99842489292039,0.007050789379817292,502.5697501647582,-76.21703229560906
3,668.3325,18.700000000000045,953.1125877031906,59.99848416281694,0.007083867665181265,504.40843811719657,-69.62651139397184
3,668.4325,18.800000000000068,959.8896879978385,59.99854313117241,0.007116866402936747,506.2427022734679,-63.069520376259945
3,668.5325,18.90000000000009,966.6923372329171,59.99860034294979,0.007149804425412409,508.0736009113249,-56.70785219990871
3,668.6324999999999,19.0,973.5214395732825,59.99865961111002,0.007182679264624613,509.9009675812029,-50.117524368033884
3,668.7325000000001,19.100000000000136,980.3759376689126,59.998720637005896,0.0072154865017721335,511.7245587494145,-43.33174498020883
3,668.8325,19.200000000000045,987.2559885943174,59.99877960767646,0.007248230929965574,513.5446703704115,-36.77449653473243
3,668.9325,19.300000000000068,994.1614358861733,59.99883887410037,0.007280917743896624,515.3615731316144,-30.184361772620004
3,669.0325,19.40000000000009,1001.0913179837764,59.998899899996246,0.00731356957784067,517.176514023559,-23.39858238479495
3,669.1324999999999,19.5,1008.0445224933817,59.99896092589211,0.0073462216270585145,518.9914635354319,-16.612802996969894
3,669.2325000000001,19.600000000000136,1015.0212368913828,59.99902195178799,0.00737886888344827,520.8061432211923,-9.827023609144835
3,669.3325,19.700000000000045,1022.0235025911958,59.999082977683855,0.00741148159004538,522.6188986223666,-3.041244221319779
3,669.4325,19.800000000000068,1029.0500500319736,59.99914400357973,0.007444030286054962,524.4280917533248,3.7445351665052775
3,669.5325,19.90000000000009,1036.099023396758,59.9992050294756,0.0074764704389689695,526.2312466629667,10.530314552915685
3,669.6324999999999,20.0,1043.1726163118356,59.99926605537147,0.0075087420882730795,528.0250296290783,17.316093940740743
3,669.7325000000001,20.100000000000136,1050.2704600289514,59.999327081267346,0.007540729946802076,529.8030308434026,24.101873329980446
3,669.8325,20.200000000000045,1057.3895865226025,59.99938810716321,0.00757229438533702,531.5574871323071,30.887652716390853
3,669.9325,20.300000000000068,1064.5290925725246,59.999451181917884,0.007603346213103224,533.2834231507854,37.90125512268777
3,670.0325,20.40000000000009,1071.680260698928,59.99951397365222,0.00763395351619593,534.9846431736603,44.88338706010226
3,670.1324999999999,20.5,1078.844292973045,59.99957704724934,0.0076644758887033865,536.6811356545426,51.89686075322423
3,670.2325000000001,20.600000000000136,1086.0286392955131,59.99963984014123,0.0076951975446715275,538.3887070633589,58.879121405228304
3,670.3325,20.700000000000045,1093.2355352698892,59.9997008660371,0.007726084133261095,540.1054596671938,65.66490079305336
3,670.4325,20.800000000000068,1100.4625079120692,59.9997639378979,0.007757123620049396,541.830693255996,72.67818141499829
3,670.5325,20.90000000000009,1107.707936359424,59.99982877791226,0.007788388735098002,543.5684536051335,79.88807201429717
3,670.6324999999999,21.0,1114.9726974216387,59.99989157311925,0.007819868855239376,545.3181813351082,86.8705900926511
3,670.7325000000001,21.100000000000136,1122.2557546771625,59.999954643243726,0.007851525585566592,547.0777226999355,93.88367764483363
3,670.8325,21.200000000000045,1129.5571256836354,60.000019483258086,0.007883365452543912,548.8474281079159,101.0935682441325
3,670.9325,21.300000000000068,1136.8779697664177,60.00008228020139,0.007915432328657,550.6297683528014,108.07627939224885
3,671.0325,21.40000000000009,1144.2159254178023,60.00014534858955,0.00794780716718832,552.429225092161,115.08917387466897
3,671.1324999999999,21.5,1151.570249881315,60.00021018860391,0.007980572690947313,554.2503849193414,122.29906447396785
3,671.2325000000001,21.600000000000136,1158.941842784255,60.000275028618276,0.008013726020761168,556.0931024386549,129.50895507326672
3,671.3325,21.700000000000045,1166.3308244374375,60.000339868632636,0.008047210463657419,557.954225570702,136.7188456725656
3,671.4325,21.800000000000068,1173.7359651922363,60.000404708647004,0.008080984153358783,559.8314265822618,143.92873627186447
3,671.5325,21.90000000000009,1181.1575944217855,60.00046750906295,0.008115016695204121,561.72303286387,150.91183356233492
3,671.6324999999999,22.0,1188.595310188603,60.00053057397846,0.008149287499913537,563.6278802009809,157.92434190240093
3,671.7325000000001,22.100000000000136,1196.0494648686447,60.000595413992826,0.008183775267881279,565.5447714090388,165.1342325016998
3,671.8325,22.200000000000045,1203.5219813610015,60.00066025400719,0.00821844895869523,567.4719957472777,172.3441231009987
3,671.9325,22.300000000000068,1211.011759754958,60.00072713130487,0.008253279664193244,569.4079284245794,179.78054958277613
3,672.0325,22.40000000000009,1218.5178254326763,60.00079374873318,0.008288221736004077,571.3500511328782,187.18807986907237
3,672.1324999999999,22.5,1226.0379713866096,60.00085858874754,0.008323180185159791,573.2930958710515,194.39797046837126
3,672.2325000000001,22.600000000000136,1233.5714280052266,60.00092342876191,0.008358084684724784,575.2331373363551,201.60786106767014
3,672.3325,22.700000000000045,1241.1191625165322,60.00098826877627,0.00839295686410402,577.1713780775237,208.817751666969
3,672.4325,22.800000000000068,1248.6822816284184,60.001053108790636,0.008427843137385234,579.1103986025693,216.02764226768252
3,672.5325,22.90000000000009,1256.2594753306505,60.00111998261568,0.008462746356046054,581.0503395816073,223.46368260852051
3,672.6324999999999,23.0,1263.852133624594,60.00118660351662,0.008497645667701954,582.990061647337,230.87159903434156
3,672.7325000000001,23.100000000000136,1271.4479984358163,60.00125144353099,0.008532453040538561,584.9246840062319,238.08148963364044
3,672.8325,23.200000000000045,1278.9761211133061,60.00131628354535,0.00856682598580111,586.835149622982,245.29138023293933
3,672.9325,23.300000000000068,1286.3307368713051,60.00138112355972,0.008600272409088882,588.6940995336474,252.5012708322382
3,673.0325,23.40000000000009,1293.4503112524458,60.00144393265727,0.008632493510722518,590.4849396286999,259.48533347434994
3,673.1324999999999,23.5,1300.3222739222967,60.001502928215096,0.008663454113245234,592.2057304620597,266.0453492601607
3,673.2325000000001,23.600000000000136,1306.9555275682274,60.00156013999248,0.008693251335331293,593.8618538039194,272.4070174365119
3,673.3325,23.700000000000045,1313.368358697136,60.00161735176986,0.008721996301807982,595.4594721004345,278.7686856128632
3,673.4325,23.800000000000068,1319.5747358310284,60.00167050634381,0.00874977102784372,597.0031819024581,284.67921272753995
3,673.5325,23.90000000000009,1325.5848355334556,60.00172211790714,0.008776627506418144,598.4958515252147,290.41816465377866
3,673.6324999999999,24.0,1331.4089225267778,60.00177348812186,0.008802602537560742,599.9395153527017,296.1302798009938
3,673.7325000000001,24.100000000000136,1337.0517175668967,60.00182307166226,0.008827721975894128,601.3356249939989,301.64372555439735
3,673.8325,24.200000000000045,1342.5131788153917,60.00187062891603,0.008851989279223468,602.6843750946356,306.9318582033136
3,673.9325,24.300000000000068,1347.792318671411,60.00191639833793,0.008875378207171459,603.9843048260149,312.0211927438287
3,674.0325,24.40000000000009,1352.8902382865858,60.001960142630764,0.008897883514036477,605.2351249224066,316.88534289444607
3,674.1324999999999,24.5,1357.814340555833,60.002002097934174,0.008919476285156292,606.4352258745367,321.55056622348735
3,674.2325000000001,24.600000000000136,1362.5672171628455,60.00204405323758,0.00894004033411866,607.5781318805069,326.2157895525287
3,674.3325,24.700000000000045,1367.152310153342,60.00208600854099,0.008959360028166455,608.6518546150494,330.88101288157
3,674.4325,24.800000000000068,1371.5798613210122,60.00212594103043,0.0089770614881277,609.6356264765484,335.32130924847803
3,674.5325,24.90000000000009,1375.8632981779747,60.00216205998014,0.008992608438088126,610.499649195471,339.337558759085
3,674.6324999999999,25.0,1380.0231757461327,60.002198408703,0.009005488416070077,611.2153946988027,343.3793579141371
3,674.7325000000001,25.100000000000136,1384.090436432761,60.00223452881026,0.00901523401429152,611.7568812676915,347.3957361393337
3,674.8325,25.200000000000045,1388.102898531879,60.002270876375576,0.009021571153745746,612.1088671729071,351.4374065797961
3,674.9325,25.300000000000068,1392.0667927226461,60.00230699764038,0.009024490019866944,612.2708112685416,355.45391351816767
3,675.0325,25.40000000000009,1396.023389772011,60.00234132470681,0.009023987254043925,612.2425416509457,359.2709144242613
3,675.1324999999999,25.5,1400.0111705540983,60.0023776705358,0.009020102726660999,612.0262399856349,363.31239179496134
3,675.2325000000001,25.600000000000136,1404.0223246802889,60.00241379353693,0.009012873308398782,611.6239771975471,367.32909180450997
3,675.3325,25.700000000000045,1407.9523732980144,60.002448120603354,0.009002269590320135,611.0341330905522,371.14609270918896
3,675.4325,25.800000000000068,1411.885987531975,60.002480430643544,0.008988273224338802,610.2556898641524,374.7388102204387
3,675.5325,25.90000000000009,1415.886799889442,60.00251296003895,0.008970877631425959,609.2882613583,378.3559189519004
3,675.6324999999999,26.0,1419.8616551089726,60.00254527123668,0.008950076413560878,608.1314961781516,381.9487651763251
3,675.7325000000001,26.100000000000136,1423.8062242598535,60.00257779947454,0.008925966696200154,606.7907903964256,385.5657451946118
3,675.8325,26.200000000000045,1427.6263235488898,60.00260809711867,0.008898686963661853,605.2738658782628,388.934694165132
3,675.9325,26.300000000000068,1431.4454607957064,60.00263681008049,0.008868294672232532,603.5839111633047,392.12743425876994
3,676.0325,26.40000000000009,1435.3530065264204,60.00266530947482,0.008834768485285223,601.7197276525652,395.29642669807066
3,676.1324999999999,26.5,1439.2519918333812,60.00269402127909,0.008798162274553253,599.6843067460561,398.48903807711906
3,676.2325000000001,26.600000000000136,1443.050831089361,60.002722521830975,0.008758539263571043,597.4811674881195,401.6581592310094
3,676.3325,26.700000000000045,1446.850704674073,60.00274720884313,0.008715998583155794,595.1158537533727,404.40323352859866
3,676.4325,26.800000000000068,1450.7095727424232,60.00277210479259,0.008670660758826517,592.5950300155673,407.1715406249962
3,676.5325,26.90000000000009,1454.5378748008673,60.00279679296231,0.008622522621458338,589.9185239995287,409.91674363858976
3,676.6324999999999,27.0,1458.3366977030078,60.002817667592296,0.008571591845595899,587.0867945257683,412.23789979446764
3,676.7325000000001,27.100000000000136,1462.1198899378073,60.002838747686944,0.00851799267992893,584.1067134857648,414.5819026096289
3,676.8325,27.200000000000045,1465.89474794286,60.002859623474485,0.00846191409688733,580.9887907370543,416.9031874800964
3,676.9325,27.300000000000068,1469.659523432757,60.002876685722306,0.008403512707878535,577.7417648473819,418.8004254956775
3,677.0325,27.40000000000009,1473.422547544267,60.002893949962136,0.00834300770915895,574.3777868962691,420.7201240296026
3,677.1324999999999,27.5,1477.231476705181,60.00290900618042,0.008280685520783948,570.9128015676616,422.39430142833095
3,677.2325000000001,27.600000000000136,1481.0510544311749,60.00292245514421,0.008216693483043198,567.3549949375293,423.8897600361926
3,677.3325,27.700000000000045,1484.8573847594002,60.002935705588634,0.008151030287196338,563.7042820392355,425.36314426806445
3,677.4325,27.800000000000068,1488.7021117663992,60.00294514249334,0.008083714319763553,559.9617157073648,426.41248164363526
3,677.5325,27.90000000000009,1492.6352515726362,60.00295477560232,0.008014916958794038,556.1367895278455,427.4836359702607
3,677.6324999999999,28.0,1496.6199314243001,60.00296421366457,0.00794475563740928,552.236035624528,428.53310205900647
3,677.7325000000001,28.100000000000136,1500.6373552713933,60.002969838187106,0.00787325718465125,548.2609755646929,429.1585212928658
3,677.8325,28.200000000000045,1504.724916097261,60.002975655441276,0.0078005321503891185,544.2177218308973,429.8053713382551
3,677.9325,28.300000000000068,1508.8722196824085,60.00298128112136,0.007726649739901767,540.1101251355843,430.4309192852894
3,678.0325,28.40000000000009,1513.0810061260765,60.002987097217975,0.0076516213812845785,535.9388177188102,431.07764061608907
3,678.1324999999999,28.5,1517.3429742395508,60.0029927240556,0.007575482714193844,531.705784099097,431.703317277713
3,678.2325000000001,28.600000000000136,1521.6522704448457,60.002996538174095,0.0074982556843392716,527.4122572869611,432.1274284891868
3,678.3325,28.700000000000045,1526.0165336654027,60.00300035229259,0.007419910213011795,523.0565503590481,432.5515397006606
3,678.4325,28.800000000000068,1530.435781792288,60.00300416641108,0.007340436938942659,518.6381428792319,432.9756509121345
3,678.5325,28.90000000000009,1534.9090374851276,60.003007980529574,0.007259850028380542,514.1578224417183,433.3997621250229
3,678.6324999999999,29.0,1539.4394764611534,60.00300979614258,0.007178166295152939,509.61653922952837,433.60164935811036
3,678.7325000000001,29.100000000000136,1544.0299091342026,60.00300979614258,0.007095415459344094,505.01594375061933,433.60164935811036
3,678.8325,29.200000000000045,1548.6815790249584,60.00300979614258,0.007011636131700436,500.3581684880974,433.60164935811036
3,678.9325,29.300000000000068,1553.3953759076664,60.00300979614258,0.006926880198800862,495.64609811566964,433.60164935811036
3,679.0325,29.40000000000009,1558.172355558096,60.00300979614258,0.006841209316220624,490.88316042180463,433.60164935811036
3,679.1324999999999,29.5,1563.0134849079502,60.00300780053096,0.006754706656110167,486.0739940876842,433.3797471640759
3,679.2325000000001,29.600000000000136,1567.919928598038,60.003003986412466,0.00666747595898676,481.2243649189156,432.9556359526021
3,679.3325,29.700000000000045,1572.888193317143,60.002998177839906,0.00657962623311314,476.34033417352225,432.30975126026885
3,679.4325,29.800000000000068,1577.9156169101325,60.00299054960292,0.006491263114151061,471.42777305163014,431.4615288373212
3,679.5325,29.90000000000009,1582.9978006230112,60.00298292136594,0.006402513449337554,466.49372047831656,430.61330641437354
3,679.6324999999999,30.0,1588.1299399490345,60.002973300411206,0.006313512179132423,461.54569246957084,429.5435035803289
3,679.7325000000001,30.100000000000136,1593.3098434751562,60.00296185805573,0.006224386739860874,456.5907723140954,428.2711699444927
3,679.8325,30.200000000000045,1598.5335081063095,60.002950415700255,0.006135284961283979,451.63716588004314,426.9988363100713
3,679.9325,30.300000000000068,1603.8020505701134,60.00293698236335,0.006046387451307904,446.6949276556174,425.5051153343152
3,680.0325,30.40000000000009,1609.1163710309313,60.00292172588938,0.005957850560143432,441.7727485008533,423.80867048700526
3,680.1324999999999,30.5,1614.4765601663798,60.002904479591535,0.0058697890299536344,436.87700831114046,421.89096701577955
3,680.2325000000001,30.600000000000136,1619.8803636298871,60.00288540899907,0.005782443833777717,432.0211026885341,419.77041095558116
3,680.3325,30.700000000000045,1625.3217495811314,60.00286434974028,0.005695937772806738,427.2118595675403,417.4287249846419
3,680.4325,30.800000000000068,1630.7999508162743,60.00284146502933,0.005610355280524576,422.4539716723017,414.88405771438437
3,680.5325,30.90000000000009,1636.3093953654266,60.00281659280959,0.0055260074424099736,417.7647347691841,412.1183892451462
3,680.6324999999999,31.0,1641.8421656788396,60.00278989398014,0.005443064551311641,413.15361509971274,409.14961076341484
3,680.7325000000001,31.100000000000136,1647.4451312003084,60.002763195150706,0.005361479288242576,408.6179703496048,406.1808322816834
3,680.8325,31.200000000000045,1653.0762803140328,60.00273451054879,0.0052812555063719135,404.1580269622188,402.99124566931926
3,680.9325,31.300000000000068,1658.7020948569507,60.00270399760086,0.005202415026144972,399.7749968129006,399.5983559761141
3,681.0325,31.40000000000009,1664.3624186457266,60.002671500038005,0.00512500258601777,395.47136785989346,395.98478686686565
3,681.1324999999999,31.5,1670.0521558050543,60.002637172971575,0.005049139373227734,391.2538764498786,392.1677859621866
3,681.2325000000001,31.600000000000136,1675.77160627863,60.00260284590515,0.004974828806651032,387.12270173775636,388.35078505609295
3,681.3325,31.700000000000045,1681.5204670297908,60.00256851883872,0.004902137457836109,383.08154497830986,384.53378414999924
3,681.4325,31.800000000000068,1687.3254324893198,60.00253220947247,0.004831137059392372,379.13440572933763,380.49636125704154
3,681.5325,31.90000000000009,1693.147219463868,60.002494068287554,0.004761731796299489,375.2759559869294,376.255249139474
3,681.6324999999999,32.0,1698.9580105906116,60.002453945960355,0.004693712700246554,371.49457857311484,371.79384374821745
3,681.7325000000001,32.100000000000136,1704.7913408495033,60.00241397122045,0.004626713076852518,367.76987461824535,367.3488493362778
3,681.8325,32.200000000000045,1710.6512226144637,60.0023738500508,0.004560416350555223,364.0842454404654,362.8875726596107
3,681.9325,32.30000000000007,1716.5416963739622,60.002331894747385,0.0044946961353278985,360.43067368228543,358.2223493291548
3,682.0325,32.40000000000009,1722.4669646915847,60.002289939443976,0.004429442999072549,356.80306518203116,353.5571260001135
3,682.1324999999999,32.5,1728.426749385551,60.002246005892154,0.004364519667017763,353.1937985674049,348.67193118032037
3,682.2325000000001,32.600000000000136,1734.419121500469,60.002202214139885,0.004299820742866989,349.59700268941305,343.8025037739696
3,682.3325,32.700000000000045,1740.4440719981826,60.002160258836476,0.0042352644454486344,346.00812198810746,339.13728044492825
3,682.4325,32.80000000000007,1746.5016098427618,60.00211632702098,0.004170798674816998,342.42427993790614,334.2522786963122
3,682.5325,32.90000000000009,1752.5907144663736,60.002070557599076,0.00410637444391349,338.8427520048154,329.16294415438244
3,682.6324999999999,33.0,1758.7114020005938,60.00202676353171,0.00404197022365756,335.26232162916824,324.2932593202671
3,682.7325000000001,33.100000000000136,1764.864672418181,60.00198283345253,0.003977617142916115,331.6847303790768,319.4084506414135
3,682.8325,33.200000000000045,1771.049514930244,60.00193706403063,0.0039133292672249905,328.1107686825973,314.3191161008983
3,682.9325,33.30000000000007,1777.2606932000958,60.001891294608726,0.0038491626392836375,324.5435430152525,309.22978156038323
3,683.0325,33.40000000000009,1783.4931933623418,60.00184552518682,0.0037852189902576436,320.9887093118782,304.1404470198681
3,683.1324999999999,33.5,1789.7492290179018,60.00179778330425,0.00372151601569997,317.4472608783483,298.83178455589047
3,683.2325000000001,33.600000000000136,1796.030736289752,60.00175017164575,0.0036580192392242144,313.91727067232824,293.5376023693619
3,683.3325,33.700000000000045,1802.3356367784565,60.001704402223844,0.003594734695422299,310.3990662114137,288.4482678288467
3,683.4325,33.80000000000007,1808.665013503855,60.00165666207759,0.0035316811698163715,306.8937099181179,283.1397984360462
3,683.5325,33.90000000000009,1815.0166474569417,60.001609048682774,0.0034688254661474406,303.399346277727,277.8454231783406
3,683.6324999999999,34.0,1821.388729289343,60.00156130969407,0.0034060577994506646,299.9098727660061,272.53708249871494
3,683.7325000000001,34.100000000000136,1827.782194114136,60.0015136951417,0.0033432806485523426,296.4198663671854,267.2425785278344
3,683.8325,34.200000000000045,1834.1960384951688,60.00146595731054,0.003280470408113519,292.9280158092774,261.93436656279835
3,683.9325,34.30000000000007,1840.631269961674,60.00141637377015,0.0032176133407373813,289.4335648447557,256.4209208093948
3,684.0325,34.40000000000009,1847.0878262838944,60.00136679022975,0.0031546989386297894,285.9359209948843,250.9074750574058
3,684.1324999999999,34.5,1853.564762162355,60.00131917336229,0.003091750528023056,282.4363727294071,245.61271365876067
3,684.2325000000001,34.600000000000136,1860.0631471523118,60.00127143784623,0.0030287947301389164,278.93640921425015,240.30475912148918
3,684.3325,34.700000000000045,1866.581847783374,60.00122185430583,0.00296582387396572,275.435611142268,234.79131336808558
3,684.4325,34.80000000000007,1873.120991256127,60.00117227076544,0.0029028254321831135,271.9332741370302,229.27786761609664
3,684.5325,34.90000000000009,1879.6814573806291,60.00112268722504,0.002839826987680405,268.43093173048413,223.76442186269304
3,684.6324999999999,35.0,1886.2623067099635,60.00107113990558,0.0027768488590379915,264.929721446396,218.03261353888294
3,684.7325000000001,35.100000000000136,1892.8625268254666,60.001019705446986,0.0027138075016327466,261.42498990332155,212.3133547892392
3,684.8325,35.200000000000045,1899.4820567938239,60.00097012190659,0.002650296507757122,257.8941350939824,206.79990903725025
3,684.9325,35.30000000000007,1906.1209025046583,60.000920538366195,0.0025855251849689616,254.29320383727617,201.2864632852613
3,685.0325,35.40000000000009,1912.777108203011,60.0008709548258,0.0025190124150077996,250.59544697630434,195.7730175318577
3,685.1324999999999,35.5,1919.452741027654,60.000821371285404,0.0024510512328485756,246.81715633397613,190.25957177986876
3,685.2325000000001,35.600000000000136,1926.1497022640099,60.00077178774501,0.002382186759779567,242.98863918593273,184.7461260278798
3,685.3325,35.700000000000045,1932.862841400527,60.000722204204614,0.002312731037188845,239.1272441967675,179.2326802744762
3,685.4325,35.80000000000007,1939.5756453113454,60.00067262066422,0.0022430518758147534,235.25342073194358,173.71923452248726
3,685.5325,35.90000000000009,1946.2155145533168,60.000624995693926,0.002174099036469073,231.4199664903094,168.4235721287883
3,685.6324999999999,36.0,1952.6821363701108,60.00057726828069,0.0021069000134641513,227.68401541657852,163.116518585156
3,685.7325000000001,36.100000000000136,1958.9307592036346,60.000531599565406,0.00204185311852929,224.06770565809038,158.0383821248118
3,685.8325,36.200000000000045,1964.9615363501664,60.00048768742821,0.0019789247843108974,220.569172533846,153.15556850724292
3,685.9325,36.30000000000007,1970.7888433994378,60.000443874261315,0.001917884505998644,217.1756064118174,148.28375989866788
3,686.0325,36.40000000000009,1976.4267986507728,60.00040387463414,0.0018583928501794726,213.86812370569623,143.83599814497924
3,686.1324999999999,36.5,1981.8856416753465,60.00036573344922,0.001799992957348725,210.62133090264575,139.59488602741175
3,686.2325000000001,36.600000000000136,1987.179700464534,60.0003275922643,0.0017420062537227895,207.3975068544513,135.35377390984425
3,686.3325,36.700000000000045,1992.3305146592495,60.0002914050193,0.0016837621088374888,204.1593598289167,131.32993029928164
3,686.4325,36.80000000000007,1997.3603109464786,60.00025707795287,0.001624750975372327,200.87856052572315,127.51292939318799
3,686.5325,36.90000000000009,2002.292643581064,60.000222750886444,0.001564567418167158,197.53257328493277,123.69592848850895
3,686.6324999999999,37.0,2007.1477525097832,60.0001903760236,0.0015030160949084839,194.11053161021354,120.09600301682849
3,686.7325000000001,37.100000000000136,2011.9378392076774,60.00016181470049,0.001440030046809418,190.60870754544223,116.92012440144902
3,686.8325,37.200000000000045,2016.676166518794,60.000135115871046,0.0013754856517670822,187.02023394501788,113.95134591971762
3,686.9325,37.30000000000007,2021.3748880605424,60.0001084170416,0.001309246171392723,183.33751376066428,110.98256743657159
3,687.0325,37.40000000000009,2026.0441310571805,60.00008366810066,0.0012412599604690734,179.5576702042454,108.23060696290354
3,687.1324999999999,37.5,2030.6920266398095,60.000060783389706,0.0011715614921324173,175.68262037402957,105.68593969264597
3,687.2325000000001,37.600000000000136,2035.329973390119,60.0000398474097,0.0011001900309160024,171.71454731899453,103.3579617172768
3,687.3325,37.700000000000045,2039.9752563976601,60.000020776817244,0.00102709374821023,167.65056993162818,101.23740565849305
3,687.4325,37.80000000000007,2044.6410077499725,60.00000365379819,0.0009522255516856856,163.48807001693183,99.3334101800081
3,687.5325,37.90000000000009,2049.3312254859275,59.999988397324216,0.0008756794219074235,159.2322732204399,97.63696533269818
3,687.6324999999999,38.0,2054.0365070799644,59.99997508726611,0.0007976097373822625,154.89176283471573,96.15695235392677
3,687.7325000000001,38.100000000000136,2058.743656196071,59.99996364491063,0.0007181785375518949,150.47554849119894,94.88461871809066
3,687.8325,38.200000000000045,2063.4487332098206,59.99995220255515,0.0006375899296683013,145.99498266763695,93.61228508225456
3,687.9325,38.30000000000007,2068.1508620153186,59.99994464955875,0.0005560387763416133,141.46089105182037,92.7724290411414
3,688.0325,38.40000000000009,2072.8489613336988,59.9999388913395,0.00047370707420943284,136.88339746909898,92.13214339030822
3,688.1324999999999,38.5,2077.5159198874985,59.999935150146484,0.00039081295016236517,132.2746293298898,91.71614113290435
3,688.2325000000001,38.600000000000136,2082.1839619056186,59.99993320720327,0.0003075894634883469,127.6475451828994,91.50009540671994
3,688.3325,38.700000000000045,2086.8789078427817,59.99993327781366,0.00022425071154655435,123.01404846211521,91.50794693444001
3,688.4325,38.80000000000007,2091.5707872610974,59.99993709193215,0.00014098278572114966,118.384482867555,91.93205814591383
3,688.5325,38.90000000000009,2096.261743308525,59.99994090605064,5.793941751676981e-05,113.76740283715912,92.35616935738764
3,688.6324999999999,39.0,2100.9609860984638,59.99994666079726,-2.478555914999312e-05,109.16802217610417,92.99606886869601
3,688.7325000000001,39.100000000000136,2105.6786020354484,59.999954289034235,-0.0001071451281617965,104.58895540805527,93.84429129164366
3,688.8325,39.200000000000045,2110.4227724418215,59.99996385674179,-0.00018906553902094857,100.03430321885935,94.9081733012509
3,688.9325,39.30000000000007,2115.2016660828936,59.999977237989064,-0.00027041448634320113,95.51141924858008,96.39610216574451
3,689.0325,39.40000000000009,2120.019246289627,59.99999249446304,-0.00035103033447165106,91.0292935934508,98.09254701305443
3,689.1324999999999,39.5,2124.8786094363377,60.000007750937,-0.0004307377363382307,86.59767805620406,99.78899185894971
3,689.2325000000001,39.600000000000136,2129.7806531130313,60.00002494456645,-0.0005093504537016557,82.22692471805819,101.70083886515472
3,689.3325,39.700000000000045,2134.726678365857,60.00004595173561,-0.0005866567593168933,77.9288033697921,104.03673272483145
3,689.4325,39.80000000000007,2139.718445518749,60.00006883644656,-0.000662490295941054,73.71256601040399,106.58139999508901
3,689.5325,39.90000000000009,2144.7550043827546,60.00009172115751,-0.0007366856190676906,69.58741330692986,109.12606726676123
3,689.6324999999999,40.0,2149.8333721528384,60.000116540708845,-0.0008090285805485774,65.56524949716628,111.88587926814937
3,689.7325000000001,40.100000000000136,2154.947207617992,60.00014323953829,-0.0008793337844004567,61.65638254676643,114.85465774988074
3,689.8325,40.200000000000045,2160.0906575520794,60.00017187205057,-0.0009473814753928918,57.87303058687828,118.03845225098242
3,689.9325,40.30000000000007,2165.2595939005364,60.0002023849985,-0.0010130823382288497,54.22015959230127,121.43134194418762
3,690.0325,40.40000000000009,2170.449724477807,60.000234830471726,-0.0010763398801584454,50.7031344666903,125.03911894217353
3,690.1324999999999,40.5,2175.6499995036393,60.000269157538156,-0.001136780117975787,47.34274809611753,128.8561198482672
3,690.2325000000001,40.600000000000136,2180.85123505301,60.000303484604586,-0.0011941125115020731,44.15515524115539,132.67312075436087
3,690.3325,40.700000000000045,2186.0524736768148,60.00033974245998,-0.001248325189235549,41.141014464009885,136.70481589405819
3,690.4325,40.80000000000007,2191.2496326963387,60.000375953434705,-0.0012993879685745942,38.30200497971489,140.73129813319485
3,690.5325,40.90000000000009,2196.4397284175434,60.00041413976397,-0.0013472918869346885,35.63862370660832,144.97743008014595
3,690.6324999999999,41.0,2201.6227319480363,60.000454166014734,-0.001392080696129231,33.1484381377963,149.428152245346
3,690.7325000000001,41.100000000000136,2206.7922534783493,60.00049423567353,-0.0014338180544091043,30.827909740581163,153.88370117016728
3,690.8325,41.200000000000045,2211.9373034577197,60.00053619097694,-0.0014724195711397893,28.68172934951782,158.5489244992086
3,690.9325,41.30000000000007,2217.054926195521,60.00057814628035,-0.0015077289055781009,26.71858977936491,163.21414782683527
3,691.0325,41.40000000000009,2222.1552968847814,60.00062010158376,-0.0015398824655183535,24.930906713184505,167.87937115729122
3,691.1324999999999,41.5,2227.2537969404866,60.00066205688717,-0.001568971930349073,23.31358265116684,172.54459448633253
3,691.2325000000001,41.600000000000136,2232.36961323769,60.00070593777059,-0.0015948852448388095,21.872846645315768,177.42393283827565
3,691.3325,41.700000000000045,2237.5232276598135,60.00075170719249,-0.0016176220099148335,20.608720669107992,182.51326737879077
3,691.4325,41.80000000000007,2242.7257943701043,60.000797476614395,-0.0016376036699019675,19.49777372108956,187.6026019193059
3,691.5325,41.90000000000009,2247.978265039155,60.0008432460363,-0.0016558058968964443,18.48576047677927,192.69193645982102
3,691.6324999999999,42.0,2253.274500258103,60.00089093872311,-0.001673321344514113,17.511931367934793,197.9951285968881
3,691.7325000000001,42.100000000000136,2258.580626895046,60.000938599577374,-0.0016904865355555781,16.557577060688157,203.29478111032722
3,691.8325,42.200000000000045,2263.8129688344516,60.000984368999276,-0.0017070753098108046,15.635271884050475,208.384115652257
3,691.9325,42.30000000000007,2268.883112869645,60.00102821689259,-0.0017229465676000784,14.752860477791575,213.25978566739727
3,692.0325,42.40000000000009,2273.7505060982226,60.001072093145815,-0.0017380396262843727,13.913716071890226,218.13860916381134
3,692.1324999999999,42.5,2278.413164058054,60.001114021825636,-0.001752323759319135,13.119547287627752,222.80087208134123
3,692.2325000000001,42.600000000000136,2282.8824417885207,60.00115216301056,-0.0017657517938241838,12.372976999081292,227.04198419890872
3,692.3325,42.700000000000045,2287.1684510305226,60.001190304195475,-0.0017782450129063593,11.67838077313505,231.28309631647622
3,692.4325,42.80000000000007,2291.2853859444353,60.001226526745675,-0.0017896979921855633,11.041620146299758,235.31086569160618
3,692.5325,42.90000000000009,2295.2505533631934,60.00126277186805,-0.0017999949984761462,10.46912910533671,239.34114498213526
3,692.6324999999999,43.0,2299.0772479680486,60.001297078098624,-0.0018090061037478282,9.968131474914438,243.15582904259222
3,692.7325000000001,43.100000000000136,2302.7757069965814,60.00132950794496,-0.0018165454659085389,9.54895938523662,246.76186840847254
3,692.8325,43.200000000000045,2306.3386528652914,60.001361918691764,-0.0018224545644523829,9.220425708988943,250.3657839998932
3,692.9325,43.30000000000007,2309.760064253693,60.0013924316397,-0.0018266540722375493,8.986940928187131,253.75867369451305
3,693.0325,43.40000000000009,2313.0613443047355,60.00142294458764,-0.0018290913142187594,8.85143321674102,257.1515633877183
3,693.1324999999999,43.5,2316.242355075812,60.00145154295227,-0.0018297278001806142,8.816042637275906,260.3315608374275
3,693.2325000000001,43.600000000000136,2319.2940374347504,60.00147824178171,-0.001828466637938661,8.886155974055951,263.30033931915887
3,693.3325,43.700000000000045,2322.25209792028,60.001504940611156,-0.0018251510438732715,9.07048954772811,266.2691178023049
3,693.4325,43.80000000000007,2325.089780223802,60.0015316394406,-0.001819734360821779,9.371637218311253,269.2378962840363
3,693.5325,43.90000000000009,2327.832017878015,60.001556426001834,-0.001812175910080846,9.791860740391014,271.9940399486216
3,693.6324999999999,44.0,2330.4497467027118,60.001579310712785,-0.0018023490080415797,10.338203238551998,274.53870721887915
3,693.7325000000001,44.100000000000136,2332.997430985734,60.001602195423736,-0.0017901980584483508,11.013755294275944,277.0833744891367
3,693.8325,44.200000000000045,2335.4439363336355,60.00162508013469,-0.0017756452774969618,11.822841313582263,279.6280417593943
3,693.9325,44.30000000000007,2337.8400804452795,60.001646054892525,-0.0017586407088664077,12.76823894323735,281.9603316402703
3,694.0325,44.40000000000009,2340.1430908906923,60.00166512548498,-0.0017392641529371572,13.845511481409055,284.080887699054
3,694.1324999999999,44.5,2342.4015459868924,60.00168419607744,-0.0017175781646019404,15.051180617381121,286.20144375783775
3,694.2325000000001,44.600000000000136,2344.564036407959,60.00170326666991,-0.0016936504491996678,16.381482036114132,288.32199981662154
3,694.3325,44.700000000000045,2346.6849903632788,60.00172042962434,-0.0016676246168551504,17.82843187471565,290.2304359123736
3,694.4325,44.80000000000007,2348.9942102630475,60.001735686098314,-0.0016396729412082173,19.38245229910627,291.9268807596835
3,694.5325,44.90000000000009,2350.9806983333096,60.00174903609181,-0.0016099540823006587,21.034722376101136,293.41133435713664
3,694.6324999999999,45.0,2352.92933179033,60.00176238434898,-0.0015786579888011393,22.774680993641063,294.8955948848274
3,694.7325000000001,45.100000000000136,2354.793757178647,60.0017738301771,-0.0015459844745478284,24.591219796177917,296.16831466160295
3,694.8325,45.200000000000045,2356.624868095165,60.00178336315823,-0.001512140860763276,26.47281251055838,297.22833526323035
3,694.9325,45.30000000000007,2358.7742157051875,60.00179290134833,-0.0014773385633592004,28.40770440377419,298.28893507555955
3,695.0325,45.40000000000009,2360.5250246548326,60.00179862599872,-0.001441728076631203,30.387530209127306,298.925488034417
3,695.1324999999999,45.5,2362.261145347347,60.00180434312504,-0.0014053374472929555,32.41072908594593,299.5612043548082
3,695.2325000000001,45.600000000000136,2364.3788538362573,60.001808166503906,-0.0013681279187213618,34.47945674964328,299.98634527451077
3,695.3325,45.700000000000045,2366.1400748964606,60.00181006835419,-0.0013301270995228552,36.59217843609203,300.1978216702532
3,695.4325,45.80000000000007,2367.9225685282845,60.00181198120117,-0.0012914240517105365,38.74394163388936,300.4105208439867
3,695.5325,45.90000000000009,2369.7663976489607,60.00181198120117,-0.001252131886184521,40.92845892879691,300.4105208439867
3,695.6324999999999,46.0,2371.6384686652473,60.00181198120117,-0.001212393041109369,43.13781016164877,300.4105208439867
3,695.7325000000001,46.100000000000136,2373.8794216456404,60.00181008166599,-0.0011724414771573425,45.358989178266285,300.19930187600886
3,695.8325,46.200000000000045,2375.8760543496805,60.001804368591074,-0.0011325245914063037,47.57824306906762,299.56403605314466
3,695.9325,46.30000000000007,2377.896802339365,60.001798638731735,-0.0010927930520239723,49.78719269519641,298.9269038835853
3,696.0325,46.40000000000009,2380.019557586518,60.001792926814375,-0.001053324172190175,51.981539664437356,298.29176677531063
3,696.1324999999999,46.5,2382.1770358831513,60.0017834013573,-0.0010141648213740889,54.15868131592117,297.23258281073504
3,696.2325000000001,46.600000000000136,2384.414769215065,60.001773855643144,-0.0009753757200394025,56.31523892629254,296.1711463599394
3,696.3325,46.700000000000045,2386.690483138404,60.00176433134361,-0.0009370730413515541,58.44475359496952,295.1120911085387
3,696.4325,46.80000000000007,2389.0533711927246,60.001750993504366,-0.0008993535930579256,60.54184661535713,293.62898900366633
3,696.5325,46.90000000000009,2391.468682288112,60.00173763193539,-0.0008620217670732942,62.617389933116144,292.1432482702199
3,696.6324999999999,47.0,2394.0072931038767,60.001724295253695,-0.0008245567453575525,64.70033932648398,290.66027487852244
3,696.7325000000001,47.100000000000136,2396.621411640284,60.00170903877972,-0.0007863116207373406,66.82666276294157,288.9638300312125
3,696.8325,47.200000000000045,2399.3504079159775,60.00169378230576,-0.0007467538748588008,69.02596480615026,287.2673851839026
3,696.9325,47.30000000000007,2402.1522466271463,60.00167852583179,-0.0007055913242867743,71.31448999316049,285.5709403380073
3,697.0325,47.40000000000009,2405.043924124754,60.00166326935782,-0.0006626558401006412,73.70158583080591,283.87449549069737
3,697.1324999999999,47.5,2408.0008079495233,60.001648012883855,-0.000617926443415203,76.18841874832046,282.17805064338745
3,697.2325000000001,47.600000000000136,2411.028025721335,60.00163464726347,-0.0005716304258732434,78.762349849328,280.6918594124141
3,697.3325,47.700000000000045,2414.1204092598437,60.001621314633184,-0.0005242263646841789,81.39788576961234,279.20933651824356
3,697.4325,47.80000000000007,2417.187132214797,60.00160794785525,-0.00047612322374264725,84.07228948813066,277.7230165726806
3,697.5325,47.90000000000009,2420.265819134581,60.001596505499776,-0.0004274634347309992,86.77763969679519,276.4506829382591
3,697.6324999999999,48.0,2423.3136162090095,60.00158695168279,-0.0003782715008932387,89.51257391840353,275.38834549240966
3,697.7325000000001,48.100000000000136,2426.3755362129723,60.00157743548609,-0.0003286305071784718,92.27247524242908,274.33019123606283
3,697.8325,48.200000000000045,2429.601178453572,60.0015697678925,-0.0002786625821880502,95.05055109288361,273.47759255243557
3,697.9325,48.30000000000007,2432.6655203799446,60.00156406697184,-0.0002284802053777811,97.84054755128014,272.8436782221521
3,698.0325,48.40000000000009,2435.748608757742,60.001558324958246,-0.0001782036919850076,100.63577826253672,272.205194560012
3,698.1324999999999,48.5,2439.0753594434514,60.001556396484375,-0.00012796419605057044,103.42894543810067,271.9907577527582
3,698.2325000000001,48.600000000000136,2442.14264094741,60.001556396484375,-7.789539688343375e-05,106.21261945547708,271.9907577527582
3,698.3325,48.700000000000045,2445.183355054475,60.001556396484375,-2.8145512163270052e-05,108.97856279277782,271.9907577527582
3,698.4325,48.80000000000007,2448.2081090469605,60.001556396484375,2.1098204767027445e-05,111.7163647296751,271.9907577527582
3,698.5325,48.90000000000009,2451.1737438555556,60.0015582798139,6.963103357270589e-05,114.41464017681695,272.20017473062836
3,698.6324999999999,49.0,2454.3179321011244,60.001563976683144,0.00011727006118216691,117.0632160782806,272.8336385633849
3,698.7325000000001,49.100000000000136,2457.20753564431,60.00157160492013,0.0001638291677627516,119.65174769500241,273.68186098633254
3,698.8325,49.200000000000045,2460.061425166359,60.00157923315711,0.0002091012454703504,122.1687238212013,274.53008340928017
3,698.9325,49.30000000000007,2462.900117591994,60.001586861394095,0.00025289665452523193,124.60360108747486,275.37830583364246
3,699.0325,49.40000000000009,2465.729384618943,60.001596370066736,0.00029511285010427136,126.95067473469953,276.43562345010827
3,699.1324999999999,49.5,2468.7698432877214,60.0016096922791,0.00033572412528100955,129.2085115988543,277.9169879228751
3,699.2325000000001,49.600000000000136,2471.620949769633,60.00162306947495,0.00037469898017313387,131.37536751055575,279.40446628984176
3,699.3325,49.700000000000045,2474.49311083384,60.00163639052977,0.0004119732886695329,133.44767752994855,280.885702048019
3,699.4325,49.80000000000007,2477.3914575080476,60.0016535251243,0.00044739715595366555,135.41710011137835,282.79098466249724
3,699.5325,49.90000000000009,2480.3042107386646,60.001672595716755,0.000480768350984006,137.27239547485425,284.91154071986637
3,699.6324999999999,50.0,2483.2464877976363,60.00169166630921,0.0005118706058854966,139.00154380804676,287.0320967786501
3,699.7325000000001,50.100000000000136,2486.1888808335966,60.00171073690168,0.0005405029653457451,140.59337273765755,289.1526528388485
3,699.8325,50.200000000000045,2489.3538558513123,60.0017316832996,0.0005665466945898405,142.04127707751766,291.48178923562136
3,699.9325,50.30000000000007,2492.342548632544,60.001754568010554,0.0005899284033218672,143.341176439148,294.02645650587897
3,700.0325,50.40000000000009,2495.3463044199125,60.001777452721505,0.0006104520390700002,144.48217520634518,296.5711237761365
3,700.1324999999999,50.5,2498.388736808775,60.001800337432456,0.0006278791913269916,145.4510186887145,299.11579104639407
3,700.2325000000001,50.600000000000136,2501.45358727811,60.001825095633784,0.0006421437392634126,146.24402681992444,301.8687812297056
3,700.3325,50.700000000000045,2504.719379187171,60.00185179446323,0.0006531746002241769,146.85724761766932,304.8375597128516
3,700.4325,50.80000000000007,2507.8442730632314,60.00187849329267,0.000660825729395337,147.28256595509657,307.80633819458296
3,700.5325,50.90000000000009,2510.981717012013,60.001905192122116,0.0006650169471414019,147.51552433762018,310.7751166763144
3,700.6324999999999,51.0,2514.2972014468687,60.00193189095156,0.0006657885121361916,147.5583612460993,313.7438951594604
3,700.7325000000001,51.100000000000136,2517.5022984630455,60.001958589781005,0.0006632478607613855,147.4170500127437,316.71267364119177
3,700.8325,51.200000000000045,2520.725545599289,60.001987158628175,0.0006573876534469125,147.09117864754523,319.88938889503765
3,700.9325,51.30000000000007,2524.1012918376496,60.00201580213715,0.0006480864027943654,146.57399710950475,323.07440617271584
3,701.0325,51.40000000000009,2527.3944398315425,60.002042500966596,0.0006353240397631123,145.86439433127023,326.04318465586186
3,701.1324999999999,51.5,2530.6958436753225,60.00207106807745,0.0006191383546636345,144.96446313922786,329.21970683853067
3,701.2325000000001,51.600000000000136,2534.089234750455,60.00209971332275,0.0005995276131972395,143.87411132823487,332.4049171888006
3,701.3325,51.700000000000045,2537.4153658057025,60.002126412152194,0.0005765312634138083,142.5955366866564,335.37369567053196
3,701.4325,51.80000000000007,2540.7290526899246,60.00215311098164,0.0005503141379105124,141.1378992893364,338.3424741522634
3,701.5325,51.90000000000009,2544.086662217242,60.002177943844764,0.0005211522671829217,139.51654960538679,341.10376636082185
3,701.6324999999999,52.0,2547.438127705511,60.00220269394326,0.0004892431073367919,137.74246182548183,343.8558555490795
3,701.7325000000001,52.100000000000136,2550.8243514327078,60.00222752796394,0.00045473764477886515,135.82403007524897,346.6172764708129
3,701.8325,52.200000000000045,2554.2779979031516,60.00225227690488,0.00041800887431520047,133.78199203282264,349.369236944481
3,701.9325,52.30000000000007,2557.798580539514,60.00227897573433,0.0003795348232213661,131.642920363134,352.33801542621234
3,702.0325,52.40000000000009,2561.3886123122466,60.00230381149132,0.0003394655866938521,129.41516757642736,355.0996294177082
3,702.1324999999999,52.5,2565.0498493595665,60.00232855869595,0.0002977250774022707,127.09449999885638,357.85139682161383
3,702.2325000000001,52.600000000000136,2568.785403205782,60.002355257525394,0.0002543752618392944,124.68435898868447,360.82017530475986
3,702.3325,52.700000000000045,2572.5793065872813,60.00238195635483,0.00020971272459629735,122.20123747371865,363.7889537864912
3,702.4325,52.80000000000007,2576.4181712189193,60.002408655184276,0.00016389916255668587,119.65412528487576,366.75773226822264
3,702.5325,52.90000000000009,2580.3037952439918,60.00243349383514,0.00011684478320819942,117.03803366427621,369.51966804407044
3,702.6324999999999,53.0,2584.2432855216275,60.0024582381459,6.860388717996057e-05,114.3559783265313,372.27111366362413
3,702.7325000000001,53.100000000000136,2588.2427367145447,60.00248493697534,1.927367914652398e-05,111.61336008822575,375.23989214677016
3,702.8325,53.200000000000045,2592.307304186695,60.00251163580479,-3.1088945270734176e-05,108.8133456594314,378.2086706285015
3,702.9325,53.30000000000007,2596.4370875056866,60.00253833463423,-8.239205704333797e-05,105.96104601012443,381.17744911023294
3,703.0325,53.40000000000009,2600.633055714587,60.002565033463675,-0.00013456683582735657,103.06028734854954,384.14622759337897
3,703.1324999999999,53.5,2604.9033296469597,60.002593588999055,-0.00018750460858599175,100.11710872166942,387.32146264005445
3,703.2325000000001,53.600000000000136,2609.2530504798838,60.00262224581983,-0.0002410040895336774,97.14270371097564,390.507960124903
3,703.3325,53.700000000000045,2613.6800741022885,60.002650800197664,-0.0002948686696643438,94.14800334672718,393.68306645981824
3,703.4325,53.80000000000007,2618.17657175297,60.00267945817598,-0.00034886689556487213,91.14587524976605,396.8696926578417
3,703.5325,53.90000000000009,2622.7283377146073,60.002708011396265,-0.00040271270856020145,88.15222344298087,400.04467027816736
3,703.6324999999999,54.0,2627.2882797387024,60.0027385243442,-0.0004560915109251462,85.18453561432496,403.4375599727872
3,703.7325000000001,54.100000000000136,2631.8900088514424,60.00277089052543,-0.0005086890177116801,82.26028509713916,407.0365200914117
3,703.8325,54.200000000000045,2636.5703261683166,60.002803364937336,-0.0005602579365732554,79.39322261564999,410.64751492867356
3,703.9325,54.30000000000007,2641.2890869844423,60.00283572996102,-0.0006106381740814941,76.59224889062507,414.24634633412313
3,704.0325,54.40000000000009,2646.0516259076694,60.002871908524426,-0.0006597613718914579,73.86115987358512,418.26922459445905
3,704.1324999999999,54.5,2650.86108687361,60.00290819879114,-0.0007075219612827314,71.20582908828287,422.3045237129571
3,704.2325000000001,54.600000000000136,2655.7124999111034,60.002944376197,-0.0007537356210339957,68.63650414467968,426.3272732601181
3,704.3325,54.700000000000045,2660.594538021187,60.002982517381916,-0.0007982605918667353,66.16106402986215,430.5683853776856
3,704.4325,54.80000000000007,2665.4901611439263,60.00302065856683,-0.0008409527616539884,63.787522716788935,434.8094974952531
3,704.5325,54.90000000000009,2670.3492188463133,60.003058799751756,-0.0008814119735424771,61.53812703649996,439.05060961282055
3,704.6324999999999,55.0,2675.1024712024423,60.00309694093667,-0.00091926711990491,59.4335087571072,443.2917217289734
3,704.7325000000001,55.100000000000136,2679.7004300075396,60.003133234676035,-0.0009544116401859298,57.47959353702708,447.3274069898256
3,704.8325,55.200000000000045,2684.124155972037,60.003169408609246,-0.0009867559570078193,55.68135962082981,451.3497703960471
3,704.9325,55.30000000000007,2688.37276032184,60.003205703506154,-0.00101632409313423,54.037470986894206,455.3855843686595
3,705.0325,55.40000000000009,2692.4570002462547,60.003240030572584,-0.0010431707171366484,52.54488971921898,459.20258527475323
3,705.1324999999999,55.5,2696.3873838304,60.00327251250855,-0.001067447227291205,51.19519828556084,462.8144167518961
3,705.2325000000001,55.600000000000136,2700.165980509645,60.00330487000817,-0.0010894831876554433,49.97007278033575,466.41241151746465
3,705.3325,55.700000000000045,2703.7979469073553,60.003337353101685,-0.0011094510157324891,48.859927194762925,470.0243717077824
3,705.4325,55.80000000000007,2707.3000550881393,60.00336602265548,-0.0011273204754023958,47.86644520677818,473.2122850417992
3,705.5325,55.90000000000009,2710.669305578277,60.003394564300294,-0.001143137701892902,46.98705896700936,476.3859755261315
3,705.6324999999999,56.0,2713.899447177614,60.00342323501163,-0.0011569838143222126,46.21725829242469,479.5740175747379
3,705.7325000000001,56.100000000000136,2717.030927516573,60.003451775498895,-0.0011687063780688053,45.56551788538847,482.7475793458953
3,705.8325,56.200000000000045,2720.0469629365534,60.003480447367785,-0.001178092904172139,45.043650812062076,485.9357501076766
3,705.9325,56.30000000000007,2722.95014130597,60.003505305696955,-0.0011850792873721989,44.65522352315742,488.69987401315694
3,706.0325,56.40000000000009,2725.7550431652194,60.00353003032941,-0.0011897080721967519,44.397868054690974,491.4491315030781
3,706.1324999999999,56.5,2728.4664585007595,60.00355488981612,-0.0011919748704010615,44.27182804421533,494.213384123148
3,706.2325000000001,56.600000000000136,2731.100664280306,60.00357777452707,-0.0011917654728316842,44.2834542464043,496.75805139340554
3,706.3325,56.700000000000045,2733.6572517136865,60.003600659238025,-0.0011889326564794996,44.44093009485464,499.30271866366314
3,706.4325,56.80000000000007,2736.17409171242,60.00362354394898,-0.0011832885809748314,44.754698469144955,501.8473859339207
3,706.5325,56.90000000000009,2738.638415621801,60.003646428659934,-0.0011746949096251358,45.232450066412525,504.39205320417824
3,706.6324999999999,57.0,2741.0934018097587,60.003667476922026,-0.0011631659336961567,45.873391464064674,506.7325163971263
3,706.7325000000001,57.100000000000136,2743.50715471678,60.003686547514484,-0.001148706523166988,46.67725191194744,508.8530724559101
3,706.8325,57.200000000000045,2745.9205800656773,60.00370561810694,-0.0011313980926717696,47.63950365625702,510.97362851327915
3,706.9325,57.30000000000007,2748.302473565693,60.00372468869941,-0.001111439193725815,48.749108057215,513.0941845734775
3,707.0325,57.40000000000009,2750.676739736243,60.0037419251581,-0.0010890114761979513,49.99596752331558,515.0107939813016
3,707.1324999999999,57.5,2753.0245216310577,60.00375718163207,-0.0010642961779199181,51.370006223375995,516.7072388271969
3,707.2325000000001,57.600000000000136,2755.3664187404,60.00377243810603,-0.001037484591661742,52.86058766635259,518.4036836745069
3,707.3325,57.700000000000045,2757.6931923177667,60.00378586218256,-0.0010088158884366907,54.4544165423796,519.8963749406196
3,707.4325,57.80000000000007,2760.029691811633,60.00379730453804,-0.0009784541985083143,56.14236820992323,521.1687085764556
3,707.5325,57.90000000000009,2762.357659607445,60.00380691565362,-0.0009465513289399911,57.916002912943576,522.2374173442695
3,707.6324999999999,58.0,2764.69402715943,60.003814543890606,-0.0009133079532789704,59.76416443605153,523.0856397672171
3,707.7325000000001,58.100000000000136,2767.043887972235,60.003822172127585,-0.0008788399615207996,61.680408157632826,523.9338621901647
3,707.8325,58.200000000000045,2769.4340987369706,60.003827970860996,-0.000843180785669724,63.6628771601116,524.5786528176818
3,707.9325,58.30000000000007,2771.8707107036935,60.00383178497949,-0.0008063908874033563,65.70821037355906,525.0027640291556
3,708.0325,58.40000000000009,2774.3657573271093,60.00383559909798,-0.0007685636219805311,67.81121584510498,525.426875242044
3,708.1324999999999,58.5,2776.9308767548778,60.00383758544922,-0.0007298126723631616,69.96557528657435,525.647747726435
3,708.2325000000001,58.600000000000136,2779.521684288057,60.00383758544922,-0.0006902555448139781,72.16475627685452,525.647747726435
3,708.3325,58.700000000000045,2782.191625054227,60.003835758839514,-0.0006499685363559893,74.40451709646702,525.4446377139418
3,708.4325,58.80000000000007,2784.852240396765,60.00383194472102,-0.00060903184404885,76.68039955985756,525.020526502468
3,708.5325,58.90000000000009,2787.5927328029597,60.00382813060253,-0.0005675465713231924,78.98678065285112,524.5964152895795
3,708.6324999999999,59.0,2790.2775771115435,60.003824316484035,-0.0005256445032112585,81.31633378210972,524.1723040781056
3,708.7325000000001,59.100000000000136,2793.0355742264555,60.003818678070935,-0.0004834466741318824,83.66233234084586,523.5453402819031
3,708.8325,59.200000000000045,2795.686291113115,60.00381104983395,-0.00044104430854267007,86.01970511110227,522.6971178575409
3,708.9325,59.30000000000007,2798.3988975556144,60.0038015984599,-0.0003985470234972777,88.38235791652396,521.6461715616248
3,709.0325,59.40000000000009,2801.034998638355,60.00379015610443,-0.00035607488329592,90.74361619785144,520.3738379272032
3,709.1324999999999,59.5,2803.7516823885653,60.00377871374895,-0.00031371012763608516,93.09890524034263,519.1015042913672
3,709.2325000000001,59.600000000000136,2806.448006714591,60.00376727139348,-0.00027156624946777515,95.44191538651081,517.8291706569457
3,709.3325,59.700000000000045,2809.163879996455,60.00375400821603,-0.0002298941677900219,97.75869944587804,516.3543705759057
3,709.4325,59.80000000000007,2811.9302094149466,60.00373875174206,-0.00018901984410620487,100.03113597747745,514.6579257300104
3,709.5325,59.90000000000009,2814.732384314905,60.00372167560367,-0.00014920909971569723,102.24444650991575,512.7591431506714
3,709.6324999999999,60.0,2817.5853555037156,60.00370260501121,-0.00011055362194653031,104.3935340827094,510.6385870918877
3,709.7325000000001,60.100000000000136,2820.5012673383944,60.003683534418755,-7.288150335864355e-05,106.48795285176708,508.51803103451863
3,709.8325,60.200000000000045,2823.469639551981,60.0036644638263,-3.5874738757163444e-05,108.54538233485472,506.3974749757349
3,709.9325,60.30000000000007,2826.54310295141,60.00364357588451,6.80988192257627e-07,110.57774050231795,504.0748386126867
3,710.0325,60.40000000000009,2829.7107851112096,60.00362069117355,3.6943160038257456e-05,112.5937830841175,501.53017134101447
3,710.1324999999999,60.5,2832.9616969251365,60.0035978064626,7.299971322625278e-05,114.59839563703304,498.98550407075686
3,710.2325000000001,60.600000000000136,2836.311062826263,60.00357492175165,0.00010877293053444325,116.58725743821974,496.4408368004993
3,710.3325,60.700000000000045,2839.752717328495,60.00355022200647,0.00014430736718053607,118.56284878500377,493.6943466537418
3,710.4325,60.80000000000007,2843.2854738439514,60.00352352317702,0.0001797914943960296,120.53564828011882,490.7255681720104
3,710.5325,60.90000000000009,2846.888151663967,60.00349682434758,0.00021531715025399737,122.51075816690896,487.7567896888644
3,710.6324999999999,61.0,2850.5632478311427,60.00346831222023,0.0002510867338063381,124.49943431112762,484.58638140039545
3,710.7325000000001,61.100000000000136,2854.317359142972,60.003439611991425,0.00028760670304881685,126.5298305196375,481.39505715592566
3,710.8325,61.200000000000045,2858.127119145066,60.00341110102162,0.00032536749506670233,128.62921218682396,478.22477758063167
3,710.9325,61.30000000000007,2861.9748372543986,60.00338239963528,0.0003646801576023015,130.81487297226715,475.0333246244016
3,711.0325,61.40000000000009,2865.869632239988,60.00335388982302,0.0004059898817630445,133.11156284721588,471.86317376228254
3,711.1324999999999,61.5,2869.8169684661116,60.003325187279124,0.00044962741674290784,135.53767088713101,468.6715920914629
3,711.2325000000001,61.600000000000136,2873.79245087258,60.00329848844968,0.0004955642054979746,138.09160505325713,465.7028136097315
3,711.3325,61.700000000000045,2877.787982036047,60.003271789620236,0.0005437574248877516,140.77098875644575,462.73403512658547
3,711.4325,61.80000000000007,2881.7993638193884,60.00324509079079,0.0005941416355479507,143.57218401042755,459.7652566448541
3,711.5325,61.90000000000009,2885.823432580889,60.00322020005029,0.0006466744115385419,146.49282826407403,456.9975287577438
3,711.6324999999999,62.0,2889.8729758664144,60.00319731533934,0.0007014147545237087,149.53620119831723,454.4528614874862
3,711.7325000000001,62.100000000000136,2893.9538503839885,60.00317443062839,0.0007583142993863804,152.69961840532406,451.90819421722864
3,711.8325,62.200000000000045,2898.072144054745,60.00315154591744,0.0008172471298941881,155.9760796162285,449.3635269469711
3,711.9325,62.30000000000007,2902.2216045673076,60.003130466980345,0.0008782148430090881,159.36566938252656,447.0196528449847
3,712.0325,62.40000000000009,2906.408896542163,60.0031095911928,0.0009412512760515197,162.87027268890023,444.6983679745172
3,712.1324999999999,62.5,2910.6445224341187,60.003088511098156,0.0010062717237424726,166.48518138872083,442.3543651593559
3,712.2325000000001,62.600000000000136,2914.920673632548,60.00307124454323,0.0010732453209732003,170.2086693160969,440.43440919908096
3,712.3325,62.700000000000045,2919.2405752680597,60.00305598806926,0.001142138843718491,174.03889354298775,438.73796435177104
3,712.4325,62.80000000000007,2923.6043466884303,60.00304073159529,0.0012128061307845844,177.96773326305404,437.0415195044611
3,712.5325,62.90000000000009,2928.012906004639,60.003025475121326,0.0012851138150406214,181.9877738994852,435.3450746585658
3,712.6324999999999,63.0,2932.4019208470213,60.003012020369795,0.0013589519417116953,186.09289742821971,433.84897248200014
3,712.7325000000001,63.100000000000136,2936.819274930128,60.003002379157984,0.0014341732444798322,190.274910395726,432.77691716173547
3,712.8325,63.200000000000045,2941.342962793723,60.002994750921,0.0015105960073994618,194.52371476887762,431.9286947373732
3,712.9325,63.30000000000007,2945.9064881769427,60.00298712268402,0.0015880550115005415,198.8301307560067,431.08047231442555
3,713.0325,63.40000000000009,2950.5059410885847,60.002981293854376,0.0016663879171621018,203.1851274520855,430.4323351344577
3,713.1324999999999,63.5,2955.1427039179803,60.00297747973588,0.0017454643903043329,207.58145781345527,430.00822392298386
3,713.2325000000001,63.600000000000136,2959.8202080058877,60.00297546386719,0.0018251909584145183,212.0139254613954,429.7840692413148
3,713.3325,63.700000000000045,2964.5365186739605,60.00297546386719,0.001905490182218046,216.47822402821686,429.7840692413148
3,713.4325,63.80000000000007,2969.290600797077,60.00297546386719,0.0019862707883406584,220.96928542405956,429.7840692413148
3,713.5325,63.90000000000009,2974.0794532716877,60.00297726038066,0.002067416941293831,225.48066356071638,429.98383270135724
3,713.6324999999999,64.0,2978.9046887371824,60.002981074499154,0.0021487795559177493,230.00406879418722,430.40794391283106
3,713.7325000000001,64.10000000000014,2983.7667623597185,60.002986683973575,0.0022301976066668046,234.53054915598852,431.0316898711723
3,713.8325,64.20000000000005,2988.657635463781,60.00299431221056,0.0023115644475678993,239.05417440437873,431.8799122955346
3,713.9325,64.30000000000007,2993.5643030698207,60.00300194044754,0.0023927739734119985,243.56905255861517,432.72813471848224
3,714.0325,64.40000000000009,2998.4809752556766,60.00301136230413,0.002473663196495885,248.06611547121759,433.7757988171203
3,714.1324999999999,64.5,3003.409063747555,60.00302459770044,0.002554044732838045,252.53493732096422,435.24750977205935
3,714.2325000000001,64.60000000000014,3008.349106832767,60.00303985417441,0.002633698408724638,256.9632835954844,436.9439546193693
3,714.3325,64.70000000000005,3013.3064198205248,60.003055110648376,0.002712457038824102,261.3418671122218,438.64039946667924
3,714.4325,64.80000000000007,3018.278139920321,60.00307215842685,0.002790228475084159,265.66555767607724,440.53602856191503
3,714.5325,64.90000000000009,3023.2590645032074,60.00309122901932,0.0028669112720168905,269.9287141017444,442.65658462069877
3,714.6324999999999,65.0,3028.2492039037584,60.00311208975874,0.002942398605820706,274.12539807351175,444.9761962142335
3,714.7325000000001,65.10000000000014,3033.250510357994,60.00313497446969,0.0030165272483317182,278.24653355369213,447.5208634844911
3,714.8325,65.20000000000005,3038.262989681415,60.00315785918065,0.0030891650432725575,282.28478156675584,450.0655307561633
3,714.9325,65.30000000000007,3043.283758858848,60.00318253230224,0.003160393400614567,286.244660498052,452.8090604914094
3,715.0325,65.40000000000009,3048.3125900849677,60.003211018963555,0.0032302789174107204,290.12986373538257,455.97663708154187
3,715.1324999999999,65.5,3053.3534869548657,60.003241531911485,0.003298589144533097,293.9274755039559,459.3695267747471
3,715.2325000000001,65.60000000000014,3058.4220480209183,60.00327204485942,0.003365217098897594,297.6315569101372,462.76241646936694
3,715.3325,65.70000000000005,3063.5352640037636,60.00330255780736,0.0034303813674654206,301.25426053745343,466.1553061625721
3,715.4325,65.80000000000007,3068.6896271089963,60.00333485627207,0.0034943358722422566,304.8096951893762,469.74673653782855
3,715.5325,65.90000000000009,3073.8786476631853,60.0033691833385,0.003557271302902802,308.30846102320805,473.5637374439222
3,715.6324999999999,66.0,3079.1012978754134,60.00340351040492,0.003619252514703645,311.75417302046094,477.38073834860126
3,715.7325000000001,66.10000000000014,3084.3536690509604,60.00343962125181,0.0036803688848680944,315.15179172857484,481.3960868655691
3,715.8325,66.20000000000005,3089.637322600777,60.003477762436724,0.003740661537836827,318.50360209270434,485.63719898172195
3,715.9325,66.30000000000007,3094.9613510314744,60.00351590362165,0.003800158456667081,321.81116948721217,489.8783111007041
3,716.0325,66.40000000000009,3100.3320965541934,60.00355404480656,0.003858929656228683,325.07838648638113,494.11942321685694
3,716.1324999999999,66.5,3105.7508733277946,60.00359218599149,0.003917049974670221,328.3094138069979,498.3605353344244
3,716.2325000000001,66.60000000000014,3111.2154850867937,60.00363210806299,0.003974569512229099,331.5070279221903,502.7996732785141
3,716.3325,66.70000000000005,3116.7239634450607,60.003674063366404,0.004031499237768271,334.6718371737254,507.4648966075554
3,716.4325,66.80000000000007,3122.2734611695305,60.00371423894077,0.004087827572811878,337.80321709458775,511.93222282324945
3,716.5325,66.90000000000009,3127.856869252642,60.00375415927596,0.0041435388134609934,340.90028708236366,516.3711676975768
3,716.6324999999999,67.0,3133.475304940562,60.00379789315086,0.00419873860343198,343.9688993527597,521.2341594253757
3,716.7325000000001,67.10000000000014,3139.1337212765293,60.00384188458005,0.004253597612567788,347.0185604838604,526.1257899237206
3,716.8325,67.20000000000005,3144.828877905829,60.00388383988346,0.0043082633243678075,350.0574819630927,530.7910132527619
3,716.9325,67.30000000000007,3150.554958643886,60.00392757202204,0.004362886030641779,353.09399921216874,535.6538119122132
3,717.0325,67.40000000000009,3156.2750933668435,60.00397156518755,0.004417331963667335,356.1206833411834,540.5456354803205
3,717.1324999999999,67.5,3161.907988839832,60.00401352049096,0.004470927127374247,359.1000760596978,545.2108588079471
3,717.2325000000001,67.60000000000014,3167.37758071939,60.00405547579437,0.004522906486897386,361.9896345596491,549.8760821369884
3,717.3325,67.70000000000005,3172.6549377302476,60.004095656577704,0.0045729431047743735,364.7711927590601,554.343987564799
3,717.4325,67.80000000000007,3177.7357756508027,60.00413379776263,0.004620988044038255,367.44203190934013,558.5850996823665
3,717.5325,67.90000000000009,3182.6228920044277,60.00417193894754,0.0046670745443278755,370.0039889921572,562.8262117985194
3,717.6324999999999,68.0,3187.322445202262,60.00420830734871,0.004711249279868023,372.4596690186322,566.8701990846185
3,717.7325000000001,68.10000000000014,3191.840346921942,60.004242634415135,0.004753559909759847,374.8117234774978,570.6871999907122
3,717.8325,68.20000000000005,3196.1848153050787,60.004276961481565,0.0047940826456795305,377.06437807771954,574.5042008953913
3,717.9325,68.30000000000007,3200.363982001379,60.00430951750056,0.004832864007126222,379.22022936217076,578.1242700397789
3,718.0325,68.40000000000009,3204.3879917927875,60.004340030448496,0.004869929577492873,381.2807015142686,581.5171597343988
3,718.1324999999999,68.5,3208.2641404501624,60.00437054339643,0.004905221611529827,383.2425726961612,584.910049427604
3,718.2325000000001,68.60000000000014,3211.998361024091,60.00439928703325,0.004938417279429024,385.087905752879,588.1062004302803
3,718.3325,68.70000000000005,3215.597053992008,60.004427754595035,0.004969086997171976,386.7928097158122,591.2716532473678
3,718.4325,68.80000000000007,3219.0642085028353,60.004456499389406,0.004997003264174129,388.34463374847735,594.467932963219
3,718.5325,68.90000000000009,3222.4238167902968,60.00448319821885,0.005022090880694545,389.7392110242581,597.4367114449504
3,718.6324999999999,69.0,3225.6903239710136,60.004509897048294,0.005044380964296144,390.97825973651277,600.4054899280965
3,718.7325000000001,69.10000000000014,3228.882251987799,60.00453836229498,0.00506387456146285,392.0618277836899,603.5706853174194
3,718.8325,69.20000000000005,3232.029709480435,60.00456710940445,0.005080407107241273,392.9807752005997,606.7672224610352
3,718.9325,69.30000000000007,3235.178158241056,60.00459380823389,0.005093835863835706,393.72718063251347,609.7360009427665
3,719.0325,69.40000000000009,3238.2971264748458,60.004620507063336,0.0051041118398776775,394.2983085033507,612.7047794244979
3,719.1324999999999,69.5,3241.448648347709,60.004648969994925,0.00511118653283357,394.69145203192,615.8697173860563
3,719.2325000000001,69.60000000000014,3244.7743367568605,60.00467771941949,0.00511500183748656,394.90338991485515,619.0665119574367
3,719.3325,69.70000000000005,3247.982533110668,60.004704418248934,0.005115566246096792,394.9346084593428,622.0352904405827
3,719.4325,69.80000000000007,3251.20929707947,60.00473111707838,0.0051129197943014576,394.7873214036213,625.0040689223141
3,719.5325,69.90000000000009,3254.715424486873,60.00475781590782,0.0051070151498314835,394.4588975599487,627.9728474040454
3,719.6324999999999,70.0,3257.9706991245134,60.00478451473726,0.0050978051819147024,393.9467169469038,630.9416258857768
3,719.7325000000001,70.10000000000014,3261.153470552885,60.0048094529372,0.0050853180985611195,393.25235845600025,633.7146310286206
3,719.8325,70.20000000000005,3264.5772365222215,60.00483409769888,0.005069559734702417,392.3761379241125,636.4550072811783
3,719.9325,70.30000000000007,3267.734472271018,60.00485903705637,0.00505057487097313,391.3205416082209,639.2281411386117
3,720.0325,70.40000000000009,3270.817589393029,60.00488192176732,0.005028407040027104,390.08800374029084,641.7728084088693
3,720.1324999999999,70.5,3274.085122994125,60.00490480647827,0.005003104764604187,388.68120989862354,644.3174756791268
3,720.2325000000001,70.60000000000014,3277.1744254194296,60.00492769118922,0.004974823336279033,387.10879356664503,646.8621429493844
3,720.3325,70.70000000000005,3280.207066920977,60.00494881874331,0.004943694836686016,385.3781081157119,649.2114230216938
3,720.4325,70.80000000000007,3283.276784497206,60.00496964591386,0.004909829871084413,383.4952941159004,651.5273019218382
3,720.5325,70.90000000000009,3286.3077520186152,60.0049907746255,0.004873346056712283,381.46688703815727,653.8767107073227
3,720.6324999999999,71.0,3289.4014260835065,60.005008089797414,0.004834352017490118,379.29894949031024,655.8020726379207
3,720.7325000000001,71.10000000000014,3292.4639806827035,60.00502510111315,0.004792990757426825,376.99941138055686,657.6936472554141
3,720.8325,71.20000000000005,3295.5378169420173,60.00504241744261,0.004749377861764839,374.57469518305317,659.6191378991872
3,720.9325,71.30000000000007,3298.657045873989,60.00505767391658,0.004703581810055225,372.02862138350145,661.3155827464971
3,721.0325,71.40000000000009,3301.809948802701,60.00507293039055,0.004655721667176736,369.36779762293475,663.012027593807
3,721.1324999999999,71.5,3305.0069084647844,60.00508818686452,0.004606026569851921,366.6049626104089,664.7084724411169
3,721.2325000000001,71.60000000000014,3308.2576337006094,60.005103443338484,0.004554647748419131,363.7485239157832,666.4049172870123
3,721.3325,71.70000000000005,3311.5589353098085,60.00511694844332,0.004501641461346779,360.80161878826635,667.9066185036634
3,721.4325,71.80000000000007,3314.9010261833128,60.005130141589156,0.004447102850350258,357.7695285710983,669.3736314135708
3,721.5325,71.90000000000009,3318.299936258963,60.00514364785154,0.004391075400605895,354.65466743468653,670.8754613419821
3,721.6324999999999,72.0,3321.763509262748,60.00515509020702,0.00433357971001313,351.45819322114227,672.1477949778183
3,721.7325000000001,72.10000000000014,3325.280551322948,60.00516653256249,0.004274685583113352,348.18397552081336,673.4201286136545
3,721.8325,72.20000000000005,3328.8385588168876,60.00517797491797,0.004214448027921491,344.8350724861235,674.6924622480759
3,721.9325,72.30000000000007,3332.456972909614,60.00518941727344,0.00415289741564226,341.4131726103578,675.964795883912
3,722.0325,72.40000000000009,3336.1318016740993,60.00519911231121,0.004090081452712926,337.9209370446185,677.0428363852016
3,722.1324999999999,72.5,3339.8516768471536,60.00520848728713,0.004026047409370996,334.36098626675306,678.0852875846936
3,722.2325000000001,72.60000000000014,3343.6254996900384,60.00521818348244,0.00396081092790729,330.73418666380866,679.1634568005728
3,722.3325,72.70000000000005,3347.456289678869,60.00522581171943,0.0038943618868479838,327.039987437099,680.011679224935
3,722.4325,72.80000000000007,3351.33953393477,60.00523518495903,0.0038266802009730783,323.2772530149341,681.0539373546648
3,722.5325,72.90000000000009,3355.2703658694163,60.00524488289066,0.003757750206160487,319.4451197533366,682.1322996403063
3,722.6324999999999,73.0,3359.251182402196,60.00525076728257,0.0036875606593855127,315.54298243472346,682.7866150710615
3,722.7325000000001,73.10000000000014,3363.2856306406848,60.00525632466736,0.0036161067603307246,311.57055711383407,683.4045689181403
3,722.8325,73.20000000000005,3367.375462426271,60.00526395290434,0.0035433948909087782,307.5281873977519,684.2527913410879
3,722.9325,73.30000000000007,3371.525446705853,60.00526983903258,0.003469446989340417,303.4171108089199,684.9072998430202
3,723.0325,73.40000000000009,3375.7466772649846,60.00527365315107,0.003394304996616652,299.23966019457464,685.331411054494
3,723.1324999999999,73.5,3380.0393079000346,60.005277467269565,0.003318022413976543,294.9988002740599,685.7555222673825
3,723.2325000000001,73.60000000000014,3384.4040970360306,60.005279541015625,0.0032406598899344394,290.697910390421,685.9861126261886
3,723.3325,73.70000000000005,3388.839433811551,60.005279541015625,0.003162291656665028,286.34111850528393,685.9861126261886
3,723.4325,73.80000000000007,3393.3402406868713,60.005279541015625,0.0030829931905078487,281.93261139156976,685.9861126261886
3,723.5325,73.90000000000009,3397.902257887769,60.005279541015625,0.0030028307586461747,277.47607309719297,685.9861126261886
3,723.6324999999999,74.0,3402.4703694179902,60.005279541015625,0.0029218743552492654,272.9753948675715,685.9861126261886
3,723.7325000000001,74.10000000000014,3407.0790234419496,60.00527780353706,0.002840190755269413,268.43429602969456,685.792913557873
3,723.8325,74.20000000000005,3411.7924774683847,60.00527398941857,0.0027578283654377395,263.8554686921342,685.3688023463992
3,723.9325,74.30000000000007,3416.552399556744,60.005268438979066,0.002674824147009187,259.24096590238094,684.7516207797847
3,724.0325,74.40000000000009,3421.363353443914,60.005262546484325,0.0025911945922074196,254.59169878876395,684.0964043553903
3,724.1324999999999,74.5,3426.2241847681134,60.005256997202366,0.002506951362205768,249.908312970901,683.4793515019508
3,724.2325000000001,74.60000000000014,3431.131165078629,60.00524936896538,0.00242210030945709,245.19114285112434,682.6311290790031
3,724.3325,74.70000000000005,3436.0809901241378,60.0052417407284,0.002336649268601665,240.44061597497767,681.7829066560555
3,724.4325,74.80000000000007,3441.0568859139107,60.005234112491415,0.002250770986199735,235.6663359840516,680.9346842316932
3,724.5325,74.90000000000009,3446.040657803968,60.00522648425443,0.002164546393843997,230.87280217264515,680.0864618087455
3,724.6324999999999,75.0,3451.0383167061354,60.00521712374785,0.0020778428871530367,226.05264845841924,679.0456195281841
3,724.7325000000001,75.10000000000014,3456.063723407159,60.0052074130832,0.0019906543043629785,221.20552727332998,677.9658413933744
3,724.8325,75.20000000000005,3461.1278258971743,60.00519805373416,0.0019029978620126841,216.33239336949597,676.9251278259878
3,724.9325,75.30000000000007,3466.23237372103,60.00518661137869,0.0018149262856273353,211.4361858129363,675.6527941915664
3,725.0325,75.40000000000009,3471.3759795258215,60.00517516902321,0.0017264587696048982,206.51796471867968,674.3804605557303
3,725.1324999999999,75.5,3476.557009780733,60.00516199729201,0.0016375683681170371,201.57623731987226,672.9158288480471
3,725.2325000000001,75.60000000000014,3481.7843312984255,60.005148469614994,0.001548249722314072,196.61070121335572,671.4116177174114
3,725.3325,75.70000000000005,3487.0664955570924,60.005137027259515,0.0014585194130165486,191.62227102664102,670.1392840815753
3,725.4325,75.80000000000007,3492.436177840166,60.005123857264635,0.0013683757219721268,186.610862450954,668.6748454436545
3,725.5325,75.90000000000009,3497.85713895191,60.00510860079066,0.001277807580982244,181.57586073949628,666.9784005963446
3,725.6324999999999,76.0,3503.2801401991665,60.0050933443167,0.001186808573268397,176.51690309777817,665.2819557504492
3,725.7325000000001,76.10000000000014,3508.7465654736957,60.00507808784273,0.001095420235838278,171.436298718477,663.5855109031394
3,725.8325,76.20000000000005,3514.2469506313623,60.00506283136876,0.0010037552238133848,166.34031053917562,661.8890660558294
3,725.9325,76.30000000000007,3519.775990882748,60.005047574894796,0.0009119602312378512,161.23709386466396,660.1926212099341
3,726.0325,76.40000000000009,3525.333242840911,60.00503059425406,0.0008200644836564117,156.12827752575777,658.3044575000644
3,726.1324999999999,76.5,3530.919371919624,60.0050115236616,0.0007279792681428532,151.00893004050278,656.1839014412806
3,726.2325000000001,76.60000000000014,3536.531993978832,60.00499245306914,0.0006356724618044351,145.87726046288316,654.0633453824968
3,726.3325,76.70000000000005,3542.198644347223,60.004973382476685,0.0005432719046674236,140.74037593451163,651.9427893251277
3,726.4325,76.80000000000007,3547.8940686014744,60.00495431188422,0.0004508786252762295,135.60389304434068,649.8222332649293
3,726.5325,76.90000000000009,3553.5760841606925,60.00493524129176,0.0003584141244491457,130.4634476981943,647.7016772075602
3,726.6324999999999,77.0,3559.2795389042562,60.00491445000518,0.0002658433389458682,125.31709384093077,645.3897884271561
3,726.7325000000001,77.10000000000014,3565.008889519094,60.00489156529423,0.0001731898074107864,120.16614035400416,642.8451211568985
3,726.8325,77.20000000000005,3570.772681890133,60.00486868058327,8.050869693516047e-05,115.01365007426796,640.3004538866409
3,726.9325,77.30000000000007,3576.570467963235,60.00484579587232,-1.2091774646890494e-05,109.86563928572565,637.7557866149687
3,727.0325,77.40000000000009,3582.4226272020446,60.00482291116137,-0.00010450777947696886,104.72788022336478,635.2111193447112
3,727.1324999999999,77.5,3588.3115330312507,60.004798308650166,-0.0001966445198736952,99.60564569062392,632.4754411385998
3,727.2325000000001,77.60000000000014,3594.203920207249,60.0047733270422,-0.00028833903355447217,94.50799316369897,629.6976092361347
3,727.3325,77.70000000000005,3600.126021604979,60.004747009045836,-0.000379394966373584,89.44584004797896,626.7711775191046
3,727.4325,77.80000000000007,3606.07558047017,60.00471821216183,-0.0004696333224065537,84.42913869418152,623.5691056919909
3,727.5325,77.90000000000009,3612.067443486503,60.00468979784723,-0.000558812924131735,79.47129326755943,620.409573699341
3,727.6324999999999,78.0,3618.077078540158,60.00465928489929,-0.0006466538206689307,74.58787042034795,617.0166840047211
3,727.7325000000001,78.10000000000014,3624.0780613256393,60.00462705762374,-0.0007329344151354463,69.79118893100244,613.4331695151868
3,727.8325,78.20000000000005,3630.100313460114,60.00459273055731,-0.0008173720165281462,65.09696497727487,609.6161686090932
3,727.9325,78.30000000000007,3636.1440081497244,60.00455840349089,-0.0008996986506240683,60.52009423261738,605.7991677044141
3,728.0325,78.40000000000009,3642.212698268416,60.00452236383317,-0.0009797424436860228,56.07013356330436,601.7917350717538
3,728.1324999999999,78.5,3648.299953705512,60.00448422264825,-0.0010573760989241719,51.75416013923641,597.550622955601
3,728.2325000000001,78.60000000000014,3654.398562366952,60.00444437002958,-0.001132560749411835,47.57433428974316,593.1192078246419
3,728.3325,78.70000000000005,3660.517672617904,60.00440241472617,-0.0012051883073993504,43.536665287856295,588.4539844956005
3,728.4325,78.80000000000007,3666.6562993392977,60.00436045942276,-0.001275092932716954,39.650371580859485,583.7887611665592
3,728.5325,78.90000000000009,3672.8040397179907,60.004316794421925,-0.0013420725838270196,35.92668681557154,578.9334278953032
3,728.6324999999999,79.0,3678.9615063095016,60.00427102500002,-0.001406100782946706,32.36708324275211,573.8440933547881
3,728.7325000000001,79.10000000000014,3685.141630010386,60.004223547038244,-0.0014671382288570436,28.973745630888626,568.5647775852333
3,728.8325,79.20000000000005,3691.34312977687,60.00417567145895,-0.0015251383022818173,25.749265353203423,563.2412487042819
3,728.9325,79.30000000000007,3697.559762409794,60.00412819465472,-0.0015802950159344111,22.68285634337165,557.9620616493166
3,729.0325,79.40000000000009,3703.7978989015573,60.00407861111432,-0.0016327494403862942,19.76667694739978,552.4486158959131
3,729.1324999999999,79.5,3710.0685789571,60.00402732134914,-0.001682558338271717,16.997571408398795,546.7454463412344
3,729.2325000000001,79.60000000000014,3716.361738878363,60.00397392369025,-0.0017296585345935249,14.37905215217699,540.8078893777715
3,729.3325,79.70000000000005,3722.669033656507,60.003922231098606,-0.0017740808801007001,11.909403459436705,535.0599275009944
3,729.4325,79.80000000000007,3728.997713353194,60.00387094306975,-0.0018159607700164433,9.581098756475784,529.3569510174926
3,729.5325,79.90000000000009,3735.361907380213,60.00381584150117,-0.0018553894293015505,7.389067227118729,523.2299276791045
3,729.6324999999999,80.0,3741.745400777339,60.00376033305471,-0.0018926345771640685,5.318424674602101,517.0576615210912
3,729.7325000000001,80.10000000000014,3748.1581068170663,60.00370523264368,-0.001928109112450748,3.3462161415467335,510.93076689587804
3,729.8325,80.20000000000005,3754.6127462593945,60.003649723039665,-0.001961974813953975,1.463447800935695,504.75837202327506
3,729.9325,80.30000000000007,3761.0950702707128,60.003594623786185,-0.0019940802395940426,-0.3214606900776338,498.63160611123686
3,730.0325,80.40000000000009,3767.603017749998,60.00353741200881,-0.002024511642403084,-2.0133043948471525,492.26993793630027
3,730.1324999999999,80.5,3774.1390720344834,60.00348020023143,-0.002053593238540115,-3.6301080337422755,485.908269759949
3,730.2325000000001,80.60000000000014,3780.7058729988753,60.00342298845405,-0.0020814858130902367,-5.180810324993307,479.5466015835978
3,730.3325,80.70000000000005,3787.298375588808,60.00336577667667,-0.0021082270975467414,-6.667508796797872,473.18493340724655
3,730.4325,80.80000000000007,3793.9160502217715,60.003306866198564,-0.0021339036526273904,-8.095015877975602,466.6343780680865
3,730.5325,80.90000000000009,3800.561411201711,60.003247538424645,-0.0021586287421211272,-9.469628300677916,460.0374214878974
3,730.6324999999999,81.0,3807.231419864978,60.00318862910409,-0.0021824599094979924,-10.79454497649002,453.4869948619123
3,730.7325000000001,81.10000000000014,3813.926462332343,60.003129300172624,-0.002205488187124029,-12.074826904697952,446.88990956713366
3,730.8325,81.20000000000005,3820.648323486214,60.00307039200961,-0.002227755689367805,-13.312815198606296,440.3396116543235
3,730.9325,81.30000000000007,3827.395595082307,60.003011061920596,-0.0022492535365187206,-14.508016232178937,433.7423976463699
3,731.0325,81.40000000000009,3834.1683579081587,60.002952154915135,-0.0022700359393999295,-15.663443607586773,427.1922284481493
3,731.1324999999999,81.5,3840.964551270194,60.00289112901926,-0.002290318323478166,-16.79107460481708,420.4064490603243
3,731.2325000000001,81.60000000000014,3847.7858820414485,60.002830103123394,-0.002310544467033633,-17.91558093935573,413.6206696724992
3,731.3325,81.70000000000005,3854.6330863108765,60.00276907722752,-0.0023311119129000328,-19.05906437832346,406.83489028467415
3,731.4325,81.80000000000007,3861.505425989274,60.00270805133165,-0.0023521248005969773,-20.227314716213723,400.0491108968491
3,731.5325,81.90000000000009,3868.4036411661064,60.00264702543578,-0.0023735566951739845,-21.418862342377164,393.26333150902406
3,731.6324999999999,82.0,3875.3259070281656,60.00258599953991,-0.002395403355941057,-22.63347155539071,386.477552121199
3,731.7325000000001,82.10000000000014,3882.2746403120755,60.002524973644036,-0.002417646620200482,-23.870132642711095,379.6917727333739
3,731.8325,82.20000000000005,3889.247271892419,60.00246225715027,-0.0024402028944740506,-25.124198826216407,372.71800717779394
3,731.9325,82.30000000000007,3896.2438662214536,60.00239910715503,-0.0024629659831191435,-26.389765668180004,365.69603838966253
3,732.0325,82.40000000000009,3903.2662854131704,60.002338081259154,-0.002485831495133664,-27.661028400961666,358.91025900183746
3,732.1324999999999,82.5,3910.3129160132526,60.00227705536329,-0.0025086846207416145,-28.931604839705148,352.1244796140124
3,732.2325000000001,82.60000000000014,3917.390415937693,60.00221434118462,-0.0025314415898371983,-30.196838434652843,345.1509714861969
3,732.3325,82.70000000000005,3924.4965609175824,60.00215118887428,-0.002554078786589386,-31.455415715960843,338.128745270301
3,732.4325,82.80000000000007,3931.6390428828113,60.00208847585316,-0.0025765716620431037,-32.70597141899746,331.1553658556605
3,732.5325,82.90000000000009,3938.8109057331985,60.00202532238527,-0.002598831332473087,-33.9435643158094,324.13301092658963
3,732.6324999999999,83.0,3945.986367796462,60.001962610521694,-0.0026207498433072625,-35.1621920137892,317.159760225124
3,732.7325000000001,83.10000000000014,3953.1999819904204,60.001897770507334,-0.002642128639992274,-36.35081687044845,309.9498696258251
3,732.8325,83.20000000000005,3960.437128769931,60.001834615303125,-0.0026625151912499445,-37.48427748390224,302.92732162557724
3,732.9325,83.30000000000007,3967.686369196626,60.00177190517587,-0.0026813136806018746,-38.52944884336657,295.95426399528867
3,733.0325,83.40000000000009,3974.954494535931,60.001707065161504,-0.002698048207829173,-39.45987365892094,288.7443733945751
3,733.1324999999999,83.5,3982.2231067118596,60.001642225147144,-0.0027123394868323976,-40.254463252148454,281.53448279527623
3,733.2325000000001,83.60000000000014,3989.5086017065237,60.001577385132784,-0.002723840094020138,-40.893901527382255,274.324592197392
3,733.3325,83.70000000000005,3996.809053287029,60.001512545118416,-0.002732654335966379,-41.38398716277327,267.1147015966785
3,733.4325,83.80000000000007,4004.132397857277,60.001447705104056,-0.002739190578685643,-41.7474236735622,259.9048109973796
3,733.5325,83.90000000000009,4011.472997402353,60.00138286508969,-0.0027436340786431888,-41.99451041434964,252.69492039808074
3,733.6324999999999,84.0,4018.83488985483,60.00131634489536,-0.002745993314640142,-42.125719510305686,245.2982020524306
3,733.7325000000001,84.10000000000014,4026.2007444529663,60.0012493703637,-0.0027463479034524636,-42.145476313895124,237.8509636314217
3,733.8325,84.20000000000005,4033.583641555775,60.001184530349335,-0.002744821772449022,-42.060668867602075,230.64107303070818
3,733.9325,84.30000000000007,4040.957777451315,60.001119690334974,-0.0027412017455522093,-41.859446198794664,223.4311824314093
3,734.0325,84.40000000000009,4048.366062141736,60.001053172455734,-0.0027353961017952677,-41.53670957120684,216.03472151210906
3,734.1324999999999,84.5,4055.789378649325,60.00098619560898,-0.0027277132719424582,-41.10960580345739,208.58722566475026
3,734.2325000000001,84.60000000000014,4063.2089008463877,60.00092135559462,-0.0027183159904481235,-40.587180608603816,201.37733506545138
3,734.3325,84.70000000000005,4070.6431927548547,60.000854839451705,-0.0027071763614387365,-39.967885117805324,193.9810672173282
3,734.4325,84.80000000000007,4078.0851601838067,60.00078786086863,-0.0026942395105361166,-39.24866738660775,186.5333782973777
3,734.5325,84.90000000000009,4085.5426654911203,60.00072134588326,-0.0026796172564319876,-38.43574341857225,179.13723916242944
3,734.6324999999999,85.0,4093.006322171684,60.00065436614263,-0.0026633086317011073,-37.52905968811946,171.689421529304
3,734.7325000000001,85.10000000000014,4100.483134183334,60.00058952612827,-0.0026453120030316877,-36.528523644847574,164.4795309314198
3,734.8325,85.20000000000005,4107.962650299644,60.00052301287922,-0.0026256613959499842,-35.43602889810988,157.08358486623393
3,734.9325,85.30000000000007,4115.454215205867,60.00045603140228,-0.002604370941873572,-34.25236014103136,149.6355741633461
3,735.0325,85.40000000000009,4122.951446130381,60.00038951931078,-0.0025815295912223505,-32.98246206614069,142.23975681274982
3,735.1324999999999,85.5,4130.4599517512015,60.000322536676286,-0.002557265515940985,-31.633460995644615,134.7916173952724
3,735.2325000000001,85.60000000000014,4137.975756847053,60.000257696661926,-0.002531697834285025,-30.211978212727725,127.58172679597354
3,735.3325,85.70000000000005,4145.502296944336,60.00019118630674,-0.0025049709913337556,-28.726046173360572,120.18610251513967
3,735.4325,85.80000000000007,4153.035823960348,60.00012420193593,-0.0024771344092151867,-27.17841185977337,112.73777002931449
3,735.5325,85.90000000000009,4160.578229382995,60.0000576927383,-0.0024482949548986417,-25.575016299796683,105.34227446165555
3,735.6324999999999,86.0,4168.130885600392,59.99999070720994,-0.00241867218534965,-23.92806669683917,97.89381326124081
3,735.7325000000001,86.10000000000014,4175.693792612563,59.99992586719557,-0.0023884358320937823,-22.246998794582634,90.68392266194193
3,735.8325,86.20000000000005,4183.266096686643,59.999859359734266,-0.0023576905314691204,-20.537631453161353,83.28862016546005
3,735.9325,86.30000000000007,4190.846485664041,59.999792372469585,-0.002326532740855555,-18.805327002515202,75.83996589386824
3,736.0325,86.40000000000009,4198.434898055832,59.99972586616582,-0.002295097161099645,-17.05757425516057,68.4447921105613
3,736.1324999999999,86.5,4206.032461553871,59.99965887774359,-0.0022635019006058653,-15.300940084189607,60.996009127209206
3,736.2325000000001,86.60000000000014,4213.639423299178,59.999594037729224,-0.0022318183854993577,-13.53939508070087,53.78611852649568
3,736.3325,86.70000000000005,4221.255322495276,59.99952753316179,-0.002200083983985799,-11.775017703454498,46.391137815780425
3,736.4325,86.80000000000007,4228.880345386933,59.99946054300324,-0.002168320224686414,-10.009004596652709,38.942161759836644
3,736.5325,86.90000000000009,4236.51281488251,59.99939403959334,-0.0021365241288102783,-8.24118997814319,31.547309760881674
3,736.6324999999999,87.0,4244.154184194708,59.999327048277245,-0.0021046679705763625,-6.470032455228193,24.098204993177603
3,736.7325000000001,87.10000000000014,4251.805841935861,59.9992605460249,-0.0020727176467068642,-4.6936358042007305,16.70348170739757
3,736.8325,87.20000000000005,4259.467224037745,59.99919189189204,-0.0020406420544403893,-2.910270883505658,9.069479895210229
3,736.9325,87.30000000000007,4267.137407574008,59.999124898839625,-0.0020083964508699065,-1.1174497709866105,1.620182057743752
