lap,session_time_s,lap_time_s,lap_distance_m,latitude_deg,longitude_deg,x_east_m,y_north_m
7,790.0825000000001,0.0,1981.3863347229171,60.00007700683849,-0.0001881421079320571,0.0,0.0
7,790.1825000000001,0.10000000000002274,4.377621566426125,60.000118965988335,-7.915808033805933e-05,6.059225897977907,4.6656510337575305
7,790.2825000000001,0.20000000000004547,12.090662289861488,60.00016092513819,3.0013910658968033e-05,12.128894375510678,9.331302067515061
7,790.3825,0.2999999999999545,19.753670236119113,60.00020288428804,0.0001393535901591273,18.207878182921117,13.99695310268724
7,790.4825000000001,0.39999999999997726,27.431408829849207,60.0002448434379,0.0002488510735460332,24.295627744785808,18.66260413644477
7,790.5825000000001,0.5,35.123747315855674,60.00028680258775,0.0003585165985423774,30.39271223347756,23.32825517161695
7,790.6825000000001,0.6000000000000227,42.828115155525765,60.0003287617376,0.00046836353835846486,36.49987514425439,27.99390620537448
7,790.7825000000001,0.7000000000000455,50.54545772771157,60.00037072088745,0.0005783927965313965,42.617166692023645,32.65955724054666
7,790.8825,0.7999999999999545,58.275774670690645,60.00041268003731,0.0006885854753274875,48.74353619776688,37.32520827430419
7,790.9825000000001,0.8999999999999773,66.0202830141495,60.00045463918716,0.0007989294647975994,54.878310366221896,41.99085930947637
7,791.0825000000001,1.0,73.77871269997206,60.00049874159848,0.0009094424869326536,61.022472495069515,46.89483047382476
7,791.1825000000001,1.1000000000000227,81.55012104196808,60.00054237218413,0.00102014051547506,67.17691271614562,51.746336946467366
7,791.2825000000001,1.2000000000000455,89.32721466583615,60.00058433133398,0.0011310108253793647,73.3409249964768,56.41198798022489
7,791.3825,1.2999999999999545,97.11159398369036,60.00062629048384,0.0012420523185783894,79.5144467269772,61.077639015397075
7,791.4825000000001,1.3999999999999773,104.90773677556874,60.00066824963369,0.0013533010011076696,85.69947971399145,65.74329004915461
7,791.5825000000001,1.5,112.71590918709315,60.000710208783545,0.0014647840566192867,91.897535261804,70.40894108432678
7,791.6825000000001,1.6000000000000227,120.53341214846827,60.00075430982027,0.0015764979707457393,98.10841478160579,75.31275940160312
7,791.7825000000001,1.7000000000000455,128.35982795618722,60.00079794178051,0.001688431412885714,104.33149181676245,80.16441872131777
7,791.8825,1.7999999999999545,136.1934128886636,60.000839900930366,0.0018005590237080782,110.56535859034086,84.83006975507531
7,791.9825000000001,1.8999999999999773,144.03739989268675,60.00088186008022,0.0019128465546885461,116.80810849502731,89.49572079024749
7,792.0825000000001,2.0,151.89409634794285,60.00092596020056,0.0020252887938641754,123.05944776358993,94.39943721041887
7,792.1825000000001,2.1000000000000227,159.7603873500984,60.000969593077194,0.0021378942456132624,129.31985368522672,99.25119842723849
7,792.2825000000001,2.2000000000000455,167.6365448574473,60.00101155222704,0.0022506423402430175,135.58818524178253,103.91684946099602
7,792.3825,2.2999999999999545,175.5235195467983,60.001053511376895,0.002363510428950175,141.8631801086682,108.5825004961682
7,792.4825000000001,2.3999999999999773,183.42130285795187,60.00109761058085,0.0024765186462546397,148.14595289095092,113.48611501781998
7,792.5825000000001,2.5,191.3335343559614,60.00114124437387,0.0025896618081437035,154.43622083239447,118.3379781331592
7,792.6825000000001,2.6000000000000227,199.25942992935217,60.00118320352372,0.002702911503245111,160.73240741648402,123.00362916833137
7,792.7825000000001,2.7000000000000455,207.187653677251,60.00122516267357,0.002816299806416648,167.03629213004865,127.6692802020889
7,792.8825,2.7999999999999545,215.11640271429116,60.00126926096114,0.002929845969865597,173.34893970699102,132.57279282663575
7,792.9825000000001,2.8999999999999773,223.0555354148069,60.001312895670544,0.003043501860187974,179.66768054320386,137.42475784049455
7,793.0825000000001,3.0,231.00616726077516,60.00135699349992,0.0031572449965683227,185.991262303219,142.32821951507427
7,793.1825000000001,3.1000000000000227,238.96423516111528,60.00140062866752,0.0032711341889285917,192.32295714974373,147.18023547748555
7,793.2825000000001,3.2000000000000455,246.92516084451108,60.001442587817365,0.0033851634417329103,198.6624355137215,151.84588651124307
7,793.3825,3.2999999999999545,254.8921480268707,60.001486684959445,0.0034992600711263853,205.0056450952054,156.74927176228675
7,793.4825000000001,3.3999999999999773,262.86873143588844,60.00153032081434,0.0036134342744336104,211.35316050800807,161.60136414823407
7,793.5825000000001,3.5,270.85397408925587,60.00157227996419,0.0037277262088263696,217.70721846028272,166.26701518340624
7,793.6825000000001,3.6000000000000227,278.84543761694295,60.00161637641898,0.003842093502679123,224.06545080718118,171.1703240109139
7,793.7825000000001,3.7000000000000455,286.838792984759,60.00166001296117,0.003956504343912958,230.42609734337853,176.02249282181188
7,793.8825,3.7999999999999545,294.8357895394101,60.00170410895776,0.004070988639484759,236.79081761461686,180.92575070076708
7,793.9825000000001,3.8999999999999773,302.8453364586188,60.001747745958134,0.004185573731897395,243.1611349898452,185.77797045738825
7,794.0825000000001,4.0,310.8673308914765,60.001791841496534,0.0043002416041334375,249.53604445617307,190.68117738779094
7,794.1825000000001,4.100000000000023,318.89919118943106,60.00183547895511,0.004414969669557953,255.91429369255792,195.5334480957939
7,794.2825000000001,4.2000000000000455,326.941866838904,60.001879574035314,0.004529749212438068,262.29539463535974,200.43660407764412
7,794.3825,4.2999999999999545,334.99413133510626,60.001923211952075,0.004644572187384971,268.678903571298,205.2889257327849
7,794.4825000000001,4.399999999999977,343.0538524879483,60.00196730657409,0.004759443434580435,275.0650859221573,210.192030764668
7,794.5825000000001,4.5,351.12611646253697,60.00201308019211,0.004874362175752434,281.4538930816041,215.2818318929179
7,794.6825000000001,4.600000000000023,359.20719665634283,60.00205671879617,0.004989326153851736,287.84521567000616,220.13422997300935
7,794.7825000000001,4.7000000000000455,367.28923078013355,60.00210081273089,0.005104336581321806,294.2391101869872,225.03725858277107
7,794.8825,4.7999999999999545,375.37488511050327,60.00214658634891,0.005219387426798852,300.63523561379907,230.127059711021
7,794.9825000000001,4.899999999999977,383.46945006006285,60.002190225640256,0.005334489961231306,307.0342357750126,234.97953421323382
7,795.0825000000001,5.0,391.57363528116275,60.00223431888769,0.005449678426943856,313.43800274402304,239.8824863994595
7,795.1825000000001,5.100000000000023,399.68404530789,60.00228009250571,0.005564970257045225,319.8474996535178,244.9722875277094
7,795.2825000000001,5.2000000000000455,407.7999867725734,60.00232373248435,0.005680359721546937,326.26242625098234,249.82483845345826
7,795.3825,5.2999999999999545,415.92241063334154,60.00236782504448,0.005795855067996509,332.68322866733354,254.72771421473328
7,795.4825000000001,5.399999999999977,424.05374380286594,60.00241359866251,0.0059114718185397635,339.1107634226043,259.81751534439786
7,795.5825000000001,5.5,432.19348637777847,60.002459372280526,0.006027202305503054,345.5446125057941,264.9073164726477
7,795.6825000000001,5.600000000000023,440.3397113542816,60.002503013175556,0.006143045679357251,351.98474002109236,269.7599692969162
7,795.7825000000001,5.7000000000000455,448.4948277933115,60.0025471048193,0.006259004809074824,358.4312920832618,274.66274316108627
7,795.8825,5.7999999999999545,456.6583409626927,60.002592878437326,0.0063750487646616685,364.88254219461527,279.7525442893362
7,795.9825000000001,5.899999999999977,464.823509610356,60.002638652055346,0.006491144646124589,371.3366702107363,284.8423454175861
7,796.0825000000001,6.0,472.9889335025267,60.002684425673365,0.006607271858291846,377.7925311325358,289.93214654583596
7,796.1825000000001,6.100000000000023,481.15410241043924,60.00272806771388,0.00672340976521045,384.24899007758705,294.78492674360757
7,796.2825000000001,6.2000000000000455,489.31833248724314,60.002772158212146,0.006839528720601198,390.70438424229826,299.6875732356892
7,796.3825,6.2999999999999545,497.48617335839094,60.002817931830165,0.006955646369163216,397.1596870442552,304.7773743639391
7,796.4825000000001,6.399999999999977,505.655662423907,60.002863705448185,0.007071801331349542,403.61705536633116,309.86717549218895
7,796.5825000000001,6.5,513.826612071505,60.002909479066204,0.007187979966110167,410.07573082962733,314.95697662043887
7,796.6825000000001,6.600000000000023,521.9994951403673,60.00295312225221,0.007304173030260092,416.5352129704784,319.8098841888843
7,796.7825000000001,6.7000000000000455,530.1723710705602,60.002997211604985,0.007420415075917202,422.9974068601805,324.7124033088774
7,796.8825,6.7999999999999545,538.3476397027657,60.003042985223004,0.007536759874396369,429.46529373698326,329.80220443712733
7,796.9825000000001,6.899999999999977,546.5284680435324,60.003088758841024,0.007653277950625624,435.94280501857685,334.8920055653772
7,797.0825000000001,7.0,554.7194039478479,60.003132402943415,0.007770003264004975,442.43184289416257,339.7450150323423
7,797.1825000000001,7.100000000000023,562.9112174721648,60.003176491379804,0.007886899545313216,448.93037412100927,344.64743225381574
7,797.2825000000001,7.2000000000000455,571.1016208730491,60.003222264997824,0.008003891932234266,455.4342280536009,349.73723338206565
7,797.3825,7.2999999999999545,579.2891362637896,60.00326590978751,0.008120868143808755,461.9371885863256,354.5903192725667
7,797.4825000000001,7.399999999999977,587.4716227779244,60.0033099975366,0.008237708125042612,468.43256371747356,359.49266007050414
7,797.5825000000001,7.5,595.6241923975953,60.003355771154624,0.008353872684127437,474.8903682262123,364.58246119875406
7,797.6825000000001,7.600000000000023,603.636766301415,60.003399416631595,0.00846765369209477,481.21566666702296,369.4356235127912
7,797.7825000000001,7.7000000000000455,611.3961171386269,60.00344137578145,0.008577476601786416,487.3209203642077,374.1012745479634
7,797.8825,7.7999999999999545,618.8654608311496,60.0034833349313,0.008682915656480817,493.1824478786822,378.7669255817209
7,797.9825000000001,7.899999999999977,626.0500907199203,60.003523166627396,0.008784039150198052,498.80406248789575,383.1960142248017
7,798.0825000000001,8.0,632.9497111275108,60.003561311309085,0.008880971104974303,504.19265675180964,387.4375151654815
7,798.1825000000001,8.100000000000023,639.5631788058056,60.003599455990766,0.008973844317475192,509.3556012545034,391.67901610616127
7,798.2825000000001,8.200000000000045,645.8981533049423,60.00363547390599,0.009062749635991805,514.2979635780991,395.6840310782857
7,798.3825,8.299999999999955,651.9608913341643,60.003669804119504,0.00914778739798875,519.0253193151734,399.50138192447315
7,798.4825000000001,8.399999999999977,657.7569433446764,60.00370200802475,0.009229094986046795,523.5453103306261,403.082297753487
7,798.5825000000001,8.5,663.2927438801175,60.0037325237701,0.009306773785529174,527.8635703193388,406.47549850518203
7,798.6825000000001,8.600000000000023,668.5796324494153,60.00376303951545,0.00938094437352677,531.9867897163039,409.86869925829177
7,798.7825000000001,8.700000000000045,673.6255529563058,60.00379142963981,0.009451733603867743,535.9220383594526,413.02554141351993
7,798.8825,8.799999999999955,678.4314170206445,60.003818130917,0.009519277006191582,539.6768479780148,415.9945920735519
7,798.9825000000001,8.899999999999977,683.0008358995772,60.00384270703139,0.00958370557763816,543.2585053482918,418.7273350842549
7,799.0825000000001,9.0,687.3487709150367,60.0038655938404,0.009645146114747151,546.6740565623535,421.2722356497945
7,799.1825000000001,9.100000000000023,691.4895766598881,60.00388848064941,0.009703731747118999,549.9308892461585,423.8171362125048
7,799.2825000000001,9.200000000000045,695.4427418142101,60.00391136745842,0.009759642641080174,553.0390197651369,426.3620367780444
7,799.3825,9.299999999999955,699.2195675323953,60.003932130021035,0.009813102792392394,556.0109189857236,428.67073159277453
7,799.4825000000001,9.399999999999977,702.8335167519026,60.00395120236188,0.00986435424036045,558.8600396266405,430.7914820638218
7,799.5825000000001,9.5,706.2972792392408,60.00397027470272,0.009913662904105029,561.6011512086193,432.91223253345436
7,799.6825000000001,9.600000000000023,709.6418982910125,60.003989347043564,0.009961481407362187,564.2594170446841,435.0329830045016
7,799.7825000000001,9.700000000000045,712.8949830498149,60.004008419384405,0.010008505325911868,566.8735071207316,437.1537334741342
7,799.8825,9.799999999999955,716.0726695865696,60.00402536862434,0.010055213823960244,569.4700784495533,439.0384055678751
7,799.9825000000001,9.899999999999977,719.2035194641185,60.004040626497016,0.010101631219060802,572.0504794733499,440.73500594442993
7,800.0825000000001,10.0,722.1911854947007,60.004055884369684,0.010147688956355155,574.6108844666114,442.4316063209848
7,800.1825000000001,10.100000000000023,725.1026928132891,60.00407114224236,0.010193487462868954,577.1568765886758,444.128206696125
7,800.2825000000001,10.200000000000045,727.8416039696712,60.00408427793052,0.01023922675566023,579.699594202578,445.5888305953078
7,800.3825,10.299999999999955,730.5415457522239,60.004093599379594,0.010285168766392449,582.2536142853879,446.6253298735672
7,800.4825000000001,10.399999999999977,733.1327123662014,60.00410335004226,0.01033146973617335,584.827585833202,447.70955558995684
7,800.5825000000001,10.5,735.7115583432986,60.004112671949535,0.01037807637006711,587.4185535258447,448.7461058181833
7,800.6825000000001,10.600000000000023,738.2172253508888,60.00411817961774,0.010424853436173786,590.0190295174262,449.358531426901
7,800.7825000000001,10.700000000000045,740.7169414710658,60.00412199408591,0.01047164272384074,592.6201996895755,449.78268151997867
7,800.8825,10.799999999999955,743.1654812209866,60.00412580855408,0.010518269380554533,595.2123282552042,450.20683161447107
7,800.9825000000001,10.899999999999977,745.6118347101991,60.004127502441406,0.010564563217266421,597.7859728872471,450.39518355223237
7,801.0825000000001,11.0,748.0291885706808,60.004127502441406,0.010610372878844466,600.3327155241808,450.39518355223237
7,801.1825000000001,11.100000000000023,750.4435338554194,60.004127502441406,0.010655557243308971,602.8446953891371,450.39518355223237
7,801.2825000000001,11.200000000000045,752.8380816563167,60.004125382547855,0.01069998098575922,605.3144086259023,450.1594618176227
7,801.3825,11.299999999999955,755.2245260001176,60.00412156807969,0.010743507017075465,607.7342302263787,449.735311724545
7,801.4825000000001,11.399999999999977,757.5780369698646,60.004115634176166,0.01078600218450158,610.0967617896081,449.07549084541006
7,801.5825000000001,11.5,759.922427812431,60.004110124446086,0.010827300426163805,612.392747933089,448.46283596749896
7,801.6825000000001,11.600000000000023,762.2165894843148,60.004104191000756,0.010867251517636201,614.613844892892,447.8030660383311
7,801.7825000000001,11.700000000000045,764.5035202853884,60.00409444331636,0.01090569509673256,616.7511691208414,446.7191714896545
7,801.8825,11.799999999999955,766.7191176194264,60.00408299991185,0.01094245982602357,618.795175792292,445.446721207592
7,801.9825000000001,11.899999999999977,768.9296038657815,60.00407155650735,0.010977377585802063,620.7365026483893,444.1742709255296
7,802.0825000000001,12.0,771.215120383023,60.004060113102845,0.0110102845885544,622.5660440224266,442.9018206434671
7,802.1825000000001,12.100000000000023,773.3190542286035,60.004046551866665,0.011041259248022552,624.2881791814505,441.39387789881766
7,802.2825000000001,12.200000000000045,775.4727152452756,60.00403129399399,0.011070598062879786,625.919387812947,439.6972775222628
7,802.3825,12.299999999999955,777.5390369657425,60.004016036121314,0.011098430501282555,627.4668515528665,438.000677145708
7,802.4825000000001,12.399999999999977,779.6832368275785,60.00399866110426,0.011124650062682742,628.9246696673629,436.06866073010224
7,802.5825000000001,12.5,781.7244273527035,60.003981705678704,0.011149013887757617,630.2793165039982,434.1833008259516
7,802.6825000000001,12.600000000000023,783.8482738841049,60.003962214433656,0.01117129469710761,631.518184767044,432.01597026839994
7,802.7825000000001,12.700000000000045,786.2817690847427,60.00394144408173,0.01119133676727516,632.6326051631478,429.7064093197898
7,802.8825,12.799999999999955,788.346763354708,60.0039202555129,0.011208968590755944,633.6130345748949,427.3503447082113
7,802.9825000000001,12.899999999999977,790.5203590706931,60.003899484702785,0.011224023663128939,634.4502081947782,425.04073281104877
7,803.0825000000001,13.0,792.6514700328938,60.00387829659214,0.011236490611433067,635.1435016185268,422.6847191480227
7,803.1825000000001,13.100000000000023,794.9030553130358,60.003855409783135,0.011246482286937632,635.699200914321,420.13981858389775
7,803.2825000000001,13.200000000000045,797.2162371493351,60.00383040766252,0.01125399632003047,636.1171782513094,417.35970577634646
7,803.3825,13.299999999999955,799.638058086062,60.00380582146784,0.011259163991146471,636.4047076040181,414.62584188617194
7,803.4825000000001,13.399999999999977,802.223894236217,60.00378081980543,0.011262288993748808,636.5786804465076,411.84578002858774
7,803.5825000000001,13.5,804.8858500244644,60.00375623315256,0.01126329694965418,636.6349536567305,409.11186518986074
7,803.6825000000001,13.600000000000023,807.715064355931,60.003731231948336,0.01126187828316415,636.5563244283179,406.331854280829
7,803.7825000000001,13.700000000000045,810.6101371330332,60.00370453067115,0.011258540095155785,636.3709969221868,403.3628036222117
7,803.8825,13.799999999999955,813.5952401763992,60.00367782939397,0.011253595712612197,636.0963738693385,400.39375296359435
7,803.9825000000001,13.899999999999977,816.6666492079345,60.00365112811679,0.011247091364364595,635.7350252261115,397.424702304977
7,804.0825000000001,14.0,819.8075287312456,60.003622313360786,0.011239275224807204,635.3007682977102,394.22064319855787
7,804.1825000000001,14.100000000000023,823.0281623729018,60.00359391086517,0.01123031003221253,634.8026260567726,391.06242541968106
7,804.2825000000001,14.200000000000045,826.3364895426654,60.00356509656736,0.01122015012431184,634.2380677607717,387.85841726322906
7,804.3825,14.299999999999955,829.7083056672507,60.00353458082201,0.011208643334177244,633.598646019116,384.465216511534
7,804.4825000000001,14.399999999999977,833.1640934968506,60.00350406507666,0.011195872293083935,632.8889382484901,381.0720157584243
7,804.5825000000001,14.5,836.7115433676756,60.00347354933132,0.011181892071540777,632.1120059721383,377.6788150067293
7,804.6825000000001,14.600000000000023,840.3267460777787,60.00344303358597,0.011166802221965866,631.2733836721058,374.28561425361954
7,804.7825000000001,14.700000000000045,844.0115923085144,60.003410405965475,0.011150933757773812,630.3914939480654,370.65758337476365
7,804.8825,14.799999999999955,847.7544353536169,60.003378187398006,0.011134554466253811,629.4812002017351,367.0750371807535
7,804.9825000000001,14.899999999999977,851.530717497494,60.00334556023571,0.011117594201521808,628.5386104401972,363.4470572504501
7,805.0825000000001,15.0,855.3511419847835,60.00331123002219,0.01109955442912337,627.5360210079265,359.62970640426266
7,805.1825000000001,15.100000000000023,859.2285193657005,60.003276899808675,0.011080189612162443,626.4597650511206,355.81235555807524
7,805.2825000000001,15.200000000000045,863.1599401435417,60.00324256959516,0.011059579756581284,625.3142903654923,351.9950047118878
7,805.3825,15.299999999999955,867.1430678138205,60.00320823938165,0.011037665711119374,624.0963083420088,348.1776538657004
7,805.4825000000001,15.399999999999977,871.1831184658919,60.00317390916813,0.011014382469100177,622.802204834081,344.36030301951297
7,805.5825000000001,15.5,875.3073840068867,60.00313957895462,0.01098969161222305,621.4298438640417,340.5429521733255
7,805.6825000000001,15.600000000000023,879.4938326863092,60.00310313892783,0.01096350701901836,619.974457170649,336.49100047058533
7,805.7825000000001,15.700000000000045,883.7308979562517,60.003064994246145,0.010935764910557462,618.4324949067235,332.2494995313202
7,805.8825,15.799999999999955,888.0385829940866,60.003028958919536,0.010906392408276046,616.7998695643756,328.242548497226
7,805.9825000000001,15.899999999999977,892.4305377942111,60.00299251958004,0.01087532312978182,615.0729139931386,324.19067321802186
7,806.0825000000001,16.0,896.9286312309262,60.00295437489835,0.010842562048010736,613.2519165389663,319.9491722773421
7,806.1825000000001,16.100000000000023,901.5471082255217,60.00291623021667,0.01080807413861167,611.3349139597225,315.7076713380769
7,806.2825000000001,16.200000000000045,906.2828903285335,60.00287808553499,0.010771794279618437,609.3182856299368,311.4661703973971
7,806.3825,16.299999999999955,911.1263568610797,60.0028399408533,0.0107336938530114,607.2004403559404,307.2246694567173
7,806.4825000000001,16.399999999999977,916.0544743974634,60.00280179617162,0.010693789746108464,604.9823168151362,302.9831685160375
7,806.5825000000001,16.5,921.0254991703348,60.002763651489936,0.010652155887819766,602.6680249231357,298.74166757677233
7,806.6825000000001,16.600000000000023,926.0229433914382,60.00272550680825,0.010608744534803257,600.2549102136621,294.50016663609256
7,806.7825000000001,16.700000000000045,931.0566252681614,60.002687362126565,0.010563521035060627,597.7410460304133,290.25866569541273
7,806.8825,16.799999999999955,936.1218380849275,60.002649217444876,0.010516530949777671,595.1289651845954,286.01716475473296
7,806.9825000000001,16.899999999999977,941.2013120045874,60.002611072763194,0.010467776273752581,592.4187784076884,281.77566381405313
7,807.0825000000001,17.0,946.3016071160406,60.00257292808151,0.010417276247765284,589.6115552271851,277.53416287478797
7,807.1825000000001,17.100000000000023,951.449844638022,60.002534783399824,0.010365069521073425,586.7094441940654,273.2926619341082
7,807.2825000000001,17.200000000000045,956.6574423198182,60.00249663871814,0.010311191449550682,583.7144107673398,269.05116099342837
7,807.3825,17.299999999999955,961.9210513067183,60.00245849403646,0.010255662632647398,580.6276000211565,264.80966005274854
7,807.4825000000001,17.399999999999977,967.2375180695361,60.00242034935477,0.01019854880516179,577.4526663518945,260.56815911206877
7,807.5825000000001,17.5,972.6035003680464,60.00238220467309,0.01013995164842114,574.1952626286648,256.3266581728036
7,807.6825000000001,17.600000000000023,978.0182632997063,60.0023440599914,0.010079924895601874,570.8583760319299,252.0851572321238
7,807.7825000000001,17.700000000000045,983.4803726263215,60.00230591530972,0.01001850621523711,567.444100626561,247.843656291444
7,807.8825,17.799999999999955,988.9890653277889,60.00226777062804,0.009955784011937968,563.9573511834176,243.6021553507642
7,807.9825000000001,17.899999999999977,994.5429752884341,60.00222962594635,0.009891857338678166,560.4036344868205,239.36065441008438
7,808.0825000000001,18.0,1000.1353666633067,60.00219148126467,0.009826865676940001,556.7907049823485,235.11915347081924
7,808.1825000000001,18.100000000000023,1005.7635454060251,60.00215123249714,0.009760909470976204,553.1241644246295,230.64368853544389
7,808.2825000000001,18.200000000000045,1011.4308802468569,60.00211137720403,0.00969407492167973,549.4087840237363,226.21197602139833
7,808.3825,18.299999999999955,1017.1404985035272,60.00207323252235,0.00962645428972083,545.6496821938731,221.97047508071853
7,808.4825000000001,18.399999999999977,1022.8886065667238,60.00203508784066,0.00955808345095818,541.848867707417,217.72897414003873
7,808.5825000000001,18.5,1028.6724615309577,60.00199694315898,0.00948899055828165,538.0079056745817,213.48747319935893
7,808.6825000000001,18.600000000000023,1034.493095159234,60.0019587984773,0.009419235352390474,534.1301173596489,209.24597226009377
7,808.7825000000001,18.700000000000045,1040.3469561088395,60.00191855108435,0.009348886905415394,530.21935967589,204.77066017179047
7,808.8825,18.799999999999955,1046.2394295089264,60.00187869441666,0.00927801530424632,526.2795088984574,200.33879481067288
7,808.9825000000001,18.899999999999977,1052.178451236596,60.00183844748191,0.00920668509893122,522.3141599305305,195.86353367092207
7,809.0825000000001,19.0,1058.162665610146,60.001798590356024,0.009134939937434399,518.3257331943439,191.431617361252
7,809.1825000000001,19.100000000000023,1064.1877884718524,60.00175834387947,0.009062807601747012,514.3157793435287,186.9564071714683
7,809.2825000000001,19.200000000000045,1070.2518470859973,60.00171638472962,0.008990310952661312,510.2855794444393,182.2907561362961
7,809.3825,19.299999999999955,1076.3441498515672,60.00167652691644,0.008917482503436526,506.23691156998007,177.85876340309
7,809.4825000000001,19.399999999999977,1082.4641842451801,60.001636281127176,0.008844382299390934,502.173133253449,173.38362963684233
7,809.5825000000001,19.5,1088.6164198044953,60.00159432197732,0.008771047201163024,498.09630368357585,168.71797860167015
7,809.6825000000001,19.600000000000023,1094.7954172985897,60.001552362827475,0.008697478274549766,494.0064689790425,164.0523275679126
7,809.7825000000001,19.700000000000045,1101.0041304280148,60.00151040367762,0.008623680836412496,489.90392471243473,159.3866765341551
7,809.8825,19.799999999999955,1107.2426808782,60.00146844452777,0.008549661445930654,485.78903552530534,154.72102549898293
7,809.9825000000001,19.899999999999977,1113.5036676461953,60.001424385415824,0.008475537225559318,481.6683282556468,149.82186901174603
7,810.0825000000001,20.0,1119.80313130879,60.00138071153079,0.008401340733624925,477.5435946836309,144.96554786057726
7,810.1825000000001,20.100000000000023,1126.149489235705,60.001338752380946,0.008327001844057387,473.41092660601583,140.29989682681975
7,810.2825000000001,20.200000000000045,1132.533352369908,60.00129469395629,0.008252483122902004,469.2682701900605,135.40081676311888
7,810.3825,20.299999999999955,1138.9459135098916,60.00125101938397,0.00817774443673351,465.1133762890663,130.54441918982874
7,810.4825000000001,20.399999999999977,1145.385822826045,60.00120696141751,0.008102745839554195,460.94402944073295,125.64539007468036
7,810.5825000000001,20.5,1151.8512462065942,60.001163286387,0.008027481013293352,456.75987299027537,120.78894155283774
7,810.6825000000001,20.600000000000023,1158.3406785068437,60.001119228878736,0.007951972492534263,452.56216506169426,115.88996338624185
7,810.7825000000001,20.700000000000045,1164.8524281776326,60.00107555339003,0.007876229120143085,448.3513920071709,111.03346391584675
7,810.8825,20.799999999999955,1171.3789525331274,60.001031496339955,0.007800257159062846,444.12790719821294,106.13453669780331
7,810.9825000000001,20.899999999999977,1177.9234429466492,60.000985722721936,0.007724052861693195,439.89151105893234,101.04473556955341
7,811.0825000000001,21.0,1184.4940284095371,60.000939949103916,0.00764761219895667,435.64196792600967,95.95493444130351
7,811.1825000000001,21.100000000000023,1191.0939617774447,60.0008941754859,0.007570946925780499,431.3799313076151,90.8651333130536
7,811.2825000000001,21.200000000000045,1197.7241527953076,60.00084840186787,0.007494099586423998,427.10776650090924,85.77533218338905
7,811.3825,21.299999999999955,1204.377513559032,60.00080262824985,0.00741712742722512,422.82865619813776,80.68553105513914
7,811.4825000000001,21.399999999999977,1211.0172661569475,60.00075685463183,0.007340445375315715,418.56566902200024,75.59572992688923
7,811.5825000000001,21.5,1217.5467204052231,60.000713177310345,0.0072651341613000605,414.3788771233458,70.73902665945496
7,811.6825000000001,21.600000000000023,1223.875432297234,60.00066912209305,0.007192093820164971,410.3183355612982,65.84030323845072
7,811.7825000000001,21.700000000000045,1229.9771206797234,60.00062754015172,0.007121612551361894,406.40005001486963,61.216595936141765
7,811.8825,21.799999999999955,1235.855272646472,60.00058729986079,0.007053734697319876,402.62649338381965,56.742073556767714
7,811.9825000000001,21.899999999999977,1241.5247503350192,60.00054743609108,0.006988424135191469,398.9956636599744,52.309418486720865
7,812.0825000000001,22.0,1247.0012322697892,60.0005092914094,0.0069256545913369705,395.50609240046583,48.067917546041066
7,812.1825000000001,22.100000000000023,1252.2966103670947,60.00047324164967,0.006865546815145657,392.16449120711263,44.05936162051947
7,812.2825000000001,22.200000000000045,1257.4334740934607,60.000436816743296,0.006808418446350945,388.9885350123648,40.00909123415739
7,812.3825,22.299999999999955,1262.4420674373114,60.000400766525374,0.0067546852407445145,386.001334493547,36.00048435866867
7,812.4825000000001,22.399999999999977,1267.3574404483668,60.0003643420772,0.006704435805900259,383.2078206781276,31.950264922273718
7,812.5825000000001,22.5,1272.1959208483393,60.00032619739551,0.00665775034492055,380.61246065010295,27.708763981593915
7,812.6825000000001,22.600000000000023,1276.9529906445823,60.00028805271383,0.006614758824448224,378.2224705013323,23.467263040914112
7,812.7825000000001,22.700000000000045,1281.621018508988,60.00024990803214,0.006575493697993123,376.0396549134457,19.225762100234306
7,812.8825,22.799999999999955,1286.2162028094956,60.00021176335046,0.0065400485666411885,374.0692182122112,14.984261159554503
7,812.9825000000001,22.899999999999977,1290.7800355888007,60.000171525579596,0.006508476777750245,372.31413851458586,10.51001900075568
7,813.0825000000001,23.0,1295.2903445553545,60.00013165928982,0.00648085226648781,370.77851283522864,6.077083710133609
7,813.1825000000001,23.100000000000023,1299.8603668038809,60.00009142197715,0.00645718703140657,369.46301283152235,1.6028924998872573
7,813.2825000000001,23.200000000000045,1304.721135684319,60.00005155522919,0.006437473610096314,368.36721986304104,-2.8300937378726383
7,813.3825,23.299999999999955,1310.3848035561605,60.00001131837472,0.006421798894069542,367.4959694074501,-7.304233999566517
7,813.4825000000001,23.399999999999977,1316.103045433265,59.99996935922486,0.006410194738049818,366.8510404006312,-11.969885034738695
7,813.5825000000001,23.5,1321.2688723316705,59.99992740007501,0.006402535699413625,366.42544938280906,-16.635536068496226
7,813.6825000000001,23.600000000000023,1326.189448064705,59.999885440925155,0.0063986977518317835,366.21230120857973,-21.301187103668404
7,813.7825000000001,23.700000000000045,1330.9851432288528,59.9998434817753,0.006398629305054941,366.20872798774053,-25.966838137425935
7,813.8825,23.799999999999955,1335.7365795710743,59.99979943159815,0.006402359641909708,366.41636975603103,-30.865001120109035
7,813.9825000000001,23.899999999999977,1340.4606021622012,59.999755748778334,0.006410174375939638,366.85109277457406,-35.722315774416934
7,814.0825000000001,24.0,1345.2124343403837,59.99971378962848,0.006422111891963158,367.5150240599435,-40.38796680958911
7,814.1825000000001,24.100000000000023,1349.9937745881807,59.999671830478626,0.006437961787991797,368.3964757171689,-45.05361784334664
7,814.2825000000001,24.200000000000045,1354.7794911769106,59.99962987132877,0.006457514303499424,369.48378593917306,-49.71926887851882
7,814.3825,24.299999999999955,1359.6028799517828,59.999587912178924,0.006480496508067039,370.7617807808514,-54.38491991227635
7,814.4825000000001,24.399999999999977,1364.4919648945126,59.999543863376346,0.006506743531171162,372.22130591377396,-59.28293004930203
7,814.5825000000001,24.5,1369.449847029797,59.99950017918195,0.006536119788295961,373.85480975629775,-64.140397550682
7,814.6825000000001,24.600000000000023,1374.4631026168797,59.999458220032096,0.006568485552655783,375.65451638123443,-68.80604858443952
7,814.7825000000001,24.700000000000045,1379.5346002018073,59.99941626088224,0.006603694614415931,377.6123068406453,-73.4716996196117
7,814.8825,24.799999999999955,1384.677840324201,59.999374301732395,0.006641700245818325,379.7255834653487,-78.13735065336924
7,814.9825000000001,24.899999999999977,1389.8908853222174,59.99933234258254,0.006682416057591344,381.9895434772943,-82.80300168712677
7,815.0825000000001,25.0,1395.1522797567438,59.99929038343269,0.006725651458626533,384.3935906650492,-87.46865272229894
7,815.1825000000001,25.100000000000023,1400.451757271467,59.99924842428283,0.006771099604004023,386.9206652984532,-92.13430375605647
7,815.2825000000001,25.200000000000045,1405.7982584061178,59.99920646513298,0.006818200192883466,389.53961592574575,-96.79995479122866
7,815.3825,25.299999999999955,1411.1930810878944,59.99916450598313,0.0068661415573307355,392.2053154638386,-101.46560582498618
7,815.4825000000001,25.399999999999977,1416.63572464782,59.99912254683328,0.006913939725751553,394.8630569396059,-106.13125686015836
7,815.5825000000001,25.5,1422.1292907923814,59.99907850055077,0.0069606644329293895,397.4611317601431,-111.02898677660882
7,815.6825000000001,25.600000000000023,1427.6629218727605,59.999032726932754,0.00700564171544792,399.96206666450934,-116.11878790485872
7,815.7825000000001,25.700000000000045,1433.237495036109,59.99898695331473,0.0070487308014054425,402.3580244596885,-121.20858903452329
7,815.8825,25.799999999999955,1438.8606098228406,59.99894117969671,0.007089919181730538,404.64830944386426,-126.29839016277319
7,815.9825000000001,25.899999999999977,1444.5336628754037,59.99889540607869,0.007129137019751979,406.82903859026135,-131.3881912910231
7,816.0825000000001,26.0,1450.2928998962195,59.9988475464735,0.007166389275555244,408.9005003367326,-136.70994392987743
7,816.1825000000001,26.100000000000023,1456.1182908412222,59.998800044145376,0.007201577939094146,410.8572302592626,-141.9919691155842
7,816.2825000000001,26.200000000000045,1461.9956403043568,59.99875218499839,0.007234604793199621,412.69377180378467,-147.31367080588603
7,816.3825,26.299999999999955,1467.9429306003678,59.99870051161233,0.007265371026712426,414.4046526363512,-153.05949711428207
7,816.4825000000001,26.399999999999977,1473.9490226098198,59.998649194128745,0.007293684391890356,415.97915783108334,-158.76574881801724
7,816.5825000000001,26.5,1480.0484068702613,59.99859752120087,0.007319369728657252,417.40755286872644,-164.51152417927543
7,816.6825000000001,26.600000000000023,1486.1264479162226,59.998546203259096,0.007342280649475657,418.68169397775506,-170.21782683297775
7,816.7825000000001,26.700000000000045,1492.1493874707367,59.99849453078942,0.00736237174337901,419.7990604881269,-175.9635512442688
7,816.8825,26.799999999999955,1498.1965357653469,59.998441128235065,0.007379486714145774,420.7509709183574,-181.90165256008882
7,816.9825000000001,26.899999999999977,1504.2753465668643,59.99838772568071,0.007393341079232024,421.5215970227751,-187.8397538773235
7,817.0825000000001,27.0,1510.4123699061604,59.998332239430155,0.007403789153269731,422.1028517135397,-194.00955195815624
7,817.1825000000001,27.100000000000023,1516.5882622463027,59.99827710587473,0.0074106041617219166,422.4821105906735,-200.14013207843942
7,817.2825000000001,27.200000000000045,1522.7872227762816,59.99822162008237,0.00741346496085252,422.64152238553714,-206.3098792107197
7,817.3825,27.299999999999955,1529.0217776432253,59.99816648606874,0.0074121848922529925,422.57070402705625,-212.44051028097002
7,817.4825000000001,27.399999999999977,1535.3180670323268,59.99811100073458,0.007406699754799499,422.2660899059279,-218.6102064632832
7,817.5825000000001,27.5,1541.62779018931,59.99805586626276,0.007396899121697131,421.72153532182426,-224.74088848208598
7,817.6825000000001,27.600000000000023,1547.9323003350967,59.998000381386795,0.007382702497018946,420.93256863960283,-230.91053371584667
7,817.7825000000001,27.700000000000045,1554.2625955672543,59.99794524645678,0.007364126358528395,419.9001009375245,-237.0412666832019
7,817.8825,27.799999999999955,1560.655542078691,59.99788976203901,0.007341193641568056,418.62541123654194,-243.21086096841015
7,817.9825000000001,27.899999999999977,1567.0681648201712,59.9978346266508,0.007313841529189473,417.1050019253213,-249.34164488431787
7,818.0825000000001,28.0,1573.4706047708326,59.997779142691215,0.007282011732658444,415.33563597763356,-255.51118822238828
7,818.1825000000001,28.100000000000023,1579.9174264036512,59.99772400684481,0.007245744306802005,413.3195354108549,-261.64202308684844
7,818.2825000000001,28.200000000000045,1586.348684610462,59.99767268523748,0.007205165226282199,411.06368222506086,-267.34873333179985
7,818.3825,28.299999999999955,1592.7239667097351,59.997621016433364,0.0071603719961777805,408.5735231815382,-273.0940501504272
7,818.4825000000001,28.399999999999977,1599.0621106154251,59.99756969436784,0.00711139047656775,405.85049124338866,-278.80081134393106
7,818.5825000000001,28.5,1605.423959302389,59.99752010628165,0.007058310054493589,402.8995473441124,-284.3147625666733
7,818.6825000000001,28.600000000000023,1611.7516684305122,59.997472598226096,0.0070012298638767335,399.72620091898676,-289.5974246156519
7,818.7825000000001,28.700000000000045,1618.0048616109352,59.99742682460808,0.006940274745541085,396.337394963062,-294.6872257439018
7,818.8825,28.799999999999955,1624.2254003596124,59.9973831305625,0.006875626528522659,392.74323688226815,-299.5457886483552
7,818.9825000000001,28.899999999999977,1630.4738109291509,59.99734117141264,0.006807422834014401,388.9513803333258,-304.2114396835274
7,819.0825000000001,29.0,1636.6490120775838,59.99730129137704,0.006735808387606498,384.9698699413094,-308.6459034420408
7,819.1825000000001,29.100000000000023,1642.6949673165245,59.99726314669536,0.0066609624805493975,380.80867627042386,-312.88740438130594
7,819.2825000000001,29.200000000000045,1648.671727980093,59.997227080669724,0.00658310055915757,376.47977615718776,-316.89776899529414
7,819.3825,29.299999999999955,1654.5758136238144,59.997192750456215,0.006502479232451312,371.99743908200264,-320.71511984148157
7,819.4825000000001,29.399999999999977,1660.405355304008,59.99716049844056,0.006419309927958785,367.3734185991081,-324.30138530952985
7,819.5825000000001,29.5,1666.1672154821197,59.99713206066397,0.006333815846446394,362.6201153597481,-327.463526159484
7,819.6825000000001,29.600000000000023,1671.8793041514991,59.997105359386794,0.006246267783691046,357.75259747373804,-330.43257681668666
7,819.7825000000001,29.700000000000045,1677.5525235487778,59.99708073562018,0.00615690014536551,352.78389630654505,-333.17061852211555
7,819.8825,29.799999999999955,1683.1832732338708,59.997057848811174,0.0060659379426129464,347.72652461084255,-335.7155190848258
7,819.9825000000001,29.899999999999977,1688.7686290927682,59.99703703905453,0.005973562595047326,342.59056785625205,-338.0294616443148
7,820.0825000000001,30.0,1694.3191362655587,59.99701796671369,0.00587986597099039,337.3811360611769,-340.150212115362
7,820.1825000000001,30.100000000000023,1699.8495705714379,59.99700304756121,0.005784893427476453,332.10073929767077,-341.8091484728276
7,820.2825000000001,30.200000000000045,1705.3660551312557,59.99698952779162,0.0056886934817147,326.7520896689606,-343.31248033599
7,820.3825,30.299999999999955,1710.89426049561,59.99697842219092,0.005591329363962645,321.33869814733424,-344.54736849748275
7,820.4825000000001,30.399999999999977,1716.445566171069,59.99697079325458,0.005492898478928846,315.86597592432156,-345.3956686850529
7,820.5825000000001,30.5,1722.0131251281516,59.996963164318245,0.005393536496635242,310.341483406074,-346.2439688740376
7,820.6825000000001,30.600000000000023,1727.6014910803306,59.996957610830606,0.005293414560119708,304.7747265730455,-346.8614893776127
7,820.7825000000001,30.700000000000045,1733.2195573513216,59.99695587158203,0.005192733990325371,299.1768915275072,-347.054885261679
7,820.8825,30.799999999999955,1738.8828557223896,59.99695794657253,0.005091701127282222,293.5594517473643,-346.82415652623644
7,820.9825000000001,30.899999999999977,1744.6119654660454,59.9969617610407,0.004990515253172327,287.9334973297033,-346.4000064317441
7,821.0825000000001,31.0,1750.5731635668487,59.99696557550887,0.004889371232583437,282.30987061756764,-345.97585633866635
7,821.1825000000001,31.100000000000023,1756.6166117677765,59.99697146428024,0.004788470979134479,276.69978933737065,-345.32105393368215
7,821.2825000000001,31.200000000000045,1762.5947201844397,59.99698116729069,0.004688006696185692,271.1139333929736,-344.24212690777443
7,821.3825,31.299999999999955,1768.5708764657952,59.996992610695195,0.004588193325874288,265.5642628467111,-342.96967662571194
7,821.4825000000001,31.399999999999977,1774.5385585998226,59.99700612771562,0.004489258549274669,260.06343587379416,-341.466650455279
7,821.5825000000001,31.5,1780.5809158509444,59.997023458975114,0.004391437873541364,254.6245404554816,-339.53949966533725
7,821.6825000000001,31.600000000000023,1786.5908715074797,59.997042531315955,0.0042949599437569035,249.2602979512355,-337.41874919570466
7,821.7825000000001,31.700000000000045,1792.5294072595289,59.99706367658542,0.0042000332070747685,243.9822971461508,-335.067499259823
7,821.8825,31.799999999999955,1798.4697733679711,59.99708656339443,0.0041068962700543735,238.8038061561353,-332.52259869569804
7,821.9825000000001,31.899999999999977,1804.4019102303116,59.997111522673876,0.004015775753776199,233.73742422783783,-329.74724961529114
7,822.0825000000001,32.0,1810.3814319768508,59.997140296192384,0.003926851729895074,228.79315764980495,-326.54777591679004
7,822.1825000000001,32.10000000000002,1816.326050000801,59.9971687399255,0.0038402502796618834,223.97803124507575,-323.38497273140985
7,822.2825000000001,32.200000000000045,1822.2064341292648,59.99719958476896,0.0037560221313868926,219.29485620914332,-319.9551778873007
7,822.3825,32.299999999999955,1828.0891383982485,59.99723391498247,0.0036741814509257753,214.74441696689968,-316.1378270411132
7,822.4825000000001,32.39999999999998,1833.9750540966274,59.99726824519598,0.0035948153988164104,210.33157121647596,-312.32047619634045
7,822.5825000000001,32.5,1839.8584507724652,59.99730464650535,0.003518025096850011,206.06193463887396,-308.2728296795285
7,822.6825000000001,32.60000000000002,1845.7235933216466,59.99734279118703,0.003443909155190978,201.94099109529236,-304.03132874026335
7,822.7825000000001,32.700000000000045,1851.6051900633558,59.99738093586872,0.0033724975285202227,197.970411341282,-299.7898277995835
7,822.8825,32.799999999999955,1857.5303336698967,59.99742115095896,0.0033038217341660515,194.15194139350268,-295.31810761322987
7,822.9825000000001,32.89999999999998,1863.4865533751886,59.99746518028827,0.0032379629188127325,190.49008803611014,-290.42226280736736
7,823.0825000000001,33.0,1869.4720485926246,59.99750888395593,0.0031749373090475506,186.98576548088917,-285.56262997623884
7,823.1825000000001,33.10000000000002,1875.4784646224723,59.99755291282705,0.0031147050844751866,183.63675756208082,-280.66683611892887
7,823.2825000000001,33.200000000000045,1881.5025204374529,59.997598686445066,0.003057201580956779,180.43946485417172,-275.57703499067895
7,823.3825,33.299999999999955,1887.5329503263322,59.99764652932616,0.0030023492626125273,177.38957547260293,-270.25714198884367
7,823.4825000000001,33.39999999999998,1893.5099690229827,59.99769404837838,0.0029500643802905266,174.48243929123637,-264.97325716611783
7,823.5825000000001,33.5,1899.3482359007116,59.9977398219964,0.0029000136526168806,171.6995294134522,-259.883456037868
7,823.6825000000001,33.60000000000002,1904.9904228963308,59.99778559561442,0.0028516809234258923,169.0121429614878,-254.79365490961806
7,823.7825000000001,33.700000000000045,1910.4136392640282,59.99782930088576,0.002804642046552555,166.3967027099948,-249.93384375501924
7,823.8825,33.799999999999955,1915.6119070682532,59.99786919191803,0.002758586287311981,163.83593597449624,-245.49815722134392
7,823.9825000000001,33.89999999999998,1920.5958800705057,59.99790733659971,0.002713392616011919,161.32310801274568,-241.25665628207878
7,824.0825000000001,34.0,1925.3791208609182,59.997943413622004,0.0026690077370665243,158.8552561222188,-237.24506889292869
7,824.1825000000001,34.10000000000002,1929.9701830890515,59.99797774383552,0.002625261526832342,156.42292050518913,-233.42771804674126
7,824.2825000000001,34.200000000000045,1934.3836857250105,59.998012074049036,0.0025821029410115857,154.0232588277768,-229.61036720055384
7,824.3825,34.299999999999955,1938.6308783735712,59.99804433729046,0.0025395767824998926,151.6587667785514,-226.0228534823601
7,824.4825000000001,34.39999999999998,1942.7206724534706,59.9980748530358,0.002497744426121104,149.33285574795946,-222.6296527292504
7,824.5825000000001,34.5,1946.6614422238342,59.998103302267246,0.002456667244769596,147.04893848316308,-219.46623815699655
7,824.6825000000001,34.60000000000002,1950.4528766311612,59.998130003544425,0.0024163643470930503,144.80807644137235,-216.49718749837925
7,824.7825000000001,34.700000000000045,1954.115176263128,59.998156704821604,0.0023767885113146333,142.6076401404685,-213.5281368397619
7,824.8825,34.799999999999955,1957.6706412291715,59.998181340272176,0.0023376469367007175,140.43135448774905,-210.78879593704977
7,824.9825000000001,34.89999999999998,1961.128185757674,59.998206292678695,0.00229833063402889,138.2453550910649,-208.0142110920032
7,825.0825000000001,35.0,1964.5009752264073,59.99822886321904,0.0022581520956198135,136.01142282789976,-205.5044780480913
7,825.1825000000001,35.10000000000002,1967.7993956665478,59.9982500006992,0.002216590197993061,133.70058167201802,-203.15409424608956
7,825.2825000000001,35.200000000000045,1971.0311050273021,59.998270822597995,0.002173349490800521,131.29640260630612,-200.83880153793555
7,825.3825,35.299999999999955,1974.2001438536047,59.998289894938836,0.0021283698363941473,128.79554488822245,-198.71805106830297
7,825.4825000000001,35.39999999999998,1977.317006000778,59.99830896727968,0.0020817540800829163,126.2037231515322,-196.5973005986704
7,825.5825000000001,35.5,1980.3589640381365,59.998325975397584,0.0020336285175607724,123.52796322812812,-194.7060815628874
7,825.6825000000001,35.60000000000002,1983.409285358122,59.99834123327026,0.0019841303700935914,120.77589370641718,-193.00948118633252
7,825.7825000000001,35.700000000000045,1986.6642361300117,59.998354427378196,0.0019334344629122109,117.95723506293767,-191.54236129648942
7,825.8825,35.799999999999955,1989.773608428494,59.9983658707827,0.0018816982134916317,115.08073875964124,-190.26991101442695
7,825.9825000000001,35.89999999999998,1993.3089796358051,59.99837525088066,0.0018290560267675675,112.15387788669175,-189.22689026910908
7,826.0825000000001,36.0,1997.8038172349336,59.998382879817,0.0017757071109349874,109.18772742003175,-188.37859008012433
7,826.1825000000001,36.10000000000002,2002.74060194403,59.998388445904986,0.0017219385364156804,106.1982484174424,-187.75966848074637
7,826.2825000000001,36.200000000000045,2007.6462663606226,59.99839226037316,0.0016680606772035218,103.20269654962247,-187.335518386254
7,826.3825,36.299999999999955,2012.309324210802,59.998396074841324,0.0016142919951603837,100.21321514933737,-186.91136829176162
7,826.4825000000001,36.39999999999998,2016.7023895503785,59.99839782714844,0.0015607397617038658,97.2357714104846,-186.71652036192535
7,826.5825000000001,36.5,2020.2237209599366,59.99839782714844,0.0015074576533636562,94.27334896401264,-186.71652036192535
7,826.6825000000001,36.60000000000002,2023.6648184657388,59.99839576544557,0.0014544673221503854,91.32715182793171,-186.945771578029
7,826.7825000000001,36.700000000000045,2027.4276793421936,59.99838988950364,0.001401804533852348,88.39917060579246,-187.59914741222678
7,826.8825,36.799999999999955,2030.661010456274,59.998382260567304,0.0013495783875453373,85.49546791414781,-188.4474475997969
7,826.9825000000001,36.89999999999998,2033.85307541384,59.998374631630966,0.0012979540086590345,82.62522212417738,-189.29574778878165
7,827.0825000000001,37.0,2037.213747127748,59.99836494190816,0.0012471617160163323,79.80124119424413,-190.3731972939358
7,827.1825000000001,37.10000000000002,2040.3260050775887,59.998353498503654,0.0011974166417026708,77.03548562176223,-191.64564757599825
7,827.2825000000001,37.200000000000045,2043.4172840774809,59.998339994770866,0.001148851478252372,74.33533311652847,-193.14719622567767
7,827.3825,37.299999999999955,2046.5995296345166,59.99832473689819,0.0011015398339981977,71.70487567572803,-194.84379660223252
7,827.4825000000001,37.39999999999998,2049.712954398326,59.998309479025515,0.0010556038413266546,69.15090173099907,-196.54039697878736
7,827.5825000000001,37.5,2052.8182871305785,59.998292161511856,0.0010112541050004689,66.68512280620284,-198.4660192994231
7,827.6825000000001,37.60000000000002,2055.9610076623903,59.998273089171015,0.0009687805553712689,64.32365826038121,-200.58676976905568
7,827.7825000000001,37.700000000000045,2059.106492895072,59.998251957647376,0.0009285031714066233,62.08429877417859,-202.93649123563134
7,827.8825,37.799999999999955,2062.258063392576,59.99822907083837,0.000890498488843112,59.97129928768946,-205.48139179975627
7,827.9825000000001,37.89999999999998,2065.469346011912,59.99820618402936,0.0008547202940506465,57.982088794697205,-208.02629236388123
7,828.0825000000001,38.0,2068.7159351103537,59.99818123872485,0.0008212144200145257,56.11921743795273,-210.8000875014132
7,828.1825000000001,38.10000000000002,2071.981460187325,59.99815453744767,0.0007899229366325519,54.37946408054166,-213.7691381586159
7,828.2825000000001,38.200000000000045,2075.341017178465,59.99812783617049,0.000760774012481378,52.75883357384338,-216.7381888172332
7,828.3825,38.299999999999955,2078.754431351749,59.998101134893304,0.0007337229727810145,51.25484218581503,-219.70723947585054
7,828.4825000000001,38.39999999999998,2082.1919080021657,59.998072376037015,0.000708430942058954,49.84865043882571,-222.90508280935532
7,828.5825000000001,38.5,2085.7267652528467,59.998041860291664,0.0006846583518062382,48.52693831010655,-226.29828356105037
7,828.6825000000001,38.60000000000002,2089.31175570173,59.99801134454632,0.0006623754808647152,47.288052084481116,-229.69148431274542
7,828.7825000000001,38.700000000000045,2092.9193832876767,59.99798082880097,0.0006414367907252667,46.12390005592313,-233.08468506585513
7,828.8825,38.799999999999955,2096.6015028760817,59.9979482563929,0.0006217601813218361,45.02991902978995,-236.70657659391802
7,828.9825000000001,38.89999999999998,2100.3887267336977,59.997913926179386,0.0006033414665950742,44.00587606724931,-240.5239274415201
7,829.0825000000001,39.0,2104.238863882639,59.99787959596587,0.0005862518165269594,43.055727049880936,-244.34127828770752
7,829.1825000000001,39.10000000000002,2108.1277100327866,59.99784526575235,0.000570459104401284,42.17768587022583,-248.15862913389495
7,829.2825000000001,39.200000000000045,2112.080516547375,59.99781093553884,0.0005558566373619131,41.365820590816234,-251.97597998008237
7,829.3825,39.299999999999955,2116.100341111416,59.997774549808085,0.0005424770552332389,40.62194732951886,-256.02189423054915
7,829.4825000000001,39.39999999999998,2120.210447048744,59.99773846041454,0.0005303952871472548,39.95023072219899,-260.0348572419332
7,829.5825000000001,39.5,2124.377248528416,59.99770207514198,0.0005196901784849138,39.35505500457129,-264.0807205424328
7,829.6825000000001,39.60000000000002,2128.5794957123026,59.99766393046029,0.0005103724282467208,38.837016012421884,-268.3222214831126
7,829.7825000000001,39.700000000000045,2132.83668616762,59.99762578577861,0.0005024142768422628,38.39456939826677,-272.5637224237924
7,829.8825,39.799999999999955,2137.1479755484315,59.99758558672517,0.0004958618900071848,38.030283265645345,-277.03365939524843
7,829.9825000000001,39.89999999999998,2141.5133073538836,59.99754568171797,0.0004907472241231048,37.74593314342228,-281.47089987321334
7,830.0825000000001,40.0,2145.9408879258644,59.99750548312273,0.0004870682234630499,37.54140521591875,-285.94078589611684
7,830.1825000000001,40.10000000000002,2150.4493436977764,59.99746352397288,0.00048487957516749573,37.41974103902662,-290.60643692987435
7,830.2825000000001,40.200000000000045,2155.050861763919,59.99742156482303,0.00048427126374491885,37.385942872470416,-295.2720879650465
7,830.3825,40.299999999999955,2159.719593656805,59.997379605673174,0.0004852726896284316,37.44164553801724,-299.9377389988041
7,830.4825000000001,40.39999999999998,2164.4374458817474,59.99733764652332,0.00048786465659190293,37.58578190128792,-304.60339003397627
7,830.5825000000001,40.5,2169.202396448955,59.9972936346054,0.0004920429879101199,37.818121079004136,-309.497298777869
7,830.6825000000001,40.60000000000002,2174.013086764453,59.99724991352635,0.000497810372868515,38.13881144156389,-314.35886767096724
7,830.7825000000001,40.700000000000045,2178.8781729593925,59.99720590206662,0.0005051269002295646,38.54563444075809,-319.25272546772214
7,830.8825,40.799999999999955,2183.8051477507497,59.99716218052938,0.0005139825960890623,39.038035363748314,-324.1143453079582
7,830.9825000000001,40.89999999999998,2188.791146815215,59.997118169527845,0.0005243583161917116,39.61495030200358,-329.008152154746
7,831.0825000000001,41.0,2193.82768057712,59.99707239590982,0.0005360745763184137,40.26640101749063,-334.0979532844106
7,831.1825000000001,41.10000000000002,2198.9153608505812,59.9970266222918,0.0005488413207487813,40.97625953437591,-339.18775441266047
7,831.2825000000001,41.200000000000045,2204.061697166484,59.99698084867378,0.0005623293875103717,41.72622456408327,-344.2775555409104
7,831.3825,41.299999999999955,2209.2660631401222,59.99693507505576,0.000576208742127558,42.49794625616921,-349.3673566691603
7,831.4825000000001,41.39999999999998,2214.518715788645,59.99688930143773,0.0005902079044247007,43.27633033372918,-354.4571577988249
7,831.5825000000001,41.5,2219.8147073678997,59.99684147734261,0.0006041163056059352,44.04967052374126,-359.7749618916183
7,831.6825000000001,41.60000000000002,2225.1516576570802,59.99679393950443,0.0006177932053588462,44.81014011905788,-365.06093562338594
7,831.7825000000001,41.700000000000045,2230.537917739849,59.9967461158675,0.0006311503803469148,45.5528342399395,-370.3786887676269
7,831.8825,41.799999999999955,2235.980159065586,59.99669652778131,0.0006440653676965849,46.270944925126926,-375.8926399903692
7,831.9825000000001,41.89999999999998,2241.4707085976765,59.99664693969512,0.0006563736894696934,46.9553259027674,-381.4065912131115
7,832.0825000000001,42.0,2247.0033983690337,59.99659735160893,0.0006678499615550874,47.59344566497675,-386.92054243585375
7,832.1825000000001,42.10000000000002,2252.5770988388817,59.99654776352274,0.0006781548344143911,48.166436145642656,-392.43449365859607
7,832.2825000000001,42.200000000000045,2258.191941135123,59.99649817543655,0.0006868903215934855,48.652168985053756,-397.94844488133833
7,832.3825,42.299999999999955,2263.845547089655,59.996448587350365,0.0006938926192353036,49.041536417241375,-403.46239610266593
7,832.4825000000001,42.39999999999998,2269.537080725023,59.99639695084895,0.0006992165286168667,49.33758673149093,-409.20412102075835
7,832.5825000000001,42.5,2275.2988701395952,59.996345596480715,0.0007027912872780218,49.53638356036663,-414.91447411762647
7,832.6825000000001,42.60000000000002,2281.125441747033,59.9962939604375,0.0007043326377256579,49.622122213588796,-420.6561480857517
7,832.7825000000001,42.700000000000045,2287.0166577334694,59.99624260561107,0.0007035628400519783,49.57935949096266,-426.3665521297577
7,832.8825,42.799999999999955,2292.997796521257,59.99619097002605,0.0007001061886727788,49.38720602889289,-432.1081751493304
7,832.9825000000001,42.89999999999998,2299.060423979939,59.996137567471685,0.0006937223426363596,49.03229944660726,-438.0462764665651
7,833.0825000000001,43.0,2305.304499585328,59.99608416491733,0.0006844542023075894,48.51702331911794,-443.98437778379974
7,833.1825000000001,43.10000000000002,2311.562107617005,59.99603076236297,0.000672228655371242,47.83731215409904,-449.92247909961975
7,833.2825000000001,43.200000000000045,2317.7168213132604,59.99597735980861,0.000656833442316714,46.98136374295245,-455.8605804168544
7,833.3825,43.299999999999955,2323.853561517747,59.995923957254256,0.0006382516571246323,45.948237669045696,-461.7986817326744
7,833.4825000000001,43.39999999999998,2330.021276864268,59.9958705546999,0.0006166618080962271,44.74785873371634,-467.73678304990904
7,833.5825000000001,43.5,2336.175029979847,59.99581715214554,0.0005920650747931178,43.380292116787324,-473.6748843657291
7,833.6825000000001,43.60000000000002,2342.2997133492063,59.995763749591184,0.0005642652421914802,41.83462765497492,-479.6129856815491
7,833.7825000000001,43.700000000000045,2348.453760893156,59.995712392473784,0.000533293481857932,40.11259684977987,-485.32364447256134
7,833.8825,43.799999999999955,2354.636900198637,59.99566075917973,0.0004994054152130297,38.228413628860444,-491.0650127479571
7,833.9825000000001,43.89999999999998,2360.849290211464,59.99560735662537,0.00046275085926568253,36.190408405991306,-497.0031140637771
7,834.0825000000001,44.0,2367.0733673405507,59.99555395407101,0.00042353783515474547,34.010145963474926,-502.9412153795971
7,834.1825000000001,44.10000000000002,2373.311761918515,59.99550259603723,0.0003818507828380885,31.692319945328446,-508.6519760677143
7,834.2825000000001,44.200000000000045,2379.58158625163,59.995450963659565,0.0003377117948960157,29.238159646893077,-514.3932424445904
7,834.3825,44.299999999999955,2385.8849414763354,59.99539756110521,0.0002913229294209271,26.65890002223126,-520.3313437604105
7,834.4825000000001,44.39999999999998,2392.2263614443123,59.99534620238413,0.00024282907140962435,23.96259498727111,-526.0421808720637
7,834.5825000000001,44.5,2398.6053915534194,59.99529457069375,0.00019232854105526937,21.154712003177806,-531.7833708268186
7,834.6825000000001,44.60000000000002,2405.0155545150506,59.995243211514484,0.0001399476006265198,18.242270991760545,-537.4942588856096
7,834.7825000000001,44.700000000000045,2411.4561439804274,59.9951915802823,8.575057992163756e-05,15.228848705162168,-543.2353978903973
7,834.8825,44.799999999999955,2417.9258008350607,59.99514022064484,2.978399133601645e-05,12.117030932000562,-548.9463368991554
7,834.9825000000001,44.89999999999998,2424.421316134824,59.99509063255865,-2.7891044499272825e-05,8.91021568450303,-554.4602881218977
7,835.0825000000001,45.0,2430.9405023607983,59.99504104447246,-8.722150485684612e-05,5.611351307578821,-559.97423934464
7,835.1825000000001,45.10000000000002,2437.4871481169885,59.99498941415667,-0.0001482059184862447,2.220519466822302,-565.715276450908
7,835.2825000000001,45.200000000000045,2444.0602662914325,59.994938053602816,-0.00021088361276245743,-1.2644669929675492,-571.4263173567712
7,835.3825,45.299999999999955,2450.65970117501,59.994888465516624,-0.0002752324502267005,-4.842377256495451,-576.9402685795135
7,835.4825000000001,45.39999999999998,2457.2895193124623,59.99483887743043,-0.000340930238798584,-8.495297009535347,-582.4542198022558
7,835.5825000000001,45.5,2463.9518281999585,59.99478928934425,-0.00040737906611895827,-12.189981384900745,-587.968171024998
7,835.6825000000001,45.60000000000002,2470.6522144035666,59.994739701258055,-0.00047428292393422624,-15.909971856384198,-593.4821222477403
7,835.7825000000001,45.700000000000045,2477.382230706782,59.99469011317186,-0.0005418179360534506,-19.665061305899226,-598.9960734704825
7,835.8825,45.799999999999955,2484.145488920228,59.994638484459756,-0.0006102938895011341,-23.47247530795176,-604.736932254695
7,835.9825000000001,45.89999999999998,2490.9900798791905,59.99458712230222,-0.0006800219963038611,-27.349517402822556,-610.4481514840285
7,836.0825000000001,46.0,2497.9043619166146,59.99453753421603,-0.0007513639393016208,-31.316297305799864,-615.9621027067707
7,836.1825000000001,46.10000000000002,2504.9574004007195,59.994487946129844,-0.0008245855866908644,-35.38759868000072,-621.4760539280984
7,836.2825000000001,46.200000000000045,2512.0464359068396,59.99444039775319,-0.0008997548849225109,-39.56719850937281,-626.7631994850608
7,836.3825,46.299999999999955,2519.070764012067,59.994392584654726,-0.0009768213748454365,-43.852292529032,-632.0797808055216
7,836.4825000000001,46.39999999999998,2526.149689576614,59.99434299656854,-0.0010557397899768441,-48.24036520288375,-637.5937320268492
7,836.5825000000001,46.5,2533.2386438393764,59.99429544750459,-0.0011366207486879594,-52.73756470847617,-642.8809540073477
7,836.6825000000001,46.60000000000002,2540.335019912622,59.99424967388657,-0.0012194768773166745,-57.344593147255566,-647.9707551355976
7,836.7825000000001,46.700000000000045,2547.4341178657232,59.994201861704504,-0.0013041742346238424,-62.05400650627387,-653.2872345575389
7,836.8825,46.799999999999955,2554.582538716765,59.99415635028821,-0.0013906767897509072,-66.86379765588036,-658.3478801442802
7,836.9825000000001,46.89999999999998,2561.753215102279,59.994112353032506,-0.0014789720787970009,-71.77327413162811,-663.2401585217619
7,837.0825000000001,47.0,2568.880255196241,59.994066579414486,-0.001568867374483781,-76.77172350266144,-668.3299596500119
7,837.1825000000001,47.10000000000002,2576.0527209480806,59.99402080579646,-0.0016600589834231895,-81.84225804694128,-673.4197607796764
7,837.2825000000001,47.200000000000045,2583.2432524903575,59.993977069597,-0.001752331495237062,-86.97289787215978,-678.2830109863235
7,837.3825,47.299999999999955,2590.4311273629933,59.993933073257686,-0.001845562970545764,-92.15686568044453,-683.1751874667003
7,837.4825000000001,47.39999999999998,2597.601666840024,59.99388933660003,-0.0019396685521582528,-97.3894425928171,-688.0384886247291
7,837.5825000000001,47.5,2604.748688713685,59.99384737745018,-0.0020345523806407453,-102.6652962507373,-692.7041396584866
7,837.6825000000001,47.60000000000002,2611.9030793059296,59.99380338179815,-0.0021301953002158345,-107.98336742313035,-697.5962397153274
7,837.7825000000001,47.700000000000045,2619.0699273014934,59.993759644453206,-0.00222666905609047,-113.34764198287651,-702.4596172954776
7,837.8825,47.799999999999955,2626.2572328511237,59.99371768530335,-0.0023240439277209895,-118.76202496223115,-707.1252683306499
7,837.9825000000001,47.89999999999998,2633.467453408892,59.99367369033862,-0.0024223920401046173,-124.23053353179533,-712.0172919639546
7,838.0825000000001,48.0,2640.699105158122,59.993629952306385,-0.002521785303952378,-129.75716224717573,-716.8807459676408
7,838.1825000000001,48.10000000000002,2647.9490160118253,59.99358799315653,-0.002622229394736655,-135.3422236187062,-721.5463970013984
7,838.2825000000001,48.200000000000045,2655.2071250112376,59.99354806913426,-0.002723693638512868,-140.98401120091967,-725.985751861974
7,838.3825,48.299999999999955,2662.487113239227,59.99350788955409,-0.0028261502362759774,-146.68098394780293,-730.4535235022668
7,838.4825000000001,48.39999999999998,2669.8023825367063,59.993465930404234,-0.0029295836744488843,-152.4322829358822,-735.119174537439
7,838.5825000000001,48.5,2677.1386771387442,59.99342600569468,-0.003034056550915403,-158.24138024161283,-739.558605820136
7,838.6825000000001,48.60000000000002,2684.4925964623126,59.9933858268018,-0.0031397248821464514,-164.11695609903876,-744.0263010368927
7,838.7825000000001,48.700000000000045,2691.86707011794,59.99334590163405,-0.003246659274576628,-170.06293532590414,-748.4657832681422
7,838.8825,48.799999999999955,2699.2459740952872,59.99330775695236,-0.003354474094660226,-176.0578714981106,-752.707284208822
7,838.9825000000001,48.89999999999998,2706.5631208350537,59.99326961227068,-0.0034618112218517487,-182.02625336153565,-756.9487851495019
7,839.0825000000001,49.0,2713.714478294174,59.99323146758899,-0.0035668164578873396,-187.86498158140577,-761.1902860901816
7,839.1825000000001,49.10000000000002,2720.638102914892,59.99319535597302,-0.0036683222472792816,-193.50913017193528,-765.2057201254584
7,839.2825000000001,49.200000000000045,2727.307700435927,59.993161025759505,-0.0037659553408566867,-198.93794519431995,-769.0230709716458
7,839.3825,49.299999999999955,2733.7044665967946,59.993128728153515,-0.003859644930116855,-204.14748791703525,-772.6144058609826
7,839.4825000000001,49.39999999999998,2739.824540615057,59.993098212408164,-0.003949540719088302,-209.14608236575202,-776.0076066140923
7,839.5825000000001,49.5,2745.6839035517187,59.99306769666282,-0.004035881579227316,-213.94701564730474,-779.4008073657874
7,839.6825000000001,49.60000000000002,2751.299070821403,59.9930392128377,-0.004118758352899621,-218.55533191449763,-782.5680685855825
7,839.7825000000001,49.700000000000045,2756.670893481676,59.99301251156052,-0.004198176818177827,-222.9713526145525,-785.5371192427851
7,839.8825,49.799999999999955,2761.8016269851773,59.992985810283336,-0.004274159652110728,-227.19634419862751,-788.5061699028172
7,839.9825000000001,49.89999999999998,2766.7003319204046,59.99295910900616,-0.004346773536025915,-231.23401414346557,-791.4752205600198
7,840.0825000000001,50.0,2771.3708276307107,59.992934438732824,-0.004416056956761608,-235.08649500610008,-794.2184335838422
7,840.1825000000001,50.10000000000002,2775.816667593078,59.992913582698556,-0.0044820775052101915,-238.75753807577965,-796.537521986741
7,840.2825000000001,50.200000000000045,2780.0489626618682,59.99289247981206,-0.004544947123383586,-242.25338177582236,-798.8840591440307
7,840.3825,50.299999999999955,2784.0770116316553,59.9928716233196,-0.004604838319317359,-245.58361619176083,-801.2031984968968
7,840.4825000000001,50.39999999999998,2787.9096453559423,59.99285255097876,-0.004661929204713637,-248.75813897968115,-803.3239489665293
7,840.5825000000001,50.5,2791.556663259805,59.99283347863792,-0.004716373747326584,-251.7855176826391,-805.444699436162
7,840.6825000000001,50.60000000000002,2795.0311550951187,59.992816435926336,-0.004768366879561232,-254.67658328825328,-807.3397651180716
7,840.7825000000001,50.700000000000045,2798.336699939108,59.99280117805366,-0.004818170552783156,-257.44590179680324,-809.0363654946265
7,840.8825,50.799999999999955,2801.4773358661237,59.992785920180985,-0.004866089896598676,-260.1104462012951,-810.7329658711812
7,840.9825000000001,50.89999999999998,2804.4612004522546,59.99277269125027,-0.004912402105726218,-262.6856213850406,-812.2039578835493
7,841.0825000000001,51.0,2807.297371961287,59.99276124784577,-0.004957311777090969,-265.1828043501294,-813.4764081641971
7,841.1825000000001,51.10000000000002,2809.9930651841564,59.99274980444127,-0.005000954792430977,-267.60955758447585,-814.7488584462595
7,841.2825000000001,51.200000000000045,2812.5206154331972,59.992738361036764,-0.005043488804764567,-269.9746471233865,-816.021308728322
7,841.3825,51.299999999999955,2814.930323000935,59.99272894565783,-0.005085115970476104,-272.289305209593,-817.0682525447172
7,841.4825000000001,51.39999999999998,2817.1468353372297,59.99272334451798,-0.005126064800509471,-274.56623022615895,-817.6910717401889
7,841.5825000000001,51.5,2819.2903646004415,59.992719530049804,-0.005166516609019126,-276.81551197023003,-818.1152218346813
7,841.6825000000001,51.60000000000002,2821.444239969607,59.99271571558164,-0.005206517661520638,-279.0397303183467,-818.539371927759
7,841.7825000000001,51.700000000000045,2823.4278378389577,59.992711901113466,-0.005245987052651352,-281.2343866367601,-818.9635220222514
7,841.8825,51.799999999999955,2825.385593094716,59.99271011352539,-0.0052847534072418805,-283.38994316270583,-819.1622930217503
7,841.9825000000001,51.89999999999998,2827.455526246431,59.99271214017639,-0.00532260629802263,-285.49469146916965,-818.9369394017405
7,842.0825000000001,52.0,2829.5090608157534,59.99271595464455,-0.005359327819750574,-287.53652368778415,-818.5127893086627
7,842.1825000000001,52.10000000000002,2831.726355377818,59.99271976911272,-0.005394711939881586,-289.5039913365322,-818.0886392141704
7,842.2825000000001,52.200000000000045,2833.8948589176293,59.99272358358089,-0.005428569837294169,-291.38659529603626,-817.664489119678
7,842.3825,52.299999999999955,2835.8334635069664,59.992729423783665,-0.00546072168137926,-293.17432737868603,-817.0150873036953
7,842.4825000000001,52.39999999999998,2838.015866424449,59.992739078225505,-0.005491011424672673,-294.8585026781452,-815.9415608696185
7,842.5825000000001,52.5,2840.1376495223885,59.9927484963536,-0.005519290988269335,-296.4309053794321,-814.8943113604938
7,842.6825000000001,52.60000000000002,2842.1650862271977,59.99275815033725,-0.0055455806272117,-297.89265967391464,-813.8208358735549
7,842.7825000000001,52.700000000000045,2844.1411765927173,59.992769593741755,-0.005570087996300599,-299.2553049129172,-812.5483855914923
7,842.8825,52.799999999999955,2845.9702958231906,59.99278103714626,-0.005592842779513418,-300.5204996985662,-811.2759353094299
7,842.9825000000001,52.89999999999998,2847.770840043743,59.99279450491079,-0.005613774803629472,-301.6843329728177,-809.7783861515345
7,843.0825000000001,53.0,2849.5625974634436,59.99280976278346,-0.005632772214072433,-302.7405862546089,-808.0817857763943
7,843.1825000000001,53.10000000000002,2851.4247137267544,59.992825020656134,-0.005649776929028226,-303.68603819607995,-806.3851853998395
7,843.2825000000001,53.200000000000045,2853.112798811646,59.99284027852881,-0.005664737911652018,-304.51785104708523,-804.6885850232846
7,843.3825,53.299999999999955,2854.8428921794884,59.99285755984511,-0.005677574166642585,-305.2315119317148,-802.7669876708312
7,843.4825000000001,53.39999999999998,2856.672142039348,59.99287663218596,-0.005688209225409711,-305.8227700329658,-800.646237199784
7,843.5825000000001,53.5,2858.571347396144,59.99289368154136,-0.0056966745203209865,-306.2933908114686,-798.7504327574975
7,843.6825000000001,53.60000000000002,2860.6520722826644,59.99291096217038,-0.005703184410199382,-306.6552830432087,-796.8289118285801
7,843.7825000000001,53.700000000000045,2862.78426255837,59.99293205703846,-0.00570798713934704,-306.9222334217559,-794.4832662787392
7,843.8825,53.799999999999955,2864.9961670391062,59.992952921549325,-0.005711275747397518,-307.10499442244054,-792.163235319839
7,843.9825000000001,53.89999999999998,2867.355286014754,59.99297401595922,-0.005713324432425058,-307.21881032958487,-789.8176407185506
7,844.0825000000001,54.0,2869.7926396271505,59.99299488092828,-0.005714902247021849,-307.3064452507049,-787.4975588096833
7,844.1825000000001,54.10000000000002,2872.3858998686824,59.993015974879974,-0.005717299998550279,-307.4396702882957,-785.1520151583619
7,844.2825000000001,54.200000000000045,2875.0303603111565,59.99303886168899,-0.005721598100067916,-307.67855268543366,-782.607114594237
7,844.3825,54.299999999999955,2877.894326484767,59.99306174849799,-0.005728314709334523,-308.05191194344246,-780.062214030112
7,844.4825000000001,54.39999999999998,2880.7409142034935,59.99308463530701,-0.005737628516597974,-308.5696836878596,-777.5173134659871
7,844.5825000000001,54.5,2883.807991510315,59.99310752211601,-0.0057495808100472764,-309.2341635270496,-774.9724129018621
7,844.6825000000001,54.60000000000002,2887.4444986698186,59.993130408925026,-0.005764270063033738,-310.0508267469739,-772.4275123377372
7,844.7825000000001,54.700000000000045,2890.5565666211137,59.993151275497766,-0.0057817762303568766,-311.02412843083636,-770.1072521082289
7,844.8825,54.799999999999955,2893.7663023065907,59.99317236784578,-0.005802059636331221,-312.15185182832295,-767.7618867775485
7,844.9825000000001,54.89999999999998,2897.5228302018454,59.99319121509864,-0.00582503932555605,-313.42950710540157,-765.6661649841374
7,845.0825000000001,55.0,2900.5452399572023,59.99320849252029,-0.005850584187636521,-314.8498008956131,-763.7450006979165
7,845.1825000000001,55.10000000000002,2903.5000410358907,59.99322554554125,-0.005878492872342093,-316.40153104381955,-761.848788664381
7,845.2825000000001,55.200000000000045,2906.8716029175853,59.993240803413926,-0.005908516516008414,-318.07086741007396,-760.1521882878261
7,845.3825,55.299999999999955,2909.654615573013,59.99325404242491,-0.005940524652457597,-319.85055680061265,-758.6800753988159
7,845.4825000000001,55.39999999999998,2912.443982145464,59.993267504462004,-0.005974476676562431,-321.7383306387428,-757.1831631041923
7,845.5825000000001,55.5,2915.1768586812445,59.993278725527695,-0.0060102565669156345,-323.7277497420755,-755.9354358042071
7,845.6825000000001,55.60000000000002,2917.8568255588502,59.993288372638425,-0.006047729241340043,-325.81129998669854,-754.8627245526285
7,845.7825000000001,55.700000000000045,2920.4940234482056,59.99329779809763,-0.006086713574549277,-327.9789036481347,-753.814659859591
7,845.8825,55.799999999999955,2923.0354709855483,59.99330542703397,-0.006126992592273332,-330.2185041297861,-752.9663596720209
7,845.9825000000001,55.89999999999998,2925.544706681264,59.9933110384832,-0.006168388645668075,-332.5202248738281,-752.3423941249233
7,846.0825000000001,56.0,2927.9141060687894,59.993314852951364,-0.006210805300331706,-334.87870290796747,-751.918244030431
7,846.1825000000001,56.10000000000002,2930.288339956798,59.99331866741954,-0.006254195895547583,-337.2913347743745,-751.4940939359385
7,846.2825000000001,56.200000000000045,2932.60240995799,59.99332046508789,-0.006298512225710256,-339.75545043891907,-751.2942020597973
7,846.3825,56.299999999999955,2934.9793324352822,59.99332046508789,-0.006343776059513031,-342.27225939579546,-751.2942020597973
7,846.4825000000001,56.39999999999998,2937.4569416491754,59.99332046508789,-0.00639015430869442,-344.85103328959696,-751.2942020597973
7,846.5825000000001,56.5,2940.0292068379754,59.99332046508789,-0.006437784151795195,-347.49939967086664,-751.2942020597973
7,846.6825000000001,56.60000000000002,2942.741860026651,59.993318449204466,-0.006486654557102002,-350.21675581197843,-751.5183583782142
7,846.7825000000001,56.700000000000045,2945.53831882854,59.993314634736294,-0.006536734419637811,-353.0013712753808,-751.9425084727065
7,846.8825,56.799999999999955,2948.4979687583577,59.99331283569336,-0.0065880580612346865,-355.85513418810393,-752.14255319592
7,846.9825000000001,56.89999999999998,2951.6916939374205,59.99331082049723,-0.006640696495651583,-358.7820049799984,-752.3666330922155
7,847.0825000000001,57.0,2954.852944238291,59.993307006029056,-0.006694716036875878,-361.7856796055531,-752.7907831867078
7,847.1825000000001,57.10000000000002,2958.179317187311,59.99330319156089,-0.006750186722710097,-364.8700427206554,-753.2149332797856
7,847.2825000000001,57.200000000000045,2961.834851399725,59.99330139160156,-0.006807145017654749,-368.0371106737815,-753.4150799015184
7,847.3825,57.299999999999955,2965.3379392009356,59.99330139160156,-0.006865571496892884,-371.28580430618024,-753.4150799015184
7,847.4825000000001,57.39999999999998,2968.9137182310756,59.99329937755091,-0.006925441672600476,-374.6147833469177,-753.6390324257254
7,847.5825000000001,57.5,2972.7302714844955,59.9932975769043,-0.006986725818396682,-378.0223825025503,-753.8392554709943
7,847.6825000000001,57.60000000000002,2976.5047237567405,59.9932975769043,-0.007049340376451831,-381.50394651990865,-753.8392554709943
7,847.7825000000001,57.700000000000045,2980.130757142674,59.993299590267654,-0.007113207668437973,-385.0551547205706,-753.6153793703234
7,847.8825,57.799999999999955,2983.7511151571334,59.99330340473582,-0.007178247896004116,-388.6715709849101,-753.1912292772456
7,847.9825000000001,57.89999999999998,2987.4543308356356,59.99330721920399,-0.007244249223591654,-392.3414269725352,-752.7670791827533
7,848.0825000000001,58.0,2991.156065607925,59.99331103367216,-0.007310862875853235,-396.0453296849335,-752.3429290882609
7,848.1825000000001,58.10000000000002,2994.884512056571,59.99331484814033,-0.007377927834283361,-399.77432598924514,-751.9187789937686
7,848.2825000000001,58.200000000000045,2998.6552570231484,59.993320674826364,-0.007445391886844436,-403.5255004590447,-751.270880173523
7,848.3825,58.299999999999955,3002.4636592735546,59.99333031575148,-0.0075131446640996835,-407.29270477324667,-750.1988567309393
7,848.4825000000001,58.39999999999998,3006.309034668616,59.99334175915598,-0.00758114847928232,-411.0738552716209,-748.9264064488768
7,848.5825000000001,58.5,3010.2376468120797,59.993353202560485,-0.007649425524161711,-414.8701968696054,-747.653956168229
7,848.6825000000001,58.60000000000002,3014.197231854246,59.993364645964995,-0.0077179611128516306,-418.6809129792306,-746.3815058847518
7,848.7825000000001,58.700000000000045,3018.1573432664445,59.99337810044188,-0.0077866401279657015,-422.49958987502305,-744.8854342476101
7,848.8825,58.799999999999955,3022.182278893429,59.993393358314556,-0.007855292422900315,-426.3167678757587,-743.1888338710552
7,848.9825000000001,58.89999999999998,3026.2812578003036,59.99340861618723,-0.007923775489920478,-430.12453453384984,-741.492233495915
7,849.0825000000001,59.0,3030.440432641942,59.993425884444996,-0.00799198146650742,-433.91687919231197,-739.5720881878169
7,849.1825000000001,59.10000000000002,3034.7039736859538,59.99344495678584,-0.008059820836514825,-437.6888255173475,-737.4513377181843
7,849.2825000000001,59.200000000000045,3039.020948896069,59.99346402912668,-0.008127308956795334,-441.44123914056587,-735.3305872471371
7,849.3825,59.299999999999955,3043.3396835285916,59.99348511116532,-0.008194495074504784,-445.17684484489763,-732.9863682694972
7,849.4825000000001,59.39999999999998,3047.690871863402,59.99350799797433,-0.00826124637933034,-448.8882590536106,-730.4414677053724
7,849.5825000000001,59.5,3052.100644113529,59.99353088478335,-0.008327481534722975,-452.57097128339,-727.8965671398327
7,849.6825000000001,59.60000000000002,3056.6006536256446,59.99355578060286,-0.00839317237309678,-456.2234015127802,-725.1282744912365
7,849.7825000000001,59.700000000000045,3061.1693942183642,59.99358248188005,-0.008458123889524008,-459.83470802454036,-722.1592238326192
7,849.8825,59.799999999999955,3065.75975954018,59.993609183157226,-0.008522106694712784,-463.3921485198297,-719.1901731740019
7,849.9825000000001,59.89999999999998,3070.3353425950872,59.99363789275762,-0.008584644152636276,-466.86920658461696,-715.997806855864
7,850.0825000000001,60.0,3074.9215245802775,59.99366640040885,-0.00864489166246492,-470.21893554651206,-712.8278962901206
7,850.1825000000001,60.10000000000002,3079.3754164583693,59.99369510955105,-0.008702097684690916,-473.3995450329179,-709.6355809191206
7,850.2825000000001,60.200000000000045,3083.6000281463344,59.99372361766047,-0.008755929092861279,-476.392515386305,-706.4656194048247
7,850.3825,60.299999999999955,3087.661740150975,59.99375232634448,-0.008806362315652393,-479.19653333813557,-703.2733549837917
7,850.4825000000001,60.39999999999998,3091.572449335287,59.993780834912094,-0.008853267108307089,-481.8043600661781,-700.1033425195287
7,850.5825000000001,60.5,3095.4407575127493,59.99380753618927,-0.008896566332862649,-484.2117185316213,-697.134291862326
7,850.6825000000001,60.60000000000002,3099.1902621789714,59.99383624418599,-0.008936433120247642,-486.4282076757778,-693.9421038634144
7,850.7825000000001,60.700000000000045,3102.7537621900265,59.993864753440896,-0.00897300766632085,-488.4616390848763,-690.77201497703
7,850.8825,60.799999999999955,3106.190887991841,59.993891454718074,-0.00900626116204103,-490.31042308071363,-687.8029643184127
7,850.9825000000001,60.89999999999998,3109.6229669292475,59.9939201620275,-0.009036048559342664,-491.9664666328047,-684.6108527430373
7,851.0825000000001,61.0,3112.9431036585556,59.9939486719697,-0.009062213465179011,-493.4210904188782,-681.4406874331169
7,851.1825000000001,61.10000000000002,3116.0670873284494,59.99397737882093,-0.00908468807911561,-494.6705218885334,-678.2486268077084
7,851.2825000000001,61.200000000000045,3119.2591946451676,59.99400588922132,-0.009103490813356712,-495.7157880094821,-675.0784105492355
7,851.3825,61.299999999999955,3122.4054502712042,59.99403459561436,-0.009118706196430551,-496.56158610634475,-671.886400870965
7,851.4825000000001,61.39999999999998,3125.499731509095,59.99406310647295,-0.009130488478659568,-497.21649607137635,-668.716133662525
7,851.5825000000001,61.5,3128.5523570720966,59.99408980775013,-0.009138964312405013,-497.68757247785544,-665.7470830053222
7,851.6825000000001,61.60000000000002,3131.4918847214954,59.99411650902731,-0.0091442713314657,-497.98245474032984,-662.7780323467049
7,851.7825000000001,61.700000000000045,3134.4508318801154,59.994143210304486,-0.00914657325869789,-498.1102464553772,-659.8089816880876
7,851.8825,61.799999999999955,3137.3534624707872,59.994169911581665,-0.00914600321767537,-498.0783498121111,-656.8399310294702
7,851.9825000000001,61.89999999999998,3140.2096920653776,59.99419661285884,-0.00914266157064066,-497.89234538061527,-653.8708803722676
7,852.0825000000001,62.0,3143.0198721099628,59.99422331413602,-0.009136870567691377,-497.5701512036665,-650.9018297136503
7,852.1825000000001,62.10000000000002,3145.7939527205904,59.99424801213012,-0.009128839564616228,-497.1234231620382,-648.155534277647
7,852.2825000000001,62.200000000000045,3148.5140467549786,59.99427089893913,-0.009118478775327437,-496.5471676009677,-645.6106337149366
7,852.3825,62.299999999999955,3151.1918679596424,59.99429578857303,-0.009105846431396836,-495.8445938337037,-642.8430288753354
7,852.4825000000001,62.39999999999998,3153.8054927234634,59.99431848465863,-0.009091155909643473,-495.02759769214816,-640.3193358162888
7,852.5825000000001,62.5,3156.296003221057,59.99433955936616,-0.009074585199984515,-494.10607157688577,-637.9759320211472
7,852.6825000000001,62.60000000000002,3158.797215585045,59.994362446175174,-0.00905625942660906,-493.08694711536424,-635.4310314570222
7,852.7825000000001,62.700000000000045,3161.3121927531824,59.99438333107569,-0.009036317141858034,-491.9779566651849,-633.1087332684392
7,852.8825,62.799999999999955,3163.6731935881053,59.99440240341653,-0.009014963833771239,-490.7905243891979,-630.9879827988067
7,852.9825000000001,62.89999999999998,3165.9805571448596,59.99441947430707,-0.008992399515197723,-489.53577280258435,-629.089783754749
7,853.0825000000001,63.0,3168.192400069935,59.994436733400946,-0.008968799416177476,-488.22342885423524,-627.1706574276028
7,853.1825000000001,63.10000000000002,3170.343588473656,59.99445380474968,-0.008944369780838117,-486.8649629806925,-625.2724074349926
7,853.2825000000001,63.200000000000045,3172.403561051492,59.99446906262236,-0.008919324240530949,-485.4722654906961,-623.5758070584377
7,853.3825,63.299999999999955,3174.3968897853824,59.994482319961115,-0.008893873633310768,-484.0570607030371,-622.1016562117675
7,853.4825000000001,63.39999999999998,3176.4236615585164,59.994495763670436,-0.008868223073801728,-482.6307373556595,-620.6067818748039
7,853.5825000000001,63.5,3178.239734635227,59.994509021467394,-0.008842568808438736,-481.20420988667837,-619.1325800781665
7,853.6825000000001,63.60000000000002,3179.9780311559293,59.99451846502527,-0.008817105096325266,-479.78830580391184,-618.0825029024526
7,853.7825000000001,63.700000000000045,3181.742815409573,59.994528093579135,-0.008792031340246866,-478.39408315200274,-617.0118550835175
7,853.8825,63.799999999999955,3183.275009627214,59.994537537595214,-0.008767562780352962,-477.03351239423586,-615.9617269578364
7,853.9825000000001,63.89999999999998,3184.716909165613,59.99454516653155,-0.008743919297269389,-475.71883104324644,-615.1134267688517
7,854.0825000000001,64.0,3186.176385656034,59.99455079653765,-0.008721337550404218,-474.4631990426187,-614.4873977891106
7,854.1825000000001,64.10000000000002,3187.387128474742,59.99455660970696,-0.008700032528786466,-473.2785544864234,-613.8410019617728
7,854.2825000000001,64.20000000000005,3188.4946624827353,59.994562240171255,-0.008680190466741785,-472.1752549859784,-613.2149220320645
7,854.3825,64.29999999999995,3189.608940499773,59.99456605463943,-0.008661993246909888,-471.16342518770796,-612.7907719375721
7,854.4825000000001,64.39999999999998,3190.600767507102,59.99456986910759,-0.008645591315402866,-470.25141719681426,-612.3666218444944
7,854.5825000000001,64.5,3191.4682720299575,59.994571685791016,-0.008631124655719963,-469.44702853764306,-612.1646155857425
7,854.6825000000001,64.60000000000002,3192.209176413427,59.994573683346665,-0.008618703370509571,-468.7563656253593,-611.9424972249856
7,854.7825000000001,64.70000000000005,3192.7082239226265,59.99457550048828,-0.008608323311649974,-468.17920036769976,-611.7404400162665
7,854.8825,64.79999999999995,3193.0955570782926,59.99457749758574,-0.00859984726585261,-467.7079008655403,-611.5183726054768
7,854.9825000000001,64.89999999999998,3193.474752602896,59.99457931518555,-0.008593053632836382,-467.33014822637995,-611.3162644482052
7,855.0825000000001,65.0,3193.7604104181173,59.99457931518555,-0.008587558323951581,-467.0245978933308,-611.3162644482052
7,855.1825000000001,65.10000000000002,3193.9775904829057,59.994577318775384,-0.008582922052864424,-466.7668258897485,-611.5382554368736
7,855.2825000000001,65.20000000000005,3194.135047792093,59.99457550048828,-0.008579064540908544,-466.55235320633284,-611.7404400162665
7,855.3825,65.29999999999995,3194.227480530918,59.99457550048828,-0.008576142077013344,-466.38985826988716,-611.7404400162665
7,855.4825000000001,65.39999999999998,3194.2507277006403,59.994573504765405,-0.00857426579328235,-466.2855471424981,-611.9623545828134
7,855.5825000000001,65.5,3194.204865467827,59.994571685791016,-0.008573530981854444,-466.24470294882394,-612.1646155857425
7,855.6825000000001,65.60000000000002,3194.090851051844,59.99456969052634,-0.008574011803421598,-466.27145166791234,-612.3864792009076
7,855.7825000000001,65.70000000000005,3193.9076254555257,59.99456587605817,-0.008575744558533816,-466.3678232706319,-612.8106292954
7,855.8825,65.79999999999995,3193.6608172925226,59.994564056396484,-0.008578739189790888,-466.53434371365256,-613.012966721865
7,855.9825000000001,65.89999999999998,3193.355666528685,59.994562061819096,-0.008582977508730296,-466.77001697825074,-613.2347539149088
7,856.0825000000001,66.0,3192.9988103551223,59.99456024169922,-0.008588405270258653,-467.0718244680836,-613.4371422913409
7,856.1825000000001,66.10000000000002,3192.5998788299476,59.99456024169922,-0.008594936042484104,-467.4349487702135,-613.4371422913409
7,856.2825000000001,66.20000000000005,3192.201692387475,59.994558247809124,-0.008602427968425487,-467.85152928453806,-613.658853059434
7,856.3825,66.29999999999995,3191.793922424775,59.99455642700195,-0.008610679347571572,-468.3103357540157,-613.8613178594022
7,856.4825000000001,66.39999999999998,3191.369368736153,59.99455642700195,-0.008619438962145981,-468.7973882805525,-613.8613178594022
7,856.5825000000001,66.5,3190.9701441278626,59.994558420204754,-0.008628393762546024,-469.29527940205554,-613.6396835134304
7,856.6825000000001,66.60000000000002,3190.616691191184,59.99456024169922,-0.008637183248784428,-469.78397990698414,-613.4371422913409
7,856.7825000000001,66.70000000000005,3190.32843888514,59.994562234443826,-0.008645435487324632,-470.24280709716743,-613.2155588939216
7,856.8825,66.79999999999995,3190.1183823572965,59.994566048912,-0.008652790094098289,-470.65171114117834,-612.7914087994293
7,856.9825000000001,66.89999999999998,3189.9961907149263,59.994569863380164,-0.008658932503607593,-470.9932144989638,-612.3672587063515
7,857.0825000000001,67.0,3189.966888858437,59.99457367784834,-0.008663618469110337,-471.2537365661768,-611.9431086118592
7,857.1825000000001,67.10000000000002,3190.020395246972,59.9945774923165,-0.008666671589659575,-471.4234691056942,-611.5189585187815
7,857.2825000000001,67.20000000000005,3190.1350152896166,59.99458130678467,-0.008668107547324135,-471.5032840880627,-611.0948084242891
7,857.3825,67.29999999999995,3190.288091193906,59.99458512125284,-0.008668151524503632,-471.5057021264204,-610.6706583297967
7,857.4825000000001,67.39999999999998,3190.4624859477285,59.99458694458008,-0.008667044827151216,-471.44415452030336,-610.467913310668
7,857.5825000000001,67.5,3190.6487027248977,59.99458893549191,-0.00866494714647968,-471.32750504680166,-610.2465337102878
7,857.6825000000001,67.60000000000002,3190.8435801051914,59.994590759277344,-0.008662115696154393,-471.17005769480147,-610.0437377426067
7,857.7825000000001,67.70000000000005,3191.0492943835957,59.994590759277344,-0.008658942373104345,-470.9936145198247,-610.0437377426067
7,857.8825,67.79999999999995,3191.2815756185814,59.994592749501884,-0.008655355810801051,-470.7941802461779,-609.8224345657626
7,857.9825000000001,67.89999999999998,3191.566287431035,59.99459457397461,-0.00865090662792437,-470.54678371889895,-609.6195621745454
7,858.0825000000001,68.0,3191.9282958977046,59.99459457397461,-0.008645196371050613,-470.2292819143991,-609.6195621745454
7,858.1825000000001,68.10000000000002,3192.377887573939,59.994596563511855,-0.008638077546126962,-469.8334467568344,-609.3983354212373
7,858.2825000000001,68.20000000000005,3192.6702123592368,59.99460037798003,-0.008629697700537332,-469.36748338817773,-608.974185326745
7,858.3825,68.29999999999995,3193.0375886096604,59.99460220336914,-0.008620340197662729,-468.8471744576968,-608.7712110370081
7,858.4825000000001,68.39999999999998,3193.6647432595432,59.9946041922191,-0.008610187068334468,-468.28262596911696,-608.5500607058216
7,858.5825000000001,68.5,3194.3383207852107,59.994608006687265,-0.008599251276301602,-467.6745469927269,-608.1259106127438
7,858.6825000000001,68.60000000000002,3195.058365103677,59.99460983276367,-0.0085875264710108,-467.0226114032872,-607.9228599008856
7,858.7825000000001,68.70000000000005,3195.8260941139174,59.99461182092634,-0.008575004470207908,-466.3263490398546,-607.701785993235
7,858.8825,68.79999999999995,3196.640197024461,59.9946156353945,-0.008561681063938488,-465.5855141192531,-607.2776358987427
7,858.9825000000001,68.89999999999998,3197.342042929045,59.994619449862675,-0.008547561787296253,-464.80042730204434,-606.853485805665
7,859.0825000000001,69.0,3198.101965329833,59.99462326433084,-0.008532639218477609,-463.97067592880416,-606.4293357111725
7,859.1825000000001,69.10000000000002,3199.0535092843243,59.99462707879901,-0.0085168854228392,-463.09470678548263,-606.0051856166801
7,859.2825000000001,69.20000000000005,3200.0547350019287,59.99463089326718,-0.008500277316853813,-462.17123639008645,-605.5810355236024
7,859.3825,69.29999999999995,3201.1069038147816,59.99463470773535,-0.008482798217648628,-461.1993371500007,-605.15688542911
7,859.4825000000001,69.39999999999998,3202.2053470447777,59.994638522203516,-0.008464434681746394,-460.17826158963624,-604.7327353346177
7,859.5825000000001,69.5,3203.3572592343266,59.99464233667169,-0.008445174604135013,-459.1073366548856,-604.3085852401254
7,859.6825000000001,69.60000000000002,3204.569529053601,59.994646151139854,-0.008425008789129702,-457.98605105613944,-603.8844351470476
7,859.7825000000001,69.70000000000005,3205.838071567793,59.99464996560802,-0.008403927324823304,-456.8138536805301,-603.4602850525552
7,859.8825,69.79999999999995,3207.2562813390296,59.99465378007619,-0.008381916690272917,-455.5899927458276,-603.0361349580628
7,859.9825000000001,69.89999999999998,3208.725558009637,59.99465957995786,-0.008358970673678289,-454.31410924036794,-602.3912166514787
7,860.0825000000001,70.0,3210.1670486187204,59.994665223709795,-0.008335086813545086,-452.9860810901161,-601.7636592024314
7,860.1825000000001,70.10000000000002,3211.6669714954437,59.994671023133264,-0.008310256130687059,-451.60540691058117,-601.1187918443998
7,860.2825000000001,70.20000000000005,3213.364872295145,59.9946766673434,-0.00828446845830126,-450.17152354643906,-600.4911834453854
7,860.3825,70.29999999999995,3215.114882353426,59.994682466308674,-0.008257729950885655,-448.68477110132534,-599.8463670359062
7,860.4825000000001,70.39999999999998,3217.0258501719654,59.994688110976995,-0.008230058224928791,-447.1461311990364,-599.2187076897541
7,860.5825000000001,70.5,3218.985498100394,59.994693909484084,-0.008201451187835418,-445.55548541480096,-598.5739422288273
7,860.6825000000001,70.60000000000002,3220.807825497327,59.99470153842042,-0.008171868906052931,-443.91060214256964,-597.7256420398425
7,860.7825000000001,70.70000000000005,3222.936748495248,59.99470916735675,-0.00814127115658096,-442.2092572948431,-596.8773418522724
7,860.8825,70.79999999999995,3225.1189198339603,59.99471679629309,-0.008109668034224098,-440.45201218161975,-596.0290416647023
7,860.9825000000001,70.89999999999998,3227.343252283613,59.99472640835196,-0.008077108777692438,-438.64159144164404,-594.9602280078027
7,861.0825000000001,71.0,3229.6311590084647,59.99473586886303,-0.008043633690808032,-436.78025032131,-593.9082657200862
7,861.1825000000001,71.10000000000002,3231.965013131634,59.9947454804637,-0.008009254882372412,-434.86866011289777,-592.8395030117391
7,861.2825000000001,71.20000000000005,3234.3662708253405,59.99475494143297,-0.007973995547217302,-432.908112501792,-591.7874897740554
7,861.3825,71.29999999999995,3236.8333717031414,59.99476455257545,-0.007937927517965997,-430.9025995652002,-590.7187780156754
7,861.4825000000001,71.39999999999998,3239.373968494498,59.99477797795699,-0.007901135501080096,-428.85680742513614,-589.2259416377866
7,861.5825000000001,71.5,3241.986305032007,59.994791254081726,-0.00786364326028906,-426.7720833316941,-587.7497018834891
7,861.6825000000001,71.60000000000002,3244.674760235318,59.99480467900508,-0.007825473885803971,-424.64970923956537,-586.2569164541528
7,861.7825000000001,71.70000000000005,3247.4368208093183,59.99481993687775,-0.007786707106130729,-422.4941074829315,-584.5603160790126
7,861.8825,71.79999999999995,3250.2740110457253,59.99483519475042,-0.00774741568697705,-420.3093358127424,-582.8637157024579
7,861.9825000000001,71.89999999999998,3253.2205820553863,59.9948504526231,-0.007707706383926614,-418.10133005209036,-581.167115325903
7,862.0825000000001,72.0,3256.3632300788568,59.99486769109823,-0.007667715563843164,-415.87766000999216,-579.2502817005939
7,862.1825000000001,72.10000000000002,3259.488797085231,59.99488676343907,-0.007627528140514115,-413.64304817275536,-577.1295312309613
7,862.2825000000001,72.20000000000005,3262.7040738655714,59.99490583577992,-0.007587251522479577,-411.40347824141264,-575.0087807599141
7,862.3825,72.29999999999995,3266.11086965571,59.99492490812076,-0.007547054469874462,-409.1683335774372,-572.8880302888668
7,862.4825000000001,72.39999999999998,3269.4874738272056,59.99494596014767,-0.007507099519902884,-406.9466393499797,-570.547148467585
7,862.5825000000001,72.5,3272.9703394542958,59.99496884695668,-0.00746754591204343,-404.7472506182181,-568.00224790346
7,862.6825000000001,72.60000000000002,3276.67072316166,59.99499371299356,-0.007428581407913086,-402.5806065249022,-565.2372669376529
7,862.7825000000001,72.70000000000005,3280.319631960394,59.99502041427074,-0.00739044282003351,-400.4598752682603,-562.2682162790355
7,862.8825,72.79999999999995,3284.067108808598,59.995047115547926,-0.007353428031512146,-398.40163080769224,-559.2991656204183
7,862.9825000000001,72.89999999999998,3288.0674620727978,59.995073816825105,-0.007317868035928634,-396.42427684516764,-556.330114961801
7,863.0825000000001,73.0,3292.195039995315,59.995102496413764,-0.007284135687109611,-394.548532752641,-553.1410858000211
7,863.1825000000001,73.10000000000002,3296.3966846865887,59.995133012159116,-0.0072525941945039245,-392.79459442397086,-549.7478850469113
7,863.2825000000001,73.20000000000005,3300.40763103817,59.99516352790446,-0.0072235734463575035,-391.18081498610763,-546.3546842952163
7,863.3825,73.29999999999995,3304.447842795959,59.995196021274005,-0.00719718482033606,-389.7133753638607,-542.74158146248
7,863.4825000000001,73.39999999999998,3308.70116614574,59.99522837409242,-0.007173450753044036,-388.3935354153772,-539.1441072223503
7,863.5825000000001,73.5,3312.9629088831343,59.99526284416977,-0.0071524633353003755,-387.22640208600194,-535.3112042056778
7,863.6825000000001,73.60000000000002,3317.216609117947,59.995299011914554,-0.007134381343411335,-386.2208058872666,-531.2895289225031
7,863.7825000000001,73.70000000000005,3321.431723888087,59.99533334212807,-0.007119369600512116,-385.38593161873126,-527.4721780763157
7,863.8825,73.79999999999995,3325.5144966945204,59.99536767234159,-0.007107450797725494,-384.72302991822465,-523.6548272301283
7,863.9825000000001,73.89999999999998,3329.549668479145,59.99540397880471,-0.007098509738640186,-384.2256839671496,-519.6177271499716
7,864.0825000000001,74.0,3333.592529674432,59.995440147465885,-0.0070922022595735655,-383.87476985262026,-515.5959499682774
7,864.1825000000001,74.10000000000002,3337.56192215825,59.9954744776794,-0.0070881172056526795,-383.6474364572067,-511.77859912209004
7,864.2825000000001,74.20000000000005,3341.4522651964285,59.99550683233059,-0.007086089454059025,-383.53450332914144,-508.18092108775033
7,864.3825,74.29999999999995,3345.1910160003536,59.99553932340916,-0.007086130046706521,-383.53657199202553,-504.5680729991911
7,864.4825000000001,74.39999999999998,3348.839938944466,59.99557167851855,-0.007088159187369675,-383.6492070902618,-500.9703440134696
7,864.5825000000001,74.5,3352.4375121733133,59.99560416913893,-0.007092015477296775,-383.86343292795226,-497.3575468748775
7,864.6825000000001,74.60000000000002,3355.904100177658,59.99563652470651,-0.007097570486658723,-384.1721100799149,-493.7597669406036
7,864.7825000000001,74.70000000000005,3359.251349224819,59.99566704045186,-0.007104772342162639,-384.5723641051976,-490.3665661889085
7,864.8825,74.79999999999995,3362.482273837897,59.995695582009475,-0.007113637913088495,-385.06513364288685,-487.1928853991599
7,864.9825000000001,74.89999999999998,3365.638286247619,59.99572425724529,-0.007124245331623951,-385.6547505645906,-484.00434025216504
7,865.0825000000001,75.0,3368.684344195412,59.9957527992611,-0.0071367633690692794,-386.3506001598288,-480.8306085152785
7,865.1825000000001,75.10000000000002,3371.5905169401744,59.995779500538276,-0.007151347667144522,-387.16134612528384,-477.86155785666125
7,865.2825000000001,75.20000000000005,3374.4831108233957,59.99580422854411,-0.0071680782835919134,-388.0914404575442,-475.1119252643
7,865.3825,75.29999999999995,3377.2863646735154,59.995827115353116,-0.007186963013469796,-389.1413157421614,-472.567024700175
7,865.4825000000001,75.39999999999998,3380.0304618800183,59.99585000216213,-0.0072079375262418905,-390.3073842414128,-470.0221241360501
7,865.5825000000001,75.5,3382.6983050627678,59.995872888971135,-0.007231021880224068,-391.59076109601153,-467.4772235719251
7,865.6825000000001,75.60000000000002,3385.3151625711794,59.99589380342519,-0.0072563318925041986,-392.99789743652354,-465.1516391755366
7,865.7825000000001,75.70000000000005,3387.8674035881354,59.99591287576603,-0.007283841326972801,-394.5273337432824,-463.0308887044894
7,865.8825,75.79999999999995,3390.370708819073,59.99593194810687,-0.007313360515796779,-396.1685133070765,-460.91013823485684
7,865.9825000000001,75.89999999999998,3392.7981307934842,59.99594904878005,-0.00734466012652524,-397.90869680308384,-459.0086275094247
7,866.0825000000001,76.0,3395.1810351559598,59.99596430665272,-0.007377567675571736,-399.73829329463865,-457.31202713286984
7,866.1825000000001,76.10000000000002,3397.488966353228,59.99597759331592,-0.007411977215065468,-401.6514128600195,-455.8346155533776
7,866.2825000000001,76.20000000000005,3399.7623054440737,59.995989036720424,-0.007447791051849635,-403.6426230171643,-454.56216527131517
7,866.3825,76.29999999999995,3401.9949514201066,59.996000480124934,-0.007484851916011659,-405.70316825072285,-453.289714987838
7,866.4825000000001,76.39999999999998,3404.205597328874,59.99600995300725,-0.007522950002727428,-407.82139534880844,-452.23637707930214
7,866.5825000000001,76.5,3406.4873134041927,59.99601758194359,-0.0075619545363476565,-409.99003245796735,-451.3880768903174
7,866.6825000000001,76.60000000000002,3408.727611970392,59.99602521087993,-0.007601889914275534,-412.21042476972895,-450.5397767027473
7,866.7825000000001,76.70000000000005,3410.9918113664085,59.996030869981375,-0.007642810395167956,-414.4856014313641,-449.91051246233843
7,866.8825,76.79999999999995,3413.4014392962986,59.99603468444954,-0.007684666701973357,-416.812821999436,-449.4863623692607
7,866.9825000000001,76.89999999999998,3415.850804565864,59.99603849891771,-0.00772734942076828,-419.1859914705913,-449.06221227476834
7,867.0825000000001,77.0,3418.3681000655793,59.99604034423828,-0.007770684226959773,-421.5954297970783,-448.85702170673045
7,867.1825000000001,77.10000000000002,3420.90270952474,59.99604034423828,-0.007814414161162984,-424.0268492492876,-448.85702170673045
7,867.2825000000001,77.20000000000005,3423.450632532573,59.99603837554888,-0.007858231174257643,-426.46312304693106,-449.0759302818032
7,867.3825,77.29999999999995,3426.0037485431626,59.996034561080705,-0.007901910929730633,-428.8917773198179,-449.5000803762956
7,867.4825000000001,77.39999999999998,3428.594346510428,59.99603074661254,-0.007945449970506337,-431.3126080214481,-449.92423047078796
7,867.5825000000001,77.5,3431.207021543613,59.99602496414226,-0.007988855352425729,-433.72602036171975,-450.5672127168171
7,867.6825000000001,77.60000000000002,3433.8527787568096,59.99601733520592,-0.008032066989843363,-436.12867294162385,-451.4155129058018
7,867.7825000000001,77.70000000000005,3436.6100295215033,59.99600970626958,-0.008075075829854707,-438.52005037174115,-452.26381309337194
7,867.8825,77.79999999999995,3439.2907715540205,59.99600011001843,-0.008117964552339778,-440.904762828229,-453.33086901035733
7,867.9825000000001,77.89999999999998,3441.94771777121,59.99598866661392,-0.00816084903445748,-443.2892525839527,-454.6033192938345
7,868.0825000000001,78.0,3444.649177604881,59.995975256352786,-0.008203701137510701,-445.6719561090964,-456.09447435534514
7,868.1825000000001,78.10000000000002,3447.3536244516654,59.99596196510765,-0.00824646410584541,-448.0497038263111,-457.5723954260207
7,868.2825000000001,78.20000000000005,3450.1261090466573,59.99594855530471,-0.008289147499081509,-450.4230288603632,-459.06349953897893
7,868.3825,78.29999999999995,3452.9835325015088,59.99593329743203,-0.008331791072362694,-452.7941534785425,-460.7600999155338
7,868.4825000000001,78.39999999999998,3455.9292116266556,59.99591607361912,-0.008374468838105512,-455.16719384636343,-462.6753031744319
7,868.5825000000001,78.5,3458.9875117290467,59.99589700127828,-0.008417161255007776,-457.54106285045236,-464.7960536440645
7,868.6825000000001,78.60000000000002,3462.1556903577293,59.99587792893744,-0.008459802027861146,-459.9120617653802,-466.9168041136971
7,868.7825000000001,78.70000000000005,3465.41800831967,59.99585885659659,-0.008502454383658004,-462.2837060698471,-469.03755458474427
7,868.8825,78.79999999999995,3468.7764638078647,59.9958378192319,-0.008545282658911735,-464.6651468342308,-471.3768060396152
7,868.9825000000001,78.89999999999998,3472.2391341476737,59.99581493242289,-0.008588438293225522,-467.0648036563624,-473.9217066037401
7,869.0825000000001,79.0,3475.7705570958915,59.99579204561388,-0.008632057064730456,-469.4902130347861,-476.4666071678651
7,869.1825000000001,79.10000000000002,3479.385976346824,59.99576915880487,-0.008676314926330734,-471.9511581590667,-479.01150773199004
7,869.2825000000001,79.20000000000005,3483.090674177824,59.9957443078884,-0.008721347681424792,-474.455203961817,-481.7748073828337
7,869.3825,79.29999999999995,3486.8612479153267,59.995719570489584,-0.008767080341178462,-476.9981662767831,-484.5254844297159
7,869.4825000000001,79.39999999999998,3490.6811690733466,59.9956947200313,-0.008813450177148779,-479.5765590067969,-487.2887331320071
7,869.5825000000001,79.5,3494.571200198456,59.995668018754124,-0.008860502331143801,-482.192904804124,-490.2577837906244
7,869.6825000000001,79.60000000000002,3498.5384568843406,59.995641317476945,-0.008908251249779882,-484.8479936200567,-493.2268344478271
7,869.7825000000001,79.70000000000005,3502.5618663171863,59.99561461619977,-0.008956742982053132,-487.54438587912733,-496.1958851064444
7,869.8825,79.79999999999995,3506.648197435474,59.99558791492259,-0.009006058222511725,-490.28656834368456,-499.1649357650617
7,869.9825000000001,79.89999999999998,3510.8037376520665,59.99556121364541,-0.009056258201923548,-493.0779455736717,-502.1339864222644
7,870.0825000000001,80.0,3515.0073815150445,59.99553451236823,-0.009107372953428056,-495.9201875080774,-505.10303708088173
7,870.1825000000001,80.10000000000002,3519.278025162016,59.995505849045465,-0.009159443506326272,-498.8155902806304,-508.2902575556097
7,870.2825000000001,80.20000000000005,3523.6314482170906,59.99547729511661,-0.009212564924261184,-501.76942416907997,-511.4653139661777
7,870.3825,80.29999999999995,3528.044211281505,59.995448632252035,-0.009266857059683546,-504.7883548521628,-514.6524834923532
7,870.4825000000001,80.39999999999998,3532.510867402861,59.995420077864985,-0.009322486266292026,-507.881630246485,-517.8275908514736
7,870.5825000000001,80.5,3537.0250007895656,59.995391415458606,-0.00937968429282487,-511.06213764755495,-521.014709427682
7,870.6825000000001,80.60000000000002,3541.582467374073,59.99536286061336,-0.009438652973121003,-514.3410977469229,-524.1898677353549
7,870.7825000000001,80.70000000000005,3546.1810015941405,59.99533419866518,-0.009499567252456965,-517.728239537371,-527.3769353644254
7,870.8825,80.79999999999995,3550.8206079400675,59.99530564336174,-0.009562576960309276,-521.2318922238155,-530.5521446206509
7,870.9825000000001,80.89999999999998,3555.5022929036236,59.99527894208456,-0.009627767436093514,-524.856787073872,-533.5211952792682
7,871.0825000000001,81.0,3560.2262429552493,59.995252240807375,-0.009695218422941685,-528.6073725765797,-536.4902459378856
7,871.1825000000001,81.10000000000002,3565.0157194943486,59.995227499284816,-0.009765019481088384,-532.4886127946605,-539.2413815245692
7,871.2825000000001,81.20000000000005,3569.844959050332,59.99520265295028,-0.009837122982746964,-536.4978760935377,-542.0041716856442
7,871.3825,81.29999999999995,3574.692124907717,59.995177910969524,-0.00991147086079938,-540.631932306938,-544.7553582222951
7,871.4825000000001,81.39999999999998,3579.5748379245574,59.99515502416052,-0.009988077653115173,-544.891575464941,-547.3002587850054
7,871.5825000000001,81.5,3584.446647850695,59.99513409618973,-0.010066277587481147,-549.2397865023938,-549.6273461757163
7,871.6825000000001,81.60000000000002,3589.225591058287,59.99511502384889,-0.010144574240893395,-553.593362496754,-551.7480966467635
7,871.7825000000001,81.70000000000005,3593.858175150224,59.99509790988808,-0.01022183674070902,-557.8894238974202,-553.6510848915345
7,871.8825,81.79999999999995,3598.3207218178654,59.995082652015405,-0.010297731027152772,-562.1093968868059,-555.3476852680894
7,871.9825000000001,81.89999999999998,3602.605976898562,59.99506935206457,-0.010372177747539577,-566.2488680479092,-556.8265743683352
7,872.0825000000001,82.0,3606.7204705895283,59.995057908660065,-0.010445164419540376,-570.3071438007015,-558.0990246503977
7,872.1825000000001,82.10000000000002,3610.6618406568346,59.995046465255555,-0.010516749671494073,-574.2874997069434,-559.3714749324602
7,872.2825000000001,82.20000000000005,3614.574605583356,59.9950369790856,-0.010586962123098363,-578.1915099252576,-560.4262903617496
7,872.3825,82.29999999999995,3618.347855058708,59.99502935014926,-0.010655813154026032,-582.0198076846285,-561.2745905507344
7,872.4825000000001,82.39999999999998,3621.8725313220225,59.99502367798927,-0.010723237800850136,-585.7687796810501,-561.9053068354985
7,872.5825000000001,82.5,3625.4259472739864,59.99502182006836,-0.010789112232262107,-589.4315237881838,-562.1118985007539
7,872.6825000000001,82.60000000000002,3628.853950938984,59.9950198637502,-0.010853389063597299,-593.0054397660276,-562.3294314550074
7,872.7825000000001,82.70000000000005,3632.034062129489,59.995018005371094,-0.010916055616415498,-596.4898209103166,-562.5360740688152
7,872.8825,82.79999999999995,3635.2875744496214,59.99501996123106,-0.010977089877377,-599.8834095264929,-562.3185920631142
7,872.9825000000001,82.89999999999998,3638.448664716026,59.995023775699224,-0.011036458158708212,-603.1843497677107,-561.8944419700365
7,873.0825000000001,83.0,3641.346114829144,59.995027590167396,-0.011094130446006741,-606.3909895550189,-561.4702918755441
7,873.1825000000001,83.10000000000002,3644.348874332257,59.99503335980823,-0.011150053794946135,-609.5003671023401,-560.8287361988868
7,873.2825000000001,83.20000000000005,3647.2623828092774,59.99504098874457,-0.011204083309609657,-612.504426596031,-559.9804360113167
7,873.3825,83.29999999999995,3650.1282952423035,59.995050572395385,-0.01125607421973157,-615.3951174683556,-558.9147811901341
7,873.4825000000001,83.39999999999998,3652.942932609096,59.99506201579989,-0.011305949063685301,-618.168133407243,-557.6423309080717
7,873.5825000000001,83.5,3655.7121405278226,59.99507345920439,-0.011353571116705652,-620.8158895718365,-556.3698806260091
7,873.6825000000001,83.60000000000002,3658.434126663051,59.995086856636085,-0.011398783207523012,-623.3296286438369,-554.8801521338703
7,873.7825000000001,83.70000000000005,3661.1088577828627,59.995102114508754,-0.011441461695374992,-625.7024767437906,-553.1835517587301
7,873.8825,83.79999999999995,3663.739476099966,59.99511737238143,-0.011481479648156708,-627.9273937997392,-551.4869513821752
7,873.9825000000001,83.89999999999998,3666.3250144833432,59.995132630254105,-0.01151879897191685,-630.0022618306854,-549.7903510056203
7,874.0825000000001,84.0,3668.877477413,59.99514984123758,-0.011553446831801194,-631.928572711189,-547.8765743175087
7,874.1825000000001,84.10000000000002,3671.392230703701,59.99516891357842,-0.011585367563177929,-633.7032322263454,-545.7558238478761
7,874.2825000000001,84.20000000000005,3673.89036241064,59.99518798591926,-0.011614441113947226,-635.3195831511795,-543.6350733768288
7,874.3825,84.29999999999995,3676.3702341223707,59.9952070582601,-0.011640599731859972,-636.7738584956957,-541.5143229071963
7,874.4825000000001,84.39999999999998,3678.889384447897,59.99522808279535,-0.01166392301960327,-638.0704656018053,-539.1764980231118
7,874.5825000000001,84.5,3681.4081797937465,59.99525096960436,-0.011684464989551674,-639.2124085409175,-536.6315974589869
7,874.6825000000001,84.60000000000002,3684.027172073736,59.99527385641337,-0.011702174191949851,-640.1968447150351,-534.0866968948619
7,874.7825000000001,84.70000000000005,3686.7359974113015,59.99529674322238,-0.011717034929151944,-641.0229014760806,-531.5417963307369
7,874.8825,84.79999999999995,3689.4668510775628,59.99531963003139,-0.01172900172828871,-641.6880506328241,-528.996895766612
7,874.9825000000001,84.89999999999998,3692.2763437096214,59.9953425168404,-0.011737999681962942,-642.1881273968855,-526.4519952024871
7,875.0825000000001,85.0,3695.106741837574,59.99536735446924,-0.011743971904157267,-642.5199500550477,-523.6901730709823
7,875.1825000000001,85.10000000000002,3697.987983691245,59.99539210515569,-0.011746805009564305,-642.6772341848358,-520.9380185061758
7,875.2825000000001,85.20000000000005,3700.8770909132154,59.99541694232633,-0.011746340352730568,-642.651157400565,-518.1762473232236
7,875.3825,85.29999999999995,3703.7833018787173,59.99544364360351,-0.011742545700294264,-642.439910431817,-515.2071966646063
7,875.4825000000001,85.39999999999998,3706.8233995057913,59.99546839497725,-0.011735470104488503,-642.0462578973736,-512.4549656762638
7,875.5825000000001,85.5,3709.765444936945,59.9954932314606,-0.011725176518420968,-641.4736805101057,-509.6932709168475
7,875.6825000000001,85.60000000000002,3712.7643387494245,59.99551798329254,-0.011711722030596599,-640.7253543093871,-506.9409889785379
7,875.7825000000001,85.70000000000005,3715.778152144171,59.99554087010155,-0.01169512311141681,-639.8022124797703,-504.396088414413
7,875.8825,85.79999999999995,3718.8379296741577,59.995565705897604,-0.011675436802963055,-638.7073899156641,-501.6344700799474
7,875.9825000000001,85.89999999999998,3722.0766985126197,59.995590458416835,-0.011652763459213858,-637.4464862857952,-498.8821117181018
7,876.0825000000001,86.0,3725.180517220371,59.99561334522585,-0.011627326611779887,-636.0319475228468,-496.3372111525622
7,876.1825000000001,86.10000000000002,3728.299029345646,59.99563623203486,-0.011599430183696928,-634.4806542441909,-493.79231058843726
7,876.2825000000001,86.20000000000005,3731.5129728206766,59.99565911884387,-0.011569293615448527,-632.8048077291123,-491.2474100243123
7,876.3825,86.29999999999995,3734.644791522733,59.99568200565288,-0.011537010429221638,-631.0096080437079,-488.70250946018734
7,876.4825000000001,86.39999999999998,3737.7661262059996,59.99570489246189,-0.011502636633475522,-629.0981694429258,-486.1576088960624
7,876.5825000000001,86.5,3740.948180873766,59.99572972665427,-0.011466243195384742,-627.0744194417347,-483.39616888223776
7,876.6825000000001,86.60000000000002,3744.220379460164,59.99575448077718,-0.011427756146830977,-624.9342647902952,-480.6436321997512
7,876.7825000000001,86.70000000000005,3747.5930727007462,59.995777367586186,-0.011386969129823172,-622.666248715632,-478.0987316356262
7,876.8825,86.79999999999995,3751.0708979624455,59.9958002543952,-0.011343820006251844,-620.2668987118059,-475.5538310715013
7,876.9825000000001,86.89999999999998,3754.6499209721037,59.99582314120421,-0.011298479601587204,-617.7457129795845,-473.0089305059617
7,877.0825000000001,87.0,3758.3243677034984,59.99584602801322,-0.011251134591499871,-615.1130709930505,-470.4640299432514
7,877.1825000000001,87.10000000000002,3762.074992588987,59.99586891482223,-0.011202013911855496,-612.3817019187877,-467.9191293777118
7,877.2825000000001,87.20000000000005,3765.8809400318783,59.995893747410925,-0.011151189147960285,-609.555568142838,-465.1578676859428
7,877.3825,87.29999999999995,3769.7528614751886,59.99591850313752,-0.011098648751492681,-606.6340464687287,-462.4051526814006
7,877.4825000000001,87.39999999999998,3773.6961074269207,59.99594138994653,-0.011044547368982773,-603.6257518262606,-459.86025211727565
7,877.5825000000001,87.5,3777.711834992818,59.99596427675554,-0.010988966366819182,-600.535191129495,-457.31535155315066
7,877.6825000000001,87.60000000000002,3781.792365722221,59.99598716356455,-0.010931907971218655,-597.362488243342,-454.77045098902573
7,877.7825000000001,87.70000000000005,3785.925762962551,59.99601005037356,-0.010873354196262135,-594.1066432210458,-452.22555042348614
7,877.8825,87.79999999999995,3790.122192705381,59.99603293718257,-0.01081331802352703,-590.7683779350956,-449.6806498607758
7,877.9825000000001,87.89999999999998,3794.3844245084547,59.99605582399158,-0.010751838691317907,-587.3498741517508,-447.1357492952362
7,878.0825000000001,88.0,3798.7094334898,59.99607871080059,-0.010689022550914697,-583.857045167403,-444.5908487325259
7,878.1825000000001,88.10000000000002,3803.1013737275885,59.9961015976096,-0.010625057238968458,-580.3003237979776,-442.0459481669863
7,878.2825000000001,88.20000000000005,3807.553931398645,59.996124484418615,-0.010560157419879247,-576.6916456075973,-439.5010476028614
7,878.3825,88.29999999999995,3812.0714232071514,59.99614737122762,-0.010494510670003537,-573.0414400293356,-436.9561470387364
7,878.4825000000001,88.39999999999998,3816.6601955154283,59.996172201067154,-0.010428185085054234,-569.3534765551474,-434.1951910396969
7,878.5825000000001,88.5,3821.313782680335,59.99619695954291,-0.01036118252734101,-565.6278763187701,-431.44217034242524
7,878.6825000000001,88.60000000000002,3826.0170051840983,59.996221788924245,-0.010293500590826066,-561.8645043649939,-428.6812652919382
7,878.7825000000001,88.70000000000005,3830.7623571760546,59.996248490201424,-0.010225133705835688,-558.0630358806359,-425.7122146347355
7,878.8825,88.79999999999995,3835.555391499163,59.9962751914786,-0.010156040232977358,-554.2211717388659,-422.7431639761182
7,878.9825000000001,88.89999999999998,3840.39706595196,59.99630189275578,-0.01008616279831132,-550.3357219640891,-419.77411331750085
7,879.0825000000001,89.0,3845.290731203598,59.99632859403296,-0.010015583629913616,-546.4112585362092,-416.8050626588835
7,879.1825000000001,89.10000000000002,3850.251560899626,59.99635529531014,-0.009944255067529106,-542.4451315666253,-413.83601200168084
7,879.2825000000001,89.20000000000005,3855.2737778834444,59.996381996587324,-0.009872039568541977,-538.4296936654008,-410.8669613416489
7,879.3825,89.29999999999995,3860.3424785729267,59.9964086978645,-0.009798936102294627,-534.3648875871694,-407.8979106844462
7,879.4825000000001,89.39999999999998,3865.454348232363,59.99643539914168,-0.009724949996037551,-530.2510095893409,-404.9288600258289
7,879.5825000000001,89.5,3870.6051173149226,59.99646210041886,-0.009650107959463012,-526.0895448021988,-401.95980936721156
7,879.6825000000001,89.60000000000002,3875.793864805924,59.99648880169604,-0.009574451518323954,-521.882802132916,-398.9907587100089
7,879.7825000000001,89.70000000000005,3881.029244069023,59.996517443025475,-0.009498031966814974,-517.6336184362517,-395.80598378419006
7,879.8825,89.79999999999995,3886.321923943959,59.99654601894766,-0.009420908962940004,-513.3453267082563,-392.62848182471294
7,879.9825000000001,89.89999999999998,3891.665212699843,59.99657272022484,-0.009343135881015987,-509.0209085368676,-389.6594311660956
7,880.0825000000001,90.0,3897.048519199362,59.99660136086698,-0.009264775424428556,-504.6638208362336,-386.47473266522746
7,880.1825000000001,90.10000000000002,3902.476220008875,59.99662993747646,-0.009185898661784863,-500.2780306162516,-383.29715428079965
7,880.2825000000001,90.20000000000005,3907.9492563512695,59.99665857766041,-0.009106535807150155,-495.865216855626,-380.11250672989866
7,880.3825,90.29999999999995,3913.464540106421,59.99668909340576,-0.009026677867634926,-491.4248661368339,-376.7193059767889
7,880.4825000000001,90.39999999999998,3919.0153397978315,59.99671960915111,-0.008946432563620573,-486.9629819576607,-373.3261052250939
7,880.5825000000001,90.5,3924.57560538181,59.99675012489646,-0.00886578810134232,-482.47890861215103,-369.93290447198416
7,880.6825000000001,90.60000000000002,3930.19417998647,59.9967806406418,-0.008784613614359482,-477.9653699332521,-366.53970372028914
7,880.7825000000001,90.70000000000005,3935.92611338228,59.99681115638715,-0.008702921733304461,-473.42306822686123,-363.1465029671794
7,880.8825,90.79999999999995,3941.6840408963926,59.9968416721325,-0.008620742962697155,-468.85369958803994,-359.7533022154844
7,880.9825000000001,90.89999999999998,3947.439405040254,59.99687218787785,-0.008538088860605092,-464.257906684001,-356.36010146237464
7,881.0825000000001,91.0,3953.2301704361457,59.99690270362319,-0.008454964053438043,-459.63594678005865,-352.9669007106796
7,881.1825000000001,91.10000000000002,3959.048016967012,59.99693321936854,-0.008371366606035156,-454.98771231738004,-349.5736999575699
7,881.2825000000001,91.20000000000005,3964.8952059357266,59.99696567172969,-0.008287291418732709,-450.31290661014185,-345.9651570563535
7,881.3825,91.29999999999995,3970.7780838548797,59.996998065556504,-0.008202733348659702,-445.6112576016581,-342.36312288470384
7,881.4825000000001,91.39999999999998,3976.7031211511726,59.99703051745945,-0.008117687295816625,-440.88248098202325,-338.75463093345456
7,881.5825000000001,91.5,3982.6703417643334,59.997062911744464,-0.008032151426139694,-436.12647559238775,-335.1525458118378
7,881.6825000000001,91.60000000000002,3988.674266375099,59.99709536318922,-0.007946136136451955,-431.3438187745419,-331.544104809141
7,881.7825000000001,91.70000000000005,3994.710628757643,59.997127757932425,-0.007859662384685426,-426.5356765728294,-327.94196873897175
7,881.8825,91.79999999999995,4000.772922401552,59.997160208918984,-0.007772744027864122,-421.70281874107945,-324.33357868482744
7,881.9825000000001,91.89999999999998,4006.8709395291107,59.9971945391325,-0.0076853840409582385,-416.845399250553,-320.51622783864
7,882.0825000000001,92.0,4013.0099672488623,59.99722886934602,-0.007597584320186213,-411.9635356836994,-316.6988769924526
7,882.1825000000001,92.10000000000002,4019.1825725630433,59.997263199559534,-0.007509343860409357,-407.05717219309287,-312.8815261448505
7,882.2825000000001,92.20000000000005,4025.3865026508806,59.99729752977305,-0.0074206629844597305,-402.12632676626015,-309.0641752986631
7,882.3825,92.29999999999995,4031.6274143984438,59.997331859986566,-0.0073315524601429505,-397.171598128271,-305.24682445247566
7,882.4825000000001,92.39999999999998,4037.9081613120175,59.99736619020008,-0.0072420340318986925,-392.19419530038925,-301.42947360628824
7,882.5825000000001,92.5,4044.2146652228166,59.9974005204136,-0.0071522201300945505,-387.20036940811804,-297.6121227601008
7,882.6825000000001,92.60000000000002,4050.550627373674,59.997434850627116,-0.007062098626213108,-382.1894461359376,-293.7947719139134
7,882.7825000000001,92.70000000000005,4056.9178227326242,59.99746918084063,-0.006971569079679117,-377.1558410544451,-289.9774210677259
7,882.8825,92.79999999999995,4063.3109534033774,59.99750351105414,-0.0068806459994032515,-372.1003608882,-286.1600702215385
7,882.9825000000001,92.89999999999998,4069.73212738065,59.997539773988805,-0.006789345630367004,-367.02389816345453,-282.1278102920624
7,883.0825000000001,93.0,4076.179300835274,59.99757598617844,-0.006697683373958948,-361.927320519321,-278.1011929596877
7,883.1825000000001,93.10000000000002,4082.6503682321327,59.997610316391956,-0.006605672198514587,-356.81135888558754,-274.28384211350027
7,883.2825000000001,93.20000000000005,4089.1462527889094,59.997646578639326,-0.006513314358594057,-351.6761179354715,-270.2516586075602
7,883.3825,93.29999999999995,4095.664773342754,59.997682791516254,-0.006420589144770964,-346.5204570958375,-266.22496485306414
7,883.4825000000001,93.39999999999998,4102.208163539944,59.99771905330543,-0.006327452950575391,-341.34195138840226,-262.1928322956765
7,883.5825000000001,93.5,4108.780689375366,59.99775526664055,-0.006233890610015601,-336.13975813743576,-258.16608759121334
7,883.6825000000001,93.60000000000002,4115.373894021424,59.997791527971536,-0.0061399233451273,-330.9150568190105,-254.13400598379286
7,883.7825000000001,93.70000000000005,4121.994344099967,59.99782774176485,-0.006045574187413948,-325.6691284872458,-250.10721032936254
7,883.8825,93.79999999999995,4128.648168125696,59.99786400263764,-0.005950865019012959,-320.403189338377,-246.07517967049452
7,883.9825000000001,93.89999999999998,4135.32759698414,59.99790214731932,-0.00585580900307742,-315.1179625298652,-241.83367873122938
7,884.0825000000001,94.0,4142.033178250554,59.99793836179993,-0.005760407261077661,-309.8135287590018,-237.80680665326304
7,884.1825000000001,94.10000000000002,4148.768058723257,59.99797462198543,-0.005664660056641894,-304.4898931571541,-233.77485241793104
7,884.2825000000001,94.20000000000005,4155.530991725005,59.99801276666711,-0.005568569240977137,-299.1471503784941,-229.5333514786659
7,884.3825,94.29999999999995,4162.324240391439,59.99805091134879,-0.005472139749356242,-293.7855836772831,-225.2918505379861
7,884.4825000000001,94.39999999999998,4169.149936000883,59.99808905603048,-0.005375373598006173,-288.4053051864586,-221.05034959730628
7,884.5825000000001,94.5,4175.999475898958,59.99812527165657,-0.005278260715103567,-283.00576320608246,-217.0233501486661
7,884.6825000000001,94.60000000000002,4182.861659571825,59.998161530696585,-0.005180795861050104,-277.58665770335466,-212.99152328400797
7,884.7825000000001,94.70000000000005,4189.740289424316,59.99819967537827,-0.005082981337374751,-272.14810910603165,-208.7500223447428
7,884.8825,94.79999999999995,4196.63962793972,59.99823782005995,-0.0049848192626463115,-266.69024330374134,-204.508521404063
7,884.9825000000001,94.89999999999998,4203.561483886166,59.99827596474164,-0.004886299469579209,-261.2124950397674,-200.2670204633832
7,885.0825000000001,95.0,4210.510181430905,59.99831410942332,-0.004787377744199184,-255.71240610052553,-196.02551952411804
7,885.1825000000001,95.10000000000002,4217.4850015166685,59.998352254105,-0.004688006068349744,-250.1873067699045,-191.78401858343824
7,885.2825000000001,95.20000000000005,4224.486925764426,59.99839039878669,-0.004588173027232713,-244.63656244177417,-187.54251764275844
7,885.3825,95.29999999999995,4231.520378968243,59.99843047069118,-0.004487895931123493,-239.0611286273421,-183.08671900707822
7,885.4825000000001,95.39999999999998,4238.5764047843695,59.998470502847326,-0.004387217092897763,-233.46336534289503,-178.63534019333756
7,885.5825000000001,95.5,4245.652794935842,59.99850864752901,-0.004286195640884153,-227.84656644190136,-174.39383925265776
7,885.6825000000001,95.60000000000002,4252.749837623254,59.99854679221069,-0.004184889057201618,-222.21392106819334,-170.1523383133926
7,885.7825000000001,95.70000000000005,4259.857616296046,59.99858493689238,-0.004083409881040208,-216.57168627786922,-165.9108373727128
7,885.8825,95.79999999999995,4266.979345711924,59.99862308157406,-0.00398181074345871,-210.92278830242412,-161.669336432033
7,885.9825000000001,95.89999999999998,4274.112981444263,59.99866122625574,-0.003880010784206765,-205.2627314366443,-157.42783549135316
7,886.0825000000001,96.0,4281.256414779903,59.99870129655656,-0.0037779652678113953,-199.5890226625497,-152.97221517772857
7,886.1825000000001,96.10000000000002,4288.41623397479,59.99874133031638,-0.003675694425876172,-193.90279309842208,-148.52065804193228
7,886.2825000000001,96.20000000000005,4295.595582073722,59.99877947499807,-0.003573216067882786,-188.20503820786755,-144.27915710125248
7,886.3825,96.29999999999995,4302.793227120312,59.99881954461159,-0.003470527201910042,-182.4955806561477,-139.82361321116392
7,886.4825000000001,96.39999999999998,4310.005742700391,59.998859579058696,-0.0033676287582979155,-176.7744779254684,-135.37197965324623
7,886.5825000000001,96.5,4317.232430063861,59.998897723740384,-0.0032645276631324957,-171.0421199017644,-131.13047871256643
7,886.6825000000001,96.60000000000002,4324.47547946047,59.99893779266662,-0.003161209816512506,-165.29771265277253,-126.67501124459925
7,886.7825000000001,96.70000000000005,4331.73044489458,59.99897782780101,-0.0030576576240913195,-159.54028320687536,-122.22330126314553
7,886.8825,96.79999999999995,4339.001602741932,59.99901789626906,-0.002953875372345384,-153.7700697437004,-117.76788474373082
7,886.9825000000001,96.89999999999998,4346.291992781327,59.99905793186165,-0.002849874787805644,-147.98772441810533,-113.31612381372464
7,887.0825000000001,97.0,4353.600980923056,59.999097999871495,-0.002745653920489417,-142.19313868758923,-108.86075824427705
7,887.1825000000001,97.10000000000002,4360.9282303685895,59.999138035922286,-0.00264120195652781,-136.3857114839885,-104.40894636430374
7,887.2825000000001,97.20000000000005,4368.270634875311,59.99917810347394,-0.002536510525210967,-130.56497730086227,-99.95363174340862
7,887.3825,97.29999999999995,4375.623970748817,59.99922006262379,-0.0024315571547603044,-124.72968327502456,-95.2879807096511
7,887.4825000000001,97.39999999999998,4382.992527648846,59.99926009936187,-0.0023263408572883476,-118.87978186320657,-90.83609240614176
7,887.5825000000001,97.5,4390.382531637853,59.99930016622623,-0.0022208809474436085,-113.01634310374043,-86.38085420878268
7,887.6825000000001,97.60000000000002,4397.7908534681865,59.99934212537608,-0.002115168478892951,-107.1388666151974,-81.71520317502514
7,887.7825000000001,97.70000000000005,4405.218704202565,59.99938216280145,-0.0020091768759920386,-101.24588121279112,-77.26323844797977
7,887.8825,97.79999999999995,4412.665100035342,59.999422228978524,-0.001902891424492077,-95.3365655183094,-72.80807667415672
7,887.9825000000001,97.89999999999998,4420.1342362455525,59.99946418812838,-0.001796312287233333,-89.410926103351,-68.14242563898453
7,888.0825000000001,98.0,4427.61718525669,59.99950422624104,-0.0016894516685772077,-83.46964685621917,-63.69038448981778
7,888.1825000000001,98.10000000000002,4435.104313946233,59.999544291730814,-0.0015823419163974448,-77.51452347754704,-59.23529913953077
7,888.2825000000001,98.20000000000005,4442.6012174246625,59.99958625088067,-0.0014750080732824989,-71.54694629509213,-54.56964810577324
7,888.3825,98.29999999999995,4450.111316461206,59.99962628968062,-0.0013674538695129664,-65.56712702015925,-50.117530531655795
7,888.4825000000001,98.39999999999998,4457.636550398396,59.99966635448311,-0.0012596852490464588,-59.575393872357566,-45.66252160490482
7,888.5825000000001,98.5,4465.177902220774,59.99970831363296,-0.0011517255434509953,-53.57304254954864,-40.996870571147284
7,888.6825000000001,98.60000000000002,4472.733393232423,59.99975027278281,-0.0010436068845195452,-47.56186140263632,-36.33121953597511
7,888.7825000000001,98.70000000000005,4480.300850426365,59.999792231932666,-0.0009353604823295621,-41.54358565540025,-31.665568502217575
7,888.8825,98.79999999999995,4487.882229698752,59.999832271878105,-0.0008269997670177358,-35.5189630352807,-27.21332355601163
7,888.9825000000001,98.89999999999998,4495.480954531348,59.99987233553511,-0.0007185094383770782,-29.487141509021374,-22.758442001349152
7,889.0825000000001,99.0,4503.093805078641,59.999914294684956,-0.0006098676826044363,-23.446907638852604,-18.092790967591622
7,889.1825000000001,99.10000000000002,4510.72060060677,59.99995625383481,-0.0005010471339069603,-17.39674098842355,-13.427139932419443
7,889.2825000000001,99.20000000000005,4518.361525999002,59.999998212984664,-0.0003920260120692482,-11.33543065162689,-8.761488898661913
7,889.3825,99.29999999999995,4526.014428247615,60.00004017213452,-0.00028280810492104804,-5.263187243325471,-4.095837863489733
