lap,session_time_s,lap_time_s,lap_distance_m,latitude_deg,longitude_deg,x_east_m,y_north_m
2,485.52500000000003,0.0,0.0,60.000051346891546,-0.0001599265968694761,0.0,0.0
2,485.625,0.0999999999999659,4.4609886247340995,60.000092334722254,-4.973535655788604e-05,6.126348598828017,4.55764512451586
2,485.725,0.19999999999998863,11.680654424819906,60.00013429137943,6.057100390905652e-05,12.259089806779178,9.223018986264893
2,485.82500000000005,0.30000000000001137,19.332881715134672,60.00017624803661,0.00017096094788692366,18.3964702578521,13.88839284659928
2,485.925,0.39999999999997726,26.998889550104387,60.00021820469379,0.0002814610063194329,24.539964992401107,18.553766708348313
2,486.02500000000003,0.5,34.67733935423911,60.00025731775869,0.00039209064131459013,30.690657358131855,22.902947098505724
2,486.125,0.5999999999999659,42.3684894150277,60.00029830331088,0.0005028718904423801,36.84977073685263,27.460338862370445
2,486.225,0.6999999999999886,50.071002660809604,60.00034025996806,0.0006138133991051254,43.01778583627831,32.12571272411948
2,486.32500000000005,0.8000000000000114,57.78513233921984,60.00038221662524,0.0007249056006709978,49.1941712122314,36.79108658586851
2,486.425,0.8999999999999773,65.51115056016425,60.00042417328242,0.0008361163119844971,55.37713755735137,41.456460447617545
2,486.52500000000003,1.0,73.25067874178447,60.000466129939596,0.0009474114070713037,61.56478755371418,46.12183430795193
2,486.625,1.099999999999966,81.00103926917963,60.000508086596774,0.0010587964761196843,67.75743199047994,50.78720816970097
2,486.725,1.1999999999999886,88.7611249505167,60.00055004325395,0.0011702977384441737,73.95652857426998,55.45258203003535
2,486.82500000000005,1.3000000000000114,96.53094714557784,60.00059199991114,0.001281926749520505,80.16271974256955,60.11795589319903
2,486.925,1.3999999999999773,104.31210554362731,60.000633956568315,0.001393679058232265,86.37575801330352,64.78332975353342
2,487.02500000000003,1.5,112.10355216060586,60.00067591322549,0.001505563039584765,92.59610899800279,69.44870361528245
2,487.125,1.599999999999966,119.90552831177531,60.00071786988267,0.0016175767191207574,98.82366290904724,74.11407747561684
2,487.225,1.6999999999999886,127.71429767365142,60.00075982653985,0.0017296963657486893,105.05710035857781,78.77945133736587
2,487.32500000000005,1.8000000000000114,135.5316891764256,60.000801783197026,0.0018419337011326919,111.29707302267127,83.4448251991149
2,487.425,1.8999999999999773,143.35800573923012,60.00084373985421,0.0019543296259763128,117.54585483661744,88.11019906086393
2,487.52500000000003,2.0,151.19458324617997,60.0008885332681,0.0020669158534488063,123.80520362430026,93.09100631225118
2,487.625,2.099999999999966,159.0403542856387,60.00093146786583,0.0021796523274451025,130.07290080329275,97.86512235100865
2,487.725,2.1999999999999886,166.8963931831855,60.00097342452301,0.0022924356443747526,136.34319617397497,102.53049621275768
2,487.82500000000005,2.3000000000000114,174.76163004815035,60.00101538118019,0.00240520093635749,142.61248146489436,107.19587007450671
2,487.925,2.3999999999999773,182.63471888254045,60.001057337837366,0.0025179420834047393,148.88041642734663,111.8612439348411
2,488.02500000000003,2.5,190.51697683101008,60.00110212897275,0.00263074346616771,155.15168569159468,116.8417978284065
2,488.125,2.599999999999966,198.409768504318,60.001145065848995,0.0027436411471118477,161.4283048334635,121.6161672278151
2,488.225,2.6999999999999886,206.31096187541837,60.00118702250617,0.0028566202897713703,167.7094472990412,126.28154108814948
2,488.32500000000005,2.8000000000000114,214.2205264012091,60.00123181227444,0.0029696833245855037,173.9952384536575,131.26194296504127
2,488.425,2.8999999999999773,222.13954506745273,60.001274750517794,0.0030828565248416104,180.28715094720152,136.03646437970883
2,488.52500000000003,3.0,230.06669915458946,60.00131670717497,0.0031960295631370717,186.5790490371715,140.70183824004323
2,488.625,3.099999999999966,237.99980396347672,60.00136149557613,0.0033090761921382534,192.86390299524507,145.68208810026138
2,488.725,3.1999999999999886,245.93751240243714,60.0014044351866,0.0034219176115641934,199.13734511220517,150.45676153301724
2,488.82500000000005,3.3000000000000114,253.88114989169958,60.00144922267634,0.003534632796701359,205.4037551912191,155.4369100478432
2,488.925,3.3999999999999773,261.8312821384266,60.00149216319822,0.0036472867183136417,211.66675667305444,160.21168482316193
2,489.02500000000003,3.5,269.7870980589641,60.00153694977656,0.0037599015876267636,217.9275727837232,165.1917319940104
2,489.125,3.599999999999966,277.7499214366489,60.00157989120984,0.0038725407156343806,224.18973536054966,169.96660811472128
2,489.225,3.6999999999999886,285.71788973313335,60.00162467687678,0.003985227704593986,230.45454426745152,174.94655394300688
2,489.32500000000005,3.8000000000000114,293.69500246459404,60.00167044777552,0.004097959605558417,236.7218380988006,180.0360527001211
2,489.425,3.8999999999999773,301.679733628172,60.001713390575915,0.004210736934198441,242.99165924482273,184.81108083609098
2,489.52500000000003,4.0,309.6733613238122,60.00175817487573,0.004323579336708749,249.2650831609873,189.79087464770294
2,489.625,4.099999999999966,317.67509334128107,60.001803945774476,0.004436501371582455,255.54292201195707,194.88037340481716
2,489.725,4.199999999999989,325.6860122106488,60.00184688994199,0.004549518230970528,261.82603522143353,199.65555355746065
2,489.82500000000005,4.300000000000011,333.7050438269045,60.00189167287469,0.004662622522367852,268.1139936836479,204.635195352399
2,489.925,4.399999999999977,341.7340529923418,60.00193744377343,0.004775819460835934,274.40709032924383,209.72469410951325
2,490.02500000000003,4.5,349.7714747979312,60.00198321467217,0.004889109888358967,280.70537586836184,214.8141928680421
2,490.125,4.599999999999966,357.818067702637,60.00202898557091,0.00500248158070223,287.0081706742016,219.90369162515634
2,490.225,4.699999999999989,365.8703939638164,60.00207193201694,0.005115900213550165,293.31357897375716,224.67912513703632
2,490.32500000000005,4.800000000000011,373.9286341240549,60.00211671267113,0.005229369982527037,299.621813729352,229.65851357273817
2,490.425,4.899999999999977,381.9957594164635,60.00216248356987,0.005342900563775103,305.9334162650103,234.74801233126706
2,490.52500000000003,5.0,390.0702235137946,60.00220825446861,0.005456503177945782,312.24901478339314,239.8375110883813
2,490.625,5.099999999999966,398.15118630222173,60.00225402536735,0.005570196716390586,318.5696595522603,244.92700984691018
2,490.725,5.199999999999989,406.2386252043616,60.002299796266094,0.005684036576726385,324.8984304228874,250.0165086040244
2,490.82500000000005,5.300000000000011,414.3333449422412,60.00234556716483,0.005798067177621764,331.23779685762423,255.1060073625533
2,490.925,5.399999999999977,422.43563123126154,60.00238851680079,0.005912272824383286,337.5869006768786,259.88179557906193
2,491.02500000000003,5.5,430.54708628984474,60.002433294265046,0.006026687714606264,343.94761973416973,264.8608293087205
2,491.125,5.599999999999966,438.66507021077274,60.00247906516379,0.006141309097323365,350.31980495587135,269.95032806724936
2,491.225,5.699999999999989,446.79246998391756,60.002524836062534,0.006256045298618634,356.6983647417721,275.0398268257782
2,491.32500000000005,5.800000000000011,454.92747546957264,60.00257060696127,0.006370884815195193,363.08265954895626,280.1293255828925
2,491.425,5.899999999999977,463.06897168791215,60.002616377860015,0.006485843836779241,369.4735894381555,285.21882434142134
2,491.52500000000003,6.0,471.2145539369094,60.00266214875875,0.006600925419513001,375.87132430259794,290.3083230985356
2,491.625,6.099999999999966,479.3633928208924,60.002707919657496,0.006716185170396542,382.27895561161404,295.39782185706446
2,491.725,6.199999999999989,487.5154737646405,60.00275087293908,0.00683163246162138,388.6970209482106,300.1740154494832
2,491.82500000000005,6.300000000000011,495.6707887987904,60.00279564675771,0.006947234070415616,395.12364638513117,305.1526438032316
2,491.925,6.399999999999977,503.8301491346024,60.00284141765645,0.007062971625938112,401.5578150437558,310.24214256176055
2,492.02500000000003,6.5,511.99143122111656,60.00288718855519,0.007178845079013841,407.99953003283485,315.33164131887474
2,492.125,6.599999999999966,520.1570024363879,60.00293295945393,0.007294835467754845,414.4477371499111,320.42114007740366
2,492.225,6.699999999999989,528.3239503950922,60.00297591501404,0.007410913731470262,420.90083866459645,325.1975870304735
2,492.32500000000005,6.800000000000011,536.4933144302014,60.00302068655415,0.007527044580699976,427.3568435572344,330.1759620249855
2,492.425,6.899999999999977,544.6659285454549,60.00306645745289,0.007643145426234229,433.8111651047103,335.2654607820997
2,492.52500000000003,7.0,552.8457838465665,60.00311222835163,0.007759179757190863,440.2617798505348,340.3549595406286
2,492.625,7.099999999999966,561.0334937765854,60.00315799925037,0.007875138638391331,446.70819105253156,345.4444582977428
2,492.725,7.199999999999989,569.2176080352156,60.00320377014911,0.007990984525609403,453.1483114554808,350.53395705627173
2,492.82500000000005,7.300000000000011,577.3965408312442,60.00324954104785,0.0081066381072321,459.5777317618403,355.62345581338593
2,492.925,7.399999999999977,585.5424347525361,60.00329249979789,0.008221662364674937,465.97217587235866,360.4002574710845
2,493.02500000000003,7.5,593.5637734189537,60.003337268148066,0.008334750673170624,472.2589702703565,365.37827776096776
2,493.125,7.599999999999966,601.351880121965,60.00338022780951,0.008444352555415223,478.3519425733005,370.1551807612292
2,493.225,7.699999999999989,608.8528761667218,60.003422184466686,0.008549751579029931,484.2112579743568,374.8205546229782
2,493.32500000000005,7.800000000000011,616.0672109720365,60.00346414112387,0.008650899252492444,489.83421389186634,379.48592848472725
2,493.425,7.899999999999977,622.9982433161892,60.00350328791086,0.008747866575714889,495.2247790180133,383.83885860488243
2,493.52500000000003,8.0,629.6556215223621,60.00354143032648,0.008840846538961169,500.39366999706243,388.08010756985163
2,493.625,8.099999999999966,636.0554297067487,60.003576763783315,0.008930064445527706,505.35342685486336,392.0090141372045
2,493.725,8.199999999999989,642.197422350685,60.00361109195737,0.009015666887434732,510.1121863551467,395.8261382053938
2,493.82500000000005,8.300000000000011,648.0887454598789,60.00364542013143,0.009097752709926563,514.6754364522187,399.64326227499777
2,493.925,8.399999999999977,653.7332429440423,60.00367694071382,0.00917639121559645,519.0470523151537,403.1481959622444
2,494.02500000000003,8.5,659.1384323862028,60.00370745464631,0.009251732258040506,523.2353515485429,406.5411951336539
2,494.125,8.599999999999966,664.3147817276069,60.003737968578804,0.009323942990357903,527.2496193432789,409.93419430647805
2,494.225,8.699999999999989,669.2763357621604,60.00376567628674,0.009393201162209765,531.0997603424004,413.01515511361845
2,494.32500000000005,8.800000000000011,674.0270349504626,60.00379237597767,0.0094596079781317,534.7913871019309,415.9840293882481
2,494.425,8.899999999999977,678.5645130154292,60.00381627035546,0.009523234439370946,538.3284618718207,418.6409666440008
2,494.52500000000003,9.0,682.8934957449383,60.003839155804826,0.009584166366229158,541.7157416767703,421.18571602185057
2,494.625,9.099999999999966,687.0294908517394,60.003862041254195,0.009642517589666343,544.9595468630861,423.730465401115
2,494.725,9.199999999999989,690.9940934796986,60.00388492670356,0.00969842581403055,548.0675331471679,426.2752147789648
2,494.82500000000005,9.300000000000011,694.7876785163495,60.00390781215294,0.00975199813596624,551.0456546236298,428.8199641596439
2,494.925,9.399999999999977,698.4289292378927,60.003927894567674,0.009803413442836579,553.9038799955748,431.0530298764386
2,495.02500000000003,9.5,701.935675449119,60.003946965775484,0.009852868206879143,556.6531173715002,433.1736543589232
2,495.125,9.599999999999966,705.3155551263742,60.00396603698329,0.009900508376276504,559.3014722898079,435.2942788414078
2,495.225,9.699999999999989,708.5707833842987,60.0039851081911,0.009946440786444587,561.8548842616713,437.41490332389236
2,495.32500000000005,9.800000000000011,711.7199828430779,60.0040013781871,0.009990779167768145,564.3197000066403,439.2240468346916
2,495.425,9.899999999999977,714.7466567448141,60.004019435909456,0.010033791750494138,566.7107926172904,441.2319767208003
2,495.52500000000003,10.0,717.6536427175341,60.00403570681686,0.010076041991233103,569.0595175730197,443.041221575577
2,495.625,10.099999999999966,720.4917633089441,60.00405096378311,0.010118065130224977,571.3956246156969,444.73772116128174
2,495.725,10.199999999999989,723.1375380399738,60.00406342136036,0.01016012973827091,573.7340602929422,446.12294246325615
2,495.82500000000005,10.300000000000011,725.7630142031468,60.00407486408504,0.010202371694121795,576.0823634135664,447.39531715218106
2,495.925,10.399999999999977,728.1531005611472,60.00408350833214,0.010244897370814224,578.446463385837,448.35651490135314
2,496.02500000000003,10.5,730.603439044873,60.004091136815255,0.010287688949614104,580.8253542357692,449.2047646934982
2,496.125,10.599999999999966,732.851842746955,60.00409876529838,0.010330622149300939,583.2121178160698,450.0530144870579
2,496.225,10.699999999999989,735.1781313842298,60.004106393781505,0.010373507534568643,585.5962226488758,450.90126428061757
2,496.32500000000005,10.800000000000011,737.3669079748795,60.00410842895508,0.010416171012846587,587.9680399384853,451.12756556916713
2,496.425,10.899999999999977,739.6130002374616,60.00411122515415,0.010458471506398795,590.3196705028706,451.43848914968345
2,496.52500000000003,11.0,741.8477391589435,60.004112243652344,0.010500277248934932,592.6438115864735,451.5517411372284
2,496.625,11.099999999999966,744.0445049387505,60.004112243652344,0.01054146652523903,594.9336899094809,451.5517411372284
2,496.725,11.199999999999989,746.2154124392898,60.00410944882039,0.010581925876056783,597.1830139543802,451.2409695733857
2,496.82500000000005,11.300000000000011,748.5185002071895,60.00410563457882,0.010621551769380518,599.3860121515097,450.81684467660585
2,496.925,11.399999999999977,750.7156051400611,60.00410182033726,0.0106602272877908,601.5361754122721,450.39271978124066
2,497.02500000000003,11.5,753.1191729471666,60.0040980060957,0.010697796804848916,603.6248518230241,449.9685948844608
2,497.125,11.599999999999966,755.3372702698254,60.00409139884499,0.010734150021077407,605.6459349480414,449.23390111179333
2,497.225,11.699999999999989,757.8393832338776,60.00408377036187,0.01076958890082682,607.6161961756978,448.3856513196483
2,497.32500000000005,11.800000000000011,760.139615313297,60.00407334978101,0.010804398947257116,609.5515241799803,447.22693399417847
2,497.425,11.899999999999977,762.8277166382761,60.004061907056325,0.010838692820694502,611.458166077546,445.95455930525355
2,497.52500000000003,12.0,765.2608088442202,60.00405046433164,0.010872319126204637,613.3276958011603,444.68218461491404
2,497.625,12.099999999999966,768.1359671958526,60.00403902160696,0.010905201822651025,615.1558858928122,443.4098099259891
2,497.725,12.199999999999989,770.6917360921225,60.00402478860735,0.010937148579294523,616.9320698955754,441.82717039310916
2,497.82500000000005,12.300000000000011,773.6816237384376,60.0040095316411,0.0109679020119967,618.6419224359106,440.1306708074044
2,497.925,12.399999999999977,776.3234678520668,60.00399427467486,0.010997400363979982,620.2820006312522,438.43417122169967
2,498.02500000000003,12.5,779.3363144582594,60.0039762288008,0.011025374032100427,621.837342290115,436.4275588072988
2,498.125,12.599999999999966,782.4232397347192,60.00395715759299,0.011051618091347302,623.2965382871241,434.3069343248142
2,498.225,12.699999999999989,785.0182083962911,60.00393808638518,0.011075952413632423,624.6495648505421,432.18630984232965
2,498.32500000000005,12.800000000000011,787.6589396956037,60.003919015177374,0.011098169742245331,625.8848996167959,430.065685359845
2,498.425,12.899999999999977,790.2079100439651,60.00389715688457,0.011118028552789103,626.9891415388722,427.63515073803404
2,498.52500000000003,13.0,792.7233024818652,60.0038742714352,0.011135416014827355,627.9560011978987,425.0904013587696
2,498.625,13.099999999999966,795.2934515117635,60.00385138598583,0.011150418970657777,628.7902966666649,422.5456519809198
2,498.725,13.199999999999989,797.8230166979238,60.003828500536464,0.011163140844592426,629.497777607717,420.00090260165535
2,498.82500000000005,13.300000000000011,800.4966328659311,60.00380282982491,0.011173783210838817,630.0896767945263,417.14644577101956
2,498.925,13.399999999999977,803.2201803560803,60.00377613013398,0.011182428604758866,630.5705659244253,414.17757149497527
2,499.02500000000003,13.5,806.0864340203767,60.00374943044305,0.011189020767615711,630.9373074039491,411.20869722034564
2,499.125,13.599999999999966,809.0874715013709,60.003722730752116,0.011193524343418313,631.1879355008939,408.23982294430135
2,499.225,13.699999999999989,812.2067003943934,60.00369603106119,0.011196006838645706,631.326203056257,405.2709486696717
2,499.32500000000005,13.800000000000011,815.4265278387986,60.0036665483866,0.01119641474369264,631.349161658435,401.9926203029072
2,499.425,13.899999999999977,818.7471862362795,60.003636034454104,0.011194689151488415,631.2535195351527,398.5996211314977
2,499.52500000000003,14.0,822.1747845563256,60.00360552052161,0.011190771011442297,631.0359837946494,395.2066219600882
2,499.625,14.099999999999966,825.6923974460618,60.00357500658912,0.011184746343003867,630.7013364759129,391.8136227872641
2,499.725,14.199999999999989,829.314529238487,60.00354171149578,0.011176779994274029,630.2587685639044,388.11137221308945
2,499.82500000000005,14.300000000000011,833.0293957809738,60.00351016402686,0.011166944654473526,629.7122778558402,384.60344887496916
2,499.925,14.399999999999977,836.810785430518,60.00347686984493,0.01115541145554396,629.0714114814541,380.90129964477205
2,500.02500000000003,14.5,840.6319224847832,60.00344254167088,0.01114238772094926,628.3476885439077,377.0841755765827
2,500.125,14.599999999999966,844.5161898249196,60.00340821349682,0.01112794655088922,627.5451630506245,373.2670515069787
2,500.225,14.699999999999989,848.4663986554219,60.003373885322766,0.01111235121382317,626.6784711998594,369.44992743878936
2,500.32500000000005,14.800000000000011,852.4777807168048,60.003339557148706,0.011095771831934803,625.7570707818784,365.6328033706001
2,500.425,14.899999999999977,856.5489117047402,60.00330245100374,0.011078146685828455,624.7775566746034,361.50678260427424
2,500.52500000000003,15.0,860.692853244743,60.003267086103335,0.011059460703565234,623.7390481268329,357.5743796661601
2,500.625,15.099999999999966,864.888691605155,60.00322998086977,0.011039599355275938,622.6352106309173,353.4484602423971
2,500.725,15.199999999999989,869.1353303551357,60.00319183845415,0.011018433955344168,621.458883131309,349.207211277428
2,500.82500000000005,15.300000000000011,873.4431236703678,60.00315369603854,0.010995970635301396,620.2103966051499,344.96596231245877
2,500.925,15.399999999999977,877.8139451063053,60.00311555362292,0.010972167082551889,618.8873985640004,340.72471334748957
2,501.02500000000003,15.5,882.2474512882452,60.0030774112073,0.010946904017047383,617.4832575153363,336.48346438252037
2,501.125,15.599999999999966,886.7467777506014,60.00303926879168,0.010920049155157912,615.9906190179579,332.2422154175512
2,501.225,15.699999999999989,891.3178988370042,60.00300112637606,0.010891465131532054,614.401846095528,328.000966452582
2,501.32500000000005,15.800000000000011,895.9766798018297,60.00296021009087,0.010861119297700743,612.7151491807851,323.45127683808255
2,501.425,15.899999999999977,900.7166358256003,60.00292102684757,0.01082886946181209,610.9225810974839,319.0942929545824
2,501.52500000000003,16.0,905.5498603781624,60.00288288443195,0.010794540340969336,609.0144033052668,314.8530439896132
2,501.625,16.099999999999966,910.4691960940058,60.00284196951386,0.01075808374226101,606.9879713921738,310.30350639037266
2,501.725,16.19999999999999,915.4562779751169,60.002802784903444,0.010719593396500894,604.8484546938116,305.9463704916135
2,501.82500000000005,16.30000000000001,920.4981955146734,60.00276187089677,0.010679098143425972,602.5974880410173,301.39693423635055
2,501.925,16.399999999999977,925.5778810052005,60.00272268537495,0.010636585290414564,600.2343340279148,297.03969699361386
2,502.02500000000003,16.5,930.6876355737319,60.00268177227968,0.0105921166334063,597.7624594283878,292.4903620823284
2,502.125,16.599999999999966,935.8258044755862,60.002642585846445,0.01054582508674052,595.1892221798498,288.1330234956142
2,502.225,16.69999999999999,940.9881597119497,60.00260167366258,0.010497733156804563,592.5159044742921,283.58378992830626
2,502.32500000000005,16.80000000000001,946.1928434890319,60.00256248631795,0.01044789075418877,589.7452499531655,279.22634999761453
2,502.425,16.899999999999977,951.466087260194,60.00252157504549,0.010396363914125049,586.880960508338,274.67721777428414
2,502.52500000000003,17.0,956.8008666233918,60.002482386789445,0.010343185019069775,583.9248056338279,270.31967649820024
2,502.625,17.099999999999966,962.1840514006549,60.0024414764284,0.010288353181423996,580.8767663004838,265.770645620262
2,502.725,17.19999999999999,967.6110581514325,60.00240228726095,0.010231949629293467,577.7413279450849,261.4130030002006
2,502.82500000000005,17.30000000000001,973.0868015364509,60.002361377811305,0.010174049272565416,574.5226851973773,256.8640734648252
2,502.925,17.399999999999977,978.6149243432391,60.002322187732446,0.01011466846673729,571.2217172452833,252.5063295022009
2,503.02500000000003,17.5,984.1827356194752,60.00228404531683,0.010053899055723976,567.8435360808846,248.26508053723174
2,503.125,17.599999999999966,989.7866668537097,60.0022431372343,0.009991748141541633,564.3885691040729,243.71630301852997
2,503.225,17.69999999999999,995.4297048386215,60.00220394578833,0.009928258565696084,560.859159540381,239.35840703923208
2,503.32500000000005,17.80000000000001,1001.1018017700634,60.002163038617205,0.009863487676563901,557.2585247660402,234.80973086450786
2,503.425,17.899999999999977,1006.8144520896421,60.00212384625983,0.009797536619492647,553.5922589102108,230.45173354123241
2,503.52500000000003,18.0,1012.5696643724085,60.00208570384421,0.009730556531303159,549.8687702315269,226.21048457626324
2,503.625,18.099999999999966,1018.3666951429316,60.0020447980402,0.00966263005104782,546.0926846678086,221.66196041679797
2,503.725,18.19999999999999,1024.2090572147101,60.00200560431571,0.009593799195938025,542.2663009453075,217.30381107826358
2,503.82500000000005,18.30000000000001,1030.0955912041265,60.00196469942311,0.009524118322903528,538.3926691499471,212.75538826277582
2,503.925,18.399999999999977,1036.0253445879696,60.00192550478721,0.009453622321995979,534.4737009953302,208.39713757884925
2,504.02500000000003,18.5,1041.987342645814,60.001884600806015,0.009382329587809591,530.5104467907954,203.8488161087537
2,504.125,18.599999999999966,1047.9798841220115,60.001845405258706,0.009310261339946935,526.5040586707989,199.49046408084962
2,504.225,18.69999999999999,1054.0037355323875,60.001804502188925,0.009237443549079433,522.4560077105344,194.94224395473157
2,504.32500000000005,18.80000000000001,1060.0628041622983,60.00176530573021,0.009163897148993318,518.3674306032274,190.58379058284996
2,504.425,18.899999999999977,1066.1571058775296,60.001724403571835,0.009089642106995392,514.2394642205182,186.03567180070945
2,504.52500000000003,19.0,1072.2891576801414,60.00168244691465,0.009014719788115428,510.07440288288296,181.37029793896042
2,504.625,19.099999999999966,1078.4499881094084,60.00164324908882,0.008939246215498558,505.87866759810277,177.01169255040517
2,504.725,19.19999999999999,1084.6325372840165,60.00160234829756,0.008863269292457182,501.6549559089928,172.46372578493828
2,504.82500000000005,19.30000000000001,1090.8418553655085,60.00156039164038,0.008786720996730332,497.39948079398636,167.79835192318924
2,504.925,19.399999999999977,1097.0772529212907,60.00152119244744,0.008709604298069962,493.1123786727228,163.43959451937505
2,505.02500000000003,19.5,1103.3382526653374,60.00148029302329,0.00863201628499093,488.79908071775816,158.8917797691671
2,505.125,19.599999999999966,1109.6237137775906,60.00143833636611,0.008554074520085232,484.46611788310145,154.22640590741807
2,505.225,19.69999999999999,1115.9337123205082,60.00139637970893,0.008475862664178666,480.118133485451,149.56103204566904
2,505.32500000000005,19.80000000000001,1122.2856804188461,60.00135442305175,0.008397418506983717,475.7572284666524,144.89565818533467
2,505.425,19.899999999999977,1128.6778451292741,60.00131246639457,0.008318780638253493,471.38554825325406,140.23028432358564
2,505.52500000000003,20.0,1135.105137128812,60.001270509737395,0.008239978018548647,467.00470292853,135.56491046325124
2,505.625,20.099999999999966,1141.5678142364857,60.00122855308022,0.008161001645937346,462.61419199947164,130.8995366015022
2,505.725,20.19999999999999,1148.0505636495716,60.00118659642303,0.008081844898694823,458.2136473029816,126.23416273975317
2,505.82500000000005,20.30000000000001,1154.559859075651,60.00114188640295,0.008002554572581973,453.8056893886596,121.2626284686755
2,505.925,20.399999999999977,1161.1051880072384,60.00109886841141,0.00792315954360508,449.39189290189057,116.47923944819381
2,506.02500000000003,20.5,1167.6618380817163,60.00105691175423,0.007843682099422527,444.9735015302203,111.81386558785942
2,506.125,20.599999999999966,1174.2335886811134,60.00101220310126,0.007764231696915819,440.55662630632975,106.84248333345536
2,506.225,20.69999999999999,1180.825842193286,60.00096643220252,0.00768500203760716,436.1520247049858,101.75298457492649
2,506.32500000000005,20.80000000000001,1187.4488106434703,60.00092341238816,0.007606146334796307,431.76818981010194,96.96939286507511
2,506.425,20.899999999999977,1194.1024778742276,60.0008787051023,0.007527694401931244,427.4068084148533,91.99816262734466
2,506.52500000000003,21.0,1200.7854009447633,60.000832934203565,0.007449513180262574,423.0604786012693,86.90866387023043
2,506.625,21.099999999999966,1207.4670810300715,60.00078716330482,0.007371643798624059,418.7314800921348,81.81916511170154
2,506.725,21.19999999999999,1214.0586354122727,60.00074139240608,0.007295051673828856,414.47348708028807,76.72966635317266
2,506.82500000000005,21.30000000000001,1220.4615251903203,60.00069837031321,0.007220814624791698,410.3464060674913,71.94582128549943
2,506.925,21.399999999999977,1226.6305775239675,60.000656413656024,0.007149422757653305,406.37749656734866,67.2804474237504
2,507.02500000000003,21.5,1232.5679194494037,60.000614456998846,0.007081026027252528,402.5751025918912,62.61507356200137
2,507.125,21.599999999999966,1238.2927279633532,60.000575247780425,0.00701570504823069,398.94368982407434,58.25520137443438
2,507.225,21.69999999999999,1243.8281840300588,60.000537105364806,0.006953468500990204,395.4837516716238,54.01395240946519
2,507.32500000000005,21.80000000000001,1249.1941278302943,60.00049896294919,0.006894295474274262,392.1941323178681,49.77270344449601
2,507.425,21.899999999999977,1254.407457360116,60.00046082053357,0.006838170663841799,389.07398118582694,45.53145447952682
2,507.52500000000003,22.0,1259.4835577224153,60.00042267811796,0.006785339908312774,386.136966493223,41.290205514557634
2,507.625,22.099999999999966,1264.4359448175082,60.00038453570234,0.0067361022860613975,383.39971646917013,37.04895654958845
2,507.725,22.19999999999999,1269.2823841412617,60.00034639328672,0.006690519704561199,380.8656733417354,32.807707584619266
2,507.82500000000005,22.30000000000001,1274.0267150973714,60.0003082508711,0.0066487685439140295,378.544643708876,28.566458619650078
2,507.925,22.399999999999977,1278.6674971949067,60.00027010845548,0.006610781425807543,376.43288188879933,24.325209654680894
2,508.02500000000003,22.5,1283.2131131689086,60.00023196603987,0.006576531736066465,374.52890856711474,20.08396068971171
2,508.125,22.599999999999966,1287.7041696191422,60.00019108074253,0.006546001059903565,372.83171574730824,15.537716771862758
2,508.225,22.69999999999999,1292.196354902599,60.00015186651137,0.006519185723873721,371.3410745928997,11.17728719171205
2,508.32500000000005,22.80000000000001,1296.8107764185197,60.00011098212544,0.0064961991912921456,370.0633125387909,6.631144617840626
2,508.425,22.899999999999977,1301.7858780412162,60.00007176698286,0.0064770652281847755,368.99973258772025,2.270613693712392
2,508.52500000000003,23.0,1307.177899682501,60.00003088350835,0.006461882980798722,368.15586605396703,-2.275427534766858
2,508.625,23.099999999999966,1312.76570322066,59.99999166745437,0.006450522599336626,367.5244754254292,-6.6360598042872665
2,508.725,23.19999999999999,1318.2764199762394,59.999950784891254,0.006442885102265596,367.1000764974599,-11.181999690203638
2,508.82500000000005,23.30000000000001,1323.445473841053,59.99990882823408,0.006438395519220312,366.85069937928716,-15.847373551952671
2,508.925,23.399999999999977,1328.2992245509301,59.99986961081298,0.006437718082678181,366.81325298726284,-20.208157836732045
2,509.02500000000003,23.5,1333.007781716292,59.999828729616986,0.006440931742448148,366.99215154962917,-24.753945705974804
2,509.125,23.599999999999966,1337.6695978221392,59.99978677295981,0.006447702615660136,367.36882910227985,-29.41931956630919
2,509.225,23.69999999999999,1342.369982619965,59.9997475541716,0.006458132743493674,367.9489380880532,-33.78025586776218
2,509.32500000000005,23.80000000000001,1347.0871679880013,59.99970667434271,0.006471728444490609,368.7050557384229,-38.32589172174597
2,509.425,23.899999999999977,1351.7766169423971,59.99966471768553,0.00648795624426352,369.60751918160275,-42.99126558208035
2,509.52500000000003,24.0,1356.4538030144768,59.999622761028355,0.006506459121677456,370.6364731125495,-47.65663944382939
2,509.625,24.099999999999966,1361.1559339237804,59.99958080437118,0.006527111432628003,371.78493222993467,-52.32201330557842
2,509.725,24.19999999999999,1365.9140098716703,59.999538847714,0.006549945567748897,373.05469761182854,-56.98738716591281
2,509.82500000000005,24.30000000000001,1370.7311340193503,59.999496891056815,0.0065749557213769915,374.4454467062204,-61.65276102766184
2,509.925,24.399999999999977,1375.6016980153997,59.99945493439964,0.006602124199273425,375.9561959797826,-66.31813488941087
2,510.02500000000003,24.5,1380.531951113196,59.99941297774246,0.006631448709568065,377.5868182374387,-70.9835087511599
2,510.125,24.599999999999966,1385.535693470201,59.99937102108528,0.006662945332066359,379.3382077126774,-75.6488826114943
2,510.225,24.69999999999999,1390.6126278070792,59.9993290644281,0.006696532511570326,381.2058303243982,-80.31425647324333
2,510.32500000000005,24.80000000000001,1395.7454773175257,59.999287107770925,0.006732188236836599,383.18846251050724,-84.97963033499236
2,510.425,24.899999999999977,1400.9273326847804,59.999242418713216,0.006769903846598629,385.2856388517249,-89.94883369175764
2,510.52500000000003,25.0,1406.1654882042558,59.9991993797593,0.006809650250905145,387.49571682384186,-94.73455362655172
2,510.625,25.099999999999966,1411.4546519944686,59.99915742310212,0.006851343717726446,389.8140444768393,-99.3999274868861
2,510.725,25.19999999999999,1416.7913590871992,59.99911546644494,0.006894854104940504,392.2333926464576,-104.06530134863513
2,510.82500000000005,25.30000000000001,1422.1772003775363,59.99907350978776,0.006939998834605643,394.7436105061712,-108.73067521038418
2,510.925,25.399999999999977,1427.6119608169904,59.99902882300857,0.006985966797186911,397.2996183034048,-113.69962520791296
2,511.02500000000003,25.5,1433.0992243526077,59.998985781776135,0.007031314922651338,399.82115768731495,-118.48559850194353
2,511.125,25.599999999999966,1438.6421241418448,59.99894109590836,0.007074855748737988,402.2422274232213,-123.45444715408013
2,511.225,25.69999999999999,1444.2389272558341,59.99889532500962,0.007116036391812021,404.53208460669157,-128.54394591119436
2,511.32500000000005,25.80000000000001,1449.885640532725,59.998849554110876,0.007154730897643367,406.6837195466512,-133.63344466972325
2,511.425,25.899999999999977,1455.5724937102673,59.99880105536865,0.007190728396710885,408.6854247769421,-139.02626620338074
2,511.52500000000003,26.0,1461.4159117828456,59.99875419761613,0.007223918127380445,410.53101492064906,-144.23661775342765
2,511.625,26.099999999999966,1467.2952114110235,59.99870569978531,0.007254342946288776,412.22289272000586,-149.62933794310763
2,511.725,26.19999999999999,1473.2049523069818,59.99865611464501,0.0072820264085208,413.762364136189,-155.14296159700172
2,511.82500000000005,26.30000000000001,1479.1481872930472,59.998606529504706,0.0073070047837004055,415.15143862250346,-160.65658525231044
2,511.925,26.399999999999977,1485.095473552318,59.998554218799434,0.007329221412347236,416.3869828001678,-166.47327832209663
2,512.0250000000001,26.500000000000057,1491.084706224551,59.998503544526834,0.007348644673106062,417.4672108260613,-172.10800812957453
2,512.125,26.599999999999966,1497.051868552191,59.99845123473297,0.007365181772215238,418.38698373274286,-177.9245998553832
2,512.225,26.69999999999999,1503.0295454195484,59.998397835351106,0.007378568355803558,419.1315999797065,-183.86234840605712
2,512.325,26.80000000000001,1509.044741110028,59.998344435969244,0.007388788789311359,419.7001830035703,-189.80009695673107
2,512.425,26.89999999999992,1515.1016910886965,59.99829103658738,0.00739579482375418,420.0900497860397,-195.73784550740498
2,512.5250000000001,27.000000000000057,1521.2705374441932,59.99823491437477,0.007399327032892862,420.28679335717356,-201.97835944062382
2,512.625,27.099999999999966,1527.4484292521263,59.998180423126385,0.0073990979903990495,420.2744049684737,-208.03751817681413
2,512.725,27.19999999999999,1533.6378181848563,59.99812702374452,0.007394897514090192,420.041201592771,-213.97526672748808
2,512.825,27.30000000000001,1539.8522860557007,59.99807090289902,0.0073865744891741004,419.57880504126194,-220.21562864544794
2,512.925,27.39999999999992,1546.1223483574868,59.998016410283526,0.007373971532204325,418.87843674661013,-226.27493939831186
2,513.0250000000001,27.500000000000057,1552.3235345233686,59.997963010901664,0.007357113021002574,417.94145493970916,-232.2126879489858
2,513.125,27.599999999999966,1558.463554042368,59.997909611519795,0.0073360736030035475,416.7720163222733,-238.15043649965972
2,513.225,27.69999999999999,1564.56868579023,59.99785621213793,0.007310901581039488,415.3728059350483,-244.08818505033366
2,513.325,27.80000000000001,1570.6384967680485,59.99780553194118,0.007281599017793551,413.7439209011896,-249.7235735943728
2,513.425,27.89999999999992,1576.7319182820956,59.99775594680088,0.007248218655539536,411.8883034425101,-255.23719724968154
2,513.5250000000001,28.000000000000057,1582.7589507535356,59.997706361660576,0.007210877589539171,409.81247035328215,-260.75082090357563
2,513.625,28.099999999999966,1588.7412811961058,59.99765677652027,0.007169695744902168,407.52308891046636,-266.2644445574697
2,513.725,28.19999999999999,1594.7009424189778,59.99760990874227,0.007124738674065694,405.0237866824585,-271.47591089268406
2,513.825,28.30000000000001,1600.631830002412,59.99756413784353,0.0070760058956257504,402.31454661900216,-276.5654096512129
2,513.925,28.39999999999992,1606.6618497185623,59.99751836694479,0.007023550944275819,399.39835154716695,-281.6549084083272
2,514.0250000000001,28.500000000000057,1612.6361246579534,59.99747531204123,0.006967365503864757,396.27472239544187,-286.4424018648499
2,514.125,28.599999999999966,1618.5863930288997,59.997433355384054,0.0069074495036340585,392.9436648173559,-291.1077757251843
2,514.225,28.69999999999999,1624.5624888297887,59.997391398726876,0.006843935441603565,389.41255189670704,-295.77314958693336
2,514.325,28.80000000000001,1630.5540374402265,59.99735215669777,0.006776911602113521,385.6862760134052,-300.1366701619352
2,514.425,28.89999999999992,1636.7179600646455,59.99731672845452,0.006706429986362653,381.76772219045716,-304.07611651285333
2,514.5250000000001,29.000000000000057,1642.769779984125,59.9972796865638,0.006632623889463092,377.6643329556643,-308.1949925223976
2,514.625,29.099999999999966,1648.7382421250854,59.99724425740915,0.006555592257568675,373.38159087859447,-312.1345402172933
2,514.725,29.19999999999999,1654.6795260277058,59.99721264204035,0.0064754494955524535,368.925844604055,-315.6500136866905
2,514.825,29.30000000000001,1660.5783655387418,59.99718212810786,0.006392322702967709,364.30417630694757,-319.04301285951465
2,514.925,29.39999999999992,1666.4815608060883,59.997151614175365,0.006306362256980567,359.524952927502,-322.43601203092413
2,515.0250000000001,29.500000000000057,1672.3457411853906,59.997123811681014,0.006217729415132165,354.59712562175946,-325.52751262021513
2,515.125,29.599999999999966,1678.20195607942,59.99709711199009,0.0061265909988684475,349.52997856799817,-328.4963868962594
2,515.225,29.69999999999999,1684.0794109599253,59.99707312282589,0.006033136166023332,344.33402065147556,-331.16386393416275
2,515.325,29.80000000000001,1689.9761189871042,59.99705023737652,0.005937548722636071,339.01948021507,-333.7086133120126
2,515.425,29.89999999999992,1695.9031116365725,59.99703006154248,0.005840039367895158,333.5980641783452,-335.95206679711356
2,515.5250000000001,30.000000000000057,1701.8020722117335,59.9970136994943,0.005741037704960966,328.09365357314334,-337.7714460567162
2,515.625,30.099999999999966,1707.658532165082,59.99699844252805,0.0056410618032937555,322.5350671650668,-339.46794564383555
2,515.725,30.19999999999999,1713.480192600734,59.99698318556181,0.005540353918908463,316.9357799307251,-341.16444522812566
2,515.825,30.30000000000001,1719.2767833581674,59.996973344180596,0.005438988454477016,311.2999031534645,-342.2587584028283
2,515.925,30.39999999999992,1725.04553512848,59.99696571569747,0.005337229056061183,305.64211172839043,-343.10700819497333
2,516.0250000000001,30.500000000000057,1730.8270355104328,59.996958087214345,0.0052355007830218675,299.98604957123916,-343.955257988533
2,516.125,30.599999999999966,1736.5728440554176,59.99695587158203,0.005134078309321742,294.34696449071185,-344.2016254016085
2,516.225,30.69999999999999,1742.2974005541864,59.99695587158203,0.005033196616179487,288.7379367932914,-344.2016254016085
2,516.325,30.80000000000001,1748.020629212021,59.99695587158203,0.004933102100997596,283.1726762338417,-344.2016254016085
2,516.425,30.89999999999992,1753.7385421167749,59.996958576640324,0.004834039088704968,277.66475593969363,-343.9008362273327
2,516.5250000000001,31.000000000000057,1759.4342974734664,59.99696509548448,0.004736232019419295,272.2266508989445,-343.17597282897316
2,516.625,31.099999999999966,1765.0751227206915,59.996972723967595,0.004639883814100349,266.8696553516987,-342.3277230368281
2,516.725,31.19999999999999,1770.643124298873,59.9969830561419,0.004545229797024211,261.6068472742812,-341.1788360856662
2,516.825,31.30000000000001,1776.2204933408043,59.996997202102065,0.004452427813961048,256.44699919322716,-339.60587491042054
2,516.925,31.39999999999992,1781.673596350352,59.99701245906831,0.0043614764129666864,251.39004147594758,-337.9093753247158
2,517.0250000000001,31.500000000000057,1787.0618159629441,59.99702771603456,0.004272279856728036,246.43065545002258,-336.21287573901105
2,517.125,31.599999999999966,1792.4412745552231,59.99704567486917,0.004184857675372428,241.56991705785097,-334.21594168365914
2,517.225,31.69999999999999,1797.8040390005576,59.99706744748964,0.004099396467182093,236.81819769214016,-331.79493340280885
2,517.325,31.80000000000001,1803.1507949254922,59.99709033293901,0.004015996437281691,232.18107894406907,-329.2501840235444
2,517.425,31.89999999999992,1808.484949566041,59.997115918889634,0.003934766826771895,227.66462926225833,-326.40515219130646
2,517.5250000000001,32.00000000000006,1813.8049841377133,59.99714261858057,0.0038558109589719855,223.2745991803035,-323.43627791667683
2,517.625,32.099999999999966,1819.1183007882487,59.997172017861345,0.0037791103236931418,219.00995435326772,-320.1672225316365
2,517.725,32.19999999999999,1824.43454113287,59.99720253179384,0.003704621712229354,214.86829788575352,-316.7742233588124
2,517.825,32.30000000000001,1829.7546325326343,59.99723304572633,0.003632399158200913,210.85263762878608,-313.3812241874029
2,517.925,32.39999999999992,1835.0778970022266,59.99726625788156,0.0035625648881277877,206.969760737167,-309.6881959222564
2,518.0250000000001,32.50000000000006,1840.4029532849447,59.997300586055616,0.0034951714695005956,203.22259508584634,-305.87107185406705
2,518.125,32.599999999999966,1845.7336319912104,59.997337611541,0.0034302295517001265,199.61172798524106,-301.75402003611816
2,518.225,32.69999999999999,1851.0841823181863,59.997373057100994,0.0033676751449327365,196.13361451419598,-297.8126481482124
2,518.325,32.80000000000001,1856.4992695176004,59.99741277807489,0.0033075106321593653,192.78836964050873,-293.3958712698738
2,518.425,32.89999999999992,1861.9603305607422,59.997452038787856,0.003249838694058116,189.58171635099384,-289.0302731412106
2,518.5250000000001,33.00000000000006,1867.4542583100567,59.99749287669198,0.0031947471305888964,186.51853023140816,-284.4892991158516
2,518.625,33.099999999999966,1872.9748122908281,59.99753483334916,0.0031421360909772394,183.59326084730827,-279.8239252541026
2,518.725,33.19999999999999,1878.5161463690004,59.99757948458344,0.0030918812820703925,180.79899313736428,-274.8589276759413
2,518.825,33.30000000000001,1884.0783864209195,59.997622561360785,0.0030437024459758787,178.12015647439904,-270.06900196254327
2,518.925,33.39999999999992,1889.6409011784287,59.997667211683655,0.002997291553064645,175.53961580855398,-265.10410572835946
2,519.0250000000001,33.50000000000006,1895.1375615470072,59.9977129825824,0.0029522517937225273,173.03530992578806,-260.0146069698306
2,519.125,33.599999999999966,1900.507038532516,59.99775606072685,0.002908081986485556,170.5793832482283,-255.22452924117357
2,519.225,33.69999999999999,1905.7139982114838,59.997798017384035,0.002864498830502863,168.15608004526865,-250.55915537942454
2,519.325,33.80000000000001,1910.7432450684237,59.99783728219833,0.002821439857265461,165.7619308597903,-246.19310120356985
2,519.425,33.89999999999992,1915.5941963856526,59.997875424613945,0.002778844038999632,163.39353837131534,-241.95185223860068
2,519.5250000000001,34.00000000000006,1920.2731607236865,59.997910876098096,0.00273678141328228,161.05480026980433,-238.00982161413367
2,519.625,34.099999999999966,1924.7900283005972,59.99794789474792,0.0026953468497421078,158.75098068311408,-233.89352987813822
2,519.725,34.19999999999999,1929.1533353033376,59.997980657123406,0.002654495453591039,156.47959737550937,-230.25051490621837
2,519.825,34.30000000000001,1933.3766720030958,59.99801386062026,0.0026142168176803956,154.24006028086615,-226.55844940956567
2,519.925,34.39999999999992,1937.4671965528298,59.998042810577005,0.002574479591034445,152.0306370964619,-223.33935664647058
2,520.0250000000001,34.50000000000006,1941.4280675856883,59.99807219892089,0.002535134253713215,149.84300355321204,-220.07151739057525
2,520.125,34.599999999999966,1945.2511528652208,59.99810002465613,0.0024960792667183865,147.67151865562806,-216.97743252773535
2,520.225,34.69999999999999,1948.9767923789161,59.99812672434707,0.002457250677860881,145.51262558699995,-214.00855825169106
2,520.325,34.80000000000001,1952.6060146613875,59.998153424037994,0.002418529672781583,143.3597158164906,-211.03968397706143
2,520.425,34.89999999999992,1956.1497294241717,59.99818012372893,0.0023796083166970467,141.1956684627337,-208.07080970101714
2,520.5250000000001,35.00000000000006,1959.6277028563331,59.99820413704543,0.0023399234872091786,138.98918013821822,-205.40064704700205
2,520.625,35.099999999999966,1963.052069688952,59.998227022494795,0.002298914199033455,136.70905718586476,-202.8558976677376
2,520.725,35.19999999999999,1966.424844162396,59.99824990794417,0.0022562730110840556,134.3382038681236,-200.31114828847316
2,520.825,35.30000000000001,1969.7380681264071,59.998270108386215,0.002211871721262523,131.86949772888096,-198.0649585145643
2,520.925,35.39999999999992,1972.980230092401,59.998289179594025,0.002165696129180416,129.30214599022943,-195.94433403207972
2,521.0250000000001,35.50000000000006,1976.1501439761805,59.998308250801834,0.0021178727458473615,126.64318031995188,-193.82370954959512
2,521.125,35.599999999999966,1979.2531655306677,59.99832463836943,0.002068598632294783,123.90356220012845,-192.0014926557925
2,521.225,35.69999999999999,1982.3484090436623,59.99833989533568,0.0020180063930143877,121.09066117790812,-190.3049930686731
2,521.325,35.80000000000001,1985.3366434691764,59.998355152301926,0.001966250174172187,118.21304549391921,-188.60849348438302
2,521.425,35.89999999999992,1988.5560539117073,59.99836772699508,0.0019135011938496511,115.28023939777468,-187.21024946927196
2,521.5250000000001,36.00000000000006,1992.3240001142126,59.99837648790237,0.0018598917610429017,112.29960071422626,-186.236079681074
2,521.625,36.099999999999966,1995.5662597685425,59.99838411638549,0.0018055837206131103,109.28012290730356,-185.38782988892893
2,521.725,36.19999999999999,1999.7924002211178,59.99839174486861,0.0017507922793343026,106.23376926611941,-184.53958009536925
2,521.825,36.30000000000001,2004.6939095882306,59.99839669290145,0.0016957756253907384,103.17489894404837,-183.9893831872775
2,521.925,36.39999999999992,2009.510273330167,59.99840050714302,0.0016407423927149525,100.11510903686559,-183.565258289083
2,522.0250000000001,36.50000000000006,2014.1134726310515,59.9984016418457,0.0015857190667590264,97.05587421534854,-183.4390849337936
2,522.125,36.599999999999966,2018.4845739931284,59.99839896276253,0.0015306919163839364,93.99643228378844,-183.73698580258792
2,522.225,36.69999999999999,2022.5919802939943,59.99839782714844,0.0014756793206358986,90.93779720343461,-183.86326050185488
2,522.325,36.80000000000001,2025.898586825052,59.99839247080491,0.001420807522203558,87.88699579280697,-184.45885955007384
2,522.425,36.89999999999992,2029.4186728526104,59.998387520037845,0.0013662527709637387,84.85382082808754,-185.0093604915128
2,522.5250000000001,37.00000000000006,2033.040513096626,59.998378351275576,0.0013122291449303952,81.85018058159106,-186.02888174714195
2,522.625,37.099999999999966,2036.249261643039,59.99836958535554,0.0012589810843213302,78.88965958146053,-187.0036089293383
2,522.725,37.19999999999999,2039.549709871929,59.998356604174525,0.0012067513924469617,75.98576279343929,-188.4470523937922
2,522.825,37.30000000000001,2042.8841406180013,59.99834402310152,0.0011557000398413442,73.14737877764374,-189.84600581674593
2,522.925,37.39999999999992,2046.079397543996,59.9983299049393,0.0011059145907690727,70.3793781603218,-191.4158759971404
2,523.0250000000001,37.50000000000006,2049.3145610794295,59.99831197299121,0.001057558314249057,67.69084070299999,-193.4098204030333
2,523.125,37.599999999999966,2052.5492796291232,59.9982929017834,0.0010107790149067235,65.08998115373117,-195.5304448855179
2,523.225,37.69999999999999,2055.785076250272,59.99827383057559,0.0009657569086944832,62.5868181937363,-197.65106936800248
2,523.325,37.80000000000001,2059.0217658760544,59.99825475936778,0.0009227961764224315,60.19826404528444,-199.77169385048708
2,523.425,37.89999999999992,2062.266532674653,59.998233015000956,0.0008819584483425037,57.92774772708346,-202.18956046520478
2,523.5250000000001,38.00000000000006,2065.6005715591336,59.99820745684827,0.0008431230733033285,55.76856195809693,-205.03150130259158
2,523.625,38.099999999999966,2068.946660012757,59.998183429404946,0.0008061744853659111,53.71427680107692,-207.70323479179493
2,523.725,38.19999999999999,2072.321087911157,59.99815787216367,0.0007709491814844062,51.75580429422941,-210.54507428661887
2,523.825,38.30000000000001,2075.827099994354,59.99813117247274,0.0007373350997360389,49.88691358222992,-213.5139485612485
2,523.925,38.39999999999992,2079.344562363271,59.998101801901306,0.0007051284673311751,48.096276205965715,-216.7798116074601
2,524.0250000000001,38.50000000000006,2082.8738818120232,59.998073958393604,0.0006743363865639194,46.38428399102517,-219.87587268139836
2,524.125,38.599999999999966,2086.428706125267,59.998044588733585,0.0006451760337426775,44.76301403641334,-223.14163438363244
2,524.225,38.69999999999999,2090.152818236184,59.9980114052877,0.0006177015028021663,43.23547542333658,-226.8314703113649
2,524.325,38.80000000000001,2093.8532626473675,59.99797974617133,0.0005920073050785032,41.80691941018413,-230.35180829592736
2,524.425,38.89999999999992,2097.5867390138746,59.99794656363685,0.0005681952223026154,40.48300708748702,-234.0415428796823
2,524.5250000000001,39.00000000000006,2101.4085335941704,59.9979122354628,0.0005460830664358048,39.25360877847831,-237.85866694787165
2,524.625,39.099999999999966,2105.3930468365006,59.99787790728874,0.0005257055408007329,38.120653386123934,-241.67579101606097
2,524.725,39.19999999999999,2109.363082869337,59.99784357911469,0.0005071337800472965,37.08809609793275,-245.4929150842503
2,524.825,39.30000000000001,2113.347244322849,59.99780658416147,0.0004903367494444643,36.1542130169355,-249.60657187541543
2,524.925,39.39999999999992,2117.395869400774,59.99776844174585,0.00047545927107111034,35.32705540135451,-253.8478208403846
2,525.0250000000001,39.50000000000006,2121.492406179539,59.99773029933023,0.0004626063466869845,34.61246082784113,-258.0890698053538
2,525.125,39.599999999999966,2125.7735825086243,59.99769215691461,0.00045174984261254255,34.008865274348345,-262.33031877032295
2,525.225,39.69999999999999,2130.0307782261707,59.997654014499,0.00044290830149579415,33.517299894221736,-266.57156773529215
2,525.325,39.80000000000001,2134.2841460310337,59.99761320758273,0.0004361130676371681,33.13950894325888,-271.1090960640006
2,525.425,39.89999999999992,2138.5957454143154,59.99757125092555,0.0004314847177160166,32.88219584132345,-275.774469924335
2,525.5250000000001,40.00000000000006,2142.975765302551,59.99753195785761,0.00042916653302221483,32.753325295148194,-280.14366576773693
2,525.625,40.099999999999966,2147.4532587509134,59.99749115230846,0.00042913312971706077,32.751488285034405,-284.6810420783571
2,525.725,40.19999999999999,2152.054632173903,59.99744919565128,0.0004311936514166956,32.86607331998956,-289.34641594010617
2,525.825,40.30000000000001,2156.760350763379,59.99740457677198,0.0004349888102945833,33.07710509591389,-294.30781580494335
2,525.925,40.39999999999992,2161.5266976275016,59.99736146763966,0.00044027700451625725,33.371148735340505,-299.1013392316655
2,526.0250000000001,40.50000000000006,2166.329785424571,59.99731684967176,0.0004471248667574572,33.75191068034407,-304.0626377511105
2,526.125,40.599999999999966,2171.211996920406,59.997273739628035,0.0004556895931932375,34.228129646151494,-308.85626252322487
2,526.225,40.69999999999999,2176.0752153488925,59.99722912257154,0.00046596159229140253,34.79927408504672,-313.817459700107
2,526.325,40.80000000000001,2181.037182812598,59.99718601161641,0.00047763567226014384,35.44837399155738,-318.6111858147842
2,526.425,40.89999999999992,2186.068423129793,59.997141395471324,0.0004905544804013127,36.16668232604182,-323.5722816462742
2,526.5250000000001,41.00000000000006,2191.147970509236,59.99709562457259,0.0005046340013306167,36.94952783166836,-328.6617804033884
2,526.625,41.099999999999966,2196.281333470369,59.99704985367384,0.0005197291604184006,37.78884387774135,-333.7512791619173
2,526.725,41.19999999999999,2201.4771594210592,59.997004082775106,0.0005357782701959966,38.68120075729706,-338.8407779190315
2,526.825,41.30000000000001,2206.728711934947,59.99695831187636,0.0005527496847205994,39.624839064312525,-343.9302766775604
2,526.925,41.39999999999992,2212.0227005575393,59.99690988376824,0.0005704475508446644,40.60887108318808,-349.3152440465937
2,527.0250000000001,41.50000000000006,2217.3565184584463,59.996862955381616,0.000588287112153785,41.60078187090943,-354.5334497612648
2,527.125,41.599999999999966,2222.7340099994144,59.9968145281849,0.0006056611102336807,42.56680963402369,-359.9183157863206
2,527.225,41.69999999999999,2228.1614160342915,59.99676759888687,0.000622296936169408,43.49179529698531,-365.13662284638383
2,527.325,41.80000000000001,2233.6414913769445,59.99671917260156,0.0006381649572133322,44.37409313000108,-370.5213875260475
2,527.425,41.89999999999992,2239.173852915286,59.996669587461255,0.0006533095322618939,45.216169235910236,-376.0350111813562
2,527.5250000000001,42.00000000000006,2244.7536170493754,59.99662000232095,0.0006677638218878792,46.01986650155386,-381.54863483525025
2,527.625,42.099999999999966,2250.3711369142725,59.99657041718065,0.0006815057487063249,46.78395732967038,-387.06225848914437
2,527.725,42.19999999999999,2256.0376775976515,59.9965181784766,0.0006944871980255509,47.50576833936987,-392.8709453776327
2,527.825,42.30000000000001,2261.7382302986625,59.996467432202785,0.0007066335635616501,48.18114835382199,-398.51368136640843
2,527.925,42.39999999999992,2267.4741308057087,59.99641784706248,0.0007178691262290234,48.80588744532795,-404.02730502030255
2,528.0250000000001,42.50000000000006,2273.2546438049285,59.99636560972554,0.0007280719951944526,49.37321111562095,-409.83583989353195
2,528.125,42.599999999999966,2279.081606811041,59.99631221034367,0.0007370482630288498,49.872336804828585,-415.77358844420587
2,528.225,42.69999999999999,2284.957999733781,59.99626146224704,0.0007445049664375447,50.28697252864988,-421.4165271209366
2,528.325,42.80000000000001,2290.936397007013,59.99620922627721,0.000750086043672415,50.597323933154044,-427.2249099774925
2,528.425,42.89999999999992,2296.9324131779767,59.99615582689535,0.000753338350784247,50.778195409945546,-433.1626585281664
2,528.5250000000001,43.00000000000006,2302.9262746351355,59.99610242751348,0.0007538640519769635,50.807465783788885,-439.1004070788403
2,528.625,43.099999999999966,2308.921590669938,59.996049028131615,0.0007512738438867846,50.66348910247645,-445.0381556295142
2,528.725,43.19999999999999,2314.9064026790347,59.995992979743036,0.0007450231863360949,50.31599005773216,-451.27046069489484
2,528.825,43.30000000000001,2320.8546829560896,59.99593841467062,0.0007347604114311979,49.74541192757589,-457.33782830033806
2,528.925,43.39999999999992,2326.8084478955834,59.995885015288756,0.0007205360844195695,48.9545659095235,-463.275576851012
2,529.0250000000001,43.50000000000006,2332.787137402611,59.995831615906894,0.0007024050909602434,47.94650405425565,-469.2133254016859
2,529.125,43.599999999999966,2338.8024735519643,59.995778216525025,0.0006805136694327977,46.729356842539154,-475.1510739523598
2,529.225,43.69999999999999,2344.8501165843672,59.99572481714316,0.0006550595017594273,45.31411509841284,-481.0888225030338
2,529.325,43.80000000000001,2350.8524208565577,59.9956714177613,0.000626025580553075,43.69983271224328,-487.0265710537077
2,529.425,43.89999999999992,2356.8930995669057,59.99561801837943,0.0005935987771458185,41.89689946857371,-492.9643196057963
2,529.5250000000001,44.00000000000006,2362.991358191835,59.99556461899757,0.0005577792672244105,39.90532467905184,-498.9020681564702
2,529.625,44.099999999999966,2369.146266832901,59.99551121961571,0.0005188249208650136,37.73944579044872,-504.8398167071441
2,529.725,44.19999999999999,2375.342843433622,59.995457820233845,0.0004770263418068333,35.41542033049807,-510.7775652578181
2,529.825,44.30000000000001,2381.5585149460426,59.995404420851976,0.0004323636749654921,32.93214394663786,-516.7153138084919
2,529.925,44.39999999999992,2387.85521066848,59.99535366500838,0.0003853712028664734,30.319321900346715,-522.359113909739
2,530.0250000000001,44.50000000000006,2394.2108633916123,59.99530143678552,0.00033639074726216973,27.595961705648136,-528.1666353417786
2,530.125,44.599999999999966,2400.5917411405894,59.99525068003051,0.0002856246094379633,24.77331006976585,-533.8105367870031
2,530.225,44.69999999999999,2406.9826376671986,59.99519845271905,0.00023322016646280862,21.859562314944327,-539.6179568750651
2,530.325,44.80000000000001,2413.396149122764,59.99514769505264,0.00017917802202135452,18.854750759171463,-545.2619596642672
2,530.425,44.89999999999992,2419.8302914673286,59.995098109912334,0.00012352035880567686,15.76010885741143,-550.7755833181614
2,530.5250000000001,45.00000000000006,2426.258984847477,59.99504852477203,6.639144726325904e-05,12.583658471161742,-556.2892069734701
2,530.625,45.099999999999966,2432.695695699581,59.99499629928339,7.98844745193939e-06,9.336362223384675,-562.0964243721623
2,530.725,45.19999999999999,2439.155105505153,59.994945539794166,-5.163099998719101e-05,6.0214241042832795,-567.7406298493195
2,530.825,45.30000000000001,2445.6342688275568,59.99489595465386,-0.00011287978035009398,2.6158870302470993,-573.2542535032136
2,530.925,45.39999999999992,2452.138944130724,59.99484636951356,-0.00017595237614592636,-0.8910626196733363,-578.7678771585223
2,531.0250000000001,45.50000000000006,2458.669119048697,59.99479678437326,-0.00024060481806326004,-4.485859923652995,-584.2815008124164
2,531.125,45.599999999999966,2465.2260842515257,59.994747199232954,-0.0003066815027556507,-8.159853235736177,-589.7951244663105
2,531.225,45.69999999999999,2471.8035225896156,59.99469761409265,-0.00037433450265697104,-11.921498258248196,-595.3087481216193
2,531.325,45.80000000000001,2478.416274727298,59.994650666110765,-0.00044368329121281585,-15.77743752126302,-600.5291327339291
2,531.425,45.89999999999992,2485.0500299000046,59.99460225850931,-0.0005147994663284464,-19.73165297498241,-605.9118198613461
2,531.5250000000001,46.00000000000006,2491.6780655149705,59.99455267336901,-0.0005877068088514046,-23.78546725983754,-611.4254435166548
2,531.625,46.099999999999966,2498.3438652602767,59.99450572402001,-0.0006623954971999604,-27.93833310527531,-616.6459801442237
2,531.725,46.19999999999999,2505.061258356371,59.99445731778567,-0.0007388533931334134,-32.18957730459588,-622.0285152563818
2,531.825,46.30000000000001,2511.824729809153,59.99441036752526,-0.0008170491196143341,-36.537454113820786,-627.2491532293427
2,531.925,46.39999999999992,2518.644053963966,59.99436459662652,-0.0008969064604868622,-40.97772583451886,-632.3386519878716
2,532.0250000000001,46.50000000000006,2525.508233147503,59.99431882572778,-0.0009784214896719828,-45.510174933258504,-637.4281507449858
2,532.125,46.599999999999966,2532.4050201973796,59.99427305482904,-0.0010615433812425756,-50.1319755623814,-642.5176495021001
2,532.225,46.69999999999999,2539.32988274834,59.9942272839303,-0.0011462709355132706,-54.84306120197497,-647.607148260629
2,532.325,46.80000000000001,2546.2870615151587,59.994181513031556,-0.0012326249611769073,-59.64458905029351,-652.6966470177432
2,532.425,46.89999999999992,2553.2704771017,59.994138374278485,-0.001320555720868431,-64.53379120973445,-657.4934641272716
2,532.5250000000001,47.00000000000006,2560.2812326759613,59.99409378593134,-0.0014100410174223553,-69.50943733927234,-662.451468965325
2,532.625,47.099999999999966,2567.3196698189768,59.994050646266864,-0.0015010654159552167,-74.57066645620922,-667.2483874188309
2,532.725,47.19999999999999,2574.3730017566686,59.994006058831125,-0.0015935555159323068,-79.71340062937871,-672.2062909129069
2,532.825,47.30000000000001,2581.4444382776574,59.993962918255235,-0.0016874555971504888,-84.93453845882385,-677.0033107103903
2,532.925,47.39999999999992,2588.527070269329,59.99392096159806,-0.001782746814999413,-90.23303230453078,-681.6686845707247
2,533.0250000000001,47.50000000000006,2595.607970848719,59.99387900494088,-0.0018792962807567728,-95.60149477605529,-686.3340584324737
2,533.125,47.599999999999966,2602.7041967572204,59.9938370482837,-0.0019770838547384147,-101.03880618615123,-690.9994322942227
2,533.225,47.69999999999999,2609.824738529507,59.99379772012656,-0.002076072638947673,-106.54291080472075,-695.3725298828814
2,533.325,47.80000000000001,2616.968267085124,59.99375694966661,-0.0021761752590335284,-112.10895673882982,-699.9060044482449
2,533.425,47.89999999999992,2624.135932868588,59.99371762059806,-0.0022773108663002163,-117.73244392382857,-704.2792033808811
2,533.5250000000001,48.00000000000006,2631.3239553604494,59.993676851049514,-0.0023794107283966626,-123.4095557578798,-708.8125766022671
2,533.625,48.099999999999966,2638.5319650978354,59.99363752106956,-0.002482434613544502,-129.1380500885635,-713.1858768788808
2,533.725,48.19999999999999,2645.752317921433,59.99359937865394,-0.0025863845974163375,-134.91804256081693,-717.4271258438499
2,533.825,48.30000000000001,2652.9879355858407,59.99356123623833,-0.0026912451675556877,-140.74867294092718,-721.6683748088191
2,533.925,48.39999999999992,2660.242027442205,59.9935204685126,-0.0027969479153932973,-146.62614341649254,-726.20154534225
2,534.0250000000001,48.50000000000006,2667.522565115058,59.993481136709825,-0.002903371390947509,-152.54369243017555,-730.5750483068188
2,534.125,48.599999999999966,2674.8260705264565,59.993442994294206,-0.003010252459043053,-158.48668915173405,-734.816297271788
2,534.225,48.69999999999999,2682.1444765655383,59.993404851878594,-0.00311724947165363,-164.4361395922256,-739.0575462367572
2,534.325,48.80000000000001,2689.478093431757,59.993366709462975,-0.00322420297032795,-170.383177383176,-743.2987952017263
2,534.425,48.89999999999992,2696.7871025503714,59.99332856704736,-0.003330581572176831,-176.29825598274314,-747.5400441666956
2,534.5250000000001,49.00000000000006,2703.972511416366,59.99329042463174,-0.003434974756035086,-182.1029459364413,-751.7812931316647
2,534.625,49.099999999999966,2710.9474575893505,59.993254904336304,-0.0035361353691627864,-187.72789397155677,-755.7309752313862
2,534.725,49.19999999999999,2717.6783227506994,59.99321795449777,-0.0036335909783806095,-193.14684216364313,-759.8396154921271
2,534.825,49.30000000000001,2724.1657599641826,59.993182433290926,-0.003727360322508332,-198.36082388939195,-763.7893989372408
2,534.925,49.39999999999992,2730.413629778164,59.993150725869945,-0.003817587073128188,-203.37781975748058,-767.3151081568561
2,535.0250000000001,49.50000000000006,2736.4210337341656,59.99312021193745,-0.0039045266162240997,-208.21203715990796,-770.7081073296803
2,535.125,49.599999999999966,2742.1835956457303,59.99308969800496,-0.0039883380906645316,-212.8723280685398,-774.1011065010897
2,535.225,49.69999999999999,2747.714554461884,59.993059184072465,-0.004069086995762227,-217.36233422262504,-777.4941056724992
2,535.325,49.80000000000001,2753.0252389959114,59.99303128907023,-0.004146871009187167,-221.68747781845846,-780.5958926847043
2,535.425,49.89999999999992,2758.1299474714074,59.9930045893793,-0.004221899463349902,-225.85940258173164,-783.5647669607486
2,535.5250000000001,50.00000000000006,2763.0443175751857,59.992980507707216,-0.0042943558278522,-229.88830469110167,-786.2425304187368
2,535.625,50.099999999999966,2767.7749513410313,59.9929550046947,-0.0043642566664621124,-233.7751187853636,-789.0783399419466
2,535.725,50.19999999999999,2772.319250075597,59.992930922111206,-0.004431529844625017,-237.51582382066175,-791.756204745327
2,535.825,50.30000000000001,2776.6746006488193,59.99291065331357,-0.0044961648928332236,-241.10982853470676,-794.0099953246234
2,535.925,50.39999999999992,2780.8459013306706,59.992888965909735,-0.004558177740529916,-244.5580372423087,-796.4215279343799
2,536.0250000000001,50.50000000000006,2784.8349351555994,59.992868696200695,-0.004617658227690165,-247.8654348135763,-798.675419857654
2,536.125,50.599999999999966,2788.6412280457166,59.992849624992886,-0.004674636436221994,-251.03369439764896,-800.7960443401386
2,536.225,50.69999999999999,2792.2692217213344,59.992833168614,-0.004729148660893356,-254.06482838076616,-802.6259127106104
2,536.325,50.80000000000001,2795.7283500550166,59.99281529727453,-0.0047812785930698345,-256.96350548620234,-804.6131177370464
2,536.425,50.89999999999992,2799.0199831041004,59.99279883998424,-0.004831240849257648,-259.741648127305,-806.4430874514958
2,536.5250000000001,51.00000000000006,2802.155409463289,59.99278358301799,-0.004879363013466818,-262.4174717211395,-808.1395870372005
2,536.625,51.099999999999966,2805.1405715113,59.99277093905785,-0.004925990076794579,-265.0101531311274,-809.5455332002621
2,536.725,51.19999999999999,2807.9844847189156,59.992759496333164,-0.004971352436608376,-267.53250862900586,-810.817907889187
2,536.825,51.30000000000001,2810.6895519361874,59.99274805360848,-0.005015616381660854,-269.993789194034,-812.0902825795265
2,536.925,51.39999999999992,2813.2232465505904,59.99273922252279,-0.005058909524060796,-272.4010797358204,-813.0722558596526
2,537.0250000000001,51.50000000000006,2815.6605244879106,59.99273159403967,-0.00510140125059096,-274.763804314214,-813.9205056532123
2,537.125,51.599999999999966,2817.8865809743097,59.99272396555654,-0.005143299816593974,-277.0935475699835,-814.768755446772
2,537.225,51.69999999999999,2820.096459724701,59.9927189473453,-0.005184658756596452,-279.3932751834301,-815.3267558482065
2,537.325,51.80000000000001,2822.158027376415,59.992715133103744,-0.005225357872967657,-281.65630943856115,-815.7508807449864
2,537.425,51.89999999999992,2824.2489666823126,59.992713928222656,-0.005265232895358179,-283.87351014996716,-815.8848575936186
2,537.5250000000001,52.00000000000006,2826.316627933538,59.992713928222656,-0.005304087951310768,-286.03399190668364,-815.8848575936186
2,537.625,52.099999999999966,2828.480225600987,59.992713928222656,-0.005341737963410086,-288.1274688631958,-815.8848575936186
2,537.725,52.19999999999999,2830.541753238255,59.99271653621602,-0.005377953736630662,-290.1411855108153,-815.5948615621445
2,537.825,52.30000000000001,2832.8334829986447,59.99272035045758,-0.005412570578073424,-292.06599028781943,-815.1707366653646
2,537.925,52.39999999999992,2834.909475975232,59.9927267717811,-0.0054453844441519845,-293.89053132247346,-814.4567170825029
2,538.0250000000001,52.50000000000006,2837.1437750877753,59.992734400264226,-0.0054762297910827895,-295.60560985179785,-813.6084672889432
2,538.125,52.599999999999966,2839.1178630208638,59.992742028747344,-0.00550497023584775,-297.20364785571314,-812.7602174967982
2,538.225,52.69999999999999,2840.888655075932,59.99275226294532,-0.005531460234011756,-298.67654081986257,-811.6222250310009
2,538.325,52.80000000000001,2842.805567322033,59.99276110041086,-0.005555670234134283,-300.02266361033696,-810.6395423416175
2,538.425,52.89999999999992,2844.5699015936234,59.99277133369742,-0.005577670354091247,-301.2459024540934,-809.5016512212125
2,538.5250000000001,53.00000000000006,2846.2535934548505,59.9927827764221,-0.005597627982454946,-302.3555655832073,-808.2292765322875
2,538.625,53.099999999999966,2847.8801449187954,59.99279682303882,-0.005615963489598235,-303.3750206879618,-806.6673618590801
2,538.725,53.19999999999999,2849.5318199725534,59.992809476568745,-0.005632976403257655,-304.3209408894436,-805.2603515835472
2,538.825,53.30000000000001,2851.2534889273156,59.99282352227405,-0.00564883933107215,-305.20291103666204,-803.6985382557319
2,538.925,53.39999999999992,2852.7482908989637,59.992838779240294,-0.005663422794616286,-306.01373249581286,-802.0020386700272
2,539.0250000000001,53.50000000000006,2854.4002893931147,59.992854036206545,-0.005676524819384113,-306.7421803970261,-800.3055390843224
2,539.125,53.599999999999966,2856.234408685631,59.99286929317279,-0.005687973342111402,-307.3786874794282,-798.6090394986177
2,539.225,53.69999999999999,2857.9466313726803,59.99288715129684,-0.005697633110640078,-307.9157212119986,-796.623303960563
2,539.325,53.80000000000001,2859.819517285775,59.99290622250465,-0.005705480177541559,-308.3519565206365,-794.5026794780784
2,539.425,53.89999999999992,2861.8539232940534,59.99292529371246,-0.005711625339161846,-308.6935597859236,-792.3820549955939
2,539.5250000000001,54.00000000000006,2863.9328702526313,59.99294436492027,-0.005716354398495438,-308.956422715371,-790.2614305131092
2,539.625,54.099999999999966,2866.1100895145355,59.99296343612808,-0.005720027771927155,-309.1605857571098,-788.1408060306246
2,539.725,54.19999999999999,2868.4444945078712,59.99298250733588,-0.005722885222395961,-309.31938059507115,-786.0201815495546
2,539.825,54.30000000000001,2870.8272268623164,59.993004176967275,-0.005725283402390622,-309.4526261995427,-783.6106251480674
2,539.925,54.39999999999992,2873.4259585734944,59.993027062416644,-0.005728022172480102,-309.60480398067534,-781.0658757688029
2,540.0250000000001,54.50000000000006,2875.9855809747755,59.99304994786602,-0.005732148227982447,-309.8341193553206,-778.5211263895385
2,540.125,54.599999999999966,2878.850085961065,59.993070236258916,-0.005738420459339373,-310.18278124449824,-776.2651569140178
2,540.225,54.69999999999999,2882.1306691313866,59.99309190406749,-0.005747183104891348,-310.6699116990728,-773.8558032004855
2,540.325,54.80000000000001,2884.870483238031,59.99311478951686,-0.005758573926561162,-311.303171328783,-771.3110538226358
2,540.425,54.89999999999992,2888.147374696448,59.993135079276875,-0.005772746742212708,-312.09113070810037,-769.0549323290268
2,540.5250000000001,55.00000000000006,2890.9383895339956,59.993154150484685,-0.0057897139617666266,-313.034473304352,-766.9343078465422
2,540.625,55.099999999999966,2894.235395310075,59.993173221692494,-0.005809372742556329,-314.1274748654331,-764.8136833640576
2,540.725,55.19999999999999,2897.89486273995,59.99318969857805,-0.005831601720266827,-315.36339938021575,-762.9815347533842
2,540.825,55.30000000000001,2900.6081755581963,59.99320754941084,-0.005856202626546354,-316.7312035357909,-760.9966099685644
2,540.925,55.39999999999992,2903.635255043683,59.99322402720781,-0.0058828685046614475,-318.2138325776524,-759.1643600124987
2,541.0250000000001,55.50000000000006,2906.231502330171,59.993236691218925,-0.0059112765055393274,-319.79334687392645,-757.7561842805169
2,541.125,55.599999999999966,2909.1279896216756,59.99325072644304,-0.005941196600736885,-321.4569311412289,-756.1955364091506
2,541.225,55.69999999999999,2912.292328781332,59.99326339136556,-0.0059724428328053565,-323.1942587923599,-754.7872593331912
2,541.325,55.80000000000001,2914.727131626767,59.99327483409024,-0.006004958506551212,-325.00217673420525,-753.5148846442663
2,541.425,55.89999999999992,2917.379094422895,59.993283685682606,-0.006038832281524904,-326.8856215425369,-752.5306311211092
2,541.5250000000001,56.00000000000006,2919.7291926332837,59.99329131416573,-0.006074077670359325,-328.84533795424164,-751.6823813275496
2,541.625,56.099999999999966,2922.203805274767,59.993298942648856,-0.006110604067861835,-330.87628200320256,-750.8341315339899
2,541.725,56.19999999999999,2924.461730206031,59.99330657113198,-0.006148338841385412,-332.9744150628696,-749.9858817418448
2,541.825,56.30000000000001,2926.5794699170688,59.99331419961511,-0.0061872342978909565,-335.1370852284507,-749.1376319482852
2,541.925,56.39999999999992,2928.7944677751852,59.99331923924443,-0.006227248444643202,-337.36197075037416,-748.5772499612568
2,542.0250000000001,56.50000000000006,2930.982984177145,59.99332305348599,-0.006268383439115391,-339.64918483897804,-748.153125064477
2,542.125,56.599999999999966,2933.1182124181514,59.993326867727546,-0.006310685002448055,-342.0012635143591,-747.7290001691117
2,542.225,56.69999999999999,2935.3459783847334,59.99332809448242,-0.006354190026074068,-344.42027151181316,-747.5925910621896
2,542.325,56.80000000000001,2937.6760324777338,59.99332809448242,-0.006398907657781708,-346.906710622797,-747.5925910621896
2,542.425,56.89999999999992,2940.105878752258,59.99332809448242,-0.006444837100089131,-349.460530164169,-747.5925910621896
2,542.5250000000001,57.00000000000006,2942.714824501068,59.99332809448242,-0.006491962750534121,-352.0808625906055,-747.5925910621896
2,542.625,57.099999999999966,2945.385541065321,59.99332809448242,-0.006540259109057217,-354.76629001965694,-747.5925910621896
2,542.725,57.19999999999999,2948.303025617179,59.99332550927425,-0.006589710853338377,-357.5159744509921,-747.8800534928109
2,542.825,57.30000000000001,2951.20959141633,59.99332169503269,-0.006640372574389464,-360.3329442591522,-748.3041783881761
2,542.925,57.39999999999992,2954.3693784368065,59.99332046508789,-0.006692336713402296,-363.22231869801993,-748.4409421997268
2,543.0250000000001,57.50000000000006,2957.832335733113,59.99331788124683,-0.006745693800249331,-366.18915297022573,-748.7282526136745
2,543.125,57.599999999999966,2961.0591106713287,59.993316650390625,-0.006800454866836219,-369.2340455702781,-748.8651177677881
2,543.225,57.69999999999999,2964.6277216240433,59.99331406746097,-0.006856435084960956,-372.34673451440347,-749.1523268377582
2,543.325,57.80000000000001,2968.4405871495997,59.993315418167306,-0.00691339616003896,-375.5139400821667,-749.0021349385754
2,543.425,57.89999999999992,2972.238904594587,59.993316650390625,-0.006971262701001623,-378.7314929208494,-748.8651177677881
2,543.5250000000001,58.00000000000006,2975.677161719263,59.993316650390625,-0.0070299890569108904,-381.99686114043044,-748.8651177677881
2,543.625,58.099999999999966,2979.276575746764,59.99331923149746,-0.0070896972282424,-385.31680632362844,-748.5781113857731
2,543.725,58.19999999999999,2982.959135624945,59.99332304573902,-0.007150501043453118,-388.6976652098815,-748.1539864904079
2,543.825,58.30000000000001,2986.5851028546294,59.993326859980584,-0.00721234501225015,-392.13635947510966,-747.729861593628
2,543.925,58.39999999999992,2990.1460674897876,59.993333253961865,-0.007275135242721158,-395.6276530032267,-747.0188823315067
2,544.0250000000001,58.50000000000006,2993.8079085463414,59.99334088244499,-0.007338786535817295,-399.1668161553736,-746.1706325379471
2,544.125,58.599999999999966,2997.5665881232467,59.993348510928115,-0.007403119115852951,-402.7438601480815,-745.322382745802
2,544.225,58.69999999999999,3001.356365516929,59.99335613941124,-0.007467943714962145,-406.34826109193875,-744.4741329522423
2,544.325,58.80000000000001,3005.132328593511,59.99336634581127,-0.007533248905335078,-409.97936758332304,-743.3392314827108
2,544.425,58.89999999999992,3008.9634734593355,59.99337521107475,-0.007599069802427577,-413.6391562115584,-742.3534577984763
2,544.5250000000001,59.00000000000006,3012.8434523123456,59.99338541656337,-0.007665405811410633,-417.3275772018125,-741.2186576715077
2,544.625,59.099999999999966,3016.7464148863537,59.99339943583785,-0.007732211314166216,-421.04207807061385,-739.65978332187
2,544.725,59.19999999999999,3020.694268245423,59.99341211671001,-0.007799443431250242,-424.78030700763725,-738.249732724182
2,544.825,59.30000000000001,3024.681611605778,59.993426135073086,-0.007867045380800847,-428.53908965243164,-736.6909597171071
2,544.925,59.39999999999992,3028.712637647363,59.99344139203933,-0.007934941341801185,-432.3142105334409,-734.9944601314024
2,545.0250000000001,59.50000000000006,3032.792718047242,59.99345664900558,-0.008003022485019861,-436.0996263595479,-733.2979605456977
2,545.125,59.599999999999966,3036.9229329329887,59.99347190597182,-0.008071104328482645,-439.88507937558927,-731.6014609599929
2,545.225,59.69999999999999,3041.1434507432696,59.993489736753645,-0.008138913677707459,-443.6553618995804,-729.6187657440934
2,545.325,59.80000000000001,3045.357042729365,59.993508807961454,-0.008205821567981933,-447.3755102252171,-727.4981412616088
2,545.425,59.89999999999992,3049.4926768895175,59.993527879169264,-0.00827070399698274,-450.98303481319584,-725.3775167791241
2,545.5250000000001,60.00000000000006,3053.5255102017018,59.99354952282553,-0.008332707057170215,-454.4304383413673,-722.9708486845329
2,545.625,60.099999999999966,3057.443914444212,59.99356983628214,-0.00839143486068466,-457.69573504807624,-720.7120922460937
2,545.725,60.19999999999999,3061.229921759508,59.99358890748995,-0.008446920092820989,-460.78074208219726,-718.5914677636091
2,545.825,60.30000000000001,3064.935148567928,59.99361054977911,-0.00849961232660552,-463.7104305995633,-716.1849516842768
2,545.925,60.39999999999992,3068.5199455103543,59.993630864602835,-0.008549915538307936,-466.5072901274603,-713.9260432305786
2,546.0250000000001,60.50000000000006,3072.0073060780924,59.993652505980585,-0.008598067484312792,-469.1845220660131,-711.519628495224
2,546.125,60.599999999999966,3075.5284752080747,59.99367539142995,-0.00864406445156771,-471.7419205034588,-708.9748791159594
2,546.225,60.69999999999999,3078.967940290745,59.99369827687933,-0.008687654419800682,-474.1654813043661,-706.430129736695
2,546.325,60.80000000000001,3082.336414202726,59.9937211623287,-0.008728804725411762,-476.45338842085977,-703.8853803588453
2,546.425,60.89999999999992,3085.781923566803,59.99374661612519,-0.008767715841620723,-478.6167702789935,-701.0550434146658
2,546.5250000000001,61.00000000000006,3089.1867189016593,59.99377331581613,-0.008804468363710405,-480.66011769478274,-698.0861691386215
2,546.625,61.099999999999966,3092.5612459028944,59.993800015507055,-0.008839008689733082,-482.58045937141856,-695.1172948639918
2,546.725,61.19999999999999,3096.0145741541223,59.99382671519799,-0.008871338852889175,-484.3779085092045,-692.1484205879475
2,546.825,61.30000000000001,3099.459389565028,59.99385341488892,-0.008901519545460443,-486.0558399093471,-689.1795463133179
2,546.925,61.39999999999992,3102.91031916596,59.99388268064846,-0.008929455826948334,-487.6089558640414,-685.9253378330097
2,547.0250000000001,61.50000000000006,3106.412679026736,59.993913194580955,-0.008954841760056707,-489.02025518581115,-682.5323386616002
2,547.125,61.599999999999966,3109.91740994766,59.99394370851345,-0.008977315257338008,-490.2696142411447,-679.139339488776
2,547.225,61.69999999999999,3113.5131194306427,59.99397422244594,-0.008996637482336277,-491.3437533355442,-675.7463403173666
2,547.325,61.80000000000001,3117.2921992593488,59.994004736378436,-0.009012678532185075,-492.2354497827376,-672.3533411459571
2,547.425,61.89999999999992,3120.884347631515,59.99403525031093,-0.009025428971722258,-492.9441792164388,-668.9603419731329
2,547.5250000000001,62.00000000000006,3124.717205973144,59.99406832757781,-0.009034955453760894,-493.47362883447175,-665.2823126293921
2,547.625,62.099999999999966,3128.683426605105,59.99410009287318,-0.009041202571116217,-493.8207469910442,-661.7501680608381
2,547.725,62.19999999999999,3132.5517659787165,59.994130606805676,-0.009044272951619763,-493.99123987369404,-658.3571688894285
2,547.825,62.30000000000001,3136.095910896812,59.99416112073817,-0.009044239378614694,-493.9891453229935,-654.9641697180191
2,547.925,62.39999999999992,3139.7350503167086,59.99419163467066,-0.009041161539520134,-493.8177823401557,-651.571170545195
2,548.0250000000001,62.50000000000006,3143.4805533578083,59.99422214860316,-0.009035324848268907,-493.49302084542177,-648.1781713737854
2,548.125,62.599999999999966,3147.2406516101896,59.99425010193549,-0.009026928148182895,-493.0259362819826,-645.0698983427746
2,548.225,62.69999999999999,3150.6804758312746,59.99427936177088,-0.009015622214101437,-492.39708227333574,-641.8163485990277
2,548.325,62.80000000000001,3154.264417187828,59.99430731601462,-0.009001119147192692,-491.5904706469279,-638.7079742226248
2,548.425,62.89999999999992,3157.9633782937813,59.994334015705554,-0.008983818256210451,-490.6283036703905,-635.7390999479952
2,548.5250000000001,63.00000000000006,3161.302721863196,59.99436071539649,-0.00896382920168986,-489.51666956694805,-632.7702256719509
2,548.625,63.099999999999966,3164.703363190956,59.99438741508742,-0.008941031226327785,-488.24885414419356,-629.8013513973212
2,548.725,63.19999999999999,3168.112008837246,59.99441411477835,-0.00891549457260664,-486.82876322712116,-626.832477121277
2,548.825,63.30000000000001,3171.2895594141073,59.99443825705905,-0.008887332269777016,-485.26270042738383,-624.1479742810028
2,548.925,63.39999999999992,3174.429683562716,59.99446369946295,-0.008856578112354392,-483.55251657984576,-621.3189041386644
2,549.0250000000001,63.50000000000006,3177.5228417455446,59.994487842655055,-0.008823372194795584,-481.70602042494545,-618.6342999558273
2,549.125,63.599999999999966,3180.593832420428,59.99450817206131,-0.008787921820649854,-479.7347567495293,-616.3737699956592
2,549.225,63.69999999999999,3183.582043149341,59.99452979885653,-0.008750341012014752,-477.6450282990335,-613.9689767653597
2,549.325,63.80000000000001,3186.638615498962,59.994550129174186,-0.008710637221362264,-475.43726832352667,-611.7083454626288
2,549.425,63.89999999999992,3189.563668731006,59.994571755058004,-0.008668817418870337,-473.11184582439813,-609.3036535763067
2,549.5250000000001,64.00000000000006,3192.3524452968695,59.99459208628707,-0.008624974730009678,-470.6739574451287,-607.0429209295984
2,549.625,64.09999999999997,3195.370820852638,59.99460860373028,-0.008579149720882133,-468.12587652648637,-605.2062625069738
2,549.725,64.19999999999999,3198.332861083139,59.994626414005424,-0.008531370766842716,-465.46914451332526,-603.2258475326904
2,549.825,64.30000000000001,3201.444674222903,59.99464293236004,-0.008481676015068792,-462.7059007836249,-601.3890877660883
2,549.925,64.39999999999992,3204.7091438786492,59.99465818932629,-0.008429993039237199,-459.8321179957232,-599.6925881803835
2,550.0250000000001,64.50000000000006,3208.1970127931913,59.99467344629253,-0.008376348798861132,-456.8492863545954,-597.9960885946788
2,550.125,64.59999999999997,3211.8968135317427,59.9946861517727,-0.008320920453278372,-453.7672738401376,-596.583301708183
2,550.225,64.69999999999999,3215.4696152103447,59.99469759449738,-0.008263929603636245,-450.59839283339824,-595.310927019258
2,550.325,64.80000000000001,3219.3428966598344,59.99471158779674,-0.008205854987676406,-447.36923616430204,-593.7549409736871
2,550.425,64.89999999999992,3223.4580221325373,59.99472429464402,-0.008147373037300863,-444.11744091644823,-592.3420020705177
2,550.5250000000001,65.00000000000006,3227.5495279403503,59.99473828703197,-0.00808889468037737,-440.8658381548236,-590.786117370339
2,550.625,65.09999999999997,3231.579713824371,59.994753543998215,-0.008030527178209257,-437.6203921403456,-589.0896177846342
2,550.725,65.19999999999999,3235.4106234740843,59.99477134971632,-0.007972332988374482,-434.3845673836786,-587.1097095316532
2,550.825,65.30000000000001,3239.371559224182,59.99479042092413,-0.007914479280326996,-431.1676675481065,-584.9890850491686
2,550.925,65.39999999999992,3243.4515763650606,59.99480949213194,-0.007857205379937263,-427.9830079503829,-582.8684605652694
2,551.0250000000001,65.50000000000006,3247.5518626025223,59.99482856333975,-0.007800546533164103,-424.8325483028925,-580.7478360827847
2,551.125,65.59999999999997,3251.7370338900205,59.9948501814766,-0.007744432766430619,-421.71238168444853,-578.3440056223936
2,551.225,65.69999999999999,3255.8413531871124,59.99487306692597,-0.007688940507598414,-418.626766048637,-575.7992562431292
2,551.325,65.80000000000001,3260.113751478088,59.99489849839298,-0.007634190899583473,-415.58242926786545,-572.971402228521
2,551.425,65.89999999999992,3264.529760336792,59.99492519808391,-0.007580391529081075,-412.5909217995473,-570.0025279538914
2,551.5250000000001,66.00000000000006,3268.9976839743,59.99495189777484,-0.007527820319502431,-409.66770462864616,-567.0336536778472
2,551.625,66.09999999999997,3273.5417788451664,59.994981142116295,-0.007476763237499592,-406.8286622632314,-563.7818267831327
2,551.725,66.19999999999999,3278.1730114161337,59.99501165604879,-0.0074275029916527615,-404.0895217804742,-560.3888276117233
2,551.825,66.30000000000001,3282.883811082113,59.99504216998128,-0.007380419639340269,-401.47142272519596,-556.9958284403137
2,551.925,66.39999999999992,3287.699900424686,59.99507522719719,-0.007335877790846871,-398.9946225223326,-553.3200286654932
2,552.0250000000001,66.50000000000006,3292.6302195813228,59.99510955537124,-0.0072940955805881206,-396.6712574971104,-549.5029045973039
2,552.125,66.59999999999997,3297.6134267252655,59.9951438835453,-0.00725528962194577,-394.51337916821586,-545.6857805276999
2,552.225,66.69999999999999,3302.589562832252,59.99518075363566,-0.007219820038590472,-392.54099563159036,-541.586007872773
2,552.325,66.80000000000001,3307.5372251894137,59.99521889605128,-0.007187939488234734,-390.7681624537381,-537.3447589078039
2,552.425,66.89999999999992,3312.436975874904,59.99525703846689,-0.0071598293530425365,-389.2049719930271,-533.1035099428346
2,552.5250000000001,67.00000000000006,3317.241564797041,59.9952977214317,-0.007135926723024513,-387.8757118323774,-528.5797644078016
2,552.625,67.09999999999997,3321.902010597644,59.99533713799539,-0.007116272377671098,-386.7826713447896,-524.196836444835
2,552.725,67.19999999999999,3326.40209599291,59.99537528041101,-0.007100527867171503,-385.90703181288615,-519.9555874798658
2,552.825,67.30000000000001,3330.6921722700126,59.99541342282663,-0.007088641263310919,-385.24589811249626,-515.7143385148967
2,552.925,67.39999999999992,3334.9000902833227,59.99545156524224,-0.007080505351624874,-384.7933086069885,-511.47308954992747
2,553.0250000000001,67.50000000000006,3339.0242562795875,59.99548716938719,-0.007075748744790853,-384.528628074011,-507.51408379578567
2,553.125,67.59999999999997,3343.0208570347977,59.99552149756125,-0.007073909544082575,-384.4261666938707,-503.6969597275963
2,553.225,67.69999999999999,3346.8863068811816,59.9955558257353,-0.0070745552339953905,-384.46186839877436,-499.879835659407
2,553.325,67.80000000000001,3350.5853692190212,59.99559015390936,-0.007077612019314332,-384.63162987096405,-496.06271159121764
2,553.425,67.89999999999992,3354.159564345327,59.99562194563556,-0.0070832437577408895,-384.9445763392091,-492.527628044486
2,553.5250000000001,68.00000000000006,3357.6026983036677,59.995652459568056,-0.007091511298817001,-385.4040836062457,-489.1346288730765
2,553.625,68.09999999999997,3360.9547921908593,59.99568297350055,-0.007102375468251424,-386.0079659065939,-485.741629701667
2,553.725,68.19999999999999,3364.1769902871065,59.995710952352304,-0.007115774839084496,-386.75282245225674,-482.6305190350416
2,553.825,68.30000000000001,3367.276610511505,59.99573765204323,-0.007131713394942545,-387.63886728597015,-479.66164476041195
2,553.925,68.39999999999992,3370.357894348792,59.99576435173417,-0.007150176254857293,-388.6652653766311,-476.69277048436766
2,554.0250000000001,68.50000000000006,3373.329236246698,59.9957910514251,-0.007171111008431188,-389.8291024820343,-473.72389620973803
2,554.125,68.59999999999997,3376.27196428588,59.9958152178581,-0.0071944818900847515,-391.12840480852907,-471.03670775335206
2,554.225,68.69999999999999,3379.114125840653,59.99583810330748,-0.007220159416608646,-392.55596553189156,-468.49195837267297
2,554.325,68.80000000000001,3381.862153408391,59.995858456410325,-0.007248025721181799,-394.1052385452746,-466.2287934690893
2,554.425,68.89999999999992,3384.6268107120627,59.99588005950895,-0.007278092665901048,-395.7768608335343,-463.82663518503466
2,554.5250000000001,69.00000000000006,3387.3078536285525,59.9958978820881,-0.007310301024447179,-397.56756937011505,-461.8448520649328
2,554.625,69.09999999999997,3389.9584001699036,59.99591567003375,-0.0073444478986681334,-399.4660604237963,-459.8669200216355
2,554.725,69.19999999999999,3392.53913025041,59.99593221071786,-0.007380309134929599,-401.4598781213256,-458.02767732546204
2,554.825,69.30000000000001,3395.084777343518,59.99594493761611,-0.007417704117842768,-403.5389957785845,-456.6125088533723
2,554.925,69.39999999999992,3397.609016707372,59.99595890995309,-0.007456466214262487,-405.6941177325464,-455.05885372211384
2,555.0250000000001,69.50000000000006,3400.084989373425,59.99597163776274,-0.007496561371671185,-407.9233658147038,-453.64358390604656
2,555.125,69.59999999999997,3402.6739532430615,59.99598055178654,-0.007537986529643269,-410.22658587534966,-452.6523883154777
2,555.225,69.69999999999999,3405.1862802009923,59.99598818026966,-0.007580665183550543,-412.5995087929772,-451.804138521918
2,555.325,69.80000000000001,3408.064105827597,59.99599580875279,-0.007624449554551319,-415.0339099868153,-450.9558887283583
2,555.425,69.89999999999992,3410.7597098030938,59.996000909902136,-0.00766921262041517,-417.5227428392888,-450.3886660178957
2,555.5250000000001,70.00000000000006,3413.97746384584,59.996004724143695,-0.0077148390003327644,-420.05958447623533,-449.9645411211158
2,555.625,70.09999999999997,3417.4989653698876,59.99600853838526,-0.00776113781578712,-422.63381380890365,-449.54041622433596
2,555.725,70.19999999999999,3420.4039531940643,59.996009826660156,-0.007807877129129626,-425.23255113496487,-449.3971663939796
2,555.825,70.30000000000001,3423.4945136459787,59.996009826660156,-0.007854747725022107,-427.8385961113941,-449.3971663939796
2,555.925,70.39999999999992,3426.8356364875285,59.9960073016049,-0.007901560160592977,-430.44142375150716,-449.67794011642553
2,556.0250000000001,70.50000000000006,3429.700242180736,59.99600348736334,-0.00794840274449198,-433.0459363007652,-450.1020650117907
2,556.125,70.59999999999997,3432.7839252224476,59.99599967312178,-0.007995307940948344,-435.65393046225887,-450.5261899085706
2,556.225,70.69999999999999,3435.664442199773,59.99599333519207,-0.008042201775736625,-438.2613099222801,-451.2309365111227
2,556.325,70.80000000000001,3438.664822628672,59.99598570670895,-0.008089042321651233,-440.8657355732674,-452.07918630326776
2,556.425,70.89999999999992,3441.680877288171,59.995978078225825,-0.008135939684584424,-443.4733209008462,-452.9274360968275
2,556.5250000000001,71.00000000000006,3444.427835986032,59.99596792742167,-0.008182942966408022,-446.0868130191866,-454.0561555794859
2,556.625,71.09999999999997,3447.1241609798717,59.99595648469698,-0.008230047422728124,-448.70594009319353,-455.32853026841076
2,556.725,71.19999999999999,3449.860022405759,59.9959450419723,-0.00827728045441008,-451.33221697950853,-456.60090495875033
2,556.825,71.30000000000001,3452.626427162509,59.995933599247614,-0.00832454516029379,-453.96025588875636,-457.8732796476752
2,556.925,71.39999999999992,3455.4843434725794,59.99591963602471,-0.008371819186412274,-456.58883131403377,-459.42592133915844
2,557.0250000000001,71.50000000000006,3458.443247060396,59.995904379058466,-0.008419151591915173,-459.22066277652124,-461.12242092486315
2,557.125,71.59999999999997,3461.4959302507345,59.995889122092215,-0.008466519116879158,-461.8544481281549,-462.8189205105679
2,557.225,71.69999999999999,3464.6801638819106,59.995871345994864,-0.008513941515889953,-464.49130342912326,-464.79553508215736
2,557.325,71.80000000000001,3467.985331788598,59.995854793462456,-0.008561458396246417,-467.1334047638764,-466.6360952514533
2,557.425,71.89999999999992,3471.356462228226,59.995834500056816,-0.008609054967820641,-469.7799648921562,-468.89262211955776
2,557.5250000000001,72.00000000000006,3474.836479911583,59.995814132371436,-0.008656668788833026,-472.4274862604118,-471.15740852961113
2,557.625,72.09999999999997,3478.4239104870994,59.99579254385534,-0.008704188803711299,-475.0698023063701,-473.55794531002533
2,557.725,72.19999999999999,3482.095525597347,59.99576965840597,-0.00875151202704777,-477.70118762363103,-476.10269468787516
2,557.825,72.30000000000001,3485.8145997377005,59.9957467729566,-0.008798510993925085,-480.31454575461066,-478.6474440671396
2,557.925,72.39999999999992,3489.6110359495347,59.99572137156605,-0.008845133815846706,-482.90700998624925,-481.47195372766004
2,558.0250000000001,72.50000000000006,3493.495409246301,59.99569718736059,-0.008891439727198133,-485.4818466965645,-484.16111839372974
2,558.125,72.59999999999997,3497.4388439254562,59.99567178688145,-0.008937623734421163,-488.0499162528482,-486.985526708858
2,558.225,72.69999999999999,3501.4270610123504,59.99564508719052,-0.008983920905514349,-490.6242894564843,-489.9544009849023
2,558.325,72.80000000000001,3505.4422294043443,59.995615873381226,-0.009030469104366404,-493.2126409178586,-493.20283285283296
2,558.425,72.89999999999992,3509.5354715825074,59.99558787311139,-0.009077413572351577,-495.82301861234936,-496.31632510363755
2,558.5250000000001,73.00000000000006,3513.7137693679288,59.995558660213504,-0.009124952630000741,-498.4664675671079,-499.56465562759064
2,558.625,73.09999999999997,3517.965125309385,59.995530659032255,-0.00917320988632642,-501.1498424249716,-502.6782492237874
2,558.725,73.19999999999999,3522.282952888884,59.995501447045775,-0.009222321812962005,-503.88074953473216,-505.926478403763
2,558.825,73.30000000000001,3526.6598955144636,59.99547093311328,-0.009272580158302322,-506.6754113980329,-509.3194775765871
2,558.925,73.39999999999992,3531.0378591209096,59.99544041918079,-0.009324346396107656,-509.55391666318377,-512.7124767479966
2,559.0250000000001,73.50000000000006,3535.4946183776683,59.995409905248295,-0.009377959409196633,-512.5351077898254,-516.1054759194061
2,559.125,73.59999999999997,3540.0263355725865,59.995381901788534,-0.00943365310739426,-515.6319710648016,-519.2193228748393
2,559.225,73.69999999999999,3544.5986975589108,59.99535269208057,-0.009491545667981114,-518.8511062501138,-522.4672986955784
2,559.325,73.80000000000001,3549.2093867943486,59.995324687709406,-0.009551697279583767,-522.1958412244687,-525.5812469935746
2,559.425,73.89999999999992,3553.8592769471034,59.99529547891285,-0.009614120824292513,-525.6669113723113,-528.8291214703361
2,559.5250000000001,74.00000000000006,3558.548470853154,59.99526747363028,-0.009678835214709063,-529.2653493577227,-531.9431711137245
2,559.625,74.09999999999997,3563.275915304234,59.995240773939344,-0.009745865368579488,-532.9925397877871,-534.912045388354
2,559.725,74.19999999999999,3568.043920930521,59.99521407424841,-0.009815270657578947,-536.8517943462354,-537.8809196643983
2,559.825,74.30000000000001,3572.842034220169,59.99518988184028,-0.00988692147956554,-540.8358866197011,-540.5709964276805
2,559.925,74.39999999999992,3577.652034804632,59.995166996390914,-0.009960619282596374,-544.9337863807298,-543.1157458055302
2,560.0250000000001,74.50000000000006,3582.405571475137,59.995144110941546,-0.01003540790200471,-549.0923400878282,-545.6604951847947
2,560.125,74.59999999999997,3587.037705333611,59.995123731407865,-0.010110039095188608,-553.2421225689737,-547.9265990665559
2,560.225,74.69999999999999,3591.5200597206904,59.995107165660045,-0.01018377357759872,-557.3420169168922,-549.768628725648
2,560.325,74.80000000000001,3595.9255671785436,59.995091908693794,-0.01025643211030336,-561.3820776639628,-551.4651283113527
2,560.425,74.89999999999992,3600.143482649828,59.99507665172755,-0.01032795830083609,-565.3591801988024,-553.1616278970574
2,560.5250000000001,75.00000000000006,3604.1653681317484,59.995063898854184,-0.010398315170428494,-569.2712468530002,-554.5796846746287
2,560.625,75.09999999999997,3608.03252209194,59.99505245612949,-0.010467510758871866,-573.1187345122496,-555.8520593649682
2,560.725,75.19999999999999,3611.7394348443477,59.99504351658628,-0.010535564616931316,-576.902719567486,-556.8460925897372
2,560.825,75.30000000000001,3615.4813372268295,59.99503588810315,-0.010602498128422785,-580.6244010005317,-557.6943423832968
2,560.925,75.39999999999992,3619.025825067567,59.995028259620035,-0.010668270713782589,-584.2815338543138,-558.5425921754419
2,561.0250000000001,75.50000000000006,3622.3713857504717,59.99502313295127,-0.010732765458484205,-587.8675952343015,-559.1126525201046
2,561.125,75.59999999999997,3625.805580650461,59.99502182006836,-0.010795912332098537,-591.3786791814591,-559.2586386406834
2,561.225,75.69999999999999,3629.0583614795523,59.99502182006836,-0.010857735212797549,-594.8161352331231,-559.2586386406834
2,561.325,75.80000000000001,3632.1399920017775,59.99502182006836,-0.010918299086225493,-598.183588364928,-559.2586386406834
2,561.425,75.89999999999992,3635.360248609873,59.995024320059905,-0.0109776594487943,-601.4841015443914,-558.9806518797415
2,561.5250000000001,76.00000000000006,3638.44578611123,59.995028134301464,-0.011035832048544759,-604.7185608593898,-558.5565269829616
2,561.625,76.09999999999997,3641.5832728352993,59.99503444762316,-0.011092747620265395,-607.8831039818031,-557.8545166706319
2,561.725,76.19999999999999,3644.568529786382,59.99504207610628,-0.011148262531230139,-610.9697552868971,-557.0062668784868
2,561.825,76.30000000000001,3647.394223354579,59.995049704589405,-0.011202139738871963,-613.9653468619199,-556.1580170849272
2,561.925,76.39999999999992,3650.4019789244003,59.99505983078555,-0.0112541823338291,-616.8589069669206,-555.0320338924913
2,562.0250000000001,76.50000000000006,3653.2941706708352,59.995073770767554,-0.01130423849906271,-619.6419817200467,-553.481976474557
2,562.125,76.59999999999997,3656.2347110396954,59.99508653093219,-0.011352094340450447,-622.3027248154791,-552.0631089451656
2,562.225,76.69999999999999,3659.0741366212224,59.99510047000278,-0.011397579616319965,-624.8316484798258,-550.5131528712087
2,562.325,76.80000000000001,3661.810613808789,59.99511822285924,-0.011440530795728177,-627.2196351015222,-548.5391225731682
2,562.425,76.89999999999992,3664.6610982519146,59.99513479863254,-0.011480822385656,-629.4597542506447,-546.695978131738
2,562.5250000000001,77.00000000000006,3667.452781406558,59.99515255057759,-0.011518486410649988,-631.5537643112029,-544.722049177675
2,562.625,77.09999999999997,3670.265744955846,59.995171621785396,-0.011553508600814407,-633.5008704907026,-542.6014246951904
2,562.725,77.19999999999999,3673.0641790610357,59.9951931870606,-0.011585702438861154,-635.2906908718359,-540.203472188325
2,562.825,77.30000000000001,3675.860866413111,59.99521357889828,-0.01161485319213282,-636.9113212480005,-537.9360001621599
2,562.925,77.39999999999992,3678.71779233645,59.99523514326207,-0.011640932381917643,-638.3611557690504,-535.5381489992722
2,563.0250000000001,77.50000000000006,3681.676797710289,59.99525802871145,-0.01166386878534685,-639.6362329916683,-532.9933996200076
2,563.125,77.59999999999997,3684.575652445479,59.99528340640539,-0.01168356835185724,-640.7313123308118,-530.1715249057322
2,563.225,77.69999999999999,3687.6063151780545,59.99530761430745,-0.011700047965188998,-641.6473681429292,-527.4797252948322
2,563.325,77.80000000000001,3690.5605090187673,59.99533299108999,-0.011713365135707074,-642.3875756254765,-524.6579519245341
2,563.425,77.89999999999992,3693.6546464472735,59.99535719990346,-0.011723498168079103,-642.9507513586105,-521.9660509682419
2,563.5250000000001,78.00000000000006,3696.877464709125,59.99538257577459,-0.01173040171042254,-643.3343512355841,-519.1443789405068
2,563.625,78.09999999999997,3699.8855453525844,59.99540927546552,-0.011734062554444901,-643.5376395190273,-516.1755046658773
2,563.725,78.19999999999999,3702.9712877092434,59.995435975156454,-0.011734384346031086,-643.5552718739829,-513.206630389833
2,563.825,78.30000000000001,3705.974446984009,59.99546267484739,-0.011731377985582542,-643.3878546018022,-510.2377561152033
2,563.925,78.39999999999992,3709.0615682058487,59.99548688593937,-0.011725140864230012,-643.0408271846693,-507.5456017996746
2,564.0250000000001,78.50000000000006,3712.2608116294846,59.995512259531985,-0.011715679333346444,-642.5145074702059,-504.72418313259067
2,564.125,78.59999999999997,3715.275301467445,59.99553895922291,-0.01170300947996899,-641.8097885647907,-501.75530885796104
2,564.225,78.69999999999999,3718.369168127641,59.995563171682015,-0.01168718182069845,-640.9295164504048,-499.0630025257587
2,564.325,78.80000000000001,3721.396424003349,59.995588543907516,-0.011668223598861818,-639.8751707128237,-496.2417358753484
2,564.425,78.89999999999992,3724.4640352948395,59.995612757278025,-0.011646191270118808,-638.6499129892547,-493.54932819916854
2,564.5250000000001,79.00000000000006,3727.5518443160363,59.99563564272739,-0.011621196134247988,-637.2599334286048,-491.0045788199041
2,564.625,79.09999999999997,3730.5492385355697,59.99565852817676,-0.011593339968975148,-635.7108783177939,-488.4598294406397
2,564.725,79.19999999999999,3733.505021696465,59.99568141362613,-0.011562707860535875,-634.0074787124007,-485.91508006278985
2,564.825,79.30000000000001,3736.512555320267,59.995704299075506,-0.011529483681444729,-632.159958287911,-483.3703306835254
2,564.925,79.39999999999992,3739.5245124945372,59.995727184524874,-0.011494089196332788,-630.1917677660799,-480.825581304261
2,565.0250000000001,79.50000000000006,3742.600341971865,59.99574758638804,-0.011456848978738169,-628.1209774848953,-478.5569944929284
2,565.125,79.59999999999997,3745.796628730325,59.995769140726345,-0.011417786322517191,-625.9488480704712,-476.160258115208
2,565.225,79.69999999999999,3749.084352846229,59.99579202617572,-0.011376897490363849,-623.6751702534187,-473.6155087359436
2,565.325,79.80000000000001,3752.471009970481,59.99581491162509,-0.011334218228777202,-621.301944317248,-471.07075935667916
2,565.425,79.89999999999992,3755.945070109275,59.99583779707446,-0.011289674528374842,-618.8250553699812,-468.5260099788294
2,565.5250000000001,80.00000000000006,3759.5169194907007,59.99586068252383,-0.011243152968174268,-616.2381972019247,-465.9812605995649
2,565.625,80.09999999999997,3763.174484017787,59.9958835679732,-0.011194563533306617,-613.5363650144096,-463.4365112203005
2,565.725,80.19999999999999,3766.900889843146,59.995903973026294,-0.011143949323391281,-610.7219782007822,-461.16756970433926
2,565.825,80.30000000000001,3770.6852861102975,59.99592552417467,-0.011091565829659995,-607.8092087832704,-458.77118803124756
2,565.925,80.39999999999992,3774.533206974784,59.99594840962405,-0.011037369217425918,-604.7956180408892,-456.2264386519831
2,566.0250000000001,80.50000000000006,3778.449568497269,59.995968816044254,-0.01098131976390649,-601.6790323159026,-453.95734511934825
2,566.125,80.59999999999997,3782.4262561736564,59.99599036582552,-0.010923597471804786,-598.4694268951206,-451.56111546293016
2,566.225,80.69999999999999,3786.4522629978132,59.99601077315714,-0.010864378358305855,-595.1766093021754,-449.29192058631776
2,566.325,80.80000000000001,3790.54405164827,59.996032322027,-0.010803939756942755,-591.8159789896747,-446.8957922738772
2,566.425,80.89999999999992,3794.698371971965,59.99605273027002,-0.010742531929700528,-588.4014712626745,-444.6264960532873
2,566.5250000000001,81.00000000000006,3798.9198162391954,59.99607427822847,-0.010680247915715294,-584.938238884961,-442.2304690848243
2,566.625,81.09999999999997,3803.207207698548,59.996097163677845,-0.010617097144586633,-581.4268046381795,-439.68571970555985
2,566.725,81.19999999999999,3807.5554012562475,59.996120049127214,-0.01055308128381682,-577.8672731810162,-437.14097032629536
2,566.825,81.30000000000001,3811.9705369717203,59.99614293457658,-0.010488206523680457,-574.2599887472212,-434.59622094703093
2,566.925,81.39999999999992,3816.4573212380787,59.99616582002595,-0.010422484214942703,-570.6055824970524,-432.05147156918116
2,567.0250000000001,81.50000000000006,3821.0066935245663,59.996188705475326,-0.01035595127896387,-566.9061073328796,-429.50672218991673
2,567.125,81.59999999999997,3825.6021832197366,59.996214064941114,-0.010288651018071828,-563.1639498825842,-426.6868743566064
2,567.225,81.69999999999999,3830.2510002736863,59.99623829107133,-0.010220623464785156,-559.3813669472761,-423.9930478633265
2,567.325,81.80000000000001,3834.9525940794506,59.99626364962571,-0.010151892349416746,-555.5596587727566,-421.17330137399375
2,567.425,81.89999999999992,3839.7049757556756,59.99628787666734,-0.010082464116349499,-551.6992027892893,-418.4793735367364
2,567.5250000000001,82.00000000000006,3844.507922977209,59.996313234310314,-0.01001234062756079,-547.8000836395387,-415.6597283913811
2,567.625,82.09999999999997,3849.369047121855,59.99633993400124,-0.00994161788348371,-543.8676375088132,-412.69085411675144
2,567.725,82.19999999999999,3854.2927422542307,59.996366633692176,-0.009870352479292651,-539.9050223507062,-409.72197984070715
2,567.825,82.30000000000001,3859.269276347472,59.996390862556616,-0.009798481888319662,-535.9087816989023,-407.02784931549473
2,567.925,82.39999999999992,3864.292774073293,59.99641868874756,-0.009725959844381786,-531.8762939389736,-403.9337137813734
2,568.0250000000001,82.50000000000006,3869.3606784735352,59.99644673276497,-0.00965278948889849,-527.8077613978489,-400.81535701398894
2,568.125,82.59999999999997,3874.4705210767643,59.99647343245591,-0.009578966699841453,-523.7029673396517,-397.8464827393593
2,568.225,82.69999999999999,3879.620665490423,59.996500132146835,-0.00950448233465121,-519.5613926713012,-394.877608463315
2,568.325,82.80000000000001,3884.8199165552983,59.99652683183777,-0.009429347353918704,-515.3836468507419,-391.9087341886854
2,568.425,82.89999999999992,3890.0746175528775,59.99655599962097,-0.00935358464964411,-511.1709836579456,-388.66542019515646
2,568.5250000000001,83.00000000000006,3895.377087255061,59.9965840459169,-0.009277209390781204,-506.92427451188803,-385.54681006853554
2,568.625,83.09999999999997,3900.722127925135,59.996613212788695,-0.009200229408850765,-502.64393764236445,-382.3035974189841
2,568.725,83.19999999999999,3906.1106577955143,59.99664372672119,-0.009122651823002079,-498.3303674324379,-378.9105982475746
2,568.825,83.30000000000001,3911.5428930375333,59.996671774384225,-0.009044485285378857,-493.98407372383735,-375.7918361056947
2,568.925,83.39999999999992,3917.0204686729994,59.99670093988891,-0.008965736095842681,-489.60537982417407,-372.54877547281694
2,569.0250000000001,83.50000000000006,3922.5158612368987,59.996731453821404,-0.008886414928277858,-485.1948777778358,-369.1557762999928
2,569.125,83.59999999999997,3928.0771830564136,59.9967619677539,-0.008806654298728098,-480.7599456172108,-365.7627771285833
2,569.225,83.69999999999999,3933.729847388635,59.99679248168639,-0.008726455431897422,-476.3006514698849,-362.3697779571738
2,569.325,83.80000000000001,3939.39077123356,59.996822995618885,-0.008645745882437975,-471.8129673961493,-358.9767787843497
2,569.425,83.89999999999992,3945.0672596776576,59.99685350955138,-0.008564522174717665,-467.29670018965567,-355.5837796129402
2,569.5250000000001,84.00000000000006,3950.78497259769,59.99688402348387,-0.00848279348100068,-462.7523598689047,-352.1907804415307
2,569.625,84.09999999999997,3956.5322417574903,59.996914537416366,-0.00840056193472931,-458.1800650923277,-348.79778126870656
2,569.725,84.19999999999999,3962.3074415264105,59.99694751351698,-0.008317839345598694,-453.5804556391419,-345.1310011163737
2,569.825,84.30000000000001,3968.1214151780064,59.99697937997862,-0.008234634658355318,-448.9540536284439,-341.5876073564117
2,569.925,84.39999999999992,3973.977260273792,59.997012355167826,-0.008150953128836068,-444.30113619398816,-337.92092854805634
2,570.0250000000001,84.50000000000006,3979.8719063174326,59.99704422254087,-0.00806680274609948,-439.6221625286207,-334.3774334441168
2,570.125,84.59999999999997,3985.8030387997824,59.99707719681867,-0.007982188014672027,-434.91736832823244,-330.71085597973894
2,570.225,84.69999999999999,3991.7672175866687,59.997109065103125,-0.007897113198767063,-430.18700534553017,-327.16725953182186
2,570.325,84.80000000000001,3997.762568182057,59.99714203846952,-0.007811584784989125,-425.4314198175599,-323.5007834100069
2,570.425,84.89999999999992,4003.7928515939975,59.99717636664357,-0.007725603752389604,-420.6506648677326,-319.6836593432322
2,570.5250000000001,85.00000000000006,4009.861966314604,59.99720823629514,-0.0076391761766492865,-415.8451026031138,-316.13991088005616
2,570.625,85.09999999999997,4015.966146961047,59.99724120829442,-0.007552306763000083,-411.0149720132887,-312.4735867749148
2,570.725,85.19999999999999,4022.098701087881,59.99727553646847,-0.0074649957079195835,-406.160282742321,-308.6564627067255
2,570.825,85.30000000000001,4028.26822281841,59.99730986464253,-0.007377246445207945,-401.28123427065015,-304.8393386371215
2,570.925,85.39999999999992,4034.478344601149,59.997344192816584,-0.007289061861787204,-396.37798714828335,-301.02221456893216
2,571.0250000000001,85.50000000000006,4040.723833643031,59.99737852099064,-0.007200444853312615,-391.45070241045914,-297.2050905007428
2,571.125,85.59999999999997,4047.0083331836217,59.9974128491647,-0.007111403640422359,-386.49983715938083,-293.38796643255347
2,571.225,85.69999999999999,4053.324687636498,59.99744963267131,-0.0070219672126034995,-381.52698907822503,-289.2978214625649
2,571.325,85.80000000000001,4059.660717298049,59.997485320210075,-0.00693226547066439,-376.5394014020005,-285.3295427266989
2,571.425,85.89999999999992,4066.025423027362,59.99751964838413,-0.006842226587283205,-371.5330818168229,-281.51241865850955
2,571.5250000000001,86.00000000000006,4072.413200468648,59.99755397655819,-0.006751774028348573,-366.50376725076853,-277.6952945903202
2,571.625,86.09999999999997,4078.8249385725726,59.997590758241984,-0.0066609143179029,-361.4518070695629,-273.6053523097013
2,571.725,86.19999999999999,4085.2627922862903,59.99762644760356,-0.006569651141684821,-356.377425897378,-269.6368708858802
2,571.825,86.30000000000001,4091.7227170008,59.99766077577762,-0.0064779828366422635,-351.28053248190105,-265.8197468162763
2,571.925,86.39999999999992,4098.20800967906,59.9976975560943,-0.006385885822602228,-346.15979554811815,-261.729956552331
2,572.0250000000001,86.50000000000006,4104.721214913285,59.997733246822996,-0.006293286713659641,-341.0111537475247,-257.76132311042164
2,572.125,86.59999999999997,4111.256284134772,59.997770026228274,-0.006200137693170635,-335.8319372389373,-253.6716341904539
2,572.225,86.69999999999999,4117.81962828795,59.99780571786837,-0.006106465048774273,-330.6236187803828,-249.70289940598167
2,572.325,86.80000000000001,4124.413205747521,59.997842496362246,-0.00601231945394222,-325.3890048773848,-245.6133118285768
2,572.425,86.89999999999992,4131.033215257654,59.997878188913745,-0.005917730513406611,-320.12975234669085,-241.64447570154172
2,572.5250000000001,87.00000000000006,4137.682685142066,59.99791496649621,-0.00582272641494487,-314.84741785749424,-237.55498946811437
2,572.625,87.09999999999997,4144.360124133448,59.99795065995912,-0.005727338880487881,-309.5437755711999,-233.58605199568711
2,572.725,87.19999999999999,4151.065002886176,59.99798743663018,-0.005631588171558256,-304.21994182026543,-229.49666710623728
2,572.825,87.30000000000001,4157.797881835825,59.9980255790458,-0.005535488120816289,-298.8766847077683,-225.2554181412681
2,572.925,87.39999999999992,4164.562345658558,59.99806127387582,-0.005439062087258522,-293.51532025503184,-221.28632865358188
2,573.0250000000001,87.50000000000006,4171.365191327389,59.99809804917977,-0.0053423266839393874,-288.13675620246846,-217.19709578080565
2,573.125,87.59999999999997,4178.179917612233,59.998136191595385,-0.005245216721004696,-282.73736712249655,-212.95584681583648
2,573.225,87.69999999999999,4185.006219330035,59.998174334011004,-0.005147663954126499,-277.3133647975546,-208.71459785086728
2,573.325,87.80000000000001,4191.851771730062,59.99821003066384,-0.005049702443721826,-271.86665304525064,-204.74530567381137
2,573.425,87.89999999999992,4198.721821371301,59.99824680414497,-0.00495136535493193,-266.3990610625069,-200.65627549040485
2,573.5250000000001,88.00000000000006,4205.617192866372,59.99828494656059,-0.004852640736821823,-260.90992353987497,-196.41502652402102
2,573.625,88.09999999999997,4212.537110191622,59.99832308897621,-0.004753520997961402,-255.39882406452608,-192.17377755905184
2,573.725,88.19999999999999,4219.483488032534,59.998361231391826,-0.004654017212644751,-249.86637839273908,-187.93252859408264
2,573.825,88.30000000000001,4226.463145644194,59.998399373807445,-0.004554134505871921,-244.31287150551367,-183.69127962911347
2,573.925,88.39999999999992,4233.464718340288,59.998437516223056,-0.004453855675433035,-238.73734701688963,-179.45003066555893
2,574.0250000000001,88.50000000000006,4240.485274683438,59.998475658638675,-0.00435316568576951,-233.1389690062767,-175.20878170058975
2,574.125,88.59999999999997,4247.5315495250525,59.998513801054294,-0.004252055692488136,-227.5172457760427,-170.96753273562055
2,574.225,88.69999999999999,4254.596273768349,59.99855194346991,-0.0041505219181192845,-221.87196734412362,-166.72628377065138
2,574.325,88.80000000000001,4261.683865159947,59.998590085885525,-0.004048567603656731,-216.2033139462533,-162.48503480568218
2,574.425,88.89999999999992,4268.7869610415555,59.99862822830114,-0.003946200718578392,-210.51172871508373,-158.243785840713
2,574.5250000000001,89.00000000000006,4275.902104013301,59.99866637071676,-0.0038434208914285045,-204.79719103786218,-154.0025368757438
2,574.625,89.09999999999997,4283.034839050929,59.99870451313238,-0.0037402290047443554,-199.05975002212358,-149.76128791077463
2,574.725,89.19999999999999,4290.186476190126,59.998742655548,-0.003636667679939816,-193.30177539645592,-145.52003894580545
2,574.825,89.30000000000001,4297.352917391521,59.99878079796361,-0.0035328092586725274,-187.5272892855958,-141.2787899822509
2,574.925,89.39999999999992,4304.531738747884,59.99881894037923,-0.0034287026509258116,-181.73901103930655,-137.03754101586708
2,575.0250000000001,89.50000000000006,4311.717459096602,59.99885708279485,-0.003324374210591433,-175.93840591718472,-132.79629205089788
2,575.125,89.59999999999997,4318.909580823582,59.99889522521047,-0.0032198289584786212,-170.12575308965077,-128.5550430859287
2,575.225,89.69999999999999,4326.1017144499065,59.99893336762609,-0.003115155123800091,-164.30595798002545,-124.31379412095951
2,575.325,89.80000000000001,4333.301930236272,59.9989715100417,-0.00301043328651319,-158.48350071425446,-120.07254515740497
2,575.425,89.89999999999992,4340.520085619246,59.99900965245732,-0.002905664198484912,-152.6584230995041,-115.83129619243579
2,575.5250000000001,90.00000000000006,4347.754961616467,59.999047794872936,-0.0028007816913097686,-146.82704628964925,-111.5900472274666
2,575.625,90.09999999999997,4355.009023024525,59.999085937288555,-0.0026957389004712857,-140.98676470978717,-107.34879826249743
2,575.725,90.19999999999999,4362.2798888088355,59.999124079704174,-0.0025905026140450307,-135.1357318510179,-103.10754929752824
2,575.825,90.30000000000001,4369.568338959465,59.99916465648997,-0.0024850580979760904,-129.27312378841026,-98.59561034507219
2,575.925,90.39999999999992,4376.870084872618,59.99920417923267,-0.0023793803554709486,-123.3975579209306,-94.20087579952857
2,576.0250000000001,90.50000000000006,4384.189069662937,59.99924232164829,-0.0022734625351726054,-117.50865364786073,-89.95962683455939
2,576.125,90.59999999999997,4391.527042300053,59.999282897066976,-0.002167314323959925,-111.60694276302803,-85.44783989736231
2,576.225,90.69999999999999,4398.882277496345,59.999322421176785,-0.0020609261558336583,-105.69189965628425,-81.05295333655974
2,576.325,90.80000000000001,4406.254598453276,59.999360563592404,-0.0019543034725253133,-99.7638271173353,-76.81170437159055
2,576.425,90.89999999999992,4413.64369392144,59.99940113764398,-0.0018475535905210375,-93.82868597161574,-72.30006945106707
2,576.5250000000001,91.00000000000006,4421.051565323182,59.99944066312091,-0.0017407859396249845,-87.89256558426446,-67.90503087217624
2,576.625,91.09999999999997,4428.472606552755,59.999481236261076,-0.001634046860951449,-81.95803954827257,-63.393497297044945
2,576.725,91.19999999999999,4435.905100430428,59.999520762649404,-0.0015273205823586804,-76.02423365139747,-58.99835737559123
2,576.825,91.30000000000001,4443.350286587437,59.999561334878166,-0.0014205646871156019,-70.08878711407779,-54.486925143022816
2,576.925,91.39999999999992,4450.81065268579,59.99960086217791,-0.001313736700665917,-64.14934075486471,-50.09168387617692
2,577.0250000000001,91.50000000000006,4458.286061883103,59.999641433495256,-0.0012068161289061079,-58.204753034685005,-45.58035298900068
2,577.125,91.59999999999997,4465.7759386946,59.99968339015244,-0.0010998125594748399,-52.25555702610509,-40.91497912725165
2,577.225,91.69999999999999,4473.280460443798,59.99972534680962,-0.0009927495970768368,-46.30306644909338,-36.249605265502616
2,577.325,91.80000000000001,4480.7983842329595,59.99976487593217,-0.0008856098442761071,-40.34631553302635,-31.854161312116318
2,577.425,91.89999999999992,4488.330553631956,59.99980544542671,-0.0007783100710432982,-34.380674432572015,-27.34303311148048
2,577.5250000000001,92.00000000000006,4495.87723491771,59.99984740208389,-0.0006707353215589032,-28.399752026064707,-22.677659249731448
2,577.625,92.09999999999997,4503.437762427116,59.99988935874107,-0.0005628341182780587,-22.400687161098176,-18.012285387982413
2,577.725,92.19999999999999,4511.013200509481,59.99993131539825,-0.0004545991144112514,-16.383071408673935,-13.34691152623338
2,577.825,92.30000000000001,4518.600845098126,59.99997327205543,-0.00034602562080329985,-10.346644098706088,-8.681537665898995
2,577.925,92.39999999999992,4526.201534513212,60.000015228712606,-0.00023713173705724544,-4.292411559394597,-4.0161638041499605
