{
  "type": "FeatureCollection",
  "features": [
    {
      "type": "Feature",
      "properties": {
        "source_file": "Sebring International Raceway_P_2026-09-01T03_22_24Z.duckdb",
        "track_name": "Sebring International Raceway",
        "track_layout": "Sebring International Raceway",
        "lap": 3
      },
      "geometry": {
        "type": "LineString",
        "coordinates": [
          [
            -0.0019016627997066543,
            60.00004196166992
          ],
          [
            -0.0017959223999242059,
            60.00004196166992
          ],
          [
            -0.0016898118115869234,
            60.00004196166992
          ],
          [
            -0.0015833562241146094,
            60.00004196166992
          ],
          [
            -0.0014766368835830424,
            60.00004196166992
          ],
          [
            -0.0013697974523103288,
            60.00004196166992
          ],
          [
            -0.0012628414955723022,
            60.00004196166992
          ],
          [
            -0.0011559676665514969,
            60.00003876187668
          ],
          [
            -0.0010490414813059364,
            60.000038146972656
          ],
          [
            -0.000942101826471565,
            60.000038146972656
          ],
          [
            -0.0008351319715626422,
            60.000038146972656
          ],
          [
            -0.0007279258020252268,
            60.000038146972656
          ],
          [
            -0.000620354409456554,
            60.000038146972656
          ],
          [
            -0.0005124380787312179,
            60.000038146972656
          ],
          [
            -0.000404167396368653,
            60.000038146972656
          ],
          [
            -0.0002955390065391607,
            60.000038146972656
          ],
          [
            -0.00018655746799147295,
            60.000038146972656
          ],
          [
            -7.723687577057108e-05,
            60.000034949190216
          ],
          [
            3.242675503865656e-05,
            60.00003433227539
          ],
          [
            0.00014243695898823492,
            60.00003433227539
          ],
          [
            0.00025277933821392677,
            60.00003433227539
          ],
          [
            0.00036346279150288027,
            60.00003433227539
          ],
          [
            0.0004744697492984122,
            60.00003433227539
          ],
          [
            0.0005858010370632178,
            60.00003113569944
          ],
          [
            0.0006974672119628631,
            60.000030517578125
          ],
          [
            0.0008094589726122523,
            60.000030517578125
          ],
          [
            0.0009217502146958326,
            60.000030517578125
          ],
          [
            0.0010343442054063046,
            60.000030517578125
          ],
          [
            0.0011472578820161592,
            60.000027322007575
          ],
          [
            0.0012604897421901729,
            60.00002670288086
          ],
          [
            0.001374022438088456,
            60.00002670288086
          ],
          [
            0.0014878427338077718,
            60.00002670288086
          ],
          [
            0.0016019713993000828,
            60.00002350811463
          ],
          [
            0.0017163815453689701,
            60.000022888183594
          ],
          [
            0.001831067490988436,
            60.000022888183594
          ],
          [
            0.0019460575804883414,
            60.00001969402061
          ],
          [
            0.0020613438509642914,
            60.00001907348633
          ],
          [
            0.0021768946451075663,
            60.00001907348633
          ],
          [
            0.0022927331677054866,
            60.00001587992658
          ],
          [
            0.002408856255164754,
            60.00001525878906
          ],
          [
            0.002525255185817679,
            60.00001525878906
          ],
          [
            0.0026419375594590056,
            60.00001206583256
          ],
          [
            0.0027588811515201037,
            60.0000114440918
          ],
          [
            0.0028760902593712298,
            60.0000114440918
          ],
          [
            0.0029935693564632853,
            60.000008251738535
          ],
          [
            0.0031113123499019973,
            60.00000762939453
          ],
          [
            0.0032293185330823726,
            60.00000443744343
          ],
          [
            0.0033475884095771915,
            60.000003814697266
          ],
          [
            0.003466117185463472,
            60.000003814697266
          ],
          [
            0.003584899430464314,
            60.000003814697266
          ],
          [
            0.0037039202464873994,
            60.000000623550484
          ],
          [
            0.003822722130791737,
            60.0
          ],
          [
            0.00393992993756002,
            60.0
          ],
          [
            0.004054370608105526,
            60.0
          ],
          [
            0.004165820335490802,
            60.0
          ],
          [
            0.004274132733883046,
            59.99999680985862
          ],
          [
            0.004379343914110494,
            59.999999375243036
          ],
          [
            0.004481411710888998,
            60.0
          ],
          [
            0.004580390471757972,
            60.0
          ],
          [
            0.004676602444932038,
            60.00000318933706
          ],
          [
            0.004770068960845378,
            60.000003814697266
          ],
          [
            0.004860886637353924,
            60.00000700363216
          ],
          [
            0.004949362420823377,
            60.000010818128345
          ],
          [
            0.0050353925424736126,
            60.00001782115727
          ],
          [
            0.005118933152823625,
            60.00002226181798
          ],
          [
            0.005199991925282594,
            60.00002926444474
          ],
          [
            0.005278837026848594,
            60.00003370550762
          ],
          [
            0.005355744893757842,
            60.00004070773222
          ],
          [
            0.005431164637139075,
            60.00005152425192
          ],
          [
            0.0055054638212838685,
            60.000059780414226
          ],
          [
            0.005578890106765051,
            60.00007059653177
          ],
          [
            0.005651457742238337,
            60.000082040020324
          ],
          [
            0.005723118175218407,
            60.00009348350888
          ],
          [
            0.005793879864118143,
            60.00010811351937
          ],
          [
            0.005863948826415894,
            60.00012337150411
          ],
          [
            0.00593346612238137,
            60.00013862948885
          ],
          [
            0.006002475412490932,
            60.00015388747359
          ],
          [
            0.006071066929757042,
            60.00017233117594
          ],
          [
            0.006139153341247385,
            60.00019140365686
          ],
          [
            0.006206562431912719,
            60.000210476137795
          ],
          [
            0.006273116121841092,
            60.00022954861872
          ],
          [
            0.00633865918278923,
            60.00025180601293
          ],
          [
            0.00640310957466914,
            60.00027469299005
          ],
          [
            0.006466343267095961,
            60.00029757996715
          ],
          [
            0.006528214744488666,
            60.00032365125431
          ],
          [
            0.006588824008020154,
            60.00034716861864
          ],
          [
            0.006648404773755351,
            60.00037323950364
          ],
          [
            0.006706637010077684,
            60.00040312468374
          ],
          [
            0.006762774888184359,
            60.000430457147495
          ],
          [
            0.006816554635293403,
            60.00046034192544
          ],
          [
            0.006868016115015675,
            60.00049085789492
          ],
          [
            0.0069170612269187715,
            60.0005213738644
          ],
          [
            0.006963896762120592,
            60.00055188983388
          ],
          [
            0.00700812642006243,
            60.000582405803364
          ],
          [
            0.007049848197371534,
            60.00061610407209
          ],
          [
            0.0070888934861494755,
            60.000650434537754
          ],
          [
            0.007125257196350714,
            60.00068158310634
          ],
          [
            0.007158958858601584,
            60.00071528077182
          ],
          [
            0.007189925600972964,
            60.000752792732406
          ],
          [
            0.007218150592890478,
            60.00078775640042
          ],
          [
            0.007243510807285262,
            60.00082208686609
          ],
          [
            0.007266348368752323,
            60.000856417331754
          ],
          [
            0.007286501054114822,
            60.00089392848802
          ],
          [
            0.00730381833175262,
            60.00092889296035
          ],
          [
            0.007318150267322286,
            60.00096640371446
          ],
          [
            0.007329677219975053,
            60.00100136858895
          ],
          [
            0.0073384643651580005,
            60.001038878940896
          ],
          [
            0.007344827408582806,
            60.00107384421755
          ],
          [
            0.007349001503136704,
            60.00111135416733
          ],
          [
            0.007350855104942947,
            60.001149499129184
          ],
          [
            0.0073505028923535045,
            60.00118446500908
          ],
          [
            0.007348272816491738,
            60.00122197435562
          ],
          [
            0.007344685107638237,
            60.00126011931747
          ],
          [
            0.007339811688947367,
            60.00129826427933
          ],
          [
            0.007333352888787193,
            60.001336409241176
          ],
          [
            0.007325289893027829,
            60.00137773227958
          ],
          [
            0.0073159946516110205,
            60.00141651386215
          ],
          [
            0.007305180840699868,
            60.001454658823995
          ],
          [
            0.007292548040059938,
            60.00149598125916
          ],
          [
            0.007278352598205858,
            60.001534763444965
          ],
          [
            0.0072629653522639,
            60.00157608547797
          ],
          [
            0.007246396565731979,
            60.001614868065936
          ],
          [
            0.007228719184029721,
            60.001656189696774
          ],
          [
            0.007210366775591843,
            60.00169814915481
          ],
          [
            0.007191633575907022,
            60.00173693234602
          ],
          [
            0.00717259793256657,
            60.00177825337362
          ],
          [
            0.007153265540379126,
            60.00182021283166
          ],
          [
            0.007133596934532101,
            60.0018621722897
          ],
          [
            0.007113578814456868,
            60.00190413174773
          ],
          [
            0.007093175979144898,
            60.00194609120577
          ],
          [
            0.007072511791061049,
            60.001991225724154
          ],
          [
            0.007051684941802314,
            60.00203382481911
          ],
          [
            0.007030752656332262,
            60.002075784277146
          ],
          [
            0.007009770411869012,
            60.00212091819229
          ],
          [
            0.006988825930594618,
            60.00216351789049
          ],
          [
            0.006968148484013892,
            60.002208651403464
          ],
          [
            0.006948067448388395,
            60.00225125150382
          ],
          [
            0.006928821517800911,
            60.002296384614645
          ],
          [
            0.006910525464859917,
            60.002342158568865
          ],
          [
            0.0068932559070843296,
            60.002387932523085
          ],
          [
            0.006876933331686289,
            60.00243370647731
          ],
          [
            0.006861565524126924,
            60.00247948043153
          ],
          [
            0.006847063698402573,
            60.00252525438575
          ],
          [
            0.006833628011277024,
            60.00257102833998
          ],
          [
            0.006821428661251237,
            60.00261997453942
          ],
          [
            0.006810537198552838,
            60.002666390945684
          ],
          [
            0.006800738383788706,
            60.002715336742966
          ],
          [
            0.006792110623116799,
            60.002764925193375
          ],
          [
            0.0067845984953083275,
            60.00281134220288
          ],
          [
            0.006777989798090022,
            60.00286028739692
          ],
          [
            0.006772247908211686,
            60.00290987584733
          ],
          [
            0.006767186114323889,
            60.00295946429774
          ],
          [
            0.006762761368125774,
            60.00300905274815
          ],
          [
            0.006758911499650401,
            60.00305864119855
          ],
          [
            0.006755493287578134,
            60.00310822964896
          ],
          [
            0.006752556390606936,
            60.00315781809937
          ],
          [
            0.0067501039196909965,
            60.00320740654978
          ],
          [
            0.006748010317515301,
            60.00326016463136
          ],
          [
            0.006746228506364358,
            60.00331039814785
          ],
          [
            0.006744777985126493,
            60.00335998659826
          ],
          [
            0.006743727465191658,
            60.0034127440766
          ],
          [
            0.006742990530615338,
            60.00346297819634
          ],
          [
            0.006742366685187752,
            60.003509398020974
          ],
          [
            0.006741596033528528,
            60.00355834039989
          ],
          [
            0.00674039330148395,
            60.00360159240308
          ],
          [
            0.006738506176532379,
            60.00364671988364
          ],
          [
            0.0067356275013605695,
            60.00368932601641
          ],
          [
            0.006731565019148107,
            60.00373128547445
          ],
          [
            0.0067263616915977,
            60.0037700775132
          ],
          [
            0.006720021609317085,
            60.00380822247505
          ],
          [
            0.006712761067911822,
            60.00384636743691
          ],
          [
            0.006704530385856249,
            60.003881345582705
          ],
          [
            0.0066950949697144714,
            60.00391567604837
          ],
          [
            0.006684310285130145,
            60.003946840100156
          ],
          [
            0.006672045230299162,
            60.00397735606963
          ],
          [
            0.006658124134789266,
            60.00400787203912
          ],
          [
            0.006642474696824836,
            60.004035222197956
          ],
          [
            0.006625332747203207,
            60.00406192367125
          ],
          [
            0.006606721669234411,
            60.00408862514455
          ],
          [
            0.006586516606685033,
            60.00411532661784
          ],
          [
            0.006564589919810354,
            60.00413886308481
          ],
          [
            0.006540960238351152,
            60.004161750061925
          ],
          [
            0.006515517905713838,
            60.00418147243487
          ],
          [
            0.006488120145106047,
            60.00420370931888
          ],
          [
            0.006458761141689555,
            60.004223432093994
          ],
          [
            0.006427547441938102,
            60.00424250457492
          ],
          [
            0.006394559637090651,
            60.004258413256004
          ],
          [
            0.006359786012443464,
            60.004273671240746
          ],
          [
            0.006323279952991217,
            60.00428892922548
          ],
          [
            0.006285195939331643,
            60.004304187210224
          ],
          [
            0.006245689170669569,
            60.004319445194966
          ],
          [
            0.006204907953829277,
            60.004331540385266
          ],
          [
            0.006162933091930066,
            60.004342983873826
          ],
          [
            0.006119689569002895,
            60.00435442736238
          ],
          [
            0.006075268414306151,
            60.00436270865974
          ],
          [
            0.006029855733444014,
            60.00437349964223
          ],
          [
            0.005983550129672825,
            60.00438178134174
          ],
          [
            0.0059363557219997785,
            60.00438624874616
          ],
          [
            0.0058883346595032405,
            60.00439322462922
          ],
          [
            0.005839605905522316,
            60.004397692435795
          ],
          [
            0.005790285455201066,
            60.00440150693198
          ],
          [
            0.005740415146086891,
            60.00440216064453
          ],
          [
            0.005689944433789959,
            60.00440216064453
          ],
          [
            0.005638881968083433,
            60.004405321026006
          ],
          [
            0.005587283206426082,
            60.0044059753418
          ],
          [
            0.005535198885524828,
            60.00440913532111
          ],
          [
            0.005482759198100153,
            60.00440979003906
          ],
          [
            0.005430084657199683,
            60.004416109193365
          ],
          [
            0.005377281778320434,
            60.004420578809665
          ],
          [
            0.005324410198630604,
            60.00442755248084
          ],
          [
            0.0052716274031032835,
            60.0044320224993
          ],
          [
            0.005219141642408033,
            60.004442154541145
          ],
          [
            0.005166850150098634,
            60.00445043945795
          ],
          [
            0.005114737058590626,
            60.00446122682099
          ],
          [
            0.005062765767314336,
            60.004472670309546
          ],
          [
            0.005010940828046595,
            60.0044841137981
          ],
          [
            0.004959401340940024,
            60.00449871505408
          ],
          [
            0.004908157945978024,
            60.004513973038826
          ],
          [
            0.004857125246315014,
            60.00452923102357
          ],
          [
            0.004806222650982204,
            60.0045444890083
          ],
          [
            0.004755405709221015,
            60.004559746993046
          ],
          [
            0.004704412051173774,
            60.004578161739815
          ],
          [
            0.0046527483425429636,
            60.004594077659796
          ],
          [
            0.004600054339769468,
            60.0046124920044
          ],
          [
            0.00454662890044337,
            60.00462840832654
          ],
          [
            0.004493080741952551,
            60.00464366631128
          ],
          [
            0.004439759862547203,
            60.004658924296024
          ],
          [
            0.0043866852064259765,
            60.00467418228076
          ],
          [
            0.0043336408053281615,
            60.00468628491104
          ],
          [
            0.004280536298259024,
            60.00470088355298
          ],
          [
            0.004227371192384763,
            60.00471298658542
          ],
          [
            0.004174227905580724,
            60.00472443007397
          ],
          [
            0.004121162542434782,
            60.00473587356253
          ],
          [
            0.00406820757584468,
            60.004744162702025
          ],
          [
            0.00401535961046686,
            60.004751791694396
          ],
          [
            0.003962577218106829,
            60.00475942068677
          ],
          [
            0.003909895021176228,
            60.00476704967914
          ],
          [
            0.0038573941892162756,
            60.00477467867151
          ],
          [
            0.0038051556685722264,
            60.00477915432022
          ],
          [
            0.003753284286016196,
            60.00478296881641
          ],
          [
            0.003701884187378412,
            60.004783630371094
          ],
          [
            0.0036510336367453124,
            60.00478678311151
          ],
          [
            0.003600848640085622,
            60.00478744506836
          ],
          [
            0.00355138840570064,
            60.00478429273011
          ],
          [
            0.0035027133348986706,
            60.004783630371094
          ],
          [
            0.0034549089115895734,
            60.004780478435
          ],
          [
            0.00340805118421925,
            60.0047735122038
          ],
          [
            0.003362199015825361,
            60.004769034745365
          ],
          [
            0.003317414431872811,
            60.00476206891633
          ],
          [
            0.0032737084385709887,
            60.00475443992396
          ],
          [
            0.003231028917864417,
            60.00474366000089
          ],
          [
            0.003189402204579322,
            60.00473221651234
          ],
          [
            0.0031488207724352166,
            60.004720773023784
          ],
          [
            0.0031094100161915264,
            60.004709329535224
          ],
          [
            0.003071082839858191,
            60.0046947359203
          ],
          [
            0.003033920328207048,
            60.00467947793556
          ],
          [
            0.002997835851989429,
            60.00466421995082
          ],
          [
            0.0029629294812537886,
            60.00464581244295
          ],
          [
            0.0029292500577596907,
            60.004629889284075
          ],
          [
            0.0028968300891495653,
            60.00461148217836
          ],
          [
            0.002865621030547032,
            60.00459240969744
          ],
          [
            0.0028355343237596578,
            60.00457018849771
          ],
          [
            0.0028064499067958553,
            60.00455045003832
          ],
          [
            0.0027783494873114606,
            60.00452822924075
          ],
          [
            0.0027511965613496404,
            60.00450534226364
          ],
          [
            0.0027248965886109734,
            60.004479307372044
          ],
          [
            0.0026992648487912385,
            60.00445575361215
          ],
          [
            0.0026741725517136676,
            60.00442971912272
          ],
          [
            0.002649581244472712,
            60.00440301764942
          ],
          [
            0.00262554614023342,
            60.004379463286284
          ],
          [
            0.0026020634551632677,
            60.00435342940009
          ],
          [
            0.0025790070006500598,
            60.004326727926795
          ],
          [
            0.0025558978917156632,
            60.00429687994658
          ],
          [
            0.0025322586376413073,
            60.00426951028294
          ],
          [
            0.002507802610932185,
            60.00424280880964
          ],
          [
            0.0024823789909026324,
            60.004212961432664
          ],
          [
            0.0024559010782497885,
            60.004185591165786
          ],
          [
            0.0024283792822988614,
            60.00415574419097
          ],
          [
            0.0023997757033855298,
            60.00412837352193
          ],
          [
            0.0023700687175924294,
            60.00409852694927
          ],
          [
            0.0023392988586345685,
            60.00406801097979
          ],
          [
            0.002307435396364937,
            60.00403749501031
          ],
          [
            0.0022745166596828768,
            60.00401012353694
          ],
          [
            0.002240552623622149,
            60.00398027776861
          ],
          [
            0.0022054830314992995,
            60.00394976179913
          ],
          [
            0.00216923018074138,
            60.00391924582965
          ],
          [
            0.0021317648909715656,
            60.003888729860165
          ],
          [
            0.002093048393021866,
            60.00385821389069
          ],
          [
            0.002053198775020868,
            60.0038276979212
          ],
          [
            0.00201207730547204,
            60.003797181951725
          ],
          [
            0.001969471190053596,
            60.00376666598224
          ],
          [
            0.0019254616394708158,
            60.00373615001276
          ],
          [
            0.0018801831490793677,
            60.00370563404328
          ],
          [
            0.0018336389876271247,
            60.0036751180738
          ],
          [
            0.0017857495003402422,
            60.003644602104316
          ],
          [
            0.0017364848517775733,
            60.00361408613484
          ],
          [
            0.0016858527498106802,
            60.003583570165354
          ],
          [
            0.0016338614168490604,
            60.00355305419587
          ],
          [
            0.0015804963083228584,
            60.00352253822639
          ],
          [
            0.0015258311052266489,
            60.00349202225691
          ],
          [
            0.0014699493262230452,
            60.0034646471641
          ],
          [
            0.0014129533229870902,
            60.00343480501521
          ],
          [
            0.0013549003987715412,
            60.00340428904573
          ],
          [
            0.001295821032870049,
            60.00337377307625
          ],
          [
            0.0012356048128702936,
            60.003346397179115
          ],
          [
            0.0011740771423847814,
            60.00331655583455
          ],
          [
            0.001111222790784564,
            60.00328917953526
          ],
          [
            0.0010472188164097201,
            60.003259338592855
          ],
          [
            0.0009821673530344176,
            60.00322882262338
          ],
          [
            0.0009159692110612648,
            60.00320144572084
          ],
          [
            0.0008486151893287771,
            60.003174744247545
          ],
          [
            0.0007802890503985121,
            60.00314804277424
          ],
          [
            0.0007108378539557626,
            60.00312134130095
          ],
          [
            0.0006400677817752125,
            60.00309463982765
          ],
          [
            0.0005681366493721445,
            60.003067938354356
          ],
          [
            0.0004951992838577522,
            60.00304123688106
          ],
          [
            0.00042122397273167296,
            60.003014535407765
          ],
          [
            0.00034614437260702634,
            60.00299097139277
          ],
          [
            0.00026989557901792543,
            60.00296494715844
          ],
          [
            0.00019243357125028502,
            60.002941382741284
          ],
          [
            0.00011377208614618501,
            60.002915358909114
          ],
          [
            3.387620233750824e-05,
            60.00289179408979
          ],
          [
            -4.7225140966963426e-05,
            60.002868907112685
          ],
          [
            -0.00012954614132880895,
            60.00284602013557
          ],
          [
            -0.00021304925980945784,
            60.00282313315846
          ],
          [
            -0.0002977292052472721,
            60.00280338203101
          ],
          [
            -0.0003835024261447996,
            60.002781173901504
          ],
          [
            -0.0004704181410370253,
            60.00276142237189
          ],
          [
            -0.0005584443642142122,
            60.002742349890966
          ],
          [
            -0.0006474992720388575,
            60.00272327741004
          ],
          [
            -0.000737552470465811,
            60.00270420492911
          ],
          [
            -0.0008285740029054963,
            60.002688267091365
          ],
          [
            -0.0009205118226823998,
            60.00266987466453
          ],
          [
            -0.001013369911039954,
            60.002653936424615
          ],
          [
            -0.0011071607292467212,
            60.00263554439994
          ],
          [
            -0.0012018356822549696,
            60.00261960575787
          ],
          [
            -0.001297402805108521,
            60.0026074814109
          ],
          [
            -0.0013938669008125308,
            60.00259290448565
          ],
          [
            -0.0014912239075884552,
            60.00257764650091
          ],
          [
            -0.0015894033049359104,
            60.0025655215507
          ],
          [
            -0.0016883997092892317,
            60.00255407806215
          ],
          [
            -0.0017881900990042922,
            60.002542634573594
          ],
          [
            -0.0018887343022716717,
            60.00253432351633
          ],
          [
            -0.001990023714016327,
            60.002523562293746
          ],
          [
            -0.002092001138435193,
            60.00251525083432
          ],
          [
            -0.0021946004525462202,
            60.00250762184195
          ],
          [
            -0.0022977766931936002,
            60.00249999284958
          ],
          [
            -0.0024015308288261837,
            60.00249236385721
          ],
          [
            -0.002505841717866521,
            60.002487866089645
          ],
          [
            -0.0026105904602549204,
            60.00248405159346
          ],
          [
            -0.002715654171363025,
            60.002480237097274
          ],
          [
            -0.0028211314479292186,
            60.00247642260109
          ],
          [
            -0.0029270580484993375,
            60.0024726081049
          ],
          [
            -0.00303340434522336,
            60.00246879360872
          ],
          [
            -0.00314015500134753,
            60.00246497911253
          ],
          [
            -0.003247298818799725,
            60.00246116461635
          ],
          [
            -0.003354833750495657,
            60.00246047973633
          ],
          [
            -0.003462753111283953,
            60.002457350321244
          ],
          [
            -0.003571053146198178,
            60.00245353582506
          ],
          [
            -0.0036797367911060907,
            60.0024528503418
          ],
          [
            -0.0037887828376169976,
            60.0024528503418
          ],
          [
            -0.003898186474293566,
            60.00244972173103
          ],
          [
            -0.0040079534294254916,
            60.00244903564453
          ],
          [
            -0.004118075794232781,
            60.00244903564453
          ],
          [
            -0.0042285328486904375,
            60.00244903564453
          ],
          [
            -0.004339327742240881,
            60.00244903564453
          ],
          [
            -0.004450459012779491,
            60.00244903564453
          ],
          [
            -0.004561923317368507,
            60.00244903564453
          ],
          [
            -0.004673708235166195,
            60.00244903564453
          ],
          [
            -0.004785816510091077,
            60.00244903564453
          ],
          [
            -0.004898240919545677,
            60.00244903564453
          ],
          [
            -0.00501099030385276,
            60.00245216224449
          ],
          [
            -0.005124052129554392,
            60.0024528503418
          ],
          [
            -0.005237433043768071,
            60.0024528503418
          ],
          [
            -0.005351125309020318,
            60.0024528503418
          ],
          [
            -0.005465126359203766,
            60.0024528503418
          ],
          [
            -0.005579426953257103,
            60.0024528503418
          ],
          [
            -0.0056940281256455776,
            60.0024528503418
          ],
          [
            -0.005808930930617605,
            60.0024528503418
          ],
          [
            -0.005924124771169445,
            60.0024528503418
          ],
          [
            -0.0060396030953975876,
            60.002449725551564
          ],
          [
            -0.00615536307035432,
            60.00244903564453
          ],
          [
            -0.006271383298350792,
            60.00244903564453
          ],
          [
            -0.006387660672924408,
            60.00244903564453
          ],
          [
            -0.0065042172677603,
            60.00244591165862
          ],
          [
            -0.006621010983504842,
            60.002445220947266
          ],
          [
            -0.006738056999276691,
            60.00244209736351
          ],
          [
            -0.006855363251838668,
            60.00244140625
          ],
          [
            -0.00697293062847793,
            60.00243828306841
          ],
          [
            -0.0070907691253618566,
            60.002437591552734
          ],
          [
            -0.007208900377736726,
            60.00243446877331
          ],
          [
            -0.0073272943850215206,
            60.00243377685547
          ],
          [
            -0.007445934400199829,
            60.002430654478204
          ],
          [
            -0.007564576381779144,
            60.0024299621582
          ],
          [
            -0.007682406766053666,
            60.0024299621582
          ],
          [
            -0.0077982689067683485,
            60.0024299621582
          ],
          [
            -0.007911432992532842,
            60.0024299621582
          ],
          [
            -0.008021483938605118,
            60.0024299621582
          ],
          [
            -0.008128366183451604,
            60.0024299621582
          ],
          [
            -0.008231956542712804,
            60.0024299621582
          ],
          [
            -0.008332249944213119,
            60.00242684138958
          ],
          [
            -0.008429327653222669,
            60.00242614746094
          ],
          [
            -0.008523238602395178,
            60.00242614746094
          ],
          [
            -0.00861401885405644,
            60.00242614746094
          ],
          [
            -0.008701824904763279,
            60.00242614746094
          ],
          [
            -0.008786687102200555,
            60.00242614746094
          ],
          [
            -0.008868482910217588,
            60.00242614746094
          ],
          [
            -0.008947150158921665,
            60.00242614746094
          ],
          [
            -0.009022844007802231,
            60.002429266620915
          ],
          [
            -0.009095545188040132,
            60.0024299621582
          ],
          [
            -0.009165567192996034,
            60.00243308091602
          ],
          [
            -0.00923303523516282,
            60.00243377685547
          ],
          [
            -0.00929812319532755,
            60.002436895211126
          ],
          [
            -0.009360548292321746,
            60.002440709707315
          ],
          [
            -0.009420293361061592,
            60.0024445242035
          ],
          [
            -0.009477492259125858,
            60.00244833869968
          ],
          [
            -0.0095322726631758,
            60.002455270747205
          ],
          [
            -0.009584525361439956,
            60.002459782389316
          ],
          [
            -0.0096343221335525,
            60.00246671403468
          ],
          [
            -0.009681517441153802,
            60.00247434302705
          ],
          [
            -0.009726044743698275,
            60.00248197201942
          ],
          [
            -0.009767931809188524,
            60.00248960101179
          ],
          [
            -0.009807114024819822,
            60.00249723000416
          ],
          [
            -0.009843580528222276,
            60.002507975140304
          ],
          [
            -0.00987749150471856,
            60.00251630268617
          ],
          [
            -0.009908992125804502,
            60.00252704742015
          ],
          [
            -0.00993813357205159,
            60.002538490908705
          ],
          [
            -0.009964686034177682,
            60.00254681905781
          ],
          [
            -0.009988750240136506,
            60.00255756318855
          ],
          [
            -0.010010280058655424,
            60.002569006677106
          ],
          [
            -0.010029480958610879,
            60.00258356490187
          ],
          [
            -0.01004627920979982,
            60.002595708351485
          ],
          [
            -0.010060943496158695,
            60.00260715184004
          ],
          [
            -0.010073554909811,
            60.00261859532859
          ],
          [
            -0.01008429459410206,
            60.00263003881715
          ],
          [
            -0.010093120459692418,
            60.002641482305705
          ],
          [
            -0.010100238275704452,
            60.00265292579426
          ],
          [
            -0.010105668108700798,
            60.002667482611464
          ],
          [
            -0.010109634165742475,
            60.00267651434107
          ],
          [
            -0.01011219760650951,
            60.002687256259925
          ],
          [
            -0.01011349499565529,
            60.002698699748485
          ],
          [
            -0.010113531573544547,
            60.00271014323704
          ],
          [
            -0.010112397426674632,
            60.00272158672559
          ],
          [
            -0.010110101992179264,
            60.00273303021415
          ],
          [
            -0.010106681274259677,
            60.002741361781624
          ],
          [
            -0.010102131103441978,
            60.00275210249399
          ],
          [
            -0.010096439447986983,
            60.00276354598255
          ],
          [
            -0.010089587537800263,
            60.00277187815326
          ],
          [
            -0.010081551848825277,
            60.002782618262394
          ],
          [
            -0.010072283866475512,
            60.002794061750954
          ],
          [
            -0.010061643005077598,
            60.002802394524906
          ],
          [
            -0.010049749322082017,
            60.002813134030795
          ],
          [
            -0.01003641341639368,
            60.002824577519355
          ],
          [
            -0.010021625760451578,
            60.00283291089655
          ],
          [
            -0.010005404748993417,
            60.002843649799196
          ],
          [
            -0.009987797238821037,
            60.00285198357855
          ],
          [
            -0.009968937121631735,
            60.00285961257092
          ],
          [
            -0.009948805379662383,
            60.00287035087033
          ],
          [
            -0.009927877898571845,
            60.00287868525293
          ],
          [
            -0.009906315130988348,
            60.00288942315018
          ],
          [
            -0.009884129960984735,
            60.00289775793494
          ],
          [
            -0.009861397106444141,
            60.00290849543002
          ],
          [
            -0.009838166085097045,
            60.00291993891858
          ],
          [
            -0.009814520948670821,
            60.00293449050769
          ],
          [
            -0.009790650591435716,
            60.00294664059295
          ],
          [
            -0.00976664027096348,
            60.0029611917799
          ],
          [
            -0.009742556651609906,
            60.00297334226733
          ],
          [
            -0.009718536915899011,
            60.00299100034835
          ],
          [
            -0.009694763360737763,
            60.00300696573413
          ],
          [
            -0.00967135143836301,
            60.003022223718865
          ],
          [
            -0.009648323247889482,
            60.0030405883966
          ],
          [
            -0.009625703922557483,
            60.003059660877526
          ],
          [
            -0.009603691618512749,
            60.00307873335845
          ],
          [
            -0.009582437163816888,
            60.00310091192913
          ],
          [
            -0.009562071854187101,
            60.00312069301757
          ],
          [
            -0.009542695898135554,
            60.003142871186085
          ],
          [
            -0.009524302334037149,
            60.0031657581632
          ],
          [
            -0.009506790100407685,
            60.003188645140305
          ],
          [
            -0.009490013062224635,
            60.00321153211742
          ],
          [
            -0.009473711624771028,
            60.003237523977795
          ],
          [
            -0.009457616181182576,
            60.0032642254511
          ],
          [
            -0.009441318682421769,
            60.00329092692439
          ],
          [
            -0.00942441885025809,
            60.00331762839769
          ],
          [
            -0.009406643054990976,
            60.003344329870984
          ],
          [
            -0.009387899122833367,
            60.00337103134428
          ],
          [
            -0.009368163592369944,
            60.003397732817575
          ],
          [
            -0.009347235000918663,
            60.00342443429087
          ],
          [
            -0.009324590570721594,
            60.003451135764166
          ],
          [
            -0.009300063364158659,
            60.00348094031101
          ],
          [
            -0.009273666698538848,
            60.00350835340802
          ],
          [
            -0.00924561420466077,
            60.003535054881326
          ],
          [
            -0.00921601332394393,
            60.00356175635462
          ],
          [
            -0.009184642994547479,
            60.003591560097135
          ],
          [
            -0.009151452357157282,
            60.00361897399848
          ],
          [
            -0.009116417873971092,
            60.00364567547177
          ],
          [
            -0.009079683155950863,
            60.00367547861105
          ],
          [
            -0.009041395299338903,
            60.00370289311563
          ],
          [
            -0.009001642320573953,
            60.003729594588926
          ],
          [
            -0.008960448336448238,
            60.00375939712496
          ],
          [
            -0.0089177906281108,
            60.00378681223278
          ],
          [
            -0.008873676316637144,
            60.00381351370608
          ],
          [
            -0.008828100794408341,
            60.00384021517938
          ],
          [
            -0.008781191748395327,
            60.003870016911094
          ],
          [
            -0.008733014560182186,
            60.00389743282324
          ],
          [
            -0.008683324653886475,
            60.00392413429653
          ],
          [
            -0.008632152311998311,
            60.00395083576983
          ],
          [
            -0.008579628426405072,
            60.003977537243124
          ],
          [
            -0.008525766370822228,
            60.00400423871642
          ],
          [
            -0.00847047028976606,
            60.004030940189715
          ],
          [
            -0.008413712652544005,
            60.00405764166301
          ],
          [
            -0.008355436836844508,
            60.004084343136306
          ],
          [
            -0.008295631601161122,
            60.004107946160914
          ],
          [
            -0.008234402435755094,
            60.00413393138564
          ],
          [
            -0.008171832636093,
            60.004160632858934
          ],
          [
            -0.008107949455252677,
            60.00418423648678
          ],
          [
            -0.008042676634306875,
            60.004207123463885
          ],
          [
            -0.007975959503918823,
            60.00423310788429
          ],
          [
            -0.007907790419643646,
            60.00425671211538
          ],
          [
            -0.007838301120302217,
            60.004279599092484
          ],
          [
            -0.007767435127766112,
            60.0043024860696
          ],
          [
            -0.007695369996663729,
            60.004325373046704
          ],
          [
            -0.007622091444834172,
            60.00434516358593
          ],
          [
            -0.00754746383658988,
            60.004367332303666
          ],
          [
            -0.007471419264396516,
            60.004387123245046
          ],
          [
            -0.007394051691343036,
            60.00440619572597
          ],
          [
            -0.007315493135361753,
            60.0044252682069
          ],
          [
            -0.007236118585184049,
            60.004444340687826
          ],
          [
            -0.007155837383643358,
            60.00446341316875
          ],
          [
            -0.007074489070698633,
            60.00447939061935
          ],
          [
            -0.0069920932390038345,
            60.00449774343333
          ],
          [
            -0.006908746706587378,
            60.004513721286095
          ],
          [
            -0.006824518521291045,
            60.00452897927084
          ],
          [
            -0.0067394265279247904,
            60.00454423725558
          ],
          [
            -0.006653516410337622,
            60.00455949524032
          ],
          [
            -0.006566835466667703,
            60.00457475322506
          ],
          [
            -0.0064794168624010265,
            60.0045900112098
          ],
          [
            -0.006391278021826955,
            60.00460526919454
          ],
          [
            -0.00630245867671943,
            60.00461743395868
          ],
          [
            -0.006213013138682947,
            60.004631970466754
          ],
          [
            -0.006122983019711879,
            60.004647228451496
          ],
          [
            -0.006032441607052625,
            60.00466248643624
          ],
          [
            -0.005941466981114358,
            60.0046746520047
          ],
          [
            -0.005850114158853561,
            60.00468918770846
          ],
          [
            -0.005758485800187126,
            60.00470444569319
          ],
          [
            -0.005666679544009669,
            60.004719703677935
          ],
          [
            -0.005574774255070835,
            60.00473496166268
          ],
          [
            -0.005482839698028024,
            60.004753311058295
          ],
          [
            -0.005391027707498317,
            60.00476929232942
          ],
          [
            -0.005299477924823345,
            60.00478764132288
          ],
          [
            -0.005208286733789474,
            60.00480671380381
          ],
          [
            -0.005117565521283053,
            60.00482887689129
          ],
          [
            -0.00502728628704814,
            60.004848673462924
          ],
          [
            -0.0049373373145944225,
            60.00487083614824
          ],
          [
            -0.0048476944261821335,
            60.004893723125356
          ],
          [
            -0.004758428353529689,
            60.00491661010247
          ],
          [
            -0.004669550443101894,
            60.004942586680734
          ],
          [
            -0.004581156377285126,
            60.00496928815403
          ],
          [
            -0.004493256453253838,
            60.004995989627325
          ],
          [
            -0.004405794959596952,
            60.00502269110062
          ],
          [
            -0.004318765156854935,
            60.005049392573916
          ],
          [
            -0.004232255843451248,
            60.00507609404721
          ],
          [
            -0.004146370511705447,
            60.00510588391518
          ],
          [
            -0.004060944314379607,
            60.00513639988466
          ],
          [
            -0.003975975373487435,
            60.00516691585414
          ],
          [
            -0.003891870534922078,
            60.005197431823625
          ],
          [
            -0.003808719835708285,
            60.00523103538345
          ],
          [
            -0.0037264633075289044,
            60.00526227845985
          ],
          [
            -0.0036449033028666702,
            60.00529588161752
          ],
          [
            -0.003564000131994783,
            60.00533021208319
          ],
          [
            -0.0034839978659344044,
            60.005367629334884
          ],
          [
            -0.0034049681474267275,
            60.005402687711786
          ],
          [
            -0.003326611440383034,
            60.00544010456132
          ],
          [
            -0.003248696946956973,
            60.005475163340385
          ],
          [
            -0.003171260905051998,
            60.005512579787755
          ],
          [
            -0.0030942828835736048,
            60.00555072474961
          ],
          [
            -0.0030174801149390803,
            60.00558886971146
          ],
          [
            -0.0029405410461954763,
            60.005627014673316
          ],
          [
            -0.00286337345678308,
            60.00566824481255
          ],
          [
            -0.0027859872241164365,
            60.005707119294286
          ],
          [
            -0.0027084089823226883,
            60.005745264256134
          ],
          [
            -0.0026306732114953005,
            60.00578340921798
          ],
          [
            -0.002552853080950488,
            60.0058246385529
          ],
          [
            -0.0024749889324291612,
            60.00586351383895
          ],
          [
            -0.0023970992151610094,
            60.00590165880081
          ],
          [
            -0.002319205172883689,
            60.00594288753248
          ],
          [
            -0.0022411558605737528,
            60.00598176342178
          ],
          [
            -0.002162760164295402,
            60.00602299175129
          ],
          [
            -0.0020840266655592003,
            60.00606186804274
          ],
          [
            -0.0020049905362621782,
            60.0061030959701
          ],
          [
            -0.0019256191951611118,
            60.006145055428135
          ],
          [
            -0.001845874747696859,
            60.006183932322834
          ],
          [
            -0.0017658102808704695,
            60.00622515964694
          ],
          [
            -0.0016858557688524713,
            60.0062640369438
          ],
          [
            -0.00160691412884217,
            60.00630526386575
          ],
          [
            -0.0015297948099927973,
            60.00634414156477
          ],
          [
            -0.0014548846982621777,
            60.00637920496869
          ],
          [
            -0.0013822950960013607,
            60.006416616791206
          ],
          [
            -0.0013119955616986952,
            60.00645168059729
          ],
          [
            -0.0012439741827121242,
            60.006486011062954
          ],
          [
            -0.0011781509460687296,
            60.00652034152862
          ],
          [
            -0.0011144928832632034,
            60.00655159144175
          ],
          [
            -0.00105288592014893,
            60.00658210741123
          ],
          [
            -0.0009932174748311427,
            60.00661262338071
          ],
          [
            -0.0009354396037083879,
            60.006643139350196
          ],
          [
            -0.0008795054539429687,
            60.00667057557146
          ],
          [
            -0.0008253697432850286,
            60.00669727704476
          ],
          [
            -0.0007729819088622634,
            60.00672089917201
          ],
          [
            -0.0007223393372329948,
            60.00674686529409
          ],
          [
            -0.0006733968198069991,
            60.006770487823495
          ],
          [
            -0.0006261024531651446,
            60.00679337480061
          ],
          [
            -0.0005804075755123301,
            60.00681318323599
          ],
          [
            -0.0005361700437992753,
            60.00683533405756
          ],
          [
            -0.0004932738149249402,
            60.006855142895105
          ],
          [
            -0.00045164836093310157,
            60.00687113743754
          ],
          [
            -0.0004112304421350665,
            60.00688947315969
          ],
          [
            -0.0003718456569677439,
            60.00690546810429
          ],
          [
            -0.0003333008174478968,
            60.006917648753785
          ],
          [
            -0.000295543296320532,
            60.006932169376505
          ],
          [
            -0.0002583626906902534,
            60.006944350428164
          ],
          [
            -0.00022157362470012217,
            60.00695579391672
          ],
          [
            -0.00018506499362192815,
            60.00696416087435
          ],
          [
            -0.000148719411073089,
            60.00697178986672
          ],
          [
            -0.0001123237763561571,
            60.00697941885909
          ],
          [
            -7.57426103303561e-05,
            60.00698397192377
          ],
          [
            -3.89677950566323e-05,
            60.006990862146566
          ],
          [
            -1.9395914149448284e-06,
            60.00699541561341
          ],
          [
            3.550411463831863e-05,
            60.006996154785156
          ],
          [
            7.34258663646534e-05,
            60.006999229908516
          ],
          [
            0.00011180357494085732,
            60.00699996948242
          ],
          [
            0.0001505104809201411,
            60.00699689476122
          ],
          [
            0.00018952918557116753,
            60.006996154785156
          ],
          [
            0.00022875357308312078,
            60.00699308046612
          ],
          [
            0.0002680650086769388,
            60.006989265969935
          ],
          [
            0.0003072743400729909,
            60.006985451473746
          ],
          [
            0.0003461410303470814,
            60.00697856326176
          ],
          [
            0.00038421055518081366,
            60.00697093426939
          ],
          [
            0.00042148596380111165,
            60.006963305277026
          ],
          [
            0.00045795713345683526,
            60.006955676284655
          ],
          [
            0.0004936300761914944,
            60.00694497438081
          ],
          [
            0.0005287317293646019,
            60.00693353089225
          ],
          [
            0.0005636349257991685,
            60.00691901489438
          ],
          [
            0.0005986376934531963,
            60.006906829217876
          ],
          [
            0.0006336037518479973,
            60.00689231362217
          ],
          [
            0.0006685120297244829,
            60.006880127543496
          ],
          [
            0.0007034283618708305,
            60.00686561234995
          ],
          [
            0.0007384229902493059,
            60.006847282861294
          ],
          [
            0.0007735785742301402,
            60.006831281683205
          ],
          [
            0.0008089258121306116,
            60.00681295259671
          ],
          [
            0.0008443895489533519,
            60.006796951016454
          ],
          [
            0.0008799813697472362,
            60.00677862233212
          ],
          [
            0.0009158958577859578,
            60.00675647935269
          ],
          [
            0.0009522435210515605,
            60.006736662673006
          ],
          [
            0.0009892206014860197,
            60.00671759019208
          ],
          [
            0.0010269695855521985,
            60.006695447815886
          ],
          [
            0.001065547111455004,
            60.00667256083877
          ],
          [
            0.0011046809322411847,
            60.00665274335477
          ],
          [
            0.0011442909807278235,
            60.00663060158182
          ],
          [
            0.0011849348864293985,
            60.006607714604705
          ],
          [
            0.0012269105015088968,
            60.00658789651746
          ],
          [
            0.0012703118963333846,
            60.00656575534775
          ],
          [
            0.0013152140926648904,
            60.006545936858345
          ],
          [
            0.00136169164242483,
            60.00652379609079
          ],
          [
            0.0014098303714977297,
            60.00650090911368
          ],
          [
            0.0014596998749524313,
            60.00648109002103
          ],
          [
            0.001511453103437199,
            60.00646201754011
          ],
          [
            0.0015651276522038178,
            60.006442945059185
          ],
          [
            0.0016205957498796782,
            60.00642080529703
          ],
          [
            0.001677736685447854,
            60.00640405248021
          ],
          [
            0.0017365576023208825,
            60.006385727616404
          ],
          [
            0.0017970429003852399,
            60.00636665513548
          ],
          [
            0.0018592020313306875,
            60.006350649131456
          ],
          [
            0.0019227491245978905,
            60.00633539114671
          ],
          [
            0.0019873754176174562,
            60.00632013316198
          ],
          [
            0.0020529838759573175,
            60.006304875177236
          ],
          [
            0.002119677266456246,
            60.00629268286507
          ],
          [
            0.0021877548630161135,
            60.00628123937652
          ],
          [
            0.0022572316248243977,
            60.00626979588796
          ],
          [
            0.0023279898424844723,
            60.00626141746874
          ],
          [
            0.002399946013239205,
            60.00625378847637
          ],
          [
            0.002473009685605191,
            60.00624615948401
          ],
          [
            0.0025471240358962252,
            60.00624159495773
          ],
          [
            0.0026222146421548955,
            60.00623471619653
          ],
          [
            0.002698185343865192,
            60.00623015126809
          ],
          [
            0.0027749643229784604,
            60.006229400634766
          ],
          [
            0.0028524643780796417,
            60.006229400634766
          ],
          [
            0.0029306156686405745,
            60.006229400634766
          ],
          [
            0.003009350391201136,
            60.006229400634766
          ],
          [
            0.0030885705197651997,
            60.0062324636933
          ],
          [
            0.0031681480246018357,
            60.00623627818948
          ],
          [
            0.0032480307834092757,
            60.00624315534204
          ],
          [
            0.0033282014371176904,
            60.00625078433441
          ],
          [
            0.003408586441238147,
            60.00625841332678
          ],
          [
            0.0034891102756282356,
            60.006266042319155
          ],
          [
            0.0035696278448477045,
            60.006276733163574
          ],
          [
            0.0036500589758961797,
            60.006288176652134
          ],
          [
            0.0037303808382634094,
            60.00629962014069
          ],
          [
            0.003810609592121223,
            60.00631412487805
          ],
          [
            0.003890679631007982,
            60.006329382862795
          ],
          [
            0.0039704785774848424,
            60.00634464084753
          ],
          [
            0.004049930531486502,
            60.00635989883227
          ],
          [
            0.004128771141585044,
            60.0063782172615
          ],
          [
            0.004207152902683734,
            60.00639728974243
          ],
          [
            0.004285223155649805,
            60.00641942226568
          ],
          [
            0.004363064210159702,
            60.006439249401545
          ],
          [
            0.004441034976362696,
            60.00646138152264
          ],
          [
            0.004519751085947744,
            60.00648120906067
          ],
          [
            0.004599697500832364,
            60.006503340779595
          ],
          [
            0.00468104935136448,
            60.00652316871978
          ],
          [
            0.004763739435730212,
            60.006542241200705
          ],
          [
            0.004847736471559785,
            60.00655825504687
          ],
          [
            0.00493308818085112,
            60.006576571465295
          ],
          [
            0.005019721810722501,
            60.00659258571361
          ],
          [
            0.005107512542447103,
            60.006607843698355
          ],
          [
            0.005196390292638667,
            60.0066231016831
          ],
          [
            0.005286273529162829,
            60.006635302038475
          ],
          [
            0.005377197045737522,
            60.00664674552703
          ],
          [
            0.0054691752698846595,
            60.00665818901559
          ],
          [
            0.005562145132003991,
            60.00666657547802
          ],
          [
            0.005655971136909109,
            60.00667420447039
          ],
          [
            0.005750585544910656,
            60.006681833462764
          ],
          [
            0.005845971087047083,
            60.006689462455135
          ],
          [
            0.005942087020839162,
            60.006694035225706
          ],
          [
            0.006038872987590834,
            60.006700905742605
          ],
          [
            0.006136176887465477,
            60.00670547891534
          ],
          [
            0.0062331005970761915,
            60.006709293411525
          ],
          [
            0.006328032552693577,
            60.006710052490234
          ],
          [
            0.00641992682766637,
            60.00671310770663
          ],
          [
            0.006508468436117994,
            60.00671692220281
          ],
          [
            0.006593725171223311,
            60.006717681884766
          ],
          [
            0.006675777061087835,
            60.00672073649792
          ],
          [
            0.006754732722489576,
            60.00672149658203
          ],
          [
            0.006830579271821551,
            60.006724550793024
          ],
          [
            0.006903441080093144,
            60.0067253112793
          ],
          [
            0.006973390514494944,
            60.0067253112793
          ],
          [
            0.007040366871803461,
            60.0067253112793
          ],
          [
            0.007104365647541816,
            60.0067253112793
          ],
          [
            0.007165500040775159,
            60.0067253112793
          ],
          [
            0.007223924915877487,
            60.0067253112793
          ],
          [
            0.007279836769491638,
            60.00672225847587
          ],
          [
            0.007333309852219271,
            60.00672149658203
          ],
          [
            0.007384563707783184,
            60.00671844418076
          ],
          [
            0.007433784454526824,
            60.00671462968457
          ],
          [
            0.007481382053519636,
            60.00671081518839
          ],
          [
            0.007527943071930126,
            60.0067070006922
          ],
          [
            0.007574067743745718,
            60.00670318619602
          ],
          [
            0.007620072005655715,
            60.006696320303966
          ],
          [
            0.007666054193659404,
            60.006688691311595
          ],
          [
            0.007711720089180473,
            60.006684113312936
          ],
          [
            0.007756883519113099,
            60.006677248024126
          ],
          [
            0.007801456755727852,
            60.006669619031754
          ],
          [
            0.007845219152599982,
            60.006658939648915
          ],
          [
            0.007887938651963938,
            60.006650546349746
          ],
          [
            0.00792947284192763,
            60.006639867369074
          ],
          [
            0.007969731848635317,
            60.006628423880514
          ],
          [
            0.008008632984132721,
            60.00661393080582
          ],
          [
            0.008046083695594347,
            60.00660172220614
          ],
          [
            0.008082058979529712,
            60.0065872295336
          ],
          [
            0.008116508956842862,
            60.00657197154886
          ],
          [
            0.008149461676587802,
            60.006556713564116
          ],
          [
            0.008180744137508316,
            60.00654145557938
          ],
          [
            0.008210334911576092,
            60.00652314921498
          ],
          [
            0.00823806900712497,
            60.00650712491263
          ],
          [
            0.008263964423997475,
            60.00648881895039
          ],
          [
            0.008288032783082575,
            60.00646974646946
          ],
          [
            0.008309948748579167,
            60.00645067398854
          ],
          [
            0.008330195393545084,
            60.00642855413336
          ],
          [
            0.00834914842728199,
            60.006408714329424
          ],
          [
            0.008366983448155278,
            60.006386594876396
          ],
          [
            0.008383566222788023,
            60.00636370789929
          ],
          [
            0.008398703049486785,
            60.006340820922176
          ],
          [
            0.008412367404385016,
            60.00631793394506
          ],
          [
            0.008424817373998012,
            60.00629200080018
          ],
          [
            0.00843607117554719,
            60.00626834529358
          ],
          [
            0.00844596994722757,
            60.006242412550854
          ],
          [
            0.008454543457586299,
            60.00621571107755
          ],
          [
            0.008461992241419435,
            60.006189009604256
          ],
          [
            0.008468327725359272,
            60.00615926296859
          ],
          [
            0.008473519525344359,
            60.0061317919604
          ],
          [
            0.008477580034823072,
            60.00610204572689
          ],
          [
            0.008480603702157809,
            60.00607457431654
          ],
          [
            0.008482725497104073,
            60.006044828485194
          ],
          [
            0.008484226492382863,
            60.00601431251571
          ],
          [
            0.008485249389725088,
            60.00598379654623
          ],
          [
            0.008485883976462005,
            60.00595328057675
          ],
          [
            0.00848621258168594,
            60.00592276460727
          ],
          [
            0.008486277581334968,
            60.005889205285136
          ],
          [
            0.00848610710880299,
            60.00585791797104
          ],
          [
            0.00848571108129349,
            60.00582435905107
          ],
          [
            0.008485092857282031,
            60.0057900285854
          ],
          [
            0.00848424260253046,
            60.005755698119735
          ],
          [
            0.008483177733767482,
            60.00572136765407
          ],
          [
            0.008481896655113376,
            60.0056870371884
          ],
          [
            0.008480417721835937,
            60.005652706722735
          ],
          [
            0.008478743797269756,
            60.00561837625707
          ],
          [
            0.008476912928919429,
            60.00558100424848
          ],
          [
            0.008474978735506183,
            60.00554590062847
          ],
          [
            0.008472999868702704,
            60.005508529022045
          ],
          [
            0.008471003999800757,
            60.00547038406019
          ],
          [
            0.008469017364792037,
            60.005435279836945
          ],
          [
            0.008466975109094102,
            60.00539790883375
          ],
          [
            0.00846487635887099,
            60.0053597638719
          ],
          [
            0.008462797455475103,
            60.005321618910045
          ],
          [
            0.008460775286565627,
            60.0052834739482
          ],
          [
            0.008458853910951214,
            60.00524532898635
          ],
          [
            0.00845703073579369,
            60.005204144492374
          ],
          [
            0.008455285478967888,
            60.00516522436538
          ],
          [
            0.008453598949367204,
            60.00512707940352
          ],
          [
            0.008451978490895518,
            60.00508589551279
          ],
          [
            0.008450466262504664,
            60.005043936054754
          ],
          [
            0.00844911755110799,
            60.00500501512344
          ],
          [
            0.008447926107207494,
            60.00496383183595
          ],
          [
            0.008446854006273818,
            60.00492187237791
          ],
          [
            0.00844592090490303,
            60.004879912919876
          ],
          [
            0.008445169604070938,
            60.00483795346184
          ],
          [
            0.008444586956768382,
            60.0047959940038
          ],
          [
            0.008444119074072266,
            60.00475099722553
          ],
          [
            0.008443734347470748,
            60.00470826039046
          ],
          [
            0.00844341968793221,
            60.00466630093242
          ],
          [
            0.008443125559071162,
            60.00462130475739
          ],
          [
            0.008442750850802455,
            60.004578567319086
          ],
          [
            0.008442188269817031,
            60.00453357154621
          ],
          [
            0.008441484357304935,
            60.00448779759199
          ],
          [
            0.008440680310016619,
            60.00444505955044
          ],
          [
            0.008439741446335929,
            60.00440006438081
          ],
          [
            0.008438615810529996,
            60.00435429042659
          ],
          [
            0.00843727200596764,
            60.00430851647237
          ],
          [
            0.008435631349219772,
            60.004262742518144
          ],
          [
            0.008433636478307213,
            60.004216968563924
          ],
          [
            0.008431315284306212,
            60.004171194609704
          ],
          [
            0.008428719702232865,
            60.00412238615037
          ],
          [
            0.008425864287641322,
            60.00407583200399
          ],
          [
            0.00842270554780173,
            60.00403005804977
          ],
          [
            0.00841929279141131,
            60.00398125019368
          ],
          [
            0.008415690524450863,
            60.00393469544406
          ],
          [
            0.008411889106840736,
            60.00388588799013
          ],
          [
            0.008407844311190646,
            60.00383629953973
          ],
          [
            0.008403583988125131,
            60.00378974418686
          ],
          [
            0.008399123047641925,
            60.003740937336175
          ],
          [
            0.008394473190797138,
            60.003691348885766
          ],
          [
            0.008389690394638155,
            60.003641760435364
          ],
          [
            0.008384860951741515,
            60.003592171984955
          ],
          [
            0.008380030221360522,
            60.003542583534546
          ],
          [
            0.008375156224612445,
            60.00349299508414
          ],
          [
            0.008370288527730654,
            60.003443406633735
          ],
          [
            0.0083657096196886,
            60.003393818183326
          ],
          [
            0.008361913836602133,
            60.00334422973292
          ],
          [
            0.008359389243537784,
            60.00329464128251
          ],
          [
            0.008358587252316732,
            60.00324202194644
          ],
          [
            0.008359732470589963,
            60.00319164968443
          ],
          [
            0.00836331065148971,
            60.00314206123402
          ],
          [
            0.00836935048678125,
            60.00308944250119
          ],
          [
            0.008377482988286706,
            60.003039069635946
          ],
          [
            0.00838745581574755,
            60.002986451305276
          ],
          [
            0.00839967951418119,
            60.00293607803786
          ],
          [
            0.008414651480240284,
            60.00288648958745
          ],
          [
            0.008432482771945035,
            60.002833871860034
          ],
          [
            0.008453092342090903,
            60.00278349798938
          ],
          [
            0.008476281602768827,
            60.00273088066411
          ],
          [
            0.008501733357026801,
            60.00268050639129
          ],
          [
            0.00852931510615047,
            60.00263091794089
          ],
          [
            0.00855905509408884,
            60.00257830121887
          ],
          [
            0.008591194749392983,
            60.00252792634281
          ],
          [
            0.00862570875732998,
            60.0024783378924
          ],
          [
            0.008661964478000753,
            60.002428749442
          ],
          [
            0.008698951065831684,
            60.00237916099159
          ],
          [
            0.008736224570726212,
            60.00232957254118
          ],
          [
            0.008773883092060805,
            60.00227998409077
          ],
          [
            0.008812116456999277,
            60.00222736877631
          ],
          [
            0.008851124585854223,
            60.00217699249269
          ],
          [
            0.00889116293548394,
            60.002127404042284
          ],
          [
            0.008932595186200229,
            60.002077815591875
          ],
          [
            0.008975769004976333,
            60.00202822714147
          ],
          [
            0.00902082866742979,
            60.001978638691064
          ],
          [
            0.009067772931780769,
            60.001929050240655
          ],
          [
            0.009116689475193987,
            60.001879461790246
          ],
          [
            0.009167624721333598,
            60.001829873339844
          ],
          [
            0.009220678243707755,
            60.001780284889435
          ],
          [
            0.009275751924137867,
            60.001733721292275
          ],
          [
            0.009333081084092601,
            60.00168492268588
          ],
          [
            0.009392932661849278,
            60.00163835868656
          ],
          [
            0.00945523188729126,
            60.00159258473234
          ],
          [
            0.009519883760950022,
            60.00154681077812
          ],
          [
            0.009586773890139727,
            60.001501036823896
          ],
          [
            0.009655892848772175,
            60.001455262869676
          ],
          [
            0.009727183617382375,
            60.00141251236114
          ],
          [
            0.009800520932127077,
            60.001370552903104
          ],
          [
            0.00987572195814975,
            60.001328593445066
          ],
          [
            0.009952795029440208,
            60.00128663398703
          ],
          [
            0.010031685007538859,
            60.00124467452899
          ],
          [
            0.010112032463247631,
            60.00120271507095
          ],
          [
            0.01019279089436285,
            60.00116377785212
          ],
          [
            0.010272735597069087,
            60.00112563289027
          ],
          [
            0.01035116712675801,
            60.001087487928416
          ],
          [
            0.010427786800852297,
            60.00105236460252
          ],
          [
            0.010502365356708059,
            60.00101803413686
          ],
          [
            0.010574737159310182,
            60.000983703671196
          ],
          [
            0.010644925808905465,
            60.00094937320553
          ],
          [
            0.010712953749479557,
            60.0009180635715
          ],
          [
            0.010778668245602946,
            60.00088754760202
          ],
          [
            0.010841884074196435,
            60.00085401120306
          ],
          [
            0.010902821323706555,
            60.00082572119418
          ],
          [
            0.010961735123597322,
            60.00079599969357
          ],
          [
            0.011018685049451355,
            60.00076548372409
          ],
          [
            0.01107356618361512,
            60.000737987379765
          ],
          [
            0.011126148217492601,
            60.00070826648239
          ],
          [
            0.0111762932103353,
            60.00068076973591
          ],
          [
            0.011223933878542008,
            60.000651049240695
          ],
          [
            0.011268976569579476,
            60.00062355209205
          ],
          [
            0.0113113894088576,
            60.000596850618756
          ],
          [
            0.011351156412247694,
            60.00057014914546
          ],
          [
            0.011388346295459977,
            60.00054042945457
          ],
          [
            0.0114230031571655,
            60.000512931501596
          ],
          [
            0.011455142448354994,
            60.0004862300283
          ],
          [
            0.011484678832516707,
            60.000459528555005
          ],
          [
            0.011511466876151446,
            60.00043282708171
          ],
          [
            0.011535626028313782,
            60.000406125608414
          ],
          [
            0.011557333379615528,
            60.00037942413512
          ],
          [
            0.011576615560011034,
            60.00035573947185
          ],
          [
            0.01159332274306088,
            60.00032983588579
          ],
          [
            0.01160741008782409,
            60.0003031344125
          ],
          [
            0.01161889665452834,
            60.0002764329392
          ],
          [
            0.011627825451660852,
            60.00024973146591
          ],
          [
            0.011634209363981842,
            60.000223029992604
          ],
          [
            0.011638032974177802,
            60.000199344122855
          ],
          [
            0.011639390640822034,
            60.00017344174328
          ],
          [
            0.011638277581970028,
            60.00014975547137
          ],
          [
            0.011634702533723073,
            60.00012385349395
          ],
          [
            0.011628728131071197,
            60.00009715202066
          ],
          [
            0.011620483135803654,
            60.000073465145505
          ],
          [
            0.01161007783176123,
            60.00004756377133
          ],
          [
            0.011597571035565366,
            60.00002387649402
          ],
          [
            0.011582955049261415,
            59.99999797552201
          ],
          [
            0.011566271538329297,
            59.999974287842534
          ],
          [
            0.01154762183975699,
            59.999948387272674
          ],
          [
            0.01152711715437303,
            59.99992469919104
          ],
          [
            0.01150478516446569,
            59.999901812213935
          ],
          [
            0.011480729290974507,
            59.99987591224732
          ],
          [
            0.01145502674363851,
            59.99985222356244
          ],
          [
            0.011427648170013608,
            59.999829336585336
          ],
          [
            0.011398574863333974,
            59.99980343722196
          ],
          [
            0.011367915175330028,
            59.99977974793384
          ],
          [
            0.011335847755723896,
            59.99975686095674
          ],
          [
            0.011302785163872031,
            59.99973096219661
          ],
          [
            0.011269376700779675,
            59.999707272305244
          ],
          [
            0.011236195371902446,
            59.999681373947276
          ],
          [
            0.011203646726223293,
            59.99965768365376
          ],
          [
            0.011171937247643093,
            59.99963178569795
          ],
          [
            0.011141107873019602,
            59.999602073447036
          ],
          [
            0.011111255183414954,
            59.99957456805409
          ],
          [
            0.011082416985488928,
            59.9995478665808
          ],
          [
            0.011054584857328312,
            59.99951815493313
          ],
          [
            0.011027738021274398,
            59.99948763896364
          ],
          [
            0.011001856333542913,
            59.999457122994166
          ],
          [
            0.010977028983722058,
            59.99942359745355
          ],
          [
            0.010953344107985949,
            59.99939227635794
          ],
          [
            0.010930872971485452,
            59.99935875121948
          ],
          [
            0.010909607347006113,
            59.999324420753815
          ],
          [
            0.010889726983781224,
            59.99929009028815
          ],
          [
            0.010871269150619558,
            59.99925575982248
          ],
          [
            0.010854375192842627,
            59.999221429356815
          ],
          [
            0.010838978850906627,
            59.99918709889115
          ],
          [
            0.010825081355693045,
            59.99914976046299
          ],
          [
            0.010812595854682958,
            59.99911462326255
          ],
          [
            0.010801298694522999,
            59.99907728523655
          ],
          [
            0.010791064009257351,
            59.999039140274704
          ],
          [
            0.010781569083316334,
            59.99900099531285
          ],
          [
            0.01077265471625908,
            59.998962850351
          ],
          [
            0.010764333048268777,
            59.99892470538914
          ],
          [
            0.010756703969987595,
            59.998886560427295
          ],
          [
            0.010749744960208491,
            59.99885142181929
          ],
          [
            0.010743398625484343,
            59.99881709135362
          ],
          [
            0.010737572204250733,
            59.998782760887956
          ],
          [
            0.010732061265434207,
            59.998751436172896
          ],
          [
            0.010726580380683364,
            59.99872092020341
          ],
          [
            0.010720864196751407,
            59.99869040423393
          ],
          [
            0.010714633896395893,
            59.99866289341181
          ],
          [
            0.010707712383506549,
            59.998636191938516
          ],
          [
            0.010700088780740347,
            59.99860949046522
          ],
          [
            0.010691767888598542,
            59.998585793536044
          ],
          [
            0.010682631418755783,
            59.99856290655894
          ],
          [
            0.010672488379735529,
            59.998540019581824
          ],
          [
            0.010661214445202405,
            59.99851713260472
          ],
          [
            0.01064857645441875,
            59.998497249367404
          ],
          [
            0.01063440815562751,
            59.99847517334776
          ],
          [
            0.010618552472790957,
            59.99845528970829
          ],
          [
            0.010600896504978658,
            59.99843621722736
          ],
          [
            0.01058133841701808,
            59.99841714474643
          ],
          [
            0.010559821231172377,
            59.99839807226551
          ],
          [
            0.010536278259816387,
            59.998378999784585
          ],
          [
            0.010510665457936283,
            59.99835992730366
          ],
          [
            0.010482960435596695,
            59.99834085482273
          ],
          [
            0.010453226653317325,
            59.99832478427188
          ],
          [
            0.010421513137025907,
            59.998306524558146
          ],
          [
            0.010387905894958693,
            59.99829045360514
          ],
          [
            0.010352446477524282,
            59.998275195620394
          ],
          [
            0.010315120659311394,
            59.9982569365099
          ],
          [
            0.010275953118625777,
            59.99824386587832
          ],
          [
            0.01023507873666096,
            59.998229421666174
          ],
          [
            0.010192432248966158,
            59.99821416368143
          ],
          [
            0.010147994693252255,
            59.998201906018124
          ],
          [
            0.010101804878046385,
            59.99819046252957
          ],
          [
            0.01005393499618957,
            59.99817901904101
          ],
          [
            0.010004427579928336,
            59.99816757555246
          ],
          [
            0.009953357694029106,
            59.998156132063905
          ],
          [
            0.00990076727024651,
            59.998147687891375
          ],
          [
            0.009846758594563899,
            59.998140058899004
          ],
          [
            0.009791851212037288,
            59.99813242990663
          ],
          [
            0.009736288378320381,
            59.99812480091427
          ],
          [
            0.009680227139995806,
            59.9981171719219
          ],
          [
            0.009623194869389192,
            59.998112541240154
          ],
          [
            0.009564907118465192,
            59.998108726743965
          ],
          [
            0.009505388442603431,
            59.99810491224778
          ],
          [
            0.009444709075435603,
            59.9981010977516
          ],
          [
            0.009382931670704878,
            59.99809728325541
          ],
          [
            0.009320100123645675,
            59.99809346875923
          ],
          [
            0.009256258665624526,
            59.99809265136719
          ],
          [
            0.009191430242592032,
            59.998089654464124
          ],
          [
            0.00912564039510366,
            59.99808883666992
          ],
          [
            0.009058914863715623,
            59.99808883666992
          ],
          [
            0.008991277327123985,
            59.99808883666992
          ],
          [
            0.008922744481486248,
            59.99808584057118
          ],
          [
            0.00885333707697021,
            59.998085021972656
          ],
          [
            0.008783079655896411,
            59.998085021972656
          ],
          [
            0.008712000285286665,
            59.998085021972656
          ],
          [
            0.008640116131206459,
            59.998085021972656
          ],
          [
            0.008567445548628708,
            59.998088017065996
          ],
          [
            0.008494286669859949,
            59.99808883666992
          ],
          [
            0.00842108913332503,
            59.99808883666992
          ],
          [
            0.008347790227646904,
            59.99808883666992
          ],
          [
            0.008273867027694016,
            59.99808883666992
          ],
          [
            0.008199172523232956,
            59.99808883666992
          ],
          [
            0.008123703770713328,
            59.99808883666992
          ],
          [
            0.008047472864809996,
            59.99808883666992
          ],
          [
            0.00797048447269063,
            59.99808883666992
          ],
          [
            0.007892756533912824,
            59.99808883666992
          ],
          [
            0.007814294224456952,
            59.99808883666992
          ],
          [
            0.0077351115275641254,
            59.99809182955138
          ],
          [
            0.007655214080089703,
            59.99809265136719
          ],
          [
            0.007574615899344214,
            59.99809265136719
          ],
          [
            0.007493320697142233,
            59.99809265136719
          ],
          [
            0.007411341257016209,
            59.99809265136719
          ],
          [
            0.007328686204930196,
            59.99809265136719
          ],
          [
            0.007245368997810234,
            59.99809265136719
          ],
          [
            0.007161402443857757,
            59.99809564284108
          ],
          [
            0.007076798283206065,
            59.99809646606445
          ],
          [
            0.0069915736323620725,
            59.99809646606445
          ],
          [
            0.006905739447805427,
            59.99809646606445
          ],
          [
            0.006819305670916951,
            59.99809646606445
          ],
          [
            0.006732289845573605,
            59.99809646606445
          ],
          [
            0.006644701305816169,
            59.998099456331865
          ],
          [
            0.006556716659093702,
            59.99810028076172
          ],
          [
            0.006468711946520731,
            59.99810028076172
          ],
          [
            0.006380516237733733,
            59.99810028076172
          ],
          [
            0.006291810768963656,
            59.99810028076172
          ],
          [
            0.00620252747545921,
            59.99810028076172
          ],
          [
            0.006112671100602809,
            59.99810028076172
          ],
          [
            0.006022253534651249,
            59.99810028076172
          ],
          [
            0.005931279523809929,
            59.99810028076172
          ],
          [
            0.005839750666413215,
            59.99810028076172
          ],
          [
            0.00574767419566282,
            59.99810028076172
          ],
          [
            0.005655059687229429,
            59.99810028076172
          ],
          [
            0.005561912541714252,
            59.99810028076172
          ],
          [
            0.005468239502332381,
            59.99810028076172
          ],
          [
            0.005374048383165489,
            59.99810028076172
          ],
          [
            0.005279335430253603,
            59.99810028076172
          ],
          [
            0.0051841137144396105,
            59.99810028076172
          ],
          [
            0.005088388368822747,
            59.99810028076172
          ],
          [
            0.004992161883908908,
            59.99810028076172
          ],
          [
            0.0048954355949980466,
            59.99810028076172
          ],
          [
            0.004798222098288121,
            59.99810028076172
          ],
          [
            0.004700529204595875,
            59.998097294717
          ],
          [
            0.004602354846833466,
            59.99809646606445
          ],
          [
            0.004503704310627891,
            59.99809646606445
          ],
          [
            0.004404583688800648,
            59.99809646606445
          ],
          [
            0.004304998568403362,
            59.99809646606445
          ],
          [
            0.004204955994026295,
            59.99809646606445
          ],
          [
            0.0041044619576318855,
            59.99809646606445
          ],
          [
            0.004003520953264659,
            59.99809646606445
          ],
          [
            0.0039021431823459407,
            59.99809646606445
          ],
          [
            0.0038003339602038916,
            59.99809646606445
          ],
          [
            0.0036980998749720165,
            59.99809646606445
          ],
          [
            0.0035954452800353713,
            59.99809646606445
          ],
          [
            0.0034923740315137065,
            59.99809646606445
          ],
          [
            0.003388901012551734,
            59.99809646606445
          ],
          [
            0.003285032312951549,
            59.99809646606445
          ],
          [
            0.0031807699979601294,
            59.99809646606445
          ],
          [
            0.0030761186607886895,
            59.99809646606445
          ],
          [
            0.002971086386370944,
            59.99809646606445
          ],
          [
            0.0028656774700523773,
            59.99809646606445
          ],
          [
            0.002759896940378681,
            59.99809646606445
          ],
          [
            0.0026537583927640955,
            59.99809646606445
          ],
          [
            0.002547309142492492,
            59.998093484242425
          ],
          [
            0.0024406558843441954,
            59.99809265136719
          ],
          [
            0.0023336635864870782,
            59.99809265136719
          ],
          [
            0.0022263060823208658,
            59.99809265136719
          ],
          [
            0.002118584839042822,
            59.99809265136719
          ],
          [
            0.002010494786048632,
            59.99809265136719
          ],
          [
            0.001902049266990693,
            59.99809265136719
          ],
          [
            0.0017932519633083166,
            59.99809265136719
          ],
          [
            0.001684097589122243,
            59.99809265136719
          ],
          [
            0.0015745904229391868,
            59.99809265136719
          ],
          [
            0.0014647396164977143,
            59.99809265136719
          ],
          [
            0.0013545536486446995,
            59.99809265136719
          ],
          [
            0.001244027210360632,
            59.99809265136719
          ],
          [
            0.0011331610418533746,
            59.99809265136719
          ],
          [
            0.0010219607260074414,
            59.99809265136719
          ],
          [
            0.0009104347954145568,
            59.99809265136719
          ],
          [
            0.0007985754926168083,
            59.99809265136719
          ],
          [
            0.0006863930283630227,
            59.99808967296352
          ],
          [
            0.0005738965364358645,
            59.99808883666992
          ],
          [
            0.0004610850385650425,
            59.99808883666992
          ],
          [
            0.00034795614533294995,
            59.99808883666992
          ],
          [
            0.00023451505243657502,
            59.99808883666992
          ],
          [
            0.00012076103554855903,
            59.99808883666992
          ],
          [
            6.703703123207952e-06,
            59.99808883666992
          ],
          [
            -0.00010765081362185892,
            59.99808883666992
          ],
          [
            -0.00022230093019102952,
            59.99809181346494
          ],
          [
            -0.0003372523778027686,
            59.99809265136719
          ],
          [
            -0.00045250050970577666,
            59.99809265136719
          ],
          [
            -0.0005680398702731545,
            59.99809265136719
          ],
          [
            -0.0006838668125658295,
            59.99809265136719
          ],
          [
            -0.0007999769458122407,
            59.99809265136719
          ],
          [
            -0.000916367242278366,
            59.99809265136719
          ],
          [
            -0.001033043540382128,
            59.99809265136719
          ],
          [
            -0.001149991301837113,
            59.99809265136719
          ],
          [
            -0.0012672143152964496,
            59.99809265136719
          ],
          [
            -0.0013847096846007901,
            59.99809265136719
          ],
          [
            -0.0015024717480546456,
            59.99809265136719
          ],
          [
            -0.0016204902497691817,
            59.99809265136719
          ],
          [
            -0.0017387697969523139,
            59.99809265136719
          ],
          [
            -0.001857316589924753,
            59.99809265136719
          ],
          [
            -0.0019761157451301725,
            59.99809265136719
          ],
          [
            -0.00209516462810101,
            59.99809265136719
          ],
          [
            -0.0022144617813412057,
            59.99809265136719
          ],
          [
            -0.0023340066402691884,
            59.99809265136719
          ],
          [
            -0.0024537868658801513,
            59.99809265136719
          ],
          [
            -0.0025738129375281007,
            59.99808967859378
          ],
          [
            -0.002694073207017127,
            59.99808883666992
          ],
          [
            -0.0028145639818011573,
            59.99808883666992
          ],
          [
            -0.002935275852863725,
            59.99808883666992
          ],
          [
            -0.003056218793668157,
            59.99808883666992
          ],
          [
            -0.0031773846131677185,
            59.99808883666992
          ],
          [
            -0.003298768155116924,
            59.99808883666992
          ],
          [
            -0.003420369630586476,
            59.99808883666992
          ],
          [
            -0.0035421805407850793,
            59.99808883666992
          ],
          [
            -0.003664202948935713,
            59.99808883666992
          ],
          [
            -0.0037864301637371644,
            59.99808883666992
          ],
          [
            -0.003908862276856467,
            59.99808883666992
          ],
          [
            -0.004031500320353021,
            59.99808883666992
          ],
          [
            -0.0041543249998427755,
            59.99808883666992
          ],
          [
            -0.004277348567119956,
            59.99808883666992
          ],
          [
            -0.004400564471924396,
            59.99808883666992
          ],
          [
            -0.004523843992133382,
            59.99808883666992
          ],
          [
            -0.004646955715221126,
            59.99808883666992
          ],
          [
            -0.004769396686643788,
            59.99808883666992
          ],
          [
            -0.004890100203515871,
            59.99808883666992
          ],
          [
            -0.005008095020348718,
            59.99808883666992
          ],
          [
            -0.005123008565525514,
            59.9980858681192
          ],
          [
            -0.005234735273723156,
            59.998085021972656
          ],
          [
            -0.0053433090361779964,
            59.998085021972656
          ],
          [
            -0.005448708601592993,
            59.998085021972656
          ],
          [
            -0.0055509350756889125,
            59.998085021972656
          ],
          [
            -0.005650061938300397,
            59.998085021972656
          ],
          [
            -0.005746205593605343,
            59.998085021972656
          ],
          [
            -0.00583955435953487,
            59.998085021972656
          ],
          [
            -0.005930231294454546,
            59.998085021972656
          ],
          [
            -0.006018311666566969,
            59.998085021972656
          ],
          [
            -0.006103864641509897,
            59.99808798851257
          ],
          [
            -0.0061869635749641095,
            59.99808883666992
          ],
          [
            -0.006267706495981879,
            59.99808883666992
          ],
          [
            -0.006346085925411496,
            59.998091802606595
          ],
          [
            -0.006422128901504135,
            59.998095617102784
          ],
          [
            -0.006495882603448564,
            59.998099431598966
          ],
          [
            -0.006567376422226074,
            59.998103246095155
          ],
          [
            -0.006636708769094012,
            59.99810706059134
          ],
          [
            -0.006704018120443135,
            59.998113840018796
          ],
          [
            -0.006769425180902156,
            59.998118504280974
          ],
          [
            -0.006833057409042164,
            59.99812528330627
          ],
          [
            -0.006895140183257059,
            59.998132912298644
          ],
          [
            -0.0069560409145980155,
            59.998140541291015
          ],
          [
            -0.007016225495575485,
            59.99815113420925
          ],
          [
            -0.007076020865626491,
            59.99816257769781
          ],
          [
            -0.007135582813402736,
            59.998174021186365
          ],
          [
            -0.007194926815618907,
            59.99818546467492
          ],
          [
            -0.00725404458811382,
            59.99819690816347
          ],
          [
            -0.007313006651486205,
            59.9982113145725
          ],
          [
            -0.007371756292064284,
            59.99822657255724
          ],
          [
            -0.007430270902460399,
            59.99824183054198
          ],
          [
            -0.007488570267302267,
            59.998260050843946
          ],
          [
            -0.007546745802643346,
            59.99827616120873
          ],
          [
            -0.007604694892798946,
            59.998294381108536
          ],
          [
            -0.007662375127466334,
            59.99831345358946
          ],
          [
            -0.0077197920717043626,
            59.99833548758329
          ],
          [
            -0.007777025888964955,
            59.998355413248575
          ],
          [
            -0.007833985931875575,
            59.99837744684025
          ],
          [
            -0.007890220332526938,
            59.99840033381736
          ],
          [
            -0.00794538272748276,
            59.99842322079447
          ],
          [
            -0.00799942327584066,
            59.99844610777158
          ],
          [
            -0.008052514028535619,
            59.99846899474869
          ],
          [
            -0.00810458194544951,
            59.998494841831146
          ],
          [
            -0.00815584419032947,
            59.99852154330444
          ],
          [
            -0.008205999985797177,
            59.99854824477774
          ],
          [
            -0.008254843199941101,
            59.99857494625103
          ],
          [
            -0.008302526072362431,
            59.99860164772433
          ],
          [
            -0.008348999646647428,
            59.99863130829757
          ],
          [
            -0.00839420796415838,
            59.998661824267046
          ],
          [
            -0.008438028446133347,
            59.99869234023653
          ],
          [
            -0.008480279088105953,
            59.99872285620601
          ],
          [
            -0.008520684288108232,
            59.99875633047111
          ],
          [
            -0.008559070591127559,
            59.998787702842236
          ],
          [
            -0.008595140798880569,
            59.99882117670518
          ],
          [
            -0.00862888852504992,
            59.998852549478464
          ],
          [
            -0.008660202852558462,
            59.998886022939246
          ],
          [
            -0.008688867377847463,
            59.99892035340491
          ],
          [
            -0.008714849913709667,
            59.99895468387058
          ],
          [
            -0.00873833658479722,
            59.998989014336246
          ],
          [
            -0.008759114083237872,
            59.99902630148888
          ],
          [
            -0.008777197026687158,
            59.999061489964845
          ],
          [
            -0.008792731100878432,
            59.99909582043051
          ],
          [
            -0.008805525698773914,
            59.99913015089618
          ],
          [
            -0.008815954212635604,
            59.999164481361845
          ],
          [
            -0.008824057470828216,
            59.99919881182751
          ],
          [
            -0.00882989257568387,
            59.99923314229318
          ],
          [
            -0.008833686893818724,
            59.99926451747943
          ],
          [
            -0.008835103487835777,
            59.999297988527246
          ],
          [
            -0.008834256601132694,
            59.99932936411566
          ],
          [
            -0.008831785713142243,
            59.999359880085144
          ],
          [
            -0.008827995950000011,
            59.99939039605462
          ],
          [
            -0.008822529481185955,
            59.99942091202411
          ],
          [
            -0.008815111018183963,
            59.99944847392066
          ],
          [
            -0.008805696311119647,
            59.9994781292658
          ],
          [
            -0.008794368917954,
            59.999505691564515
          ],
          [
            -0.008781189054820573,
            59.99952943956812
          ],
          [
            -0.008766142715405469,
            59.99955527981384
          ],
          [
            -0.008749234287936104,
            59.999579028219614
          ],
          [
            -0.008730400812433967,
            59.99960191519672
          ],
          [
            -0.008709573200679723,
            59.999624802173834
          ],
          [
            -0.008686690084843575,
            59.99964768915095
          ],
          [
            -0.00866179256673225,
            59.99966762386485
          ],
          [
            -0.00863501411815987,
            59.9996896484079
          ],
          [
            -0.008606392654966466,
            59.999709583523966
          ],
          [
            -0.008576007777519939,
            59.9997286560049
          ],
          [
            -0.008543852898275285,
            59.99974772848582
          ],
          [
            -0.008509958288628139,
            59.99976384970894
          ],
          [
            -0.008474243105989158,
            59.999782058750405
          ],
          [
            -0.008436706309413376,
            59.99979818037569
          ],
          [
            -0.008397368454468097,
            59.999813438360434
          ],
          [
            -0.008356315453561976,
            59.999831646798654
          ],
          [
            -0.008313654901232108,
            59.999844818774775
          ],
          [
            -0.008269422070848536,
            59.999859212314654
          ],
          [
            -0.008223638131823348,
            59.999874470299396
          ],
          [
            -0.008176312681084657,
            59.99988677863497
          ],
          [
            -0.008127537715295821,
            59.999898222123534
          ],
          [
            -0.008077338398575844,
            59.99990966561209
          ],
          [
            -0.00802574814768793,
            59.99992110910064
          ],
          [
            -0.007972758892707758,
            59.9999325525892
          ],
          [
            -0.007918468294719696,
            59.999941047434
          ],
          [
            -0.007862873463044845,
            59.99995162486904
          ],
          [
            -0.007805980149143772,
            59.999960120116
          ],
          [
            -0.007747793618688236,
            59.99996774910837
          ],
          [
            -0.0076883662604996985,
            59.99997537810074
          ],
          [
            -0.007627721327033921,
            59.999980059454764
          ],
          [
            -0.0075658633045056515,
            59.99998682138822
          ],
          [
            -0.0075028334818354496,
            59.99999150314439
          ],
          [
            -0.007438683031445713,
            59.999998264675696
          ],
          [
            -0.0073734475941101005,
            60.00000294683403
          ],
          [
            -0.0073071565657194665,
            60.00000676133022
          ],
          [
            -0.007239855717285144,
            60.0000105758264
          ],
          [
            -0.00717158716632556,
            60.0000114440918
          ],
          [
            -0.007102395162886949,
            60.00001439012151
          ],
          [
            -0.007032304477861797,
            60.000018204617696
          ],
          [
            -0.006961348117703521,
            60.00001907348633
          ],
          [
            -0.006889555419342904,
            60.000022018912794
          ],
          [
            -0.0068169710035683746,
            60.000022888183594
          ],
          [
            -0.006744006704796379,
            60.000022888183594
          ],
          [
            -0.006670728967499535,
            60.00002583300682
          ],
          [
            -0.006596775997281208,
            60.00002670288086
          ],
          [
            -0.00652203575018375,
            60.00002670288086
          ],
          [
            -0.006446524048087115,
            60.000029647100845
          ],
          [
            -0.00637024713268375,
            60.000030517578125
          ],
          [
            -0.006293221387317386,
            60.000030517578125
          ],
          [
            -0.0062154530309757915,
            60.000030517578125
          ],
          [
            -0.006136952549297469,
            60.00003346099379
          ],
          [
            -0.006057731900899201,
            60.00003433227539
          ],
          [
            -0.0059777937441079605,
            60.00003433227539
          ],
          [
            -0.00589714849659438,
            60.00003433227539
          ],
          [
            -0.005815813252455427,
            60.00003433227539
          ],
          [
            -0.005733782104486281,
            60.00003727468565
          ],
          [
            -0.0056510764952465995,
            60.000038146972656
          ],
          [
            -0.005567703663731055,
            60.000038146972656
          ],
          [
            -0.005483685515484704,
            60.000038146972656
          ],
          [
            -0.0053990335744650226,
            60.000038146972656
          ],
          [
            -0.005313751127375017,
            60.000038146972656
          ],
          [
            -0.005227855222533226,
            60.000038146972656
          ],
          [
            -0.00514136691796248,
            60.000041087975355
          ],
          [
            -0.005054288138924285,
            60.00004196166992
          ],
          [
            -0.004966955813783261,
            60.00004196166992
          ],
          [
            -0.004879392413230486,
            60.00004196166992
          ],
          [
            -0.00479131098888204,
            60.00004196166992
          ],
          [
            -0.004702649265198906,
            60.00004196166992
          ],
          [
            -0.004613414915736719,
            60.00004196166992
          ],
          [
            -0.004523607717986948,
            60.00004196166992
          ],
          [
            -0.004433233810253999,
            60.00004196166992
          ],
          [
            -0.004342308031303464,
            60.00004196166992
          ],
          [
            -0.004250834944326388,
            60.00004196166992
          ],
          [
            -0.004158804359585149,
            60.00004196166992
          ],
          [
            -0.00406623721163683,
            60.00004196166992
          ],
          [
            -0.00397313886917221,
            60.00004196166992
          ],
          [
            -0.0038795174055517912,
            60.00004196166992
          ],
          [
            -0.003785378794585989,
            60.00003902368343
          ],
          [
            -0.003690718852563698,
            60.000038146972656
          ],
          [
            -0.003595558260740053,
            60.000038146972656
          ],
          [
            -0.0034998986344349837,
            60.000038146972656
          ],
          [
            -0.0034037465422315726,
            60.000038146972656
          ],
          [
            -0.0033070930998693876,
            60.000038146972656
          ],
          [
            -0.003209951066101518,
            60.000038146972656
          ],
          [
            -0.0031123180918806704,
            60.000038146972656
          ],
          [
            -0.003014204938349173,
            60.00003521059481
          ],
          [
            -0.0029156222735219586,
            60.00003433227539
          ],
          [
            -0.0028165723132484444,
            60.00003433227539
          ],
          [
            -0.0027170547527656354,
            60.00003433227539
          ],
          [
            -0.0026170716349110134,
            60.00003433227539
          ],
          [
            -0.002516635965382457,
            60.00003433227539
          ],
          [
            -0.0024157618363188525,
            60.00003433227539
          ],
          [
            -0.002314443223897706,
            60.00003433227539
          ],
          [
            -0.002212688496656634,
            60.000031397506184
          ],
          [
            -0.0021105074309059227,
            60.000030517578125
          ],
          [
            -0.002007910735517016,
            60.000030517578125
          ]
        ]
      }
    }
  ]
}