lap,session_time_s,lap_time_s,lap_distance_m,latitude_deg,longitude_deg,x_east_m,y_north_m
3,514.9625000000001,0.0,0.0,60.00004196166992,-0.0019016627997066543,0.0,0.0
3,515.0625,0.09999999999990905,5.278992576572764,60.00004196166992,-0.0017959223999242059,5.878898661468684,0.0
3,515.1625,0.1999999999999318,11.17827389363621,60.00004196166992,-0.0016898118115869234,11.778378869857777,0.0
3,515.2625,0.2999999999999545,17.097427355897217,60.00004196166992,-0.0015833562241146094,17.697040157165794,0.0
3,515.3625,0.3999999999998636,23.031348769307083,60.00004196166992,-0.0014766368835830424,23.630365447165207,0.0
3,515.4625000000001,0.5,28.969832112553433,60.00004196166992,-0.0013697974523103288,29.57036747849372,0.0
3,515.5625,0.599999999999909,34.91807594307452,60.00004196166992,-0.0012628414955723022,35.51684803083657,0.0
3,515.6625,0.6999999999999318,40.85879528304374,60.00003876187668,-0.0011559676665514969,41.45876449506914,-0.35580126672693557
3,515.7625,0.7999999999999545,46.80471023978955,60.000038146972656,-0.0010490414813059364,47.40359055586856,-0.4241755680612872
3,515.8625,0.8999999999998636,52.749638375301494,60.000038146972656,-0.000942101826471565,53.34916510643587,-0.4241755680612872
3,515.9625000000001,1.0,58.698773535766,60.000038146972656,-0.0008351319715626422,59.29641870482651,-0.4241755680612872
3,516.0625,1.099999999999909,64.65811302446818,60.000038146972656,-0.0007279258020252268,65.2568107993463,-0.4241755680612872
3,516.1625,1.1999999999999318,70.637863783337,60.000038146972656,-0.000620354409456554,71.23750837141121,-0.4241755680612872
3,516.2625,1.2999999999999545,76.63748578425852,60.000038146972656,-0.0005124380787312179,77.23738363325785,-0.4241755680612872
3,516.3625,1.3999999999998636,82.65653657261666,60.000038146972656,-0.000404167396368653,83.25695995061587,-0.4241755680612872
3,516.4625000000001,1.5,88.6950109838885,60.000038146972656,-0.0002955390065391607,89.29642389913563,-0.4241755680612872
3,516.5625,1.599999999999909,94.75523591782179,60.000038146972656,-0.00018655746799147295,95.35552202390853,-0.4241755680612872
3,516.6625,1.6999999999999318,100.83301047360204,60.000034949190216,-7.723687577057108e-05,101.43347557879508,-0.7797532439923724
3,516.7625,1.7999999999999545,106.92975968587334,60.00003433227539,3.242675503865656e-05,107.530497606908,-0.8483511375372226
3,516.8625,1.8999999999998636,113.04593768357145,60.00003433227539,0.00014243695898823492,113.64678728104016,-0.8483511375372226
3,516.9625000000001,2.0,119.17921175974567,60.00003433227539,0.00025277933821392677,119.78154506211472,-0.8483511375372226
3,517.0625,2.099999999999909,125.33379261382571,60.00003433227539,0.00036346279150288027,125.93526570023656,-0.8483511375372226
3,517.1625,2.199999999999932,131.50591939309325,60.00003433227539,0.0004744697492984122,132.10697237239964,-0.8483511375372226
3,517.2625,2.2999999999999545,137.6946981493497,60.00003113569944,0.0005858010370632178,138.29671765423203,-1.2037946567273605
3,517.3625,2.3999999999998636,143.90245068619072,60.000030517578125,0.0006974672119628631,144.505076783585,-1.2725267055985097
3,517.4625000000001,2.5,150.12962561372024,60.000030517578125,0.0008094589726122523,150.7315363677955,-1.2725267055985097
3,517.5625,2.599999999999909,156.37390904765866,60.000030517578125,0.0009217502146958326,156.97464636481672,-1.2725267055985097
3,517.6625,2.699999999999932,162.63250123469882,60.000030517578125,0.0010343442054063046,163.23458842232696,-1.2725267055985097
3,517.7625,2.7999999999999545,168.91196441449188,60.000027322007575,0.0011472578820161592,169.51231239761242,-1.6278584293907226
3,517.8625,2.8999999999998636,175.20664027478816,60.00002670288086,0.0012604897421901729,175.80772033866262,-1.696702273659797
3,517.9625000000001,3.0,181.51984738145595,60.00002670288086,0.001374022438088456,182.11985240228745,-1.696702273659797
3,518.0625,3.099999999999909,187.84782748367957,60.00002670288086,0.0014878427338077718,188.44797429190444,-1.696702273659797
3,518.1625,3.199999999999932,194.1920021527245,60.00002350811463,0.0016019713993000828,194.79325017091185,-2.0519445619824586
3,518.2625,3.2999999999999545,200.55050954043787,60.000022888183594,0.0017163815453689701,201.15416844699624,-2.1208778431357325
3,518.3625,3.3999999999998636,206.92521368191754,60.000022888183594,0.001831067490988436,207.53041865936302,-2.1208778431357325
3,518.4625000000001,3.5,213.31657618390187,60.00001969402061,0.0019460575804883414,213.92358883494063,-2.476053051673272
3,518.5625,3.599999999999909,219.7222487709183,60.00001907348633,0.0020613438509642914,220.3332179759285,-2.5450534111970193
3,518.6625,3.699999999999932,226.14413826077396,60.00001907348633,0.0021768946451075663,226.75755196208306,-2.5450534111970193
3,518.7625,3.7999999999999545,232.58266552611659,60.00001587992658,0.0022927331677054866,233.19789418440402,-2.900161544193382
3,518.8625,3.8999999999998636,239.04017343008258,60.00001525878906,0.002408856255164754,239.65404880343462,-2.9692289792583066
3,518.9625000000001,4.0,245.5124569718452,60.00001525878906,0.002525255185817679,246.12553742284774,-2.9692289792583066
3,519.0625,4.099999999999909,252.00093376292554,60.00001206583256,0.0026419375594590056,252.61279695304086,-3.3242700338841957
3,519.1625,4.199999999999932,258.5060816798986,60.0000114440918,0.0027588811515201037,259.1145701296001,-3.393404548734242
3,519.2625,4.2999999999999545,265.0278673844124,60.0000114440918,0.0028760902593712298,265.6311029450721,-3.393404548734242
3,519.3625,4.399999999999864,271.56395938239723,60.000008251738535,0.0029935693564632853,272.16265961859625,-3.7483785249896573
3,519.4625000000001,4.5,278.11395597465844,60.00000762939453,0.0031113123499019973,278.7088780730928,-3.817580116795529
3,519.5625,4.599999999999909,284.6824635250378,60.00000443744343,0.0032293185330823726,285.26974042190864,-4.172509376023493
3,519.6625,4.699999999999932,291.2587857728256,60.000003814697266,0.0033475884095771915,291.8452527604636,-4.241755684856816
3,519.7625,4.7999999999999545,297.84760644478484,60.000003814697266,0.003466117185463472,298.43515657317124,-4.241755684856816
3,519.8625,4.899999999999864,304.4433617943907,60.000003814697266,0.003584899430464314,305.0391526353935,-4.241755684856816
3,519.9625000000001,5.0,311.0539428331387,60.000000623550484,0.0037039202464873994,311.65642768291934,-4.596595507200581
3,520.0625,5.099999999999909,317.65797516894054,60.0,0.003822722130791737,318.2615189595467,-4.665931254332752
3,520.1625,5.199999999999932,324.17892206714953,60.0,0.00393992993756002,324.777980565273,-4.665931254332752
3,520.2625,5.2999999999999545,330.5493653524479,60.0,0.004054370608105526,331.14059630142174,-4.665931254332752
3,520.3625,5.399999999999864,336.7542052373249,60.0,0.004165820335490802,337.3369230607015,-4.665931254332752
3,520.4625000000001,5.5,342.7832640845578,59.99999680985862,0.004274132733883046,343.35883871248535,-5.020659279863943
3,520.5625,5.599999999999909,348.64631521486325,59.999999375243036,0.004379343914110494,349.2083045570992,-4.735401153961925
3,520.6625,5.699999999999932,354.3293968917779,60.0,0.004481411710888998,354.88301608628313,-4.665931254332752
3,520.7625,5.7999999999999545,359.8362973262346,60.0,0.004580390471757972,360.3859882241388,-4.665931254332752
3,520.8625,5.899999999999864,365.18460833439667,60.00000318933706,0.004676602444932038,365.73511623875663,-4.311292664271112
3,520.9625000000001,6.0,370.37750970282906,60.000003814697266,0.004770068960845378,370.9316175542616,-4.241755684856816
3,521.0625,6.099999999999909,375.41964452070937,60.00000700363216,0.004860886637353924,375.9808353510697,-3.8871618132372765
3,521.1625,6.199999999999932,380.3304944982694,60.000010818128345,0.004949362420823377,380.8998456700267,-3.4630086051043634
3,521.2625,6.2999999999999545,385.1067136406916,60.00001782115727,0.0050353925424736126,385.6828641690915,-2.6843062409647134
3,521.3625,6.399999999999864,389.7562657119394,60.00002226181798,0.005118933152823625,390.32748620838305,-2.190526616533305
3,521.4625000000001,6.5,394.28322797693903,60.00002926444474,0.005199991925282594,394.8341083960493,-1.4118689722504032
3,521.5625,6.599999999999909,398.71362120175905,60.00003370550762,0.005278837026848594,399.21767057589284,-0.918044629376895
3,521.6625,6.699999999999932,403.07098567070574,60.00004070773222,0.005355744893757842,403.4935111960482,-0.13943170353609274
3,521.7625,6.7999999999999545,407.3497039037259,60.00005152425192,0.005431164637139075,407.68659151126593,1.063312073338545
3,521.8625,6.899999999999864,411.62677197081075,60.000059780414226,0.0055054638212838685,411.81738615378447,1.9813567027154402
3,521.9625000000001,7.0,415.90614341610217,60.00007059653177,0.005578890106765051,415.89963273479174,3.1840557611479783
3,522.0625,7.099999999999909,420.19477470791804,60.000082040020324,0.005651457742238337,419.93413525963336,4.4565153883760145
3,522.1625,7.199999999999932,424.5107477469734,60.00009348350888,0.005723118175218407,423.91819826500995,5.728975017018699
3,522.2625,7.2999999999999545,428.8433214412529,60.00010811351937,0.005793879864118143,427.85227143574815,7.355760206628325
3,522.3625,7.399999999999864,433.1758817870027,60.00012337150411,0.005863948826415894,431.74782496927725,9.052373044818571
3,522.4625000000001,7.5,437.5288143253529,60.00013862948885,0.00593346612238137,435.61270549860984,10.748985881594168
3,522.5625,7.599999999999909,441.7954757905195,60.00015388747359,0.006002475412490932,439.4493404528666,12.445598718369766
3,522.6625,7.699999999999932,446.19961587424194,60.00017233117594,0.006071066929757042,443.26272522498573,14.496447682057402
3,522.7625,7.7999999999999545,450.6761022113999,60.00019140365686,0.006139153341247385,447.0480210822525,16.617213728380563
3,522.8625,7.899999999999864,455.18400973075916,60.000210476137795,0.006206562431912719,450.7956575289146,18.73797977611837
3,522.9625000000001,8.0,459.7266161273581,60.00022954861872,0.006273116121841092,454.4957338331221,20.858745822441527
3,523.0625,8.099999999999909,464.3052904984527,60.00025180601293,0.00633865918278923,458.13959771048155,23.333658557377877
3,523.1625,8.199999999999932,468.90844049162564,60.00027469299005,0.00640310957466914,461.72270531994843,25.878577814663245
3,523.2625,8.299999999999955,473.5129604604041,60.00029757996715,0.006466343267095961,465.23816530073117,28.423497069119318
3,523.3625,8.399999999999864,478.12861772850255,60.00032365125431,0.006528214744488666,468.67786490097774,31.322495936647403
3,523.4625000000001,8.5,482.75581552659696,60.00034716861864,0.006588824008020154,472.04740444213485,33.9375111503367
3,523.5625,8.599999999999909,487.39411550892453,60.00037323950364,0.006648404773755351,475.3597416494409,36.83646529942268
3,523.6625,8.699999999999932,492.03656950294265,60.00040312468374,0.006706637010077684,478.5970742351376,40.1595502995425
3,523.7625,8.799999999999955,496.4988123947192,60.000430457147495,0.006762774888184359,481.7179821538482,43.19878579973518
3,523.8625,8.899999999999864,501.0897075670523,60.00046034192544,0.006816554635293403,484.70776350191466,46.521826079998256
3,523.9625000000001,9.0,505.6877223258125,60.00049085789492,0.006868016115015675,487.5686485697866,49.9150517549641
3,524.0625,9.099999999999909,510.245923597332,60.0005213738644,0.0069170612269187715,490.2951880353837,53.30827742992994
3,524.1625,9.199999999999932,514.7694492477848,60.00055188983388,0.006963896762120592,492.8988790588782,56.701503104895785
3,524.2625,9.299999999999955,519.2504417496253,60.000582405803364,0.00700812642006243,495.357688681984,60.094728779861626
3,524.3625,9.399999999999864,523.6893576262572,60.00061610407209,0.007049848197371534,497.6770414838625,63.84181047427434
3,524.4625000000001,9.5,528.0866010011501,60.000650434537754,0.0070888934861494755,499.84758252368994,67.65918935878774
3,524.5625,9.599999999999909,532.435339771787,60.00068158310634,0.007125257196350714,501.86905791316093,71.12275694229638
3,524.6625,9.699999999999932,536.731774534287,60.00071528077182,0.007158958858601584,503.7425103601867,74.86977155833861
3,524.7625,9.799999999999955,540.9407538838831,60.000752792732406,0.007189925600972964,505.4638787565411,79.04091702541469
3,524.8625,9.899999999999864,545.1548937010807,60.00078775640042,0.007218150592890478,507.0328320671426,82.92870489542672
3,524.9625000000001,10.0,549.3384651102497,60.00082208686609,0.007243510807285262,508.4425160838149,86.74608377994012
3,525.0625,10.099999999999909,553.4850972037717,60.000856417331754,0.007266348368752323,509.7119472443125,90.56346266445352
3,525.1625,10.199999999999932,557.6048827404326,60.00089392848802,0.007286501054114822,510.83208212525227,94.73451869464539
3,525.2625,10.299999999999955,561.7042772939451,60.00092889296035,0.00730381833175262,511.79459606120827,98.62239600154162
3,525.3625,10.399999999999864,565.791225762113,60.00096640371446,0.007318150267322286,512.5911140989059,102.7934073132914
3,525.4625000000001,10.5,569.8508968657958,60.00100136858895,0.007329677219975053,513.231703298134,106.68132933862971
3,525.5625,10.599999999999909,573.8985223881239,60.001038878940896,0.0073384643651580005,513.7199479811501,110.85229593193739
3,525.6625,10.699999999999932,577.9586457104748,60.00107384421755,0.007344827408582806,514.0734400698276,114.74026267571782
3,525.7625,10.799999999999955,582.0377191024104,60.00111135416733,0.007349001503136704,514.3052139466664,118.91118455058339
3,525.8625,10.899999999999864,586.1454577000305,60.001149499129184,0.007350855104942947,514.4079712563256,123.15271664464436
3,525.9625000000001,11.0,590.295307949473,60.00118446500908,0.0073505028923535045,514.3881175899177,127.0407504653806
3,526.0625,11.099999999999909,594.4780414129461,60.00122197435562,0.007348272816491738,514.2638415850101,131.21160526329035
3,526.1625,11.199999999999932,598.705133021574,60.00126011931747,0.007344685107638237,514.0640812118255,135.45313735593666
3,526.2625,11.299999999999955,602.9747617939845,60.00129826427933,0.007339811688947367,513.7928402123924,139.69466944999763
3,526.3625,11.399999999999864,607.2883513669101,60.001336409241176,0.007333352888787193,513.4334580518932,143.9362015440586
3,526.4625000000001,11.5,611.6416917205436,60.00137773227958,0.007325289893027829,512.9848642430851,148.5311201146317
3,526.5625,11.599999999999909,616.0338971871613,60.00141651386215,0.0073159946516110205,512.4677823663226,152.8434413002418
3,526.6625,11.699999999999932,620.4603512555725,60.001454658823995,0.007305180840699868,511.8662792033024,157.08497339288814
3,526.7625,11.799999999999955,624.9270411879435,60.00149598125916,0.007292548040059938,511.1636231744782,161.67982488650543
3,526.8625,11.899999999999864,629.4306757637679,60.001534763444965,0.007278352598205858,510.3741106860995,165.99221314907135
3,526.9625000000001,12.0,633.9704189516765,60.00157608547797,0.0072629653522639,509.5183198044363,170.58701992424653
3,527.0625,12.099999999999909,638.5462911427999,60.001614868065936,0.007246396565731979,508.59686041111706,174.89945290525458
3,527.1625,12.199999999999932,643.1604778854235,60.001656189696774,0.007228719184029721,507.61374903127734,179.494214960573
3,527.2625,12.299999999999955,647.8112324563895,60.00169814915481,0.007210366775591843,506.59310515569086,184.15990026418154
3,527.3625,12.399999999999864,652.4980652103172,60.00173693234602,0.007191633575907022,505.5513163599441,188.4724003221454
3,527.4625000000001,12.5,657.2186791714281,60.00177825337362,0.00717259793256657,504.4926947712122,193.06709530192265
3,527.5625,12.599999999999909,661.9748506232847,60.00182021283166,0.007153265540379126,503.41757160462873,197.7327806055312
3,527.6625,12.699999999999932,666.7648441643862,60.0018621722897,0.007133596934532101,502.32375768691486,202.39846590772507
3,527.7625,12.799999999999955,671.5857816610389,60.00190413174773,0.007113578814456868,501.2105135964912,207.06415120991895
3,527.8625,12.899999999999864,676.4396110905823,60.00194609120577,0.007093175979144898,500.07588233965674,211.7298365135275
3,527.9625000000001,13.0,681.310516120957,60.001991225724154,0.007072511791061049,498.9266984512659,216.74857290603973
3,528.0625,13.099999999999909,686.2114689218545,60.00203382481911,0.007051684941802314,497.76849192999555,221.48538268739117
3,528.1625,13.199999999999932,691.1411211024738,60.002075784277146,0.007030752656332262,496.60442989494965,226.1510679909997
3,528.2625,13.299999999999955,696.1031633610045,60.00212091819229,0.007009770411869012,495.4375680565059,231.16973730655613
3,528.3625,13.399999999999864,701.0961910491268,60.00216351789049,0.006988825930594618,494.27282621379453,235.90661416627805
3,528.4625000000001,13.5,706.1197330981021,60.002208651403464,0.006968148484013892,493.1229129514522,240.9252387619777
3,528.5625,13.599999999999909,711.1760746826815,60.00225125150382,0.006948067448388395,492.00617792997537,245.66216034014172
3,528.6625,13.699999999999932,716.2680635074762,60.002296384614645,0.006928821517800911,490.93585369575044,250.68074021881395
3,528.7625,13.799999999999955,721.3892251293674,60.002342158568865,0.006910525464859917,489.9183351336029,255.7705787305554
3,528.8625,13.899999999999864,726.5381040476042,60.002387932523085,0.0068932559070843296,488.9578864890077,260.8604172422968
3,528.9625000000001,14.0,731.7101208141586,60.00243370647731,0.006876933331686289,488.05008709351716,265.95025575545293
3,529.0625,14.099999999999909,736.9089717027513,60.00247948043153,0.006861565524126924,487.19536967383976,271.04009426860904
3,529.1625,14.199999999999932,742.1355398973493,60.00252525438575,0.006847063698402573,486.388798027941,276.12993278035043
3,529.2625,14.299999999999955,747.3898658907277,60.00257102833998,0.006833628011277024,485.6414998400746,281.21977129350654
3,529.3625,14.399999999999864,752.6719599524625,60.00261997453942,0.006821428661251237,484.9629139704369,286.66234786647163
3,529.4625000000001,14.5,757.9794874580953,60.002666390945684,0.006810537198552838,484.3570599646862,291.8236238850507
3,529.5625,14.599999999999909,763.3143101873645,60.002715336742966,0.006800738383788706,483.81193431841854,297.2661557409884
3,529.6625,14.699999999999932,768.6791845672245,60.002764925193375,0.006792110623116799,483.3319097481742,302.780147463692
3,529.7625,14.799999999999955,774.069955689975,60.00281134220288,0.0067845984953083275,482.91393281219746,307.9414905592269
3,529.8625,14.899999999999864,779.4903048850638,60.00286028739692,0.006777989798090022,482.5461643383288,313.38395533820875
3,529.9625000000001,15.0,784.9435023255143,60.00290987584733,0.006772247908211686,482.2265819252618,318.89794705949777
3,530.0625,15.099999999999909,790.425404708354,60.00295946429774,0.006767186114323889,481.94480993938345,324.4119387822014
3,530.1625,15.199999999999932,795.9327415710413,60.00300905274815,0.006762761368125774,481.69845502641,329.9259305034904
3,530.2625,15.299999999999955,801.4650391808992,60.00305864119855,0.006758911499650401,481.4840607714604,335.4399222247794
3,530.3625,15.399999999999864,807.0223482616625,60.00310822964896,0.006755493287578134,481.2936647287513,340.9539139460684
3,530.4625000000001,15.5,812.6045776772629,60.00315781809937,0.006752556390606936,481.1300276122387,346.46790566877206
3,530.5625,15.599999999999909,818.2141412424613,60.00320740654978,0.0067501039196909965,480.9933223146552,351.9818973900611
3,530.6625,15.699999999999932,823.86294457698,60.00326016463136,0.006748010317515301,480.87654540583867,357.84833650482204
3,530.7625,15.799999999999955,829.530336441639,60.00331039814785,0.006746228506364358,480.7771209646447,363.434056402115
3,530.8625,15.899999999999864,835.2162065446108,60.00335998659826,0.006744777985126493,480.6961193179231,368.948048123404
3,530.9625000000001,16.0,840.8823399480724,60.0034127440766,0.006743727465191658,480.637332696221,374.8144201597945
3,531.0625,16.09999999999991,846.4584545006588,60.00346297819634,0.006742990530615338,480.59599814930294,380.40020713545795
3,531.1625,16.199999999999932,851.890386740578,60.003509398020974,0.006742366685187752,480.5609785129156,385.56186326008753
3,531.2625,16.299999999999955,857.155846468532,60.00355834039989,0.006741596033528528,480.5177789809287,391.00401500997464
3,531.3625,16.399999999999864,862.247450280552,60.00360159240308,0.00674039330148395,480.4505995573385,395.813424974829
3,531.4625000000001,16.5,867.1596045045452,60.00364671988364,0.006738506176532379,480.34535816167704,400.8313787967265
3,531.5625,16.59999999999991,871.9005825233166,60.00368932601641,0.0067356275013605695,480.1850105684781,405.5689711486927
3,531.6625,16.699999999999932,876.4699861814953,60.00373128547445,0.006731565019148107,479.9588548680098,410.23465645230124
3,531.7625,16.799999999999955,880.8696304151579,60.0037700775132,0.0067263616915977,479.6692978834547,414.548140313162
3,531.8625,16.899999999999864,885.1023120474892,60.00380822247505,0.006720021609317085,479.31654883838854,418.78967240722295
3,531.9625000000001,17.0,889.1823408579218,60.00384636743691,0.006712761067911822,478.91262794434186,423.0312045012839
3,532.0625,17.09999999999991,893.1355479083941,60.003881345582705,0.006704530385856249,478.4547961868734,426.92060222955297
3,532.1625,17.199999999999932,896.9366929756687,60.00391567604837,0.0066950949697144714,477.92999334813766,430.7379811140664
3,532.2625,17.299999999999955,900.6602558282567,60.003946840100156,0.006684310285130145,477.3302024208492,434.20327035264455
3,532.3625,17.399999999999864,904.3158899107856,60.00397735606963,0.006672045230299162,476.6481167847924,437.5964960261957
3,532.4625000000001,17.5,907.7409060641482,60.00400787203912,0.006658124134789266,475.87396562575833,440.9897217011616
3,532.5625,17.59999999999991,911.171802594951,60.004035222197956,0.006642474696824836,475.00375224957793,444.0309248085627
3,532.6625,17.699999999999932,914.539342432945,60.00406192367125,0.006625332747203207,474.05056941254384,446.999997273981
3,532.7625,17.799999999999955,917.631543907556,60.00408862514455,0.006606721669234411,473.0157125222104,449.9690697393993
3,532.8625,17.899999999999864,920.7647843260589,60.00411532661784,0.006586516606685033,471.89224041423313,452.93814220481755
3,532.9625000000001,18.0,923.8552537290452,60.00413886308481,0.006564589919810354,470.6730797073315,455.55528153814066
3,533.0625,18.09999999999991,926.7234369215314,60.004161750061925,0.006540960238351152,469.3592481832005,458.1002007940114
3,533.1625,18.199999999999932,929.6844048699398,60.00418147243487,0.006515517905713838,467.9446674448516,460.29323163622905
3,533.2625,18.299999999999955,932.4707391875739,60.00420370931888,0.006488120145106047,466.42135980878567,462.7658637376915
3,533.3625,18.399999999999864,935.3627421645645,60.004223432093994,0.006458761141689555,464.7890376189937,464.9589392983513
3,533.4625000000001,18.5,938.2643072120177,60.00424250457492,0.006427547441938102,463.0536110792409,467.0797053460891
3,533.5625,18.59999999999991,940.9820634498992,60.004258413256004,0.006394559637090651,461.2195781347592,468.84867241564336
3,533.6625,18.699999999999932,943.8125169358015,60.004273671240746,0.006359786012443464,459.2862698795812,470.545285252419
3,533.7625,18.799999999999955,946.5149273956082,60.00428892922548,0.006323279952991217,457.25664970783765,472.2418980891946
3,533.8625,18.899999999999864,949.3066709736672,60.004304187210224,0.006285195939331643,455.13930586318213,473.9385109273848
3,533.9625000000001,19.0,951.9969180479509,60.004319445194966,0.006245689170669569,452.94286653149885,475.6351237655751
3,534.0625,19.09999999999991,954.7347647067877,60.004331540385266,0.006204907953829277,450.6755982633835,476.9800494209797
3,534.1625,19.199999999999932,957.4072358315053,60.004342983873826,0.006162933091930066,448.3419759112106,478.2525090496224
3,534.2625,19.299999999999955,960.0723105737201,60.00435442736238,0.006119689569002895,445.9378246211296,479.52496867685045
3,534.3625,19.399999999999864,962.6886385882991,60.00436270865974,0.006075268414306151,443.4682262935099,480.445808201078
3,534.4625000000001,19.5,965.3336773718031,60.00437349964223,0.006029855733444014,440.9434891173034,481.64571236465986
3,534.5625,19.59999999999991,967.929277524305,60.00438178134174,0.005983550129672825,438.3691283967217,482.56659660732953
3,534.6625,19.699999999999932,970.6026915554808,60.00438624874616,0.0059363557219997785,435.74538144476065,483.06334999896535
3,534.7625,19.799999999999955,973.3061094444413,60.00439322462922,0.0058883346595032405,433.0756615299896,483.83903387604386
3,534.8625,19.899999999999864,976.0464448647804,60.004397692435795,0.005839605905522316,430.366615230869,484.33583198753644
3,534.9625000000001,20.0,978.819207538787,60.00440150693198,0.005790285455201066,427.62467886952777,484.75998519566934
3,535.0625,20.09999999999991,981.6017498329844,60.00440216064453,0.005740415146086891,424.85219438233275,484.83267481605645
3,535.1625,20.199999999999932,984.4128948917657,60.00440216064453,0.005689944433789959,422.0463354230959,484.83267481605645
3,535.2625,20.299999999999955,987.2848800555436,60.004405321026006,0.005638881968083433,419.2075586129616,485.1840936881894
3,535.3625,20.399999999999864,990.1568457675972,60.0044059753418,0.005587283206426082,416.33898311615695,485.25685038411774
3,535.4625000000001,20.5,993.1321657416182,60.00440913532111,0.005535198885524828,413.4433979320081,485.6082245378086
3,535.5625,20.59999999999991,996.0787762239792,60.00440979003906,0.005482759198100153,410.5280723970204,485.681025952179
3,535.6625,20.699999999999932,999.1413849361171,60.004416109193365,0.005430084657199683,407.59965562196356,486.3836848226766
3,535.7625,20.799999999999955,1002.2623611779177,60.004420578809665,0.005377281778320434,404.6641159256319,486.88068416503666
3,535.8625,20.899999999999864,1005.2957846870894,60.00442755248084,0.005324410198630604,401.7247420816372,487.6561220913909
3,535.9625000000001,21.0,1008.417675532878,60.0044320224993,0.0052716274031032835,398.7903197970519,488.15316615360774
3,536.0625,21.09999999999991,1011.4930429380717,60.004442154541145,0.005219141642408033,395.8723773147172,489.27979935846986
3,536.1625,21.199999999999932,1014.6459763717808,60.00445043945795,0.005166850150098634,392.9652468091451,490.20104134726165
3,536.2625,21.299999999999955,1017.8249124839965,60.00446122682099,0.005114737058590626,390.0680202472324,491.40054304627927
3,536.3625,21.399999999999864,1020.9846197615576,60.004472670309546,0.005062765767314336,387.1786739962101,492.673002674922
3,536.4625000000001,21.5,1024.2020292756201,60.0044841137981,0.005010940828046595,384.2974649997899,493.94546230214996
3,536.5625,21.59999999999991,1027.4484955102644,60.00449871505408,0.004959401340940024,381.4321081423691,495.56905013234467
3,536.6625,21.699999999999932,1030.709741956062,60.004513973038826,0.004908157945978024,378.5832096528591,497.26566297053495
3,536.7625,21.799999999999955,1034.0124646716122,60.00452923102357,0.004857125246315014,375.7460258084303,498.96227580872517
3,536.8625,21.899999999999864,1037.3508052535349,60.0045444890083,0.004806222650982204,372.91607625197946,500.6588886455008
3,536.9625000000001,22.0,1040.733963084285,60.004559746993046,0.004755405709221015,370.0908897975649,502.3555014822764
3,537.0625,22.09999999999991,1044.1597103919005,60.004578161739815,0.004704412051173774,367.2558628161447,504.40313072662076
3,537.1625,22.199999999999932,1047.6294025165569,60.004594077659796,0.0046527483425429636,364.3836006246702,506.1729027267182
3,537.2625,22.299999999999955,1051.1296860689529,60.0046124920044,0.004600054339769468,361.4540483719636,508.2204872512058
3,537.3625,22.399999999999864,1054.6439410579574,60.00462840832654,0.00454662890044337,358.48384808610473,509.9903039697453
3,537.4625000000001,22.5,1058.1325426789926,60.00464366631128,0.004493080741952551,355.5068303669526,511.6869168065209
3,537.5625,22.59999999999991,1061.5648992018762,60.004658924296024,0.004439759862547203,352.54244928124484,513.3835296447112
3,537.6625,22.699999999999932,1064.9133050476296,60.00467418228076,0.0043866852064259765,349.5917579960021,515.0801424814867
3,537.7625,22.799999999999955,1068.2486026678039,60.00468628491104,0.0043336408053281615,346.6427665904947,516.4258954259483
3,537.8625,22.899999999999864,1071.5774987099933,60.00470088355298,0.004280536298259024,343.69042179155815,518.0491925883913
3,537.9625000000001,23.0,1074.8361063432378,60.00471298658542,0.004227371192384763,340.73472224752993,519.3949902512949
3,538.0625,23.09999999999991,1078.1078799973989,60.00472443007397,0.004174227905580724,337.7802401518725,520.6674498785229
3,538.1625,23.199999999999932,1081.2935566835065,60.00473587356253,0.004121162542434782,334.83009112918603,521.9399095071657
3,538.2625,23.299999999999955,1084.4990791995237,60.004744162702025,0.00406820757584468,331.8860962849435,522.8616210388922
3,538.3625,23.399999999999864,1087.7035920986275,60.004751791694396,0.00401535961046686,328.9480540341461,523.7099274579873
3,538.4625000000001,23.5,1090.7914288598101,60.00475942068677,0.003962577218106829,326.0136578948928,524.5582338770824
3,538.5625,23.59999999999991,1093.919518150492,60.00476704967914,0.003909895021176228,323.0848326469225,525.4065402947629
3,538.6625,23.699999999999932,1097.0151605652838,60.00477467867151,0.0038573941892162756,320.1660907865782,526.254846713858
3,538.7625,23.799999999999955,1099.9842283174405,60.00477915432022,0.0038051556685722264,317.26194752293395,526.752516831435
3,538.8625,23.899999999999864,1102.963081435868,60.00478296881641,0.003753284286016196,314.3782182799724,527.1766700409825
3,538.9625000000001,24.0,1105.8482359536886,60.004783630371094,0.003701884187378412,311.52070453118114,527.2502316674539
3,539.0625,24.09999999999991,1108.7260423354348,60.00478678311151,0.0036510336367453124,308.6937305031441,527.6008008920163
3,539.1625,24.199999999999932,1111.5677088073476,60.00478744506836,0.003600848640085622,305.90376872361503,527.6744072355152
3,539.2625,24.299999999999955,1114.3278416084704,60.00478429273011,0.00355138840570064,303.15411653719315,527.3238827308095
3,539.3625,24.399999999999864,1117.0861872000933,60.004783630371094,0.0035027133348986706,300.44810276134376,527.2502316674539
3,539.4625000000001,24.5,1119.7810270162593,60.004780478435,0.0034549089115895734,297.79050246692447,526.8997518811904
3,539.5625,24.59999999999991,1122.4641347885843,60.0047735122038,0.00340805118421925,295.1855490705988,526.1251412438929
3,539.6625,24.699999999999932,1125.104243188771,60.004769034745365,0.003362199015825361,292.6364866583923,525.6272698940339
3,539.7625,24.799999999999955,1127.7167538083945,60.00476206891633,0.003317414431872811,290.1467855716746,524.8527039751787
3,539.8625,24.899999999999864,1130.3186249170183,60.00475443992396,0.0032737084385709887,287.7170494837544,524.0043975560835
3,539.9625000000001,25.0,1132.8799518168798,60.00474366000089,0.003231028917864417,285.34439164705725,522.8057231461228
3,540.0625,25.09999999999991,1135.47215934642,60.00473221651234,0.003189402204579322,283.0302651544173,521.5332635174801
3,540.1625,25.199999999999932,1138.0037502501755,60.004720773023784,0.0031488207724352166,280.77424873763067,520.2608038902521
3,540.2625,25.299999999999955,1140.596538146166,60.004709329535224,0.0031094100161915264,278.5833135663423,518.9883442616094
3,540.3625,25.399999999999864,1143.1364381832468,60.0046947359203,0.003071082839858191,276.4526308627591,517.3656060789853
3,540.4625000000001,25.5,1145.755861923094,60.00467947793556,0.003033920328207048,274.386697844365,515.6689932422097
3,540.5625,25.59999999999991,1148.328604916305,60.00466421995082,0.002997835851989429,272.3806957276588,513.9723804040194
3,540.6625,25.699999999999932,1150.8941612877072,60.00464581244295,0.0029629294812537886,270.44020068368644,511.9255560902182
3,540.7625,25.799999999999955,1153.5849203996818,60.004629889284075,0.0029292500577596907,268.5679049078033,510.1549791609923
3,540.8625,25.899999999999864,1156.2125343168698,60.00461148217836,0.0028968300891495653,266.76563591275607,508.1081995642185
3,540.9625000000001,26.0,1158.9701140654465,60.00459240969744,0.002865621030547032,265.0306874814746,505.9874335178954
3,541.0625,26.09999999999991,1161.6882172748853,60.00457018849771,0.0028355343237596578,263.35814623185956,503.5165454314308
3,541.1625,26.199999999999932,1164.5332822187902,60.00455045003832,0.0028064499067958553,261.7413150179948,501.32172585577314
3,541.2625,26.299999999999955,1167.378654690311,60.00452822924075,0.0027783494873114606,260.17919666030303,498.85088248775065
3,541.3625,26.399999999999864,1170.3275446978964,60.00450534226364,0.0027511965613496404,258.66975454582854,496.30596323187996
3,541.4625000000001,26.5,1173.2929289328574,60.004479307372044,0.0027248965886109734,257.2077424840575,493.4110113713374
3,541.5625,26.59999999999991,1176.2957645726137,60.00445575361215,0.0026992648487912385,255.78286926029352,490.79194915066256
3,541.6625,26.699999999999932,1179.41682298393,60.00442971912272,0.0026741725517136676,254.3879942224851,487.8970420085621
3,541.7625,26.799999999999955,1182.5473906667987,60.00440301764942,0.002649581244472712,253.02097256859284,484.92796954314383
3,541.8625,26.899999999999864,1185.7162227886945,60.004379463286284,0.00262554614023342,251.68485929124677,482.3088402440985
3,541.9625000000001,27.0,1188.9396086551037,60.00435342940009,0.0026020634551632677,250.37946555218724,479.41400018036853
3,542.0625,27.09999999999991,1192.170398612624,60.004326727926795,0.0025790070006500598,249.09776910478737,476.44492771495027
3,542.1625,27.199999999999932,1195.4579886760753,60.00429687994658,0.0025558978917156632,247.8131561453533,473.1259791601148
3,542.2625,27.299999999999955,1198.7874426151798,60.00426951028294,0.0025322586376413073,246.4990599460327,470.0826072160524
3,542.3625,27.399999999999864,1202.1919655367772,60.00424280880964,0.002507802610932185,245.1395525744347,467.11353475063413
3,542.4625000000001,27.5,1205.654485124915,60.004212961432664,0.0024823789909026324,243.7262633494522,463.7946532727545
3,542.5625,27.59999999999991,1209.151391561668,60.004185591165786,0.0024559010782497885,242.25435144487395,460.75121425032165
3,542.6625,27.699999999999932,1212.7200813391976,60.00415574419097,0.0024283792822988614,240.72441367565432,457.4323774908841
3,542.7625,27.799999999999955,1216.3440659762157,60.00412837352193,0.0023997757033855298,239.13432489170714,454.3888937514238
3,542.8625,27.899999999999864,1220.0202869006857,60.00409852694927,0.0023700687175924294,237.48290081338064,451.07010171042833
3,542.9625000000001,28.0,1223.72860610799,60.00406801097979,0.0023392988586345685,235.77238816874137,447.6768760354625
3,543.0625,28.09999999999991,1227.5058907821606,60.00403749501031,0.002307435396364937,234.0010760410392,444.28365036049667
3,543.1625,28.199999999999932,1231.3402981532176,60.00401012353694,0.0022745166596828768,232.17108417246988,441.2400771827375
3,543.2625,28.299999999999955,1235.2228059375075,60.00398027776861,0.002240552623622149,230.2829868638198,437.9213745786262
3,543.3625,28.399999999999864,1239.129689807434,60.00394976179913,0.0022054830314992995,228.3334276763335,434.5281489036604
3,543.4625000000001,28.5,1243.103990644595,60.00391924582965,0.00216923018074138,226.31808435959545,431.13492322869456
3,543.5625,28.59999999999991,1247.12624356517,60.003888729860165,0.0021317648909715656,224.2353345617904,427.7416975537287
3,543.6625,28.699999999999932,1251.1901180739285,60.00385821389069,0.002093048393021866,222.08302284633655,424.3484718787629
3,543.7625,28.799999999999955,1255.2727813149638,60.0038276979212,0.002053198775020868,219.86771414242605,420.95524620379706
3,543.8625,28.899999999999864,1259.3785117784098,60.003797181951725,0.00201207730547204,217.5816956805265,417.56202053024583
3,543.9625000000001,29.0,1263.5091634453538,60.00376666598224,0.001969471190053596,215.21313720302416,414.16879485386534
3,544.0625,29.09999999999991,1267.694482356244,60.00373615001276,0.0019254616394708158,212.76655345330053,410.77556918031416
3,544.1625,29.199999999999932,1271.9203158446924,60.00370563404328,0.0018801831490793677,210.24942151074396,407.38234350534833
3,544.2625,29.299999999999955,1276.186803225667,60.0036751180738,0.0018336389876271247,207.66192300186017,403.98911783038244
3,544.3625,29.399999999999864,1280.4925996216236,60.003644602104316,0.0017857495003402422,204.99962946656672,400.5958921554166
3,544.4625000000001,29.5,1284.8395227097812,60.00361408613484,0.0017364848517775733,202.26088211589328,397.2026664804508
3,544.5625,29.59999999999991,1289.2281679198993,60.003583570165354,0.0016858527498106802,199.44610935925772,393.80944080548494
3,544.6625,29.699999999999932,1293.6446840003632,60.00355305419587,0.0016338614168490604,196.5557682123575,390.4162151305191
3,544.7625,29.799999999999955,1298.1158539923522,60.00352253822639,0.0015804963083228584,193.5890499718836,387.0229894555533
3,544.8625,29.899999999999864,1302.6320709024187,60.00349202225691,0.0015258311052266489,190.55005079537776,383.6297637805874
3,544.9625000000001,30.0,1307.1875977154532,60.0034646471641,0.0014699493262230452,187.44340486973974,380.58578813967864
3,545.0625,30.09999999999991,1311.7774162226121,60.00343480501521,0.0014129533229870902,184.2748183762842,377.267487998717
3,545.1625,30.199999999999932,1316.396034128518,60.00340428904573,0.0013549003987715412,181.0474717231177,373.87426232516583
3,545.2625,30.299999999999955,1321.0515251189845,60.00337377307625,0.001295821032870049,177.7630574059819,370.48103664878533
3,545.3625,30.399999999999864,1325.7458303764276,60.003346397179115,0.0012356048128702936,174.41542872278723,367.43697157099234
3,545.4625000000001,30.5,1330.4790503767513,60.00331655583455,0.0011740771423847814,170.99489392465026,364.11876086832956
3,545.5625,30.59999999999991,1335.2487954347907,60.00328917953526,0.001111222790784564,167.50059330382294,361.0746510720945
3,545.6625,30.699999999999932,1340.0500266031074,60.003259338592855,0.0010472188164097201,163.94238289210412,357.7564850864592
3,545.7625,30.799999999999955,1344.8840826335274,60.00322882262338,0.0009821673530344176,160.32593597422715,354.36325941290795
3,545.8625,30.899999999999864,1349.7582909556493,60.00320144572084,0.0009159692110612648,156.6457289000977,351.31908253830244
3,545.9625000000001,31.0,1354.660360078019,60.003174744247545,0.0008486151893287771,152.90125627149658,348.3500100728842
3,546.0625,31.09999999999991,1359.566940152385,60.00314804277424,0.0007802890503985121,149.10273590127085,345.38093760605125
3,546.1625,31.199999999999932,1364.4917198351282,60.00312134130095,0.0007108378539557626,145.2416650252632,342.4118651406329
3,546.2625,31.299999999999955,1369.4479313846837,60.00309463982765,0.0006400677817752125,141.30726826206342,339.44279267521466
3,546.3625,31.399999999999864,1374.4327666111865,60.003067938354356,0.0005681366493721445,137.30831926488875,336.4737202097964
3,546.4625000000001,31.5,1379.4523160388694,60.00304123688106,0.0004951992838577522,133.2534255609481,333.5046477443781
3,546.5625,31.59999999999991,1384.5101246292159,60.003014535407765,0.00042122397273167296,129.1408240269498,330.5355752789598
3,546.6625,31.699999999999932,1389.6068262264407,60.00299097139277,0.00034614437260702634,124.96682030620605,327.9153727415481
3,546.7625,31.799999999999955,1394.7401551267797,60.00296494715844,0.00026989557901792543,120.72781677791572,325.0216059175992
3,546.8625,31.899999999999864,1399.8980686637526,60.002941382741284,0.00019243357125028502,116.42135690085128,322.40135866033074
3,546.9625000000001,32.0,1405.0758662520227,60.002915358909114,0.00011377208614618501,112.04821311549856,319.50763655482393
3,547.0625,32.09999999999991,1410.2754799240254,60.00289179408979,3.387620233750824e-05,107.60643539905851,316.88734457911335
3,547.1625,32.19999999999993,1415.5040542966938,60.002868907112685,-4.7225140966963426e-05,103.09763582729195,314.3424253232426
3,547.2625,32.299999999999955,1420.758605130192,60.00284602013557,-0.00012954614132880895,98.5210261636686,311.7975060673719
3,547.3625,32.399999999999864,1426.0404858729137,60.00282313315846,-0.00021304925980945784,93.87869332007402,309.2525868115012
3,547.4625000000001,32.5,1431.345479394851,60.00280338203101,-0.0002977292052472721,89.17092716443639,307.0563586098686
3,547.5625,32.59999999999991,1436.6726656547735,60.002781173901504,-0.0003835024261447996,84.40238050217678,304.58692386782104
3,547.6625,32.69999999999993,1442.026681748111,60.00276142237189,-0.0004704181410370253,79.57031051710163,302.39065094774634
3,547.7625,32.799999999999955,1447.4265859578873,60.002742349890966,-0.0005584443642142122,74.67649794900825,300.26988490000855
3,547.8625,32.899999999999864,1452.8400735608225,60.00272327741004,-0.0006474992720388575,69.72549261366602,298.1491188536854
3,547.9625000000001,33.0,1458.2795614968802,60.00270420492911,-0.000737552470465811,64.71898422561438,296.0283528059476
3,548.0625,33.09999999999991,1463.742721061354,60.002688267091365,-0.0008285740029054963,59.65863535410142,294.2561436599509
3,548.1625,33.19999999999993,1469.2304020298948,60.00266987466453,-0.0009205118226823998,54.54734483629404,292.21099628136255
3,548.2625,33.299999999999955,1474.745311280005,60.002653936424615,-0.001013369911039954,49.38488705806355,290.4387424155092
3,548.3625,33.399999999999864,1480.285721205633,60.00263554439994,-0.0011071607292467212,44.17057304610619,288.39363975677753
3,548.4625000000001,33.5,1485.848846401769,60.00261960575787,-0.0012018356822549696,38.9071009476196,286.621341172482
3,548.5625,33.59999999999991,1491.4340857761742,60.0026074814109,-0.001297402805108521,33.59402391080109,285.2731734392204
3,548.6625,33.69999999999993,1497.0507426554238,60.00259290448565,-0.0013938669008125308,28.23107847706058,283.6522910669921
3,548.7625,33.799999999999955,1502.6778829235866,60.00257764650091,-0.0014912239075884552,22.818489221905757,281.9556782288019
3,548.8625,33.899999999999864,1508.3219450866695,60.0025655215507,-0.0015894033049359104,17.360175555006883,280.60744341716975
3,548.9625000000001,34.0,1513.9899256634235,60.00255407806215,-0.0016883997092892317,11.856437967336536,279.3349837899417
3,549.0625,34.09999999999991,1519.6807008296591,60.002542634573594,-0.0017881900990042922,6.3085565671534445,278.062524161299
3,549.1625,34.19999999999993,1525.3959175018574,60.00253432351633,-0.0018887343022716717,0.7187646644373664,277.1383754822586
3,549.2625,34.299999999999955,1531.1452551782354,60.002523562293746,-0.001990023714016327,-4.912458974717564,275.9417804734896
3,549.3625,34.399999999999864,1536.9078705733175,60.00251525083432,-0.002092001138435193,-10.581934389163536,275.0175870760071
3,549.4625000000001,34.5,1542.6902107832836,60.00250762184195,-0.0021946004525462202,-16.285985265182944,274.16928065691195
3,549.5625,34.59999999999991,1548.4969701133066,60.00249999284958,-0.0022977766931936002,-22.022111920603585,273.3209742378168
3,549.6625,34.69999999999993,1554.3264246379592,60.00249236385721,-0.0024015308288261837,-27.790368207832923,272.47266782013634
3,549.7625,34.799999999999955,1560.178193816491,60.002487866089645,-0.002505841717866521,-33.58957717335263,271.9725381953172
3,549.8625,34.899999999999864,1566.0589122292597,60.00248405159346,-0.0026105904602549204,-39.41312916022622,271.54838498576964
3,549.9625000000001,35.0,1571.9405681659837,60.002480237097274,-0.002715654171363025,-45.25419263709457,271.1242317762221
3,550.0625,35.09999999999991,1577.8348640778495,60.00247642260109,-0.0028211314479292186,-51.11824913443866,270.7000785666745
3,550.1625,35.19999999999993,1583.7480637914994,60.0024726081049,-0.0029270580484993375,-57.00728666785916,270.275925357127
3,550.2625,35.299999999999955,1589.6784669641766,60.00246879360872,-0.00303340434522336,-62.919658068609984,269.8517721475794
3,550.3625,35.399999999999864,1595.6277955394853,60.00246497911253,-0.00314015500134753,-68.85451068725557,269.42761893803186
3,550.4625000000001,35.5,1601.5920243114801,60.00246116461635,-0.003247298818799725,-74.8112219659759,269.0034657284843
3,550.5625,35.59999999999991,1607.5768775290496,60.00246047973633,-0.003354833750495657,-80.78967427812248,268.92731044085895
3,550.6625,35.69999999999993,1613.5817201769341,60.002457350321244,-0.003462753111283953,-86.78950242467968,268.5793348788651
3,550.7625,35.799999999999955,1619.6059918809067,60.00245353582506,-0.003571053146198178,-92.81049584641168,268.1551816693175
3,550.8625,35.899999999999864,1625.6519736718758,60.0024528503418,-0.0036797367911060907,-98.85281225575801,268.0789593033217
3,550.9625000000001,36.0,1631.7177669900655,60.0024528503418,-0.0037887828376169976,-104.91527558130909,268.0789593033217
3,551.0625,36.09999999999991,1637.8008430733948,60.00244972173103,-0.003898186474293566,-110.99762453996021,267.73107317821206
3,551.1625,36.19999999999993,1643.9050677756318,60.00244903564453,-0.0040079534294254916,-117.10016860308144,267.6547837352604
3,551.2625,36.299999999999955,1650.0268802547307,60.00244903564453,-0.004118075794232781,-123.22247067476897,267.6547837352604
3,551.3625,36.399999999999864,1656.1676948558995,60.00244903564453,-0.0042285328486904375,-129.3633799671005,267.6547837352604
3,551.4625000000001,36.5,1662.3279385582077,60.00244903564453,-0.004339327742240881,-135.5230715747346,267.6547837352604
3,551.5625,36.59999999999991,1668.5052874764551,60.00244903564453,-0.004450459012779491,-141.7014642113116,267.6547837352604
3,551.6625,36.69999999999993,1674.7016380534867,60.00244903564453,-0.004561923317368507,-147.89837202471304,267.6547837352604
3,551.7625,36.799999999999955,1680.9173176804484,60.00244903564453,-0.004673708235166195,-154.11310447269355,267.6547837352604
3,551.8625,36.899999999999864,1687.1501810380353,60.00244903564453,-0.004785816510091077,-160.34581410462914,267.6547837352604
3,551.9625000000001,37.0,1693.401967533307,60.00244903564453,-0.004898240919545677,-166.5960993769863,267.6547837352604
3,552.0625,37.09999999999991,1699.6709600356817,60.00245216224449,-0.00501099030385276,-172.86444360172663,268.0024462681596
3,552.1625,37.19999999999993,1705.9565743630433,60.0024528503418,-0.005124052129554392,-179.15016415469137,268.0789593033217
3,552.2625,37.299999999999955,1712.25878850269,60.0024528503418,-0.005237433043768071,-185.45362637300423,268.0789593033217
3,552.3625,37.399999999999864,1718.5800032201123,60.0024528503418,-0.005351125309020318,-191.7743982904128,268.0789593033217
3,552.4625000000001,37.5,1724.9183465174397,60.0024528503418,-0.005465126359203766,-198.11233724303995,268.0789593033217
3,552.5625,37.59999999999991,1731.2709891894503,60.0024528503418,-0.005579426953257103,-204.46692946998274,268.0789593033217
3,552.6625,37.69999999999993,1737.6421249443567,60.0024528503418,-0.0056940281256455776,-210.83823248279577,268.0789593033217
3,552.7625,37.799999999999955,1744.028189606991,60.0024528503418,-0.005808930930617605,-217.22630489288713,268.0789593033217
3,552.8625,37.899999999999864,1750.432568805928,60.0024528503418,-0.005924124771169445,-223.63055755513346,268.0789593033217
3,552.9625000000001,38.0,1756.8519333695804,60.002449725551564,-0.0060396030953975876,-230.05063707966335,267.7314980027047
3,553.0625,38.09999999999991,1763.289633973862,60.00244903564453,-0.00615536307035432,-236.48636700544316,267.6547837352604
3,553.1625,38.19999999999993,1769.7399209661821,60.00244903564453,-0.006271383298350792,-242.93656341616753,267.6547837352604
3,553.2625,38.299999999999955,1776.2037145614534,60.00244903564453,-0.006387660672924408,-249.40105600573554,267.6547837352604
3,553.3625,38.399999999999864,1782.6835441136843,60.00244591165862,-0.0065042172677603,-255.88108405359696,267.30741187011296
3,553.4625000000001,38.5,1789.1800513430237,60.002445220947266,-0.006621010983504842,-262.37428590722106,267.23060816578453
3,553.5625,38.59999999999991,1795.6863835691577,60.00244209736351,-0.006738056999276691,-268.8815245181625,266.88328102049377
3,553.6625,38.69999999999993,1802.2101109917783,60.00244140625,-0.006855363251838668,-275.40322160020605,266.80643259772324
3,553.7625,38.799999999999955,1808.7487481664093,60.00243828306841,-0.00697293062847793,-281.93944649488543,266.4591501694599
3,553.8625,38.899999999999864,1815.2990013759095,60.002437591552734,-0.0070907691253618566,-288.4907344571014,266.38225702966196
3,553.9625000000001,39.0,1821.8671569808214,60.00243446877331,-0.007208900377736726,-295.0583092750797,266.0350193198407
3,554.0625,39.09999999999991,1828.4524215015388,60.00243377685547,-0.0073272943850215206,-301.640481610027,265.958081460186
3,554.1625,39.19999999999993,1835.0521875970333,60.002430654478204,-0.007445934400199829,-308.23634232875895,265.61088847022154
3,554.2625,39.299999999999955,1841.6521028588393,60.0024299621582,-0.007564576381779144,-314.832301428616,265.5339058921247
3,554.3625,39.399999999999864,1848.21062600868,60.0024299621582,-0.007682406766053666,-321.3831361750275,265.5339058921247
3,554.4625000000001,39.5,1854.6555934224623,60.0024299621582,-0.0077982689067683485,-327.8245455098138,265.5339058921247
3,554.5625,39.59999999999991,1860.9502136446026,60.0024299621582,-0.007911432992532842,-334.1159552309669,265.5339058921247
3,554.6625,39.69999999999993,1867.0712758716206,60.0024299621582,-0.008021483938605118,-340.23428851014984,265.5339058921247
3,554.7625,39.799999999999955,1873.0170417002605,60.0024299621582,-0.008128366183451604,-346.1764563781894,265.5339058921247
3,554.8625,39.899999999999864,1878.7766359725395,60.0024299621582,-0.008231956542712804,-351.9356103436089,265.5339058921247
3,554.9625000000001,40.0,1884.354320229937,60.00242684138958,-0.008332249944213119,-357.5114852812579,265.18689177451404
3,555.0625,40.09999999999991,1889.758393941018,60.00242614746094,-0.008429327653222669,-362.9085695030736,265.10973032406343
3,555.1625,40.19999999999993,1894.992663246701,60.00242614746094,-0.008523238602395178,-368.12959248597286,265.10973032406343
3,555.2625,40.299999999999955,1900.0531458403016,60.00242614746094,-0.00861401885405644,-373.1765628817909,265.10973032406343
3,555.3625,40.399999999999864,1904.943334923612,60.00242614746094,-0.008701824904763279,-378.0581811895338,265.10973032406343
3,555.4625000000001,40.5,1909.6688226244762,60.00242614746094,-0.008786687102200555,-382.77613460288353,265.10973032406343
3,555.5625,40.59999999999991,1914.219251131094,60.00242614746094,-0.008868482910217588,-387.3236106674398,265.10973032406343
3,555.6625,40.69999999999993,1918.5942820878338,60.00242614746094,-0.008947150158921665,-391.69715301904534,265.10973032406343
3,555.7625,40.799999999999955,1922.8035875352311,60.002429266620915,-0.009022844007802231,-395.90536915550376,265.4565655679057
3,555.8625,40.899999999999864,1926.8446228435887,60.0024299621582,-0.009095545188040132,-399.9472207550325,265.5339058921247
3,555.9625000000001,41.0,1930.7345281235746,60.00243308091602,-0.009165567192996034,-403.8401074892205,265.8806964175249
3,556.0625,41.09999999999991,1934.4750589265477,60.00243377685547,-0.00923303523516282,-407.5910200535922,265.958081460186
3,556.1625,41.19999999999993,1938.0929451441207,60.002436895211126,-0.00929812319532755,-411.2095957305346,266.30482726855877
3,556.2625,41.299999999999955,1941.5603409814885,60.002440709707315,-0.009360548292321746,-414.68012361493027,266.7289804781063
3,556.3625,41.399999999999864,1944.9784266476995,60.0024445242035,-0.009420293361061592,-418.00165372077015,267.15313368765385
3,556.4625000000001,41.5,1948.3850589965584,60.00244833869968,-0.009477492259125858,-421.18162794580206,267.57728689578676
3,556.5625,41.59999999999991,1951.5225922092545,60.002455270747205,-0.0095322726631758,-424.2271245638632,268.3480964768229
3,556.6625,41.69999999999993,1954.7000660354638,60.002459782389316,-0.009584525361439956,-427.1321072663325,268.8497688829432
3,556.7625,41.799999999999955,1957.7751625643784,60.00246671403468,-0.0096343221335525,-429.9005355665736,269.62053374553716
3,556.8625,41.899999999999864,1960.5321150062805,60.00247434302705,-0.009681517441153802,-432.5243291994821,270.4688401646323
3,556.9625000000001,42.0,1963.2558277876772,60.00248197201942,-0.009726044743698275,-434.9997933679431,271.3171465823128
3,557.0625,42.09999999999991,1965.748486890509,60.00248960101179,-0.009767931809188524,-437.3284718968352,272.1654530014079
3,557.1625,42.19999999999993,1968.1357560025313,60.00249723000416,-0.009807114024819822,-439.50677266181054,273.01375942050305
3,557.2625,42.299999999999955,1970.3572013299604,60.002507975140304,-0.009843580528222276,-441.53407101955173,274.208565695832
3,557.3625,42.399999999999864,1972.3627249745998,60.00251630268617,-0.00987749150471856,-443.4193094124702,275.13454782675456
3,557.4625000000001,42.5,1974.3184144742631,60.00252704742015,-0.009908992125804502,-445.1705264324501,276.32930938364143
3,557.5625,42.59999999999991,1976.2359564189371,60.002538490908705,-0.00993813357205159,-446.79057896122737,277.60176901228414
3,557.6625,42.69999999999993,1977.655720144965,60.00254681905781,-0.009964686034177682,-448.26671652936335,278.5278182201625
3,557.7625,42.799999999999955,1979.2873689521698,60.00255756318855,-0.009988750240136506,-449.60450181508395,279.72251270009355
3,557.8625,42.899999999999864,1980.9664388037975,60.002569006677106,-0.010010280058655424,-450.8013817526684,280.9949723273216
3,557.9625000000001,43.0,1982.6104317887757,60.00258356490187,-0.010029480958610879,-451.8687629905526,282.6137752983581
3,558.0625,43.09999999999991,1983.3686505871108,60.002595708351485,-0.01004627920979982,-452.8025842558736,283.96406715266824
3,558.1625,43.19999999999993,1984.6882905582556,60.00260715184004,-0.010060943496158695,-453.61777153450055,285.2365267798963
3,558.2625,43.299999999999955,1986.1581397315724,60.00261859532859,-0.010073554909811,-454.31882844829664,286.508986408539
3,558.3625,43.399999999999864,1987.6053586286903,60.00263003881715,-0.01008429459410206,-454.91582577414886,287.78144603718164
3,558.4625000000001,43.5,1987.995032630757,60.002641482305705,-0.010093120459692418,-455.4064235972318,289.0539056644097
3,558.5625,43.59999999999991,1989.0991071628969,60.00265292579426,-0.010100238275704452,-455.80206176379414,290.3263652930524
3,558.6625,43.69999999999993,1990.3946821986829,60.002667482611464,-0.010105668108700798,-456.1038344645162,291.9450117502489
3,558.7625,43.799999999999955,1991.6602364955781,60.00267651434107,-0.010109634165742475,-456.32426615131124,292.9492956469443
3,558.8625,43.899999999999864,1991.8375787218713,60.002687256259925,-0.01011219760650951,-456.46670717814465,294.14374417615113
3,558.9625000000001,44.0,1992.790013240554,60.002698699748485,-0.01011349499565529,-456.53875687654306,295.41620380479384
3,559.0625,44.09999999999991,1993.967719863233,60.00271014323704,-0.010113531573544547,-456.54071146152967,296.6886634334365
3,559.1625,44.19999999999993,1995.1399339009622,60.00272158672559,-0.010112397426674632,-456.4775793479148,297.96112306066453
3,559.2625,44.299999999999955,1996.3065557658324,60.00273303021415,-0.010110101992179264,-456.3498852288873,299.23358268930724
3,559.3625,44.399999999999864,1997.4652726143884,60.002741361781624,-0.010106681274259677,-456.1596522560998,300.16001200323615
3,559.4625000000001,44.5,1997.4951491480313,60.00275210249399,-0.010102131103441978,-455.90661057568184,301.35432637711665
3,559.5625,44.59999999999991,1998.411286631003,60.00276354598255,-0.010096439447986983,-455.5901030902652,302.62678600575936
3,559.6625,44.69999999999993,1999.6055851900594,60.00277187815326,-0.010089587537800263,-455.2091125605313,303.5532823952294
3,559.7625,44.799999999999955,2000.8293855331415,60.002782618262394,-0.010081551848825277,-454.76229319312677,304.74752969215416
3,559.8625,44.899999999999864,2002.0769308845356,60.002794061750954,-0.010072283866475512,-454.24695959697675,306.0199893207968
3,559.9625000000001,45.0,2002.5205844354132,60.002802394524906,-0.010061643005077598,-453.6553220976778,306.94655278863735
3,560.0625,45.09999999999991,2003.6368510448522,60.002813134030795,-0.010049749322082017,-452.99401747190166,308.1407330086063
3,560.1625,45.19999999999993,2004.958064938653,60.002824577519355,-0.01003641341639368,-452.252527687593,309.4131926372489
3,560.2625,45.299999999999955,2006.295382899393,60.00283291089655,-0.010021625760451578,-451.430349150594,310.3398231820453
3,560.3625,45.399999999999864,2007.287356874472,60.002843649799196,-0.010005404748993417,-450.5284668708941,311.53393632364373
3,560.4625000000001,45.5,2008.580525533834,60.00285198357855,-0.009987797238821037,-449.5495186844171,312.46061158829684
3,560.5625,45.59999999999991,2009.977857625414,60.00285961257092,-0.009968937121631735,-448.5009367088505,313.308918007392
3,560.6625,45.69999999999993,2011.4065354119862,60.00287035087033,-0.009948805379662383,-447.38163784734087,314.5029640706199
3,560.7625,45.799999999999955,2012.8141356559643,60.00287868525293,-0.009927877898571845,-446.21811638050394,315.4297064136435
3,560.8625,45.899999999999864,2014.3445830264463,60.00288942315018,-0.009906315130988348,-445.0192602361261,316.62370775842936
3,560.9625000000001,46.0,2015.9607195802685,60.00289775793494,-0.009884129960984735,-443.7858180968402,317.5504948184804
3,561.0625,46.09999999999991,2017.7186773279163,60.00290849543002,-0.009861397106444141,-442.52191164016824,318.74445144623877
3,561.1625,46.19999999999993,2019.4945975441342,60.00291993891858,-0.009838166085097045,-441.2303052757296,320.0169110748815
3,561.2625,46.299999999999955,2021.331297084355,60.00293449050769,-0.009814520948670821,-439.9156559451168,321.6349761937453
3,561.3625,46.399999999999864,2023.3383377571429,60.00294664059295,-0.009790650591435716,-438.58850195709687,322.98600589881346
3,561.4625000000001,46.5,2025.3401590698902,60.0029611917799,-0.00976664027096348,-437.2535513277429,324.6040262992352
3,561.5625,46.59999999999991,2027.4707524138407,60.00297334226733,-0.009742556651609906,-435.9145420527841,325.9551007241601
3,561.6625,46.69999999999993,2029.6077900163095,60.00299100034835,-0.009718536915899011,-434.57904870078715,327.9185924594767
3,561.7625,46.799999999999955,2031.8430486506863,60.00300696573413,-0.009694763360737763,-433.2572535491244,329.6938648123913
3,561.8625,46.899999999999864,2034.104348870221,60.003022223718865,-0.00967135143836301,-431.9555686162206,331.3904776491669
3,561.9625000000001,47.0,2036.4271334179189,60.0030405883966,-0.009648323247889482,-430.6751976156815,333.4325394637383
3,562.0625,47.09999999999991,2038.8045594069256,60.003059660877526,-0.009625703922557483,-429.4175535621884,335.5533055100614
3,562.1625,47.19999999999993,2041.2500205842027,60.00307873335845,-0.009603691618512749,-428.1936575322123,337.6740715563846
3,562.2625,47.299999999999955,2043.708875341136,60.00310091192913,-0.009582437163816888,-427.01187471895514,340.1402195035477
3,562.3625,47.399999999999864,2046.269305081139,60.00312069301757,-0.009562071854187101,-425.8795400454873,342.3397792199215
3,562.4625000000001,47.5,2048.839492550927,60.003142871186085,-0.009542695898135554,-424.8021936360579,344.8058824472279
3,562.5625,47.59999999999991,2051.4878078068805,60.0031657581632,-0.009524302334037149,-423.7794593367777,347.3508017030986
3,562.6625,47.69999999999993,2054.2428992025466,60.003188645140305,-0.009506790100407685,-422.8057231584202,349.8957209589693
3,562.7625,47.799999999999955,2057.1107495666706,60.00321153211742,-0.009490013062224635,-421.87286070190544,352.44064021484
3,562.8625,47.899999999999864,2060.0224106577316,60.003237523977795,-0.009473711624771028,-420.96642005449286,355.3308072148098
3,562.9625000000001,48.0,2063.1063554987113,60.0032642254511,-0.009457616181182576,-420.0714277932675,358.2998796816427
3,563.0625,48.09999999999991,2066.3165236166396,60.00329092692439,-0.009441318682421769,-419.165203049728,361.268952147061
3,563.1625,48.19999999999993,2069.451855947483,60.00331762839769,-0.00942441885025809,-418.2254924825935,364.23802461247925
3,563.2625,48.299999999999955,2072.744057631858,60.003344329870984,-0.009406643054990976,-417.23708377283026,367.2070970778976
3,563.3625,48.399999999999864,2076.0884568289453,60.00337103134428,-0.009387899122833367,-416.1948526079509,370.17616954331584
3,563.4625000000001,48.5,2079.335932069224,60.003397732817575,-0.009368163592369944,-415.0974947239661,373.1452420087341
3,563.5625,48.59999999999991,2082.67144692063,60.00342443429087,-0.009347235000918663,-413.9338099449486,376.1143144741524
3,563.6625,48.69999999999993,2086.07962281451,60.003451135764166,-0.009324590570721594,-412.67473472844387,379.0833869395707
3,563.7625,48.799999999999955,2089.444415134242,60.00348094031101,-0.009300063364158659,-411.31096906965195,382.39750591680587
3,563.8625,48.899999999999864,2092.930027232661,60.00350835340802,-0.009273666698538848,-409.84328771153986,385.44570743846856
3,563.9625000000001,49.0,2096.477772084185,60.003535054881326,-0.00924561420466077,-408.28355696189425,388.4147799053015
3,564.0625,49.09999999999991,2099.9990055879907,60.00356175635462,-0.00921601332394393,-406.6377456609802,391.38385237071975
3,564.1625,49.19999999999993,2103.6185154031386,60.003591560097135,-0.009184642994547479,-404.893545105734,394.69788191107074
3,564.2625,49.299999999999955,2107.2984991766857,60.00361897399848,-0.009151452357157282,-403.0481616391949,397.74617286961757
3,564.3625,49.399999999999864,2111.0272792884302,60.00364567547177,-0.009116417873971092,-401.1002764459177,400.7152453350359
3,564.4625000000001,49.5,2114.747497889978,60.00367547861105,-0.009079683155950863,-399.05785054772696,404.029207798431
3,564.5625,49.59999999999991,2118.5559101849735,60.00370289311563,-0.009041395299338903,-396.92909502724484,407.07756583534837
3,564.6625,49.69999999999993,2122.4127341721805,60.003729594588926,-0.009001642320573953,-394.718892982193,410.04663830076663
3,564.7625,49.799999999999955,2126.3030018988698,60.00375939712496,-0.008960448336448238,-392.4285625718552,413.3605336857913
3,564.8625,49.899999999999864,2130.2084554915814,60.00378681223278,-0.0089177906281108,-390.05687354856656,416.4089587996645
3,564.9625000000001,50.0,2134.1745048234634,60.00381351370608,-0.008873676316637144,-387.60421184105496,419.37803126508277
3,565.0625,50.09999999999991,2138.1857800768507,60.00384021517938,-0.008828100794408341,-385.0703171568419,422.3471037319157
3,565.1625,50.19999999999993,2142.228970716717,60.003870016911094,-0.008781191748395327,-382.4622703326017,425.6609096800562
3,565.2625,50.299999999999955,2146.300645969507,60.00389743282324,-0.008733014560182186,-379.7837381686039,428.70942423081357
3,565.3625,50.399999999999864,2150.4134882270914,60.00392413429653,-0.008683324653886475,-377.02111393469653,431.67849669623183
3,565.4625000000001,50.5,2154.552661265367,60.00395083576983,-0.008632152311998311,-374.176077132626,434.64756916165015
3,565.5625,50.59999999999991,2158.745588803203,60.003977537243124,-0.008579628426405072,-371.255904687013,437.6166416270684
3,565.6625,50.69999999999993,2162.9838752394703,60.00400423871642,-0.008525766370822228,-368.2613401890494,440.5857140924867
3,565.7625,50.799999999999955,2167.263706982038,60.004030940189715,-0.00847047028976606,-365.18705472780283,443.554786557905
3,565.8625,50.899999999999864,2171.5852365817996,60.00405764166301,-0.008413712652544005,-362.03151785587323,446.52385902332327
3,565.9625000000001,51.0,2175.9485098271975,60.004084343136306,-0.008355436836844508,-358.7915818067545,449.49293148874153
3,566.0625,51.09999999999991,2180.3555097253716,60.004107946160914,-0.008295631601161122,-355.46663837075,452.11747170371973
3,566.1625,51.19999999999993,2184.797771464917,60.00413393138564,-0.008234402435755094,-352.06252263371994,455.0069008529315
3,566.2625,51.299999999999955,2189.2577673807627,60.004160632858934,-0.008171832636093,-348.58387456380933,457.97597331834976
3,566.3625,51.399999999999864,2193.7676091396456,60.00418423648678,-0.008107949455252677,-345.03222936426744,460.60058061028377
3,566.4625000000001,51.5,2198.3177078099934,60.004207123463885,-0.008042676634306875,-341.40333478895644,463.14549986473986
3,566.5625,51.59999999999991,2202.901556647111,60.00423310788429,-0.007975959503918823,-337.694132045968,466.0348395770674
3,566.6625,51.69999999999993,2207.523362472865,60.00425671211538,-0.007907790419643646,-333.9042244140204,468.65951394737186
3,566.7625,51.799999999999955,2212.1883891037664,60.004279599092484,-0.007838301120302217,-330.04092715019885,471.20443320182795
3,566.8625,51.899999999999864,2216.893438376128,60.0043024860696,-0.007767435127766112,-326.10109683051246,473.7493524591133
3,566.9625000000001,52.0,2221.6440861318806,60.004325373046704,-0.007695369996663729,-322.0946044833197,476.29427171498406
3,567.0625,52.09999999999991,2226.4305522553327,60.00434516358593,-0.007622091444834172,-318.0206710630157,478.4948823112106
3,567.1625,52.19999999999993,2231.2434805920902,60.004367332303666,-0.00754746383658988,-313.871729574665,480.9599346586642
3,567.2625,52.299999999999955,2236.077147575269,60.004387123245046,-0.007471419264396516,-309.64402756339945,483.1605899733328
3,567.3625,52.399999999999864,2240.9345505326132,60.00440619572597,-0.007394051691343036,-305.3427807507057,485.28135601965596
3,567.4625000000001,52.5,2245.8170053346307,60.0044252682069,-0.007315493135361753,-300.97532516807655,487.40212206739375
3,567.5625,52.59999999999991,2250.7063780634785,60.004444340687826,-0.007236118585184049,-296.56250791005783,489.52288811371693
3,567.6625,52.69999999999993,2255.605171279624,60.00446341316875,-0.007155837383643358,-292.09928904367393,491.6436541614547
3,567.7625,52.799999999999955,2260.52643841824,60.00447939061935,-0.007074489070698633,-287.5767614935117,493.4202680619737
3,567.8625,52.899999999999864,2265.477206909759,60.00449774343333,-0.0069920932390038345,-282.99599049485334,495.46101068603974
3,567.9625000000001,53.0,2270.458489762131,60.004513721286095,-0.006908746706587378,-278.3623790513392,497.23766930500085
3,568.0625,53.09999999999991,2275.4681084986637,60.00452897927084,-0.006824518521291045,-273.6797584800406,498.93428214319107
3,568.1625,53.19999999999993,2280.509913002495,60.00454423725558,-0.0067394265279247904,-268.94911779412996,500.63089498138135
3,568.2625,53.299999999999955,2285.5827389373703,60.00455949524032,-0.006653516410337622,-264.1729967598083,502.3275078181569
3,568.3625,53.399999999999864,2290.688455289794,60.00457475322506,-0.006566835466667703,-259.35402488517695,504.0241206549325
3,568.4625000000001,53.5,2295.8274173898517,60.0045900112098,-0.0064794168624010265,-254.4940459902272,505.72073349312274
3,568.5625,53.59999999999991,2300.9950255977683,60.00460526919454,-0.006391278021826955,-249.59402878291377,507.41734632989835
3,568.6625,53.69999999999993,2306.1927923474273,60.00461743395868,-0.00630245867671943,-244.65619356389396,508.7700082545665
3,568.7625,53.799999999999955,2311.4211196195615,60.004631970466754,-0.006213013138682947,-239.6835392395019,510.3863964368029
3,568.8625,53.899999999999864,2316.6797633121523,60.004647228451496,-0.006122983019711879,-234.67838558233234,512.0830092735785
3,568.9625000000001,54.0,2321.964520772975,60.00466248643624,-0.006032441607052625,-229.64480958401103,513.7796221117687
3,569.0625,54.09999999999991,2327.2744220671107,60.0046746520047,-0.005941466981114358,-224.58716253181737,515.1323734733211
3,569.1625,54.19999999999993,2332.6047175520403,60.00468918770846,-0.005850114158853561,-219.50848419296202,516.7486722186733
3,569.2625,54.299999999999955,2337.9610263357386,60.00470444569319,-0.005758485800187126,-214.41448769739682,518.445285055449
3,569.3625,54.399999999999864,2343.340764704903,60.004719703677935,-0.005666679544009669,-209.31060359948765,520.1418978922245
3,569.4625000000001,54.5,2348.7425659173305,60.00473496166268,-0.005574774255070835,-204.20121627556816,521.8385107304148
3,569.5625,54.59999999999991,2354.1689095233955,60.004753311058295,-0.005482839698028024,-199.09019488811262,523.8788732484303
3,569.6625,54.69999999999993,2359.613472652855,60.00476929232942,-0.005391027707498317,-193.98599718105558,525.6559119734419
3,569.7625,54.799999999999955,2365.0770094893005,60.00478764132288,-0.005299477924823345,-188.89637222725352,527.6962297730154
3,569.8625,54.899999999999864,2370.5620536335623,60.00480671380381,-0.005208286733789474,-183.82668343864884,529.8169958207532
3,569.9625000000001,55.0,2376.0716395023046,60.00482887689129,-0.005117565521283053,-178.78311694818916,532.281422111432
3,570.0625,55.09999999999991,2381.6107204952664,60.004848673462924,-0.00502728628704814,-173.76413114058883,534.4827034828754
3,570.1625,55.19999999999993,2387.1757670682,60.00487083614824,-0.0049373373145944225,-168.76350268042177,536.9470850551122
3,570.2625,55.299999999999955,2392.788455783973,60.004893723125356,-0.0048476944261821335,-163.7798920280524,539.4920043109829
3,570.3625,55.399999999999864,2398.4266305494784,60.00491661010247,-0.004758428353529689,-158.81723328313072,542.0369235668536
3,570.4625000000001,55.5,2404.097885423813,60.004942586680734,-0.004669550443101894,-153.87615002531666,544.9253912716822
3,570.5625,55.59999999999991,2409.798395438476,60.00496928815403,-0.004581156377285126,-148.96196754847603,547.8944637371004
3,570.6625,55.69999999999993,2415.526688144076,60.004995989627325,-0.004493256453253838,-144.07526001431268,550.8635362025187
3,570.7625,55.799999999999955,2421.2895316062227,60.00502269110062,-0.004405794959596952,-139.21293020926748,553.832608667937
3,570.8625,55.899999999999864,2427.158088486619,60.005049392573916,-0.004318765156854935,-134.3746034352908,556.8016811333553
3,570.9625000000001,56.0,2432.9959038013694,60.00507609404721,-0.004232255843451248,-129.56521625530732,559.7707535987736
3,571.0625,56.09999999999991,2438.8299307603766,60.00510588391518,-0.004146370511705447,-124.79051627926111,563.0832403578233
3,571.1625,56.19999999999993,2444.688777996576,60.00513639988466,-0.004060944314379607,-120.04134403243533,566.4764660327892
3,571.2625,56.299999999999955,2450.577477128432,60.00516691585414,-0.003975975373487435,-115.31759649843761,569.8696917077551
3,571.3625,56.399999999999864,2456.4786608276027,60.005197431823625,-0.003891870534922078,-110.64189148160627,573.262917382721
3,571.4625000000001,56.5,2462.4331985513113,60.00523103538345,-0.003808719835708285,-106.01922940548671,576.999467914434
3,571.5625,56.59999999999991,2468.348155688802,60.00526227845985,-0.0037264633075289044,-101.44628536792597,580.4735443007139
3,571.6625,56.69999999999993,2474.266727101052,60.00529588161752,-0.0036449033028666702,-96.9120640634744,584.210050113985
3,571.7625,56.799999999999955,2480.202456898129,60.00533021208319,-0.003564000131994783,-92.41436172744667,588.0274289984984
3,571.8625,56.899999999999864,2486.15498406181,60.005367629334884,-0.0034839978659344044,-87.96674395311294,592.1880433028749
3,571.9625000000001,57.0,2492.1443068377857,60.005402687711786,-0.0034049681474267275,-83.5732009898886,596.0863623355865
3,572.0625,57.09999999999991,2498.141549288015,60.00544010456132,-0.003326611440383034,-79.21707454186085,600.2469319215209
3,572.1625,57.19999999999993,2504.1589383394826,60.005475163340385,-0.003248696946956973,-74.88553962914557,604.1452956726746
3,572.2625,57.299999999999955,2510.2012271093895,60.005512579787755,-0.003171260905051998,-70.58060528730324,608.3058205401669
3,572.3625,57.399999999999864,2516.282042404972,60.00555072474961,-0.0030942828835736048,-66.30113774176357,612.5473526342279
3,572.4625000000001,57.5,2522.348517852402,60.00558886971146,-0.0030174801149390803,-62.031417929199044,616.7888847268741
3,572.5625,57.59999999999991,2528.42295187752,60.005627014673316,-0.0029405410461954763,-57.754125739204504,621.0304168209351
3,572.6625,57.69999999999993,2534.514136502756,60.00566824481255,-0.00286337345678308,-53.46413189746886,625.6150054610908
3,572.7625,57.799999999999955,2540.6219676166916,60.005707119294286,-0.0027859872241164365,-49.16199018361552,629.9376565771183
3,572.8625,57.899999999999864,2546.744226861159,60.005745264256134,-0.0027084089823226883,-44.849179719459876,634.1791886697647
3,572.9625000000001,58.0,2552.875662748311,60.00578340921798,-0.0026306732114953005,-40.52761677345219,638.4207207638257
3,573.0625,58.09999999999991,2559.026801019383,60.0058246385529,-0.002552853080950488,-36.2013673462763,643.0052199670971
3,573.1625,58.19999999999993,2565.2002004730293,60.00586351383895,-0.0024749889324291612,-31.872677373310314,647.3279605185942
3,573.2625,58.299999999999955,2571.4003539865375,60.00590165880081,-0.0023970992151610094,-27.542571360370058,651.5694926126552
3,573.3625,58.399999999999864,2577.607811025193,60.00594288753248,-0.002319205172883689,-23.212228820934374,656.1539247389709
3,573.4625000000001,58.5,2583.8204720903245,60.00598176342178,-0.0022411558605737528,-18.873260504937786,660.4767323688384
3,573.5625,58.59999999999991,2590.0476746760487,60.00602299175129,-0.002162760164295402,-14.515040440784054,665.061119776712
3,573.6625,58.69999999999993,2596.286938652869,60.00606186804274,-0.0020840266655592003,-10.138046917243242,669.383972123607
3,573.7625,58.799999999999955,2602.557510708165,60.0061030959701,-0.0020049905362621782,-5.744234381570226,673.968314814453
3,573.8625,58.899999999999864,2608.846257746709,60.006145055428135,-0.0019256191951611118,-1.3317920988997314,678.6340001166469
3,573.9625000000001,59.0,2615.1420143919368,60.006183932322834,-0.001845874747696859,3.1013865736231296,682.9569195419124
3,574.0625,59.09999999999991,2621.454780564543,60.00622515964694,-0.0017658102808704695,7.552350371574552,687.5411951543881
3,574.1625,59.19999999999993,2627.7464875717014,60.0062640369438,-0.0016858557688524713,11.997196413819033,691.8641592980956
3,574.2625,59.299999999999955,2633.955955041683,60.00630526386575,-0.00160691412884217,16.385728858131532,696.4483901921292
3,574.3625,59.399999999999864,2640.028545046443,60.00634414156477,-0.0015297948099927973,20.672949776090984,700.7713990528642
3,574.4625000000001,59.5,2645.936230896011,60.00637920496869,-0.0014548846982621777,24.837352533768023,704.6702770653948
3,574.5625,59.59999999999991,2651.6702093717863,60.006416616791206,-0.0013822950960013607,28.87274782359453,708.8302876729249
3,574.6625,59.69999999999993,2657.2292043947236,60.00645168059729,-0.0013119955616986952,32.78083006888629,712.7292104024829
3,574.7625,59.799999999999955,2662.613366224992,60.006486011062954,-0.0012439741827121242,36.56226124404978,716.5465892869962
3,574.8625,59.899999999999864,2667.824910646919,60.00652034152862,-0.0011781509460687296,40.221489309402735,720.3639681715097
3,574.9625000000001,60.0,2672.8623825201207,60.00655159144175,-0.0011144928832632034,43.76034927809388,723.8388047684758
3,575.0625,60.09999999999991,2677.729255099167,60.00658210741123,-0.00105288592014893,47.18518174843203,727.2320304434417
3,575.1625,60.19999999999993,2682.4292276467004,60.00661262338071,-0.0009932174748311427,50.50224507877743,730.6252561184075
3,575.2625,60.299999999999955,2686.969462809292,60.006643139350196,-0.0009354396037083879,53.71420469522992,734.0184817933733
3,575.3625,60.399999999999864,2691.353679668036,60.00667057557146,-0.0008795054539429687,56.82366802686653,737.0692546190909
3,575.4625000000001,60.5,2695.5847604361647,60.00669727704476,-0.0008253697432850286,59.83315083980554,740.0383270845091
3,575.5625,60.59999999999991,2699.6676051193285,60.00672089917201,-0.0007729819088622634,62.74546646316783,742.6649914191212
3,575.6625,60.69999999999993,2703.601277873033,60.00674686529409,-0.0007223393372329948,65.5607553187953,745.5522964472844
3,575.7625,60.799999999999955,2707.3872787252817,60.006770487823495,-0.0006733968198069991,68.28153528768186,748.1790055003386
3,575.8625,60.899999999999864,2711.023910865901,60.00679337480061,-0.0006261024531651446,70.91069044085074,750.7239247562093
3,575.9625000000001,61.0,2714.5061248526777,60.00681318323599,-0.0005804075755123301,73.45092875835363,752.9265253181579
3,576.0625,61.09999999999991,2717.8399301534664,60.00683533405756,-0.0005361700437992753,75.91014643701517,755.3895876998894
3,576.1625,61.19999999999993,2721.024264394297,60.006855142895105,-0.0004932738149249402,78.29479987925664,757.5922329802802
3,576.2625,61.299999999999955,2724.081121607076,60.00687113743754,-0.00045164836093310157,80.60881197051368,759.3707474096371
3,576.3625,61.399999999999864,2726.9800718911824,60.00688947315969,-0.0004112304421350665,82.85569105543809,761.4095895048653
3,576.4625000000001,61.5,2729.7304593941317,60.00690546810429,-0.0003718456569677439,85.04513824956517,763.1881486526643
3,576.5625,61.59999999999991,2732.392311695011,60.006917648753785,-0.0003333008174478968,87.18789541564372,764.5425769508441
3,576.6625,61.69999999999993,2734.921274190911,60.006932169376505,-0.000295543296320532,89.28688028109711,766.1571987595688
3,576.7625,61.799999999999955,2737.365751534621,60.006944350428164,-0.0002583626906902534,91.35379576177495,767.5116717761907
3,576.8625,61.899999999999864,2739.725297089449,60.00695579391672,-0.00022157362470012217,93.39894518453933,768.7841314034188
3,576.9625000000001,62.0,2742.0115869827855,60.00696416087435,-0.00018506499362192815,95.42850849851247,769.7144959289353
3,577.0625,62.09999999999991,2744.2261383971972,60.00697178986672,-0.000148719411073089,97.44900825018193,770.5628023466157
3,577.1625,62.19999999999993,2746.4402901730573,60.00697941885909,-0.0001123237763561571,99.47229001789336,771.4111087657109
3,577.2625,62.299999999999955,2748.579352549513,60.00698397192377,-7.57426103303561e-05,101.50589002732016,771.9173871586356
3,577.3625,62.399999999999864,2750.787001956213,60.006990862146566,-3.89677950566323e-05,103.55025137596255,772.6835460358399
3,577.4625000000001,62.5,2752.9036459019703,60.00699541561341,-1.9395914149448284e-06,105.60870230026723,773.189869145792
3,577.5625,62.59999999999991,2755.1455219428262,60.006996154785156,3.550411463831863e-05,107.6902576038553,773.2720614075397
3,577.6625,62.69999999999993,2757.289743303719,60.006999229908516,7.34258663646534e-05,109.79838431934903,773.6139999968259
3,577.7625,62.799999999999955,2759.6140343525976,60.00699996948242,0.00011180357494085732,111.93186217087846,773.6962369770156
3,577.8625,62.899999999999864,2761.81071921864,60.00699689476122,0.0001505104809201411,114.08364717038839,773.3543431061715
3,577.9625000000001,63.0,2763.9754333608726,60.006996154785156,0.00018952918557116753,116.25276166242749,773.2720614075397
3,578.0625,63.09999999999991,2766.4381309615055,60.00699308046612,0.00022875357308312078,118.43331462704063,772.9302122551377
3,578.1625,63.19999999999993,2768.721478401141,60.006989265969935,0.0002680650086769388,120.6187082887972,772.5060590470048
3,578.2625,63.299999999999955,2771.2529794525008,60.006985451473746,0.0003072743400729909,122.79842606335005,772.0819058374573
3,578.3625,63.399999999999864,2773.5749353170804,60.00697856326176,0.0003461410303470814,124.95910191449855,771.3159705524636
3,578.4625000000001,63.5,2776.125699798585,60.00697093426939,0.00038421055518081366,127.07546389966821,770.4676641333684
3,578.5625,63.59999999999991,2778.466653795802,60.006963305277026,0.00042148596380111165,129.14768013993628,769.6193577156879
3,578.6625,63.69999999999993,2781.034549456757,60.006955676284655,0.00045795713345683526,131.1751878794944,768.7710512965928
3,578.7625,63.799999999999955,2783.4122009389957,60.00694497438081,0.0004936300761914944,133.15832750806914,767.5810522403503
3,578.8625,63.899999999999864,2785.9637436179296,60.00693353089225,0.0005287317293646019,135.10971034791365,766.3085926117077
3,578.9625000000001,64.0,2788.3890271407286,60.00691901489438,0.0005636349257991685,137.05006768349145,764.6944850643598
3,579.0625,64.09999999999991,2790.9043018811008,60.006906829217876,0.0005986376934531963,138.9959563077374,763.3394977877757
3,579.1625,64.19999999999993,2793.375929191162,60.00689231362217,0.0006336037518479973,140.9398098824942,761.7254349574553
3,579.2625,64.29999999999995,2795.9207855364566,60.006880127543496,0.0006685120297244829,142.88044716003444,760.370402962429
3,579.3625,64.39999999999986,2798.4901479586624,60.00686561234995,0.0007034283618708305,144.8215380024748,758.7563848505507
3,579.4625000000001,64.5,2801.138318192181,60.006847282861294,0.0007384229902493059,146.76699078385462,756.7182358890532
3,579.5625,64.59999999999991,2803.8297877841314,60.006831281683205,0.0007735785742301402,148.7213872149287,754.9389836075236
3,579.6625,64.69999999999993,2806.603220406724,60.00681295259671,0.0008089258121306116,150.6864442763753,752.9008793644681
3,579.7625,64.79999999999995,2809.4420379193084,60.006796951016454,0.0008443895489533519,152.65797343966213,751.1215823644965
3,579.8625,64.89999999999986,2812.33232052273,60.00677862233212,0.0008799813697472362,154.63662941602422,749.0835228398831
3,579.9625000000001,65.0,2815.283800253514,60.00675647935269,0.0009158958577859578,156.633233181045,746.6213324642359
3,580.0625,65.09999999999991,2818.296880096184,60.006736662673006,0.0009522435210515605,158.65391371363955,744.4178151777609
3,580.1625,65.19999999999993,2821.3643081308733,60.00671759019208,0.0009892206014860197,160.7095841201399,742.2970491314377
3,580.2625,65.29999999999995,2824.4911450731956,60.006695447815886,0.0010269695855521985,162.8081748382327,739.8349258327463
3,580.3625,65.39999999999986,2827.6768496724835,60.00667256083877,0.001065547111455004,164.95282903020905,737.2900065768756
3,580.4625000000001,65.5,2830.914022065139,60.00665274335477,0.0011046809322411847,167.12840244993475,735.0863998535164
3,580.5625,65.59999999999991,2834.2302626634496,60.00663060158182,0.0011442909807278235,169.33045754014097,732.6243436331955
3,580.6625,65.69999999999993,2837.525233080881,60.006607714604705,0.0011849348864293985,171.58999017738623,730.0794243773248
3,580.7625,65.79999999999995,2840.9987155045033,60.00658789651746,0.0012269105015088968,173.92354865869214,727.875750575595
3,580.8625,65.89999999999986,2844.569076482585,60.00656575534775,0.0012703118963333846,176.33637665730603,725.4137614336446
3,580.9625000000001,66.0,2848.176246945898,60.006545936858345,0.0013152140926648904,178.83263255796956,723.2100429134728
3,581.0625,66.09999999999991,2851.713735150032,60.00652379609079,0.00136169164242483,181.41647340319858,720.7480984885498
3,581.1625,66.19999999999993,2855.37107241295,60.00650090911368,0.0014098303714977297,184.0926664032256,718.2031792326791
3,581.2625,66.29999999999995,2859.0844232387194,60.00648109002103,0.0014596998749524313,186.86506990362648,715.9993936355514
3,581.3625,66.39999999999986,2862.7629733375916,60.00646201754011,0.001511453103437199,189.74219310685064,713.8786275892282
3,581.4625000000001,66.5,2866.5389153541546,60.006442945059185,0.0015651276522038178,192.72612817987726,711.7578615429051
3,581.5625,66.59999999999991,2870.381203753426,60.00642080529703,0.0016205957498796782,195.8097812146521,709.29602891338
3,581.6625,66.69999999999993,2874.2666654449536,60.00640405248021,0.001677736685447854,198.98641672675572,707.4331981026417
3,581.7625,66.79999999999995,2878.1869531383845,60.006385727616404,0.0017365576023208825,202.2564524054633,705.3955634025209
3,581.8625,66.89999999999986,2882.093728817377,60.00636665513548,0.0017970429003852399,205.61901875498344,703.2747973547831
3,581.9625000000001,67.0,2886.0715732390504,60.006350649131456,0.0018592020313306875,209.07462935459958,701.495008453363
3,582.0625,67.09999999999991,2890.072261918687,60.00633539114671,0.0019227491245978905,212.60739907550607,699.7983956151727
3,582.1625,67.19999999999993,2894.0718455759798,60.00632013316198,0.0019873754176174562,216.2001655076512,698.1017827783971
3,582.2625,67.29999999999995,2898.0687439695175,60.006304875177236,0.0020529838759573175,219.84753433437146,696.4051699416216
3,582.3625,67.39999999999986,2902.0405899521547,60.00629268286507,0.002119677266456246,223.55520826974072,695.0494448128647
3,582.4625000000001,67.5,2906.0664795398056,60.00628123937652,0.0021877548630161135,227.3398320957927,693.7769851842221
3,582.5625,67.59999999999991,2910.1362684456094,60.00626979588796,0.0022572316248243977,231.2022399557966,692.5045255555793
3,582.6625,67.69999999999993,2914.2487077315386,60.00626141746874,0.0023279898424844723,235.13587726556383,691.5728865594143
3,582.7625,67.79999999999995,2918.4100394496036,60.00625378847637,0.002399946013239205,239.13610977049316,690.7245801403192
3,582.8625,67.89999999999986,2922.616707390657,60.00624615948401,0.002473009685605191,243.19791171092095,689.876273721224
3,582.9625000000001,68.0,2926.8032308539036,60.00624159495773,0.0025471240358962252,247.31811269381276,689.3687208562361
3,583.0625,68.09999999999991,2931.074086673925,60.00623471619653,0.0026222146421548955,251.49259532247683,688.6038364525098
3,583.1625,68.19999999999993,2935.398693403027,60.00623015126809,0.002698185343865192,255.71599637987444,688.0962388690797
3,583.2625,68.29999999999995,2939.7552993739814,60.006229400634766,0.0027749643229784604,259.9843170074727,688.0127721352688
3,583.3625,68.39999999999986,2944.14021484735,60.006229400634766,0.0028524643780796417,264.2927209843015,688.0127721352688
3,583.4625000000001,68.5,2948.552763356329,60.006229400634766,0.0029306156686405745,268.6373286185469,688.0127721352688
3,583.5625,68.59999999999991,2952.988779826569,60.006229400634766,0.003009350391201136,273.0143705619566,688.0127721352688
3,583.6625,68.69999999999993,2957.446862794902,60.0062324636933,0.0030885705197651997,277.4183844813294,688.3533691755359
3,583.7625,68.79999999999995,2961.9227996226173,60.00623627818948,0.0031681480246018357,281.8422621476355,688.7775223850836
3,583.8625,68.89999999999986,2966.406367907139,60.00624315534204,0.0032480307834092757,286.28309580781826,689.5422279150415
3,583.9625000000001,69.0,2970.9356821297642,60.00625078433441,0.0033282014371176904,290.7399299662731,690.3905343341365
3,584.0625,69.09999999999991,2975.4938047016044,60.00625841332678,0.003408586441238147,295.20867931745755,691.2388407532317
3,584.1625,69.19999999999993,2980.078453098955,60.006266042319155,0.0034891102756282356,299.6851455234377,692.0871471709122
3,584.2625,69.29999999999995,2984.686375390812,60.006276733163574,0.0035696278448477045,304.1612483237347,693.2759164749482
3,584.3625,69.39999999999986,2989.3255256378106,60.006288176652134,0.0036500589758961797,308.63254087579395,694.5483761035908
3,584.4625000000001,69.5,2993.9979236915096,60.00629962014069,0.0037303808382634094,313.0977573932851,695.8208357308189
3,584.5625,69.59999999999991,2998.6992111314657,60.00631412487805,0.003810609592121223,317.55778156336214,697.4336911660318
3,584.6625,69.69999999999993,3003.4349885083666,60.006329382862795,0.003890679631007982,322.0089767986164,699.1303040028075
3,584.7625,69.79999999999995,3008.2021934280456,60.00634464084753,0.0039704785774848424,326.4450993643071,700.8269168409978
3,584.8625,69.89999999999986,3013.0000603563026,60.00635989883227,0.004049930531486502,330.8619298222745,702.5235296777734
3,584.9625000000001,70.0,3017.8151708374403,60.0063782172615,0.004128771141585044,335.24475681236925,704.5604488856497
3,585.0625,70.09999999999991,3022.6530093681235,60.00639728974243,0.004207152902683734,339.6020691109449,706.6812149333875
3,585.1625,70.19999999999993,3027.5200561568486,60.00641942226568,0.004285223155649805,343.9420455913885,709.1422426309548
3,585.2625,70.29999999999995,3032.4156107229655,60.006439249401545,0.004363064210159702,348.2692896834212,711.3469225955098
3,585.3625,70.39999999999986,3037.3433506574356,60.00646138152264,0.004441034976362696,352.60372983754684,713.8079055760496
3,585.4625000000001,70.5,3042.31094755596,60.00648120906067,0.004519751085947744,356.9796146990638,716.012630257632
3,585.5625,70.59999999999991,3047.3204355676726,60.006503340779595,0.004599697500832364,361.4238795314635,718.4735685197297
3,585.6625,70.69999999999993,3052.358011076116,60.00652316871978,0.00468104935136448,365.9462851425871,720.6783379197543
3,585.7625,70.79999999999995,3057.4182845331757,60.006542241200705,0.004763739435730212,370.5430873779842,722.7991039660775
3,585.8625,70.89999999999986,3062.49861916605,60.00655825504687,0.004847736471559785,375.2125603453841,724.5797648749966
3,585.9625000000001,71.0,3067.587325823796,60.006576571465295,0.00493308818085112,379.9573268064251,726.6164604920772
3,586.0625,71.09999999999991,3072.6881061111776,60.00659258571361,0.005019721810722501,384.7733685117828,728.3971661180237
3,586.1625,71.19999999999993,3077.8051011144507,60.006607843698355,0.005107512542447103,389.65373788971226,730.0937789547993
3,586.2625,71.29999999999995,3082.947550895428,60.0066231016831,0.005196390292638667,394.5945344805281,731.7903917929896
3,586.3625,71.39999999999986,3088.119933917945,60.006635302038475,0.005286273529162829,399.5912441840358,733.147011287759
3,586.4625000000001,71.5,3093.3251794062367,60.00664674552703,0.005377197045737522,404.64578783795486,734.4194709164018
3,586.5625,71.59999999999991,3098.561520683501,60.00665818901559,0.0054691752698846595,409.7589629509818,735.6919305450444
3,586.6625,71.69999999999993,3103.8260285255515,60.00666657547802,0.005562145132003991,414.92728250889445,736.6244639072222
3,586.7625,71.79999999999995,3109.1251642746884,60.00667420447039,0.005655971136909109,420.14320016746825,737.4727703263173
3,586.8625,71.89999999999986,3114.4579344068684,60.006681833462764,0.005750585544910656,425.40294544087436,738.3210767454124
3,586.9625000000001,72.0,3119.817400494719,60.006689462455135,0.005845971087047083,430.7055582998541,739.1693831645075
3,587.0625,72.09999999999991,3125.2264601902693,60.006694035225706,0.005942087020839162,436.0487939246011,739.6778527554366
3,587.1625,72.19999999999993,3130.6596888425115,60.006700905742605,0.006038872987590834,441.4292618664099,740.4418204332219
3,587.2625,72.29999999999995,3136.1141625035834,60.00670547891534,0.006136176887465477,446.8385370785607,740.950334742593
3,587.3625,72.39999999999986,3141.541813718135,60.006709293411525,0.0062331005970761915,452.22668124317846,741.3744879507259
3,587.4625000000001,72.5,3146.850623489684,60.006710052490234,0.006328032552693577,457.5041206021727,741.4588937689916
3,587.5625,72.59999999999991,3151.9740434155688,60.00671310770663,0.00641992682766637,462.6126734492101,741.7986188017597
3,587.6625,72.69999999999993,3156.9047640894537,60.00671692220281,0.006508468436117994,467.53483948745355,742.2227720098927
3,587.7625,72.79999999999995,3161.650892869276,60.006717681884766,0.006593725171223311,472.2744145584231,742.3072449065288
3,587.8625,72.89999999999986,3166.2180895037955,60.00672073649792,0.006675777061087835,476.8358096735286,742.6469028609265
3,587.9625000000001,73.0,3170.614559233713,60.00672149658203,0.006754732722489576,481.2250959775801,742.7314204745901
3,588.0625,73.09999999999991,3174.8348690903845,60.006724550793024,0.006830579271821551,485.44152403600714,743.0710337105456
3,588.1625,73.19999999999993,3178.891096615702,60.0067253112793,0.006903441080093144,489.49204139709667,743.1555960426514
3,588.2625,73.29999999999995,3182.7839603328543,60.0067253112793,0.006973390514494944,493.38066007863887,743.1555960426514
3,588.3625,73.39999999999986,3186.5065250574653,60.0067253112793,0.007040366871803461,497.10399989516276,743.1555960426514
3,588.4625000000001,73.5,3190.0636816967385,60.0067253112793,0.007104365647541816,500.6618104344513,743.1555960426514
3,588.5625,73.59999999999991,3193.4660258842855,60.0067253112793,0.007165500040775159,504.06038464230517,743.1555960426514
3,588.6625,73.69999999999993,3196.7157982676495,60.0067253112793,0.007223924915877487,507.3083317162538,743.1555960426514
3,588.7625,73.79999999999995,3199.8217909207037,60.00672225847587,0.007279836769491638,510.41659882421936,742.8161393205359
3,588.8625,73.89999999999986,3202.8039752955556,60.00672149658203,0.007333309852219271,513.3892726340974,742.7314204745901
3,588.9625000000001,74.0,3205.6601454656557,60.00671844418076,0.007384563707783184,516.2385934285753,742.3920084709166
3,589.0625,74.09999999999991,3208.4154052412637,60.00671462968457,0.007433784454526824,518.9748961611058,741.9678552613691
3,589.1625,74.19999999999993,3211.0895236427896,60.00671081518839,0.007481382053519636,521.6209653981101,741.5437020518215
3,589.2625,74.29999999999995,3213.7125275605704,60.0067070006922,0.007527943071930126,524.2094094888687,741.119548842274
3,589.3625,74.39999999999986,3216.34461537305,60.00670318619602,0.007574067743745718,526.7735965542264,740.6953956327264
3,589.4625000000001,74.5,3218.965571989406,60.006696320303966,0.007620072005655715,529.3311145199309,739.9319422149033
3,589.5625,74.59999999999991,3221.6447194484363,60.006688691311595,0.007666054193659404,531.8874120222584,739.0836357958082
3,589.6625,74.69999999999993,3224.29273361778,60.006684113312936,0.007711720089180473,534.4261021683991,738.5745848679611
3,589.7625,74.79999999999995,3227.0069742937208,60.006677248024126,0.007756883519113099,536.9368782191079,737.8111985285085
3,589.8625,74.89999999999986,3229.7516502238373,60.006669619031754,0.007801456755727852,539.4148510509947,736.9628921094134
3,589.9625000000001,75.0,3232.399108793421,60.006658939648915,0.007845219152599982,541.8477733135691,735.7753972774407
3,590.0625,75.09999999999991,3235.117183085883,60.006650546349746,0.007887938651963938,544.2227008813693,734.8421037031619
3,590.1625,75.19999999999993,3237.7370313081688,60.006639867369074,0.00792947284192763,546.531754307086,733.6546535910459
3,590.2625,75.29999999999995,3240.5038698946564,60.006628423880514,0.007969731848635317,548.7699249172224,732.3821939624032
3,590.3625,75.39999999999986,3243.110898462722,60.00661393080582,0.008008632984132721,550.932634999581,730.7706353577671
3,590.4625000000001,75.5,3245.9730741498784,60.00660172220614,0.008046083695594347,553.0146950181293,729.4130991370565
3,590.5625,75.59999999999991,3248.5903295217663,60.0065872295336,0.008082058979529712,555.014753050228,727.8015852522772
3,590.6625,75.69999999999993,3251.499524575029,60.00657197154886,0.008116508956842862,556.9300235846391,726.1049724140869
3,590.7625,75.79999999999995,3254.4779057174246,60.006556713564116,0.008149461676587802,558.7620594675915,724.4083595758967
3,590.8625,75.89999999999986,3257.064235211699,60.00654145557938,0.008180744137508316,560.5012431543377,722.711746739121
3,590.9625000000001,76.0,3259.8329838372783,60.00652314921498,0.008210334911576092,562.1464092582601,720.6761690816784
3,591.0625,76.09999999999991,3262.368200610883,60.00650712491263,0.00823806900712497,563.6883402830962,718.8943454960939
3,591.1625,76.19999999999993,3265.0244667745355,60.00648881895039,0.008263964423997475,565.1280756304092,716.8588125556787
3,591.2625,76.29999999999995,3267.5263484757584,60.00646974646946,0.008288032783082575,566.4662484190133,714.7380465093555
3,591.3625,76.39999999999986,3270.138595046178,60.00645067398854,0.008309948748579167,567.6847659341915,712.6172804616177
3,591.4625000000001,76.5,3272.6875793383056,60.00642855413336,0.008330195393545084,568.8105093215739,710.1576613900254
3,591.5625,76.59999999999991,3275.3365729142292,60.006408714329424,0.00834914842728199,569.8643192278357,707.9515728009102
3,591.6625,76.69999999999993,3277.9664431793108,60.006386594876396,0.008366983448155278,570.8559967155794,705.4919984463453
3,591.7625,76.79999999999995,3280.6677298471195,60.00636370789929,0.008383566222788023,571.7780664317111,702.9470791904745
3,591.8625,76.89999999999986,3283.383418263708,60.006340820922176,0.008398703049486785,572.6197533933736,700.4021599346038
3,591.9625000000001,77.0,3286.159581192083,60.00631793394506,0.008412367404385016,573.37958299716,697.8572406773185
3,592.0625,77.09999999999991,3288.9847634681323,60.00629200080018,0.008424817373998012,574.0719291943316,694.9736025515049
3,592.1625,77.19999999999993,3291.8493500873874,60.00626834529358,0.00843607117554719,574.6977584858596,692.3432265975157
3,592.2625,77.29999999999995,3294.772633731563,60.006242412550854,0.00844596994722757,575.2482788588832,689.4596331887295
3,592.3625,77.39999999999986,3297.757487283732,60.00621571107755,0.008454543457586299,575.7251320543251,686.4905607233113
3,592.4625000000001,77.5,3300.799081685846,60.006189009604256,0.008461992241419435,576.1394594958055,683.521488257893
3,592.5625,77.59999999999991,3303.896139391725,60.00615926296859,0.008468327725359272,576.4919228785448,680.2138087179297
3,592.6625,77.69999999999993,3307.0597191956845,60.0061317919604,0.008473519525344359,576.7807866534831,677.1591677575805
3,592.7625,77.79999999999995,3310.2483933511,60.00610204572689,0.008477580034823072,577.0067793878089,673.8515329360594
3,592.8625,77.89999999999986,3313.473000306696,60.00607457431654,0.008480603702157809,577.1751119319534,670.7968472586826
3,592.9625000000001,78.0,3316.743782927009,60.006044828485194,0.008482725497104073,577.2933271928614,667.4892571556036
3,593.0625,78.09999999999991,3320.0728340939177,60.00601431251571,0.008484226492382863,577.3770375072157,664.0960314806377
3,593.1625,78.19999999999993,3323.4605762243805,60.00598379654623,0.008485249389725088,577.4341692503294,660.7028058056719
3,593.2625,78.29999999999995,3326.908950101884,60.00595328057675,0.008485883976462005,577.4697138878034,657.3095801307061
3,593.3625,78.39999999999986,3330.411779255588,60.00592276460727,0.00848621258168594,577.4882482720957,653.9163544557402
3,593.4625000000001,78.5,3333.967142450261,60.005889205285136,0.008486277581334968,577.492154734222,650.1847229385115
3,593.5625,78.59999999999991,3337.5775222476727,60.00585791797104,0.00848610710880299,577.4829508590493,646.7057275377473
3,593.6625,78.69999999999993,3341.239081016134,60.00582435905107,0.00848571108129349,577.4612276150013,642.9741407389606
3,593.7625,78.79999999999995,3344.9504886004065,60.0057900285854,0.008485092857282031,577.4271585934633,639.1567618544473
3,593.8625,78.89999999999986,3348.7142270217705,60.005755698119735,0.00848424260253046,577.3801903283131,635.3393829699338
3,593.9625000000001,79.0,3352.526070617965,60.00572136765407,0.008483177733767482,577.3212910423861,631.5220040854205
3,594.0625,79.09999999999991,3356.385173667108,60.0056870371884,0.008481896655113376,577.2503719978033,627.7046252023217
3,594.1625,79.19999999999993,3360.291440319787,60.005652706722735,0.008480417721835937,577.168453595748,623.8872463178083
3,594.2625,79.29999999999995,3364.244821145598,60.00561837625707,0.008478743797269756,577.0756949998349,620.0698674332949
3,594.3625,79.39999999999986,3368.2455108032855,60.00558100424848,0.008476912928919429,576.9742378891533,615.9142839388007
3,594.4625000000001,79.5,3372.2888872479352,60.00554590062847,0.008474978735506183,576.8670167479966,612.0109340962068
3,594.5625,79.59999999999991,3376.3583872156005,60.005508529022045,0.008472999868702704,576.757331744324,607.8553953215694
3,594.6625,79.69999999999993,3380.430055763567,60.00547038406019,0.008471003999800757,576.6467081615367,603.6138632275084
3,594.7625,79.79999999999995,3384.5322673834403,60.005435279836945,0.008469017364792037,576.536571289018,599.710446306544
3,594.8625,79.89999999999986,3388.6754833291957,60.00539790883375,0.008466975109094102,576.4233619318998,595.5549746088625
3,594.9625000000001,80.0,3392.862533784095,60.0053597638719,0.00846487635887099,576.3070184888965,591.3134425148015
3,595.0625,80.09999999999991,3397.091872893064,60.005321618910045,0.008462797455475103,576.1917782565888,587.0719104207406
3,595.1625,80.19999999999993,3401.362761091868,60.0052834739482,0.008460775286565627,576.0796919349126,582.8303783280942
3,595.2625,80.29999999999995,3405.6753433643403,60.00524532898635,0.008458853910951214,575.9732088949403,578.5888462340332
3,595.3625,80.39999999999986,3410.0294747523744,60.005204144492374,0.00845703073579369,575.8722114621924,574.0093331222021
3,595.4625000000001,80.5,3414.422965982109,60.00516522436538,0.008455285478967888,575.7755259214218,569.6816064792647
3,595.5625,80.59999999999991,3418.8576055306253,60.00512707940352,0.008453598949367204,575.6820983548571,565.4400743852037
3,595.6625,80.69999999999993,3423.3295154214607,60.00508589551279,0.008451978490895518,575.5923702291021,560.8606283503284
3,595.7625,80.79999999999995,3427.8396935799024,60.005043936054754,0.008450466262504664,575.5086656019214,556.1949430481345
3,595.8625,80.89999999999986,3432.388686005322,60.00500501512344,0.00844911755110799,575.4340248867223,551.8671269668982
3,595.9625000000001,81.0,3436.9764926977405,60.00496383183595,0.008447926107207494,575.3681467842669,547.2877480103933
3,596.0625,81.09999999999991,3441.5986415377865,60.00492187237791,0.008446854006273818,575.3089100268344,542.6220627081995
3,596.1625,81.19999999999993,3446.258656252886,60.004879912919876,0.00844592090490303,575.2574006525628,537.956377404591
3,596.2625,81.29999999999995,3450.955396379056,60.00483795346184,0.008445169604070938,575.2159981296026,533.2906921009824
3,596.3625,81.39999999999986,3455.685738290717,60.0047959940038,0.008444586956768382,575.1839715892676,528.6250067987885
3,596.4625000000001,81.5,3460.451757151029,60.00475099722553,0.008444119074072266,575.1583515825704,523.621586428134
3,596.5625,81.59999999999991,3465.251622246313,60.00470826039046,0.008443734347470748,575.137334834895,518.8694606235102
3,596.6625,81.69999999999993,3470.0848813289467,60.00466630093242,0.00844341968793221,575.1202065803317,514.2037753199016
3,596.7625,81.79999999999995,3474.940311857573,60.00462130475739,0.008443125559071162,575.1042460779,509.2004220276176
3,596.8625,81.89999999999986,3479.821634920877,60.004578567319086,0.008442750850802455,575.0837862133724,504.448229146038
3,596.9625000000001,82.0,3484.737538635767,60.00453357154621,0.008442188269817031,575.052901414772,499.44492057219605
3,597.0625,82.09999999999991,3489.6851519980355,60.00448779759199,0.008441484357304935,575.0141661904592,494.35508205903994
3,597.1625,82.19999999999993,3494.663085422735,60.00444505955044,0.008440680310016619,574.9698376554986,489.60282210050445
3,597.2625,82.29999999999995,3499.6738148054305,60.00440006438081,0.008439741446335929,574.9180337223693,484.59958060361834
3,597.3625,82.39999999999986,3504.7156566555295,60.00435429042659,0.008438615810529996,574.8558531049824,479.5097420904623
3,597.4625000000001,82.5,3509.7858760086397,60.00430851647237,0.00843727200596764,574.7815435523394,474.41990357872083
3,597.5625,82.59999999999991,3514.8860611750965,60.004262742518144,0.008435631349219772,574.6907307187971,469.3300650655647
3,597.6625,82.69999999999993,3520.016760702396,60.004216968563924,0.008433636478307213,574.5802255904619,464.2402265538233
3,597.7625,82.79999999999995,3525.175643936184,60.004171194609704,0.008431315284306212,574.451578702936,459.15038804208183
3,597.8625,82.89999999999986,3530.362306360482,60.00412238615037,0.008428719702232865,574.3077036395318,453.7231274909745
3,597.9625000000001,83.0,3535.5791282273817,60.00407583200399,0.008425864287641322,574.1493636477392,448.54653544912304
3,598.0625,83.09999999999991,3540.8239900137464,60.00403005804977,0.00842270554780173,573.9741535633526,443.45669693596693
3,598.1625,83.19999999999993,3546.0989110434994,60.00398125019368,0.00841929279141131,573.7848477143734,438.02950346323
3,598.2625,83.29999999999995,3551.406726274336,60.00393469544406,0.008415690524450863,573.5849863613664,432.85284434300814
3,598.3625,83.39999999999986,3556.7454613728846,60.00388588799013,0.008411889106840736,573.3740726226144,427.42569558729866
3,598.4625000000001,83.5,3562.121455437437,60.00383629953973,0.008407844311190646,573.1496349113638,421.91170386600965
3,598.5625,83.59999999999991,3567.5273843264304,60.00378974418686,0.008403583988125131,572.9131884948418,416.7349776688319
3,598.6625,83.69999999999993,3572.9610923029913,60.003740937336175,0.008399123047641925,572.6656080381673,411.30789599149296
3,598.7625,83.79999999999995,3578.4226293766437,60.003691348885766,0.008394473190797138,572.4075312861374,405.7939042687893
3,598.8625,83.89999999999986,3583.911801467736,60.003641760435364,0.008389690394638155,572.1420634591374,400.2799125475003
3,598.9625000000001,84.0,3589.4266178733783,60.003592171984955,0.008384860951741515,571.8740019319965,394.7659208262113
3,599.0625,84.09999999999991,3594.959592172039,60.003542583534546,0.008380030221360522,571.6058684251517,389.2519291035076
3,599.1625,84.19999999999993,3600.5269679837215,60.00349299508414,0.008375156224612445,571.33532914053,383.73793738221866
3,599.2625,84.29999999999995,3606.1068203195014,60.003443406633735,0.008370288527730654,571.0651396881922,378.22394566092964
3,599.3625,84.39999999999986,3611.6965556340497,60.003393818183326,0.0083657096196886,570.8110049453281,372.7099539396406
3,599.4625000000001,84.5,3617.299604147556,60.00334422973292,0.008361913836602133,570.6004074133755,367.195962216937
3,599.5625,84.59999999999991,3622.9144333245285,60.00329464128251,0.008359389243537784,570.4604810388403,361.681970495648
3,599.6625,84.69999999999993,3628.5358363459163,60.00324202194644,0.008358587252316732,570.4163482540939,355.8309591995573
3,599.7625,84.79999999999995,3634.162803858623,60.00319164968443,0.008359732470589963,570.4804507912336,350.22981148359406
3,599.8625,84.89999999999986,3639.7843308099127,60.00314206123402,0.00836331065148971,570.6798068926346,344.71581976230505
3,599.9625000000001,85.0,3645.40395781154,60.00308944250119,0.00836935048678125,571.0160448925304,338.86487554317017
3,600.0625,85.09999999999991,3651.0700766728464,60.003039069635946,0.008377482988286706,571.4686057054521,333.2636607502511
3,600.1625,85.19999999999993,3656.8143682529676,60.002986451305276,0.00838745581574755,572.0234995316592,327.41276124955834
3,600.2625,85.29999999999995,3662.6263910520493,60.00293607803786,0.00839967951418119,572.7035120647126,321.81150173819714
3,600.3625,85.39999999999986,3668.475759259193,60.00288648958745,0.008414651480240284,573.5363089865768,316.2975100169082
3,600.4625000000001,85.5,3674.3996511637074,60.002833871860034,0.008432482771945035,574.5280980186661,310.4466775945859
3,600.5625,85.59999999999991,3680.284043531904,60.00278349798938,0.008453092342090903,575.674327957509,304.8453510048542
3,600.6625,85.69999999999993,3686.164656501312,60.00273088066411,0.008476281602768827,576.9639976387905,298.9945632995594
3,600.7625,85.79999999999995,3692.063448391936,60.00268050639129,0.008501733357026801,578.3794336659971,293.39319199280027
3,600.8625,85.89999999999986,3697.9861770926627,60.00263091794089,0.00852931510615047,579.913282651612,287.87920027151125
3,600.9625000000001,86.0,3703.925134395102,60.00257830121887,0.00855905509408884,581.5671485682128,282.0284796445869
3,601.0625,86.09999999999991,3709.9351762177753,60.00252792634281,0.008591194749392983,583.3544077712144,276.4270412594573
3,601.1625,86.19999999999993,3715.905574678537,60.0024783378924,0.00862570875732998,585.2736658764026,270.9130495367537
3,601.2625,86.29999999999995,3721.8742476952903,60.002428749442,0.008661964478000753,587.2897581853366,265.39905781687935
3,601.3625,86.39999999999986,3727.846538744574,60.00237916099159,0.008698951065831684,589.3464864451149,259.88506609417567
3,601.4625000000001,86.5,3733.8144240278584,60.00232957254118,0.008736224570726212,591.419169098572,254.37107437288668
3,601.5625,86.59999999999991,3739.781150508612,60.00227998409077,0.008773883092060805,593.5132600741766,248.85708265018303
3,601.6625,86.69999999999993,3745.765311726309,60.00222736877631,0.008812116456999277,595.6393402332848,243.00651853709869
3,601.7625,86.79999999999995,3751.7739614674006,60.00217699249269,0.008851124585854223,597.8084770654941,237.40492363954374
3,601.8625,86.89999999999986,3757.8054307190882,60.002127404042284,0.00889116293548394,600.0348859181756,231.8909319168401
3,601.9625000000001,87.0,3763.870154224915,60.002077815591875,0.008932595186200229,602.33879309625,226.3769401955511
3,602.0625,87.09999999999991,3769.9578373220156,60.00202822714147,0.008975769004976333,604.7395275976318,220.86294847426208
3,602.1625,87.19999999999993,3776.0625320956583,60.001978638691064,0.00902082866742979,607.2451107644947,215.3489567529731
3,602.2625,87.29999999999995,3782.1884236188203,60.001929050240655,0.009067772931780769,609.8554737947536,209.83496503026944
3,602.3625,87.39999999999986,3788.371626970314,60.001879461790246,0.009116689475193987,612.5754914171257,204.32097330898043
3,602.4625000000001,87.5,3794.5643063652337,60.001829873339844,0.009167624721333598,615.407744846683,198.80698158769144
3,602.5625,87.59999999999991,3800.775622063776,60.001780284889435,0.009220678243707755,618.3577702254296,193.2929898649878
3,602.6625,87.69999999999993,3807.01396697746,60.001733721292275,0.009275751924137867,621.4200844222365,188.1153469432836
3,602.7625,87.79999999999995,3813.3308078186146,60.00168492268588,0.009333081084092601,624.607819866333,182.68918199047107
3,602.8625,87.89999999999986,3819.609360264819,60.00163835868656,0.009392932661849278,627.9357754701986,177.5114943503248
3,602.9625000000001,88.0,3825.881849488721,60.00159258473234,0.00945523188729126,631.3998080477952,172.42165583716871
3,603.0625,88.09999999999991,3832.163245527816,60.00154681077812,0.009519883760950022,634.9946437306861,167.33181732542727
3,603.1625,88.19999999999993,3838.483712148748,60.001501036823896,0.009586773890139727,638.7139229867562,162.24197881227119
3,603.2625,88.29999999999995,3844.782982715089,60.001455262869676,0.009655892848772175,642.5571220188422,157.15214030052974
3,603.3625,88.39999999999986,3851.085378013743,60.00141251236114,0.009727183617382375,646.5210414652386,152.39849407453312
3,603.4625000000001,88.5,3857.4017384881913,60.001370552903104,0.009800520932127077,650.5987387575514,147.73280877092458
3,603.5625,88.59999999999991,3863.7538761619276,60.001328593445066,0.00987572195814975,654.780056837691,143.0671234687307
3,603.6625,88.69999999999993,3870.105725592477,60.00128663398703,0.009952795029440208,659.0654592428335,138.4014381651222
3,603.7625,88.79999999999995,3876.466464439146,60.00124467452899,0.010031685007538859,663.4518806679074,133.73575286151365
3,603.8625,88.89999999999986,3882.8409750768783,60.00120271507095,0.010112032463247631,667.9193383018044,129.07006755931977
3,603.9625000000001,89.0,3889.141341966031,60.00116377785212,0.01019279089436285,672.4096196909861,124.74044038612976
3,604.0625,89.09999999999991,3895.322695750568,60.00112563289027,0.010272735597069087,676.8546577596658,120.49890829348345
3,604.1625,89.19999999999993,3901.3572595049495,60.001087487928416,0.01035116712675801,681.2155736922981,116.25737619942248
3,604.2625,89.29999999999995,3907.232482990589,60.00105236460252,0.010427786800852297,685.4757302929626,112.35183515882422
3,604.3625,89.39999999999986,3912.9357618283875,60.00101803413686,0.010502365356708059,689.622403815624,108.53445627572546
3,604.4625000000001,89.5,3918.473148919632,60.000983703671196,0.010574737159310182,693.6463934909168,104.71707739121204
3,604.5625,89.59999999999991,3923.853166111784,60.00094937320553,0.010644925808905465,697.5490112238525,100.89969850669864
3,604.6625,89.69999999999993,3929.086718001016,60.0009180635715,0.010712953749479557,701.331472614509,97.41822123876373
3,604.7625,89.79999999999995,3934.167156050373,60.00088754760202,0.010778668245602946,704.9853091124847,94.02499556379789
3,604.8625,89.89999999999986,3939.0944126067384,60.00085401120306,0.010841884074196435,708.500263446579,90.29591299069565
3,604.9625000000001,90.0,3943.8777956167123,60.00082572119418,0.010902821323706555,711.888483150065,87.15020318401294
3,605.0625,90.09999999999991,3948.528482952805,60.00079599969357,0.010961735123597322,715.1642238311263,83.84531853890036
3,605.1625,90.19999999999993,3953.0551908124153,60.00076548372409,0.011018685049451355,718.3307908495735,80.45209286393452
3,605.2625,90.29999999999995,3957.4686801462576,60.000737987379765,0.01107356618361512,721.3823094850086,77.39463465022087
3,605.3625,90.39999999999986,3961.7668967292966,60.00070826648239,0.011126148217492601,724.3060321445624,74.08981708206412
3,605.4625000000001,90.5,3965.961616939593,60.00068076973591,0.0111762932103353,727.0942409757317,71.03231415132302
3,605.5625,90.59999999999991,3970.047555263214,60.000651049240695,0.011223933878542008,729.7432438264385,67.72754130160837
3,605.6625,90.69999999999993,3974.035752426197,60.00062355209205,0.011268976569579476,732.2477847569048,64.66999365101051
3,605.7625,90.79999999999995,3977.936289759495,60.000596850618756,0.0113113894088576,734.6061070553633,61.700921185592236
3,605.8625,90.89999999999986,3981.7485805071274,60.00057014914546,0.011351156412247694,736.8173306512407,58.73184872017396
3,605.9625000000001,91.0,3985.4368572374888,60.00054042945457,0.011388346295459977,738.8853094656761,55.42716530734351
3,606.0625,91.09999999999991,3989.051145228139,60.000512931501596,0.0114230031571655,740.8124366714011,52.369528221276106
3,606.1625,91.19999999999993,3992.572131386908,60.0004862300283,0.011455142448354994,742.5995869267297,49.40045575585782
3,606.2625,91.29999999999995,3995.979581036105,60.000459528555005,0.011484678832516707,744.242024493402,46.43138328902489
3,606.3625,91.39999999999986,3999.3010999673393,60.00043282708171,0.011511466876151446,745.7316635094209,43.462310823606614
3,606.4625000000001,91.5,4002.5294912248924,60.000406125608414,0.011535626028313782,747.075144818401,40.49323835818833
3,606.5625,91.59999999999991,4005.695866902939,60.00037942413512,0.011557333379615528,748.2823139830601,37.52416589277005
3,606.6625,91.69999999999993,4008.7678093836075,60.00035573947185,0.011576615560011034,749.3546172193278,34.89054786092391
3,606.7625,91.79999999999995,4011.7497392710447,60.00032983588579,0.01159332274306088,750.283783678209,32.01019653140942
3,606.8625,91.89999999999986,4014.7312619142544,60.0003031344125,0.01160741008782409,751.0673041196864,29.041124065991138
3,606.9625000000001,92.0,4017.594467905476,60.0002764329392,0.01161889665452834,751.7062290267386,26.072051600572856
3,607.0625,92.09999999999991,4020.4843877147196,60.00024973146591,0.011627825451660852,752.2029493798424,23.102979135154573
3,607.1625,92.19999999999993,4023.2386752518646,60.000223029992604,0.011634209363981842,752.5581813649211,20.133906668321643
3,607.2625,92.29999999999995,4026.0493869549264,60.000199344122855,0.011638032974177802,752.7710333369475,17.50015448114921
3,607.3625,92.39999999999986,4028.7168006842667,60.00017344174328,0.011639390640822034,752.8468107389673,14.619937305546367
3,607.4625000000001,92.5,4031.473195377261,60.00014975547137,0.011638277581970028,752.7851971178856,11.986140399931832
3,607.5625,92.59999999999991,4034.1048835769275,60.00012385349395,0.011634702533723073,752.5867284504526,9.105967944185739
3,607.6625,92.69999999999993,4036.702785177252,60.00009715202066,0.011628728131071197,752.2548707972292,6.136895478767458
3,607.7625,92.79999999999995,4039.4720003352145,60.000073465145505,0.011620483135803654,751.7967394701298,3.5030314947824484
3,607.8625,92.89999999999986,4042.1458071102948,60.00004756377133,0.01161007783176123,751.2185252724666,0.6229261159921808
3,607.9625000000001,93.0,4044.955425836539,60.00002387649402,0.011597571035565366,750.5234478227502,-2.0109825850202796
3,608.0625,93.09999999999991,4047.6751896423525,59.99999797552201,0.011582955049261415,749.7111292534921,-4.891043246783096
3,608.1625,93.19999999999993,4050.5320948210233,59.999974287842534,0.011566271538329297,748.7838357391103,-7.524996666237656
3,608.2625,93.29999999999995,4053.3121598169173,59.999948387272674,0.01154762183975699,747.7472513625122,-10.405012609558373
3,608.3625,93.39999999999986,4056.224080658881,59.99992469919104,0.01152711715437303,746.6075084470882,-13.039010747455032
3,608.4625000000001,93.5,4059.0765637534573,59.999901812213935,0.01150478516446569,745.3661619657696,-15.583930003325753
3,608.5625,93.59999999999991,4061.9476968315735,59.99987591224732,0.011480729290974507,744.0290047080784,-18.463878869690642
3,608.6625,93.69999999999993,4064.967026769478,59.99985222356244,0.01145502674363851,742.6002704183,-21.09794408454313
3,608.7625,93.79999999999995,4067.9612175841585,59.999829336585336,0.011427648170013608,741.0783430037151,-23.64286334041385
3,608.8625,93.89999999999986,4071.0595834004207,59.99980343722196,0.011398574863333974,739.4622250002969,-26.522745128408268
3,608.9625000000001,94.0,4074.141838650836,59.99977974793384,0.011367915175330028,737.7578819464329,-29.156877421631226
3,609.0625,94.09999999999991,4077.2702436217423,59.99975686095674,0.011335847755723896,735.9752620935774,-31.701796677501946
3,609.1625,94.19999999999993,4080.504381160205,59.99973096219661,0.011302785163872031,734.1373451109774,-34.58161138712589
3,609.2625,94.29999999999995,4083.788722998981,59.999707272305244,0.011269376700779675,732.2801725769405,-37.21581075871932
3,609.3625,94.39999999999986,4087.150206531819,59.999681373947276,0.011236195371902446,730.4356512512175,-40.095580751315815
3,609.4625000000001,94.5,4090.5874432290407,59.99965768365376,0.011203646726223293,728.6262799538353,-42.7298248399367
3,609.5625,94.59999999999991,4094.0310336309994,59.99963178569795,0.011171937247643093,726.8635874698217,-45.609550112676445
3,609.6625,94.69999999999993,4097.568796050963,59.999602073447036,0.011141107873019602,725.1498672878471,-48.91340623786467
3,609.7625,94.79999999999995,4101.182617573577,59.99957456805409,0.011111255183414954,723.490423034315,-51.971870612988944
3,609.8625,94.89999999999986,4104.772490948353,59.9995478665808,0.011082416985488928,721.887372221109,-54.94094307840722
3,609.9625000000001,95.0,4108.474906497916,59.99951815493313,0.011054584857328312,720.3402882614865,-58.24473212522498
3,610.0625,95.09999999999991,4112.249744650347,59.99948763896364,0.011027738021274398,718.8479918574068,-61.63795780019082
3,610.1625,95.19999999999993,4116.076796723658,59.999457122994166,0.011001856333542913,717.4093543551938,-65.03118347374202
3,610.2625,95.29999999999995,4119.8668201630135,59.99942359745355,0.010977028983722058,716.0293671622152,-68.75905865315151
3,610.3625,95.39999999999986,4123.757598614741,59.99939227635794,0.010953344107985949,714.7128740502055,-72.24181039314963
3,610.4625000000001,95.5,4127.709592519507,59.99935875121948,0.010930872971485452,713.4638849843004,-75.96964085270238
3,610.5625,95.59999999999991,4131.70488143293,59.999324420753815,0.010909607347006113,712.2819274663627,-79.78701973721579
3,610.6625,95.69999999999993,4135.733430713329,59.99929009028815,0.010889726983781224,711.1769866170782,-83.60439862172919
3,610.7625,95.79999999999995,4139.74449828439,59.99925575982248,0.010871269150619558,710.1511346324256,-87.42177750624259
3,610.8625,95.89999999999986,4143.815017076842,59.999221429356815,0.010854375192842627,709.2122301752021,-91.239156390756
3,610.9625000000001,96.0,4147.913961734566,59.99918709889115,0.010838978850906627,708.356589470188,-95.05653527385475
3,611.0625,96.09999999999991,4152.048522920261,59.99914976046299,0.010825081355693045,707.5843132518521,-99.20838478904341
3,611.1625,96.19999999999993,4156.220348708638,59.99911462326255,0.010812595854682958,706.8905170501266,-103.11546861094286
3,611.2625,96.29999999999995,4160.430228338855,59.99907728523655,0.010801298694522999,706.2628133101787,-107.2672734076894
3,611.3625,96.39999999999986,4164.655196660152,59.999039140274704,0.010791064009257351,705.6941892785674,-111.50880550175037
3,611.4625000000001,96.5,4168.929754239412,59.99900099531285,0.010781569083316334,705.1666939844108,-115.75033759581133
3,611.5625,96.59999999999991,4173.224053916794,59.998962850351,0.01077265471625908,704.67147621281,-119.99186968845765
3,611.6625,96.69999999999993,4177.482882281674,59.99892470538914,0.010764333048268777,704.2092109944593,-124.23340178251863
3,611.7625,96.79999999999995,4181.642014250368,59.998886560427295,0.010756703969987595,703.7854521502845,-128.4749338765796
3,611.8625,96.89999999999986,4185.658912498223,59.99885142181929,0.010749744960208491,703.3989156397239,-132.38217421231906
3,611.9625000000001,97.0,4189.521691542564,59.99881709135362,0.010743398625484343,703.046433944348,-136.19955309683246
3,612.0625,97.09999999999991,4193.233445898923,59.998782760887956,0.010737572204250733,702.7228583073693,-140.01693198134586
3,612.1625,97.19999999999993,4196.791081617996,59.998751436172896,0.010732061265434207,702.416790789818,-143.50008618590826
3,612.2625,97.29999999999995,4200.203847448287,59.99872092020341,0.010726580380683364,702.112385362927,-146.8933118608741
3,612.3625,97.39999999999986,4203.481847421926,59.99869040423393,0.010720864196751407,701.7948973485638,-150.2865375344253
3,612.4625000000001,97.5,4206.62243299086,59.99866289341181,0.010714633896395893,701.448793010716,-153.34560560781057
3,612.5625,97.59999999999991,4209.628592268504,59.998636191938516,0.010707712383506549,701.0642493237899,-156.31467807322886
3,612.6625,97.69999999999993,4212.521079794694,59.99860949046522,0.010700088780740347,700.6406700604658,-159.28375053864715
3,612.7625,97.79999999999995,4215.270183381255,59.998585793536044,0.010691767888598542,700.1782902783042,-161.9187324794407
3,612.8625,97.89999999999986,4217.94107489515,59.99856290655894,0.010682631418755783,699.6705565286034,-164.46365173531143
3,612.9625000000001,98.0,4220.440430665558,59.998540019581824,0.010672488379735529,699.1068584577389,-167.0085709925968
3,613.0625,98.09999999999991,4222.9337565704745,59.99851713260472,0.010661214445202405,698.4802836186699,-169.5534902484675
3,613.1625,98.19999999999993,4225.277483920772,59.998497249367404,0.01064857645441875,697.7778368166325,-171.7644084165977
3,613.2625,98.29999999999995,4227.669643695477,59.99847517334776,0.01063440815562751,696.9903294275371,-174.21915319214767
3,613.3625,98.39999999999986,4229.975409012438,59.99845528970829,0.010618552472790957,696.1089819097388,-176.43011607871995
3,613.4625000000001,98.5,4232.3430399061,59.99843621722736,0.010600896504978658,695.1275316198748,-178.5508821250431
3,613.5625,98.59999999999991,4234.682832436886,59.99841714474643,0.01058133841701808,694.0403250997311,-180.67164817278092
3,613.6625,98.69999999999993,4237.093719139782,59.99839807226551,0.010559821231172377,692.8441943611447,-182.79241421910407
3,613.7625,98.79999999999995,4239.509993949441,59.998378999784585,0.010536278259816387,691.5354315535108,-184.91318026542723
3,613.8625,98.89999999999986,4241.989124462378,59.99835992730366,0.010510665457936283,690.1115877258497,-187.0339463117504
3,613.9625000000001,99.0,4244.513066227116,59.99834085482273,0.010482960435596695,688.5714179228809,-189.1547123594882
3,614.0625,99.09999999999991,4247.076843799007,59.99832478427188,0.010453226653317325,686.9184192127364,-190.94167855035298
3,614.1625,99.19999999999993,4249.719390368853,59.998306524558146,0.010421513137025907,685.1553712848585,-192.97206888407322
3,614.2625,99.29999999999995,4252.369729491518,59.99829045360514,0.010387905894958693,683.2870106271429,-194.7590797933801
3,614.3625,99.39999999999986,4255.126539278904,59.998275195620394,0.010352446477524282,681.315661675078,-196.45569263157034
3,614.4625000000001,99.5,4257.862690607542,59.9982569365099,0.010315120659311394,679.2405726688152,-198.48601588833478
3,614.5625,99.59999999999991,4260.711962399024,59.99824386587832,0.010275953118625777,677.0630315209253,-199.939405814537
3,614.6625,99.69999999999993,4263.525310501678,59.998229421666174,0.01023507873666096,674.7906048679265,-201.5455311433118
3,614.7625,99.79999999999995,4266.453252069979,59.99821416368143,0.010192432248966158,672.4196581780503,-203.24214398150204
3,614.8625,99.89999999999986,4269.452014984424,59.998201906018124,0.010147994693252255,669.9490983897565,-204.60513583517297
3,614.9625000000001,100.0,4272.3883463112725,59.99819046252957,0.010101804878046385,667.3811055519315,-205.87759546381565
3,615.0625,100.09999999999991,4275.446876925224,59.99817901904101,0.01005393499618957,664.719701740998,-207.15005509245833
3,615.1625,100.19999999999993,4278.474000200964,59.99816757555246,0.010004427579928336,661.967251660764,-208.42251471968638
3,615.2625,100.29999999999995,4281.61344926961,59.998156132063905,0.009953357694029106,659.1279287940166,-209.69497434832905
3,615.3625,100.39999999999986,4284.80585092254,59.998147687891375,0.00990076727024651,656.2040347142945,-210.63392478926502
3,615.4625000000001,100.5,4287.969933755801,59.998140058899004,0.009846758594563899,653.2012783555086,-211.48223120836013
3,615.5625,100.59999999999991,4291.169184884579,59.99813242990663,0.009791851212037288,650.148554035651,-212.33053762745527
3,615.6625,100.69999999999993,4294.362401128904,59.99812480091427,0.009736288378320381,647.0593865281537,-213.17884404513575
3,615.7625,100.79999999999995,4297.542265811347,59.9981171719219,0.009680227139995806,643.9425074670354,-214.02715046423086
3,615.8625,100.89999999999986,4300.748232679769,59.998112541240154,0.009623194869389192,640.7716101341144,-214.54205949243183
3,615.9625000000001,101.0,4304.003376324186,59.998108726743965,0.009564907118465192,637.5309009233447,-214.9662127019794
3,616.0625,101.09999999999991,4307.32890046918,59.99810491224778,0.009505388442603431,634.2217530233887,-215.39036591152697
3,616.1625,101.19999999999993,4310.707357019638,59.9981010977516,0.009444709075435603,630.8480713491634,-215.81451911965988
3,616.2625,101.29999999999995,4314.134985713186,59.99809728325541,0.009382931670704878,627.4133393814781,-216.23867232920745
3,616.3625,101.39999999999986,4317.632363907204,59.99809346875923,0.009320100123645675,623.9199976456085,-216.662825538755
3,616.4625000000001,101.5,4321.167717441264,59.99809265136719,0.009256258665624526,620.3704772535617,-216.75371551273471
3,616.5625,101.59999999999991,4324.748162234053,59.998089654464124,0.009191430242592032,616.766102716716,-217.08695638978884
3,616.6625,101.69999999999993,4328.382625820125,59.99808883666992,0.00912564039510366,613.108253313306,-217.177891080796
3,616.7625,101.79999999999995,4332.08606724676,59.99808883666992,0.009058914863715623,609.3983730934555,-217.177891080796
3,616.8625,101.89999999999986,4335.828888114793,59.99808883666992,0.008991277327123985,605.6377861951438,-217.177891080796
3,616.9625000000001,102.0,4339.623838765217,59.99808584057118,0.008922744481486248,601.8274481632234,-217.51104252096593
3,617.0625,102.09999999999991,4343.472670534756,59.998085021972656,0.00885333707697021,597.9684654055955,-217.60206665027192
3,617.1625,102.19999999999993,4347.376531814804,59.998085021972656,0.008783079655896411,594.0622150341787,-217.60206665027192
3,617.2625,102.29999999999995,4351.32531543314,59.998085021972656,0.008712000285286665,590.1102649967198,-217.60206665027192
3,617.3625,102.39999999999986,4355.321837777271,59.998085021972656,0.008640116131206459,586.113569711252,-217.60206665027192
3,617.4625000000001,102.5,4359.3642209810005,59.998088017065996,0.008567445548628708,582.0731233480749,-217.26902700549994
3,617.5625,102.59999999999991,4363.433504052032,59.99808883666992,0.008494286669859949,578.0055475230823,-217.177891080796
3,617.6625,102.69999999999993,4367.50290819602,59.99808883666992,0.00842108913332503,573.9358295712913,-217.177891080796
3,617.7625,102.79999999999995,4371.58025219311,59.99808883666992,0.008347790227646904,569.8604755852649,-217.177891080796
3,617.8625,102.89999999999986,4375.692309844421,59.99808883666992,0.008273867027694016,565.7504113926185,-217.177891080796
3,617.9625000000001,103.0,4379.852660418578,59.99808883666992,0.008199172523232956,561.5974633550805,-217.177891080796
3,618.0625,103.09999999999991,4384.054484656476,59.99808883666992,0.008123703770713328,557.4014678138661,-217.177891080796
3,618.1625,103.19999999999993,4388.2991991940435,59.99808883666992,0.008047472864809996,553.1630972221444,-217.177891080796
3,618.2625,103.29999999999995,4392.584022750803,59.99808883666992,0.00797048447269063,548.8826110702882,-217.177891080796
3,618.3625,103.39999999999986,4396.905605847613,59.99808883666992,0.007892756533912824,544.56100678175,-217.177891080796
3,618.4625000000001,103.5,4401.269830895268,59.99808883666992,0.007814294224456952,540.1985721364364,-217.177891080796
3,618.5625,103.59999999999991,4405.676186319334,59.99809182955138,0.0077351115275641254,535.7960603530188,-216.84509738816286
3,618.6625,103.69999999999993,4410.122125958702,59.99809265136719,0.007655214080089703,531.3538269107027,-216.75371551273471
3,618.7625,103.79999999999995,4414.6067409425905,59.99809265136719,0.007574615899344214,526.8726399790501,-216.75371551273471
3,618.8625,103.89999999999986,4419.128011020519,59.99809265136719,0.007493320697142233,522.352699276369,-216.75371551273471
3,618.9625000000001,104.0,4423.685410101692,59.99809265136719,0.007411341257016209,517.794715555657,-216.75371551273471
3,619.0625,104.09999999999991,4428.281235946891,59.99809265136719,0.007328686204930196,513.1991684128188,-216.75371551273471
3,619.1625,104.19999999999993,4432.91573723957,59.99809265136719,0.007245368997810234,508.5668060409341,-216.75371551273471
3,619.2625,104.29999999999995,4437.586894141056,59.99809564284108,0.007161402443857757,503.89831778110675,-216.42107833252695
3,619.3625,104.39999999999986,4442.291882748254,59.99809646606445,0.007076798283206065,499.19439594264077,-216.32953994467343
3,619.4625000000001,104.5,4447.030453837237,59.99809646606445,0.0069915736323620725,494.4559816749155,-216.32953994467343
3,619.5625,104.59999999999991,4451.802329949125,59.99809646606445,0.006905739447805427,489.683677878608,-216.32953994467343
3,619.6625,104.69999999999993,4456.607022879909,59.99809646606445,0.006819305670916951,484.87803728558936,-216.32953994467343
3,619.7625,104.79999999999995,4461.443278865608,59.99809646606445,0.006732289845573605,480.0400353197078,-216.32953994467343
3,619.8625,104.89999999999986,4466.311929819482,59.998099456331865,0.006644701305816169,475.17016946939435,-215.99703691979195
3,619.9625000000001,105.0,4471.203341227446,59.99810028076172,0.006556716659093702,470.2782962634756,-215.90536437519748
3,620.0625,105.09999999999991,4476.094486810254,59.99810028076172,0.006468711946520731,465.3853133352962,-215.90536437519748
3,620.1625,105.19999999999993,4480.997376778416,59.99810028076172,0.006380516237733733,460.48171118926746,-215.90536437519748
3,620.2625,105.29999999999995,4485.92987670223,59.99810028076172,0.006291810768963656,455.54976684630685,-215.90536437519748
3,620.3625,105.39999999999986,4490.8917499952595,59.99810028076172,0.00620252747545921,450.58569596741324,-215.90536437519748
3,620.4625000000001,105.5,4495.887679612142,59.99810028076172,0.006112671100602809,445.58976228038586,-215.90536437519748
3,620.5625,105.59999999999991,4500.913128817507,59.99810028076172,0.006022253534651249,440.56262687281685,-215.90536437519748
3,620.6625,105.69999999999993,4505.972910441433,59.99810028076172,0.005931279523809929,435.50455362946076,-215.90536437519748
3,620.7625,105.79999999999995,4511.059640526578,59.99810028076172,0.005839750666413215,430.41563141627194,-215.90536437519748
3,620.8625,105.89999999999986,4516.178432037298,59.99810028076172,0.00574767419566282,425.296262392765,-215.90536437519748
3,620.9625000000001,106.0,4521.327957392207,59.99810028076172,0.005655059687229429,420.1469789576244,-215.90536437519748
3,621.0625,106.09999999999991,4526.508412099391,59.99810028076172,0.005561912541714252,414.96808137942367,-215.90536437519748
3,621.1625,106.19999999999993,4531.717054155028,59.99810028076172,0.005468239502332381,409.75994457486195,-215.90536437519748
3,621.2625,106.29999999999995,4536.953419471866,59.99810028076172,0.005374048383165489,404.5230029998574,-215.90536437519748
3,621.3625,106.39999999999986,4542.2195257265585,59.99810028076172,0.005279335430253603,399.25704793760934,-215.90536437519748
3,621.4625000000001,106.5,4547.512078803053,59.99810028076172,0.0051841137144396105,393.9628061152355,-215.90536437519748
3,621.5625,106.59999999999991,4552.835754577917,59.99810028076172,0.005088388368822747,388.64056292844,-215.90536437519748
3,621.6625,106.69999999999993,4558.184495928819,59.99810028076172,0.004992161883908908,383.29045684711247,-215.90536437519748
3,621.7625,106.79999999999995,4563.561535791881,59.99810028076172,0.0048954355949980466,377.9125621127303,-215.90536437519748
3,621.8625,106.89999999999986,4568.9649175159575,59.99810028076172,0.004798222098288121,372.5075790625796,-215.90536437519748
3,621.9625000000001,107.0,4574.393687188264,59.998097294717,0.004700529204595875,367.0759585380553,-216.2373978571442
3,622.0625,107.09999999999991,4579.848991372729,59.99809646606445,0.004602354846833466,361.6175567596915,-216.32953994467343
3,622.1625,107.19999999999993,4585.330383870245,59.99809646606445,0.004503704310627891,356.1326752888255,-216.32953994467343
3,622.2625,107.29999999999995,4590.840709637818,59.99809646606445,0.004404583688800648,350.6216574783593,-216.32953994467343
3,622.3625,107.39999999999986,4596.3750857600035,59.99809646606445,0.004304998568403362,345.08481396336003,-216.32953994467343
3,622.4625000000001,107.5,4601.938415897337,59.99809646606445,0.004204955994026295,339.52253641673786,-216.32953994467343
3,622.5625,107.59999999999991,4607.527919798845,59.99809646606445,0.0041044619576318855,333.93515798623844,-216.32953994467343
3,622.6625,107.69999999999993,4613.140031217469,59.99809646606445,0.004003520953264659,328.32292853671294,-216.32953994467343
3,622.7625,107.79999999999995,4618.776405022801,59.99809646606445,0.0039021431823459407,322.6864152580517,-216.32953994467343
3,622.8625,107.89999999999986,4624.438060528647,59.99809646606445,0.0038003339602038916,317.02591367774045,-216.32953994467343
3,622.9625000000001,108.0,4630.117846812244,59.99809646606445,0.0036980998749720165,311.34179009010245,-216.32953994467343
3,623.0625,108.09999999999991,4635.823292943422,59.99809646606445,0.0035954452800353713,305.6342865394482,-216.32953994467343
3,623.1625,108.19999999999993,4641.552091638226,59.99809646606445,0.0034923740315137065,299.9036174225828,-216.32953994467343
3,623.2625,108.29999999999995,4647.302860672829,59.99809646606445,0.003388901012551734,294.1506102290241,-216.32953994467343
3,623.3625,108.39999999999986,4653.078273020945,59.99809646606445,0.003285032312951549,288.37560354631535,-216.32953994467343
3,623.4625000000001,108.5,4658.876400523746,59.99809646606445,0.0031807699979601294,282.5787122003388,-216.32953994467343
3,623.5625,108.59999999999991,4664.694589356783,59.99809646606445,0.0030761186607886895,276.76019156952503,-216.32953994467343
3,623.6625,108.69999999999993,4670.5342162616225,59.99809646606445,0.002971086386370944,270.9204911689483,-216.32953994467343
3,623.7625,108.79999999999995,4676.393904754095,59.99809646606445,0.0028656774700523773,265.059849815971,-216.32953994467343
3,623.8625,108.89999999999986,4682.273122437493,59.99809646606445,0.002759896940378681,259.17854709323063,-216.32953994467343
3,623.9625000000001,109.0,4688.171869311839,59.99809646606445,0.0026537583927640955,253.27733889358404,-216.32953994467343
3,624.0625,109.09999999999991,4694.089763703893,59.998093484242425,0.002547309142492492,247.35886705254416,-216.66110388368543
3,624.1625,109.19999999999993,4700.016394575108,59.99809265136719,0.0024406558843441954,241.42904418011403,-216.75371551273471
3,624.2625,109.29999999999995,4705.966057182054,59.99809265136719,0.0023336635864870782,235.48036788853867,-216.75371551273471
3,624.3625,109.39999999999986,4711.934772177966,59.99809265136719,0.0022263060823208658,229.51138645205143,-216.75371551273471
3,624.4625000000001,109.5,4717.924284259123,59.99809265136719,0.002118584839042822,223.52218144551094,-216.75371551273471
3,624.5625,109.59999999999991,4723.936148224593,59.99809265136719,0.002010494786048632,217.51247094784185,-216.75371551273471
3,624.6625,109.69999999999993,4729.967800128119,59.99809265136719,0.001902049266990693,211.48299685421082,-216.75371551273471
3,624.7625,109.79999999999995,4736.018874485851,59.99809265136719,0.0017932519633083166,205.4339638493587,-216.75371551273471
3,624.8625,109.89999999999986,4742.089478034519,59.99809265136719,0.001684097589122243,199.36507804311512,-216.75371551273471
3,624.9625000000001,110.0,4748.17961077414,59.99809265136719,0.0015745904229391868,193.27657731663587,-216.75371551273471
3,625.0625,110.09999999999991,4754.286984209656,59.99809265136719,0.0014647396164977143,187.168970498419,-216.75371551273471
3,625.1625,110.19999999999993,4760.413245798071,59.99809265136719,0.0013545536486446995,181.04272900478506,-216.75371551273471
3,625.2625,110.29999999999995,4766.5567483912555,59.99809265136719,0.001244027210360632,174.89755765898659,-216.75371551273471
3,625.3625,110.39999999999986,4772.721045521571,59.99809265136719,0.0011331610418533746,168.73349761592016,-216.75371551273471
3,625.4625000000001,110.5,4778.903499862877,59.99809265136719,0.0010219607260074414,162.55085927898318,-216.75371551273471
3,625.5625,110.59999999999991,4785.104567394806,59.99809265136719,0.0009104347954145568,156.35011705266194,-216.75371551273471
3,625.6625,110.69999999999993,4791.322769580875,59.99809265136719,0.0007985754926168083,150.13083962921843,-216.75371551273471
3,625.7625,110.79999999999995,4797.562146407264,59.99808967296352,0.0006863930283630227,143.89360119481464,-217.08489934711085
3,625.8625,110.89999999999986,4803.817120024471,59.99808883666992,0.0005738965364358645,137.63889808254206,-217.177891080796
3,625.9625000000001,111.0,4810.088432364698,59.99808883666992,0.0004610850385650425,131.3666791010427,-217.177891080796
3,626.0625,111.09999999999991,4816.378357380798,59.99808883666992,0.00034795614533294995,125.07681321965131,-217.177891080796
3,626.1625,111.19999999999993,4822.685417694484,59.99808883666992,0.00023451505243657502,118.76958931450093,-217.177891080796
3,626.2625,111.29999999999995,4829.009077820469,59.99808883666992,0.00012076103554855903,112.44496711363439,-217.177891080796
3,626.3625,111.39999999999986,4835.349718839973,59.99808883666992,6.703703123207952e-06,106.10348083856829,-217.177891080796
3,626.4625000000001,111.5,4841.708972123572,59.99808883666992,-0.00010765081362185892,99.74547137955103,-217.177891080796
3,626.5625,111.59999999999991,4848.083075040934,59.99809181346494,-0.00022230093019102952,93.37102263212962,-216.84688612018826
3,626.6625,111.69999999999993,4854.473515420123,59.99809265136719,-0.0003372523778027686,86.97982353366147,-216.75371551273471
3,626.7625,111.79999999999995,4860.880662863099,59.99809265136719,-0.00045250050970577666,80.57213023581943,-216.75371551273471
3,626.8625,111.89999999999986,4867.302124403073,59.99809265136719,-0.0005680398702731545,74.1482448841019,-216.75371551273471
3,626.9625000000001,112.0,4873.739922864388,59.99809265136719,-0.0006838668125658295,67.70837024506716,-216.75371551273471
3,627.0625,112.09999999999991,4880.194047565616,59.99809265136719,-0.0007999769458122407,61.25275044169612,-216.75371551273471
3,627.1625,112.19999999999993,4886.662760348031,59.99809265136719,-0.000916367242278366,54.781553813298764,-216.75371551273471
3,627.2625,112.29999999999995,4893.147536041855,59.99809265136719,-0.001033043540382128,48.294455749048204,-216.75371551273471
3,627.3625,112.39999999999986,4899.648911547966,59.99809265136719,-0.001149991301837113,41.79226456469652,-216.75371551273471
3,627.4625000000001,112.5,4906.166886866391,59.99809265136719,-0.0012672143152964496,35.2747696145104,-216.75371551273471
3,627.5625,112.59999999999991,4912.699558135195,59.99809265136719,-0.0013847096846007901,28.74213192236531,-216.75371551273471
3,627.6625,112.69999999999993,4919.2460073207985,59.99809265136719,-0.0015024717480546456,22.19466627347851,-216.75371551273471
3,627.7625,112.79999999999995,4925.806126940052,59.99809265136719,-0.0016204902497691817,15.632942886117858,-216.75371551273471
3,627.8625,112.89999999999986,4932.384866030094,59.99809265136719,-0.0017387697969523139,9.056705603634263,-216.75371551273471
3,627.9625000000001,113.0,4938.974105805206,59.99809265136719,-0.001857316589924753,2.465609693728736,-216.75371551273471
3,628.0625,113.09999999999991,4945.580292705186,59.99809265136719,-0.0019761157451301725,-4.139517331147516,-216.75371551273471
3,628.1625,113.19999999999993,4952.197254583271,59.99809265136719,-0.00209516462810101,-10.758528996948845,-216.75371551273471
3,628.2625,113.29999999999995,4958.8289864350945,59.99809265136719,-0.0022144617813412057,-17.391344268194764,-216.75371551273471
3,628.3625,113.39999999999986,4965.473131867999,59.99809265136719,-0.0023340066402691884,-24.037931754653762,-216.75371551273471
3,628.4625000000001,113.5,4972.130789830128,59.99809265136719,-0.0024537868658801513,-30.697605418668637,-216.75371551273471
3,628.5625,113.59999999999991,4978.804128515649,59.99808967859378,-0.0025738129375281007,-37.37094958211408,-217.08427329033609
3,628.6625,113.69999999999993,4985.489773891113,59.99808883666992,-0.002694073207017127,-44.05731411847393,-217.177891080796
3,628.7625,113.79999999999995,4992.186648551366,59.99808883666992,-0.0028145639818011573,-50.75649406874233,-217.177891080796
3,628.8625,113.89999999999986,4998.897035123089,59.99808883666992,-0.002935275852863725,-57.467966775521845,-217.177891080796
3,628.9625000000001,114.0,5005.621199946218,59.99808883666992,-0.003056218793668157,-64.1922867545061,-217.177891080796
3,629.0625,114.09999999999991,5012.3590352029905,59.99808883666992,-0.0031773846131677185,-70.92899859077926,-217.177891080796
3,629.1625,114.19999999999993,5019.106356927185,59.99808883666992,-0.003298768155116924,-77.67781560167671,-217.177891080796
3,629.2625,114.29999999999995,5025.868444249615,59.99808883666992,-0.003420369630586476,-84.4387495225419,-217.177891080796
3,629.3625,114.39999999999986,5032.641046438886,59.99808883666992,-0.0035421805407850793,-91.21132782813496,-217.177891080796
3,629.4625000000001,114.5,5039.423957897506,59.99808883666992,-0.003664202948935713,-97.99566523181922,-217.177891080796
3,629.5625,114.59999999999991,5046.224455048172,59.99808883666992,-0.0037864301637371644,-104.79138970319639,-217.177891080796
3,629.6625,114.69999999999993,5053.033454665386,59.99808883666992,-0.003908862276856467,-111.59850633887206,-217.177891080796
3,629.7625,114.79999999999995,5059.8569497574035,59.99808883666992,-0.004031500320353021,-118.41707252043129,-217.177891080796
3,629.8625,114.89999999999986,5066.688408561911,59.99808883666992,-0.0041543249998427755,-125.24601549727531,-217.177891080796
3,629.9625000000001,115.0,5073.525237893946,59.99808883666992,-0.004277348567119956,-132.0860164582702,-217.177891080796
3,630.0625,115.09999999999991,5080.365537108864,59.99808883666992,-0.004400564471924396,-138.93671121477436,-217.177891080796
3,630.1625,115.19999999999993,5087.214847353366,59.99808883666992,-0.004523843992133382,-145.79094293121116,-217.177891080796
3,630.2625,115.29999999999995,5094.058175245278,59.99808883666992,-0.004646955715221126,-152.63584527689443,-217.177891080796
3,630.3625,115.39999999999986,5100.868719083155,59.99808883666992,-0.004769396686643788,-159.44345442636106,-217.177891080796
3,630.4625000000001,115.5,5107.584340721741,59.99808883666992,-0.004890100203515871,-166.15446264757728,-217.177891080796
3,630.5625,115.59999999999991,5114.149994177999,59.99808883666992,-0.005008095020348718,-172.71486955490315,-217.177891080796
3,630.6625,115.69999999999993,5120.544272497746,59.9980858681192,-0.005123008565525514,-179.10396853372058,-217.5079793168773
3,630.7625,115.79999999999995,5126.758933505828,59.998085021972656,-0.005234735273723156,-185.31587682259544,-217.60206665027192
3,630.8625,115.89999999999986,5132.801959343365,59.998085021972656,-0.0053433090361779964,-191.35248183076703,-217.60206665027192
3,630.9625000000001,116.0,5138.669219528334,59.998085021972656,-0.005448708601592993,-197.21260429551006,-217.60206665027192
3,631.0625,116.09999999999991,5144.359143947302,59.998085021972656,-0.0055509350756889125,-202.89630569391952,-217.60206665027192
3,631.1625,116.19999999999993,5149.873360341731,59.998085021972656,-0.005650061938300397,-208.40767143970655,-217.60206665027192
3,631.2625,116.29999999999995,5155.217239908321,59.998085021972656,-0.005746205593605343,-213.75317350204097,-217.60206665027192
3,631.3625,116.39999999999986,5160.404725186007,59.998085021972656,-0.00583955435953487,-218.94328219106436,-217.60206665027192
3,631.4625000000001,116.5,5165.43749570171,59.998085021972656,-0.005930231294454546,-223.984839442886,-217.60206665027192
3,631.5625,116.59999999999991,5170.316907863689,59.998085021972656,-0.006018311666566969,-228.88203010289126,-217.60206665027192
3,631.6625,116.69999999999993,5175.045782409253,59.99808798851257,-0.006103864641509897,-233.63868924348105,-217.27220200498647
3,631.7625,116.79999999999995,5179.627048562611,59.99808883666992,-0.0061869635749641095,-238.2589130655937,-217.177891080796
3,631.8625,116.89999999999986,5184.11299208022,59.99808883666992,-0.006267706495981879,-242.7481476860689,-217.177891080796
3,631.9625000000001,117.0,5188.438653307397,59.998091802606595,-0.006346085925411496,-247.10596319823827,-216.84809351529566
3,632.0625,117.09999999999991,5192.615773257743,59.998095617102784,-0.006422128901504135,-251.33387037965764,-216.42394030433346
3,632.1625,117.19999999999993,5196.658411425044,59.998099431598966,-0.006495882603448564,-255.43449548668795,-215.99978709620052
3,632.2625,117.29999999999995,5200.565485488131,59.998103246095155,-0.006567376422226074,-259.4094726534165,-215.57563388665298
3,632.3625,117.39999999999986,5204.345452331022,59.99810706059134,-0.006636708769094012,-263.2642734784799,-215.1514806771054
3,632.4625000000001,117.5,5208.108322252141,59.998113840018796,-0.006704018120443135,-267.00658517887285,-214.39764169745544
3,632.5625,117.59999999999991,5211.69511987458,59.998118504280974,-0.006769425180902156,-270.64313913329886,-213.878998689949
3,632.6625,117.69999999999993,5215.176694753672,59.99812528330627,-0.006833057409042164,-274.1810047634752,-213.12520442732648
3,632.7625,117.79999999999995,5218.701253465406,59.998132912298644,-0.006895140183257059,-277.632717897631,-212.276898009646
3,632.8625,117.89999999999986,5222.147718629335,59.998140541291015,-0.0069560409145980155,-281.0187097542751,-211.42859159055087
3,632.9625000000001,118.0,5225.581767895737,59.99815113420925,-0.007016225495575485,-284.364870803267,-210.25071119675127
3,633.0625,118.09999999999991,5229.08683000122,59.99816257769781,-0.007076020865626491,-287.6893873246291,-208.9782515681086
3,633.1625,118.19999999999993,5232.568193877745,59.998174021186365,-0.007135582813402736,-291.00092464170837,-207.70579194088054
3,633.2625,118.29999999999995,5236.056593858513,59.99818546467492,-0.007194926815618907,-294.3003432515585,-206.43333231223787
3,633.3625,118.39999999999986,5239.574444912422,59.99819690816347,-0.00725404458811382,-297.58718256922333,-205.16087268500982
3,633.4625000000001,118.5,5243.182976545621,59.9982113145725,-0.007313006651486205,-300.8653500030979,-203.55895087706057
3,633.5625,118.59999999999991,5246.783363165738,59.99822657255724,-0.007371756292064284,-304.13170160075174,-201.86233803887032
3,633.6625,118.69999999999993,5250.400268213655,59.99824183054198,-0.007430270902460399,-307.3849842528846,-200.16572520209473
3,633.7625,118.79999999999995,5254.054923005426,59.998260050843946,-0.007488570267302267,-310.6262840655074,-198.1397172629684
3,633.8625,118.89999999999986,5257.80247560215,59.99827616120873,-0.007546745802643346,-313.86070731160424,-196.3483239590676
3,633.9625000000001,119.0,5261.549985421833,59.998294381108536,-0.007604694892798946,-317.08252876019475,-194.32236073838337
3,634.0625,119.09999999999991,5265.327662637216,59.99831345358946,-0.007662375127466334,-320.2893962313443,-192.20159469064555
3,634.1625,119.19999999999993,5269.1588724751755,59.99833548758329,-0.0077197920717043626,-323.48160871405923,-189.75152297885586
3,634.2625,119.29999999999995,5273.073680871052,59.998355413248575,-0.007777025888964955,-326.663647824265,-187.53588702993795
3,634.3625,119.39999999999986,5277.009020295366,59.99837744684025,-0.007833985931875575,-329.83045296473074,-185.0858600351757
3,634.4625000000001,119.5,5280.963688537979,59.99840033381736,-0.007890220332526938,-332.95690682617857,-182.540940779305
3,634.5625,119.59999999999991,5284.936813997145,59.99842322079447,-0.00794538272748276,-336.02375626216855,-179.99602152343428
3,634.6625,119.69999999999993,5288.91592880972,59.99844610777158,-0.00799942327584066,-339.02823023965874,-177.45110226756356
3,634.7625,119.79999999999995,5292.904035708491,59.99846899474869,-0.008052514028535619,-341.9798946474297,-174.90618301027817
3,634.8625,119.89999999999986,5296.892653538209,59.998494841831146,-0.00810458194544951,-344.8746731694744,-172.03211460419558
3,634.9625000000001,120.0,5300.90421435802,59.99852154330444,-0.00815584419032947,-347.724650582799,-169.06304213877732
3,635.0625,120.09999999999991,5304.955137631947,59.99854824477774,-0.008205999985797177,-350.51310851917606,-166.09396967335903
3,635.1625,120.19999999999993,5309.051836829077,59.99857494625103,-0.008254843199941101,-353.22858638628145,-163.1248972065261
3,635.2625,120.29999999999995,5313.197678827636,59.99860164772433,-0.008302526072362431,-355.87954859333723,-160.1558247411078
3,635.3625,120.39999999999986,5317.333475425892,59.99863130829757,-0.008348999646647428,-358.4632572750919,-156.8577149208756
3,635.4625000000001,120.5,5321.542675745219,59.998661824267046,-0.00839420796415838,-360.97661242965256,-153.46448924590976
3,635.5625,120.59999999999991,5325.811609712276,59.99869234023653,-0.008438028446133347,-363.41280354749495,-150.07126357094393
3,635.6625,120.69999999999993,5330.133960968593,59.99872285620601,-0.008480279088105953,-365.7617115458486,-146.67803789597806
3,635.7625,120.79999999999995,5334.513754160339,59.99875633047111,-0.008520684288108232,-368.0079970200699,-142.95586430308248
3,635.8625,120.89999999999986,5338.937258523287,59.998787702842236,-0.008559070591127559,-370.142044292217,-139.46741097798508
3,635.9625000000001,121.0,5343.358283747651,59.99882117670518,-0.008595140798880569,-372.147306303394,-135.74528210211696
3,636.0625,121.09999999999991,5347.5677980742,59.998852549478464,-0.00862888852504992,-374.02345174669176,-132.25678405999213
3,636.1625,121.19999999999993,5351.87825949805,59.998886022939246,-0.008660202852558462,-375.76429030339256,-128.5346999025661
3,636.2625,121.29999999999995,5356.200626634895,59.99892035340491,-0.008688867377847463,-377.3577974125009,-124.71732101805269
3,636.3625,121.39999999999986,5360.4705064844,59.99895468387058,-0.008714849913709667,-378.8021885915196,-120.89994213353928
3,636.4625000000001,121.5,5364.703871719505,59.998989014336246,-0.00873833658479722,-380.1078122969521,-117.08256325044053
3,636.5625,121.59999999999991,5368.88971664399,59.99902630148888,-0.008759114083237872,-381.26279214584844,-112.93641532035113
3,636.6625,121.69999999999993,5373.020671971367,59.999061489964845,-0.008777197026687158,-382.26797016389025,-109.02362991335242
3,636.7625,121.79999999999995,5376.999097563801,59.99909582043051,-0.008792731100878432,-383.1314393753026,-105.20625102883902
3,636.8625,121.89999999999986,5380.969418835407,59.99913015089618,-0.008805525698773914,-383.8425976412132,-101.38887214432562
3,636.9625000000001,122.0,5384.875789033265,59.999164481361845,-0.008815954212635604,-384.4222051389911,-97.57149325981221
3,637.0625,122.09999999999991,5388.673066219904,59.99919881182751,-0.008824057470828216,-384.8725320561128,-93.75411437529881
3,637.1625,122.19999999999993,5392.369179747215,59.99923314229318,-0.00882989257568387,-385.19675337781297,-89.93673549078541
3,637.2625,122.29999999999995,5396.004718344778,59.99926451747943,-0.008833686893818724,-385.4075276724479,-86.44796913800796
3,637.3625,122.39999999999986,5399.4917342485705,59.999297988527246,-0.008835103487835777,-385.48609262026224,-82.72615329123452
3,637.4625000000001,122.5,5402.824594426199,59.99932936411566,-0.008834256601132694,-385.43882454417337,-79.237342220015
3,637.5625,122.59999999999991,5406.173769184299,59.999359880085144,-0.008831785713142243,-385.30127022704573,-75.84411654504915
3,637.6625,122.69999999999993,5409.281338411055,59.99939039605462,-0.008827995950000011,-385.09038919332727,-72.4508908700833
3,637.7625,122.79999999999995,5412.437279448526,59.99942091202411,-0.008822529481185955,-384.78628688627293,-69.05766519511747
3,637.8625,122.89999999999986,5415.323483689946,59.99944847392066,-0.008815111018183963,-384.37367511577327,-65.99291789656128
3,637.9625000000001,123.0,5418.022016565787,59.9994781292658,-0.008805696311119647,-383.85006447513285,-62.69538941466171
3,638.0625,123.09999999999991,5420.915236990012,59.999505691564515,-0.008794368917954,-383.22012506134496,-59.63059739766343
3,638.1625,123.19999999999993,5423.486838000683,59.99952943956812,-0.008781189054820573,-382.487214789007,-56.98993623169899
3,638.2625,123.29999999999995,5426.244327279136,59.99955527981384,-0.008766142715405469,-381.65052084844405,-54.11662803488816
3,638.3625,123.39999999999986,5428.6742459605275,59.999579028219614,-0.008749234287936104,-380.71031149348175,-51.475922150481615
3,638.4625000000001,123.5,5431.331313794949,59.99960191519672,-0.008730400812433967,-379.66307924680825,-48.93100289461089
3,638.5625,123.59999999999991,5433.692363328609,59.999624802173834,-0.008709573200679723,-378.5049780958684,-46.38608363732553
3,638.6625,123.69999999999993,5436.302806390758,59.99964768915095,-0.008686690084843575,-377.2325962393393,-43.8411643814548
3,638.7625,123.79999999999995,5438.607292771697,59.99966762386485,-0.00866179256673225,-375.8482357366439,-41.624522269711626
3,638.8625,123.89999999999986,5441.188772552924,59.9996896484079,-0.00863501411815987,-374.35928870871055,-39.17550143777465
3,638.9625000000001,124.0,5443.488898454387,59.999709583523966,-0.008606392654966466,-372.7678869836983,-36.958814607589375
3,639.0625,124.09999999999991,5446.0873256436225,59.9997286560049,-0.008576007777519939,-371.0784492226866,-34.838048559851565
3,639.1625,124.19999999999993,5448.446500296713,59.99974772848582,-0.008543852898275285,-369.29060437686235,-32.7172825135284
3,639.2625,124.29999999999995,5451.090892611381,59.99976384970894,-0.008509958288628139,-367.4060519406062,-30.924681814520216
3,639.3625,124.39999999999986,5453.5099522533965,59.999782058750405,-0.008474243105989158,-365.4202692386826,-28.899925988943377
3,639.4625000000001,124.5,5456.203586616376,59.99979818037569,-0.008436706309413376,-363.3332215979309,-27.107280571493085
3,639.5625,124.59999999999991,5458.669389890119,59.999813438360434,-0.008397368454468097,-361.1460450561203,-25.410667733302837
3,639.6625,124.69999999999993,5461.412600024175,59.999831646798654,-0.008356315453561976,-358.86349543643763,-23.385978984681824
3,639.7625,124.79999999999995,5463.92420799654,59.999844818774775,-0.008313654901232108,-356.4915981604318,-21.9213200436074
3,639.8625,124.89999999999986,5466.721993488825,59.999859212314654,-0.008269422070848536,-354.03228036768314,-20.320829221561397
3,639.9625000000001,125.0,5469.313539466902,59.999874470299396,-0.008223638131823348,-351.48672111745327,-18.624216383371152
3,640.0625,125.09999999999991,5471.8435468476155,59.99988677863497,-0.008176312681084657,-348.85547424681795,-17.25559002155677
3,640.1625,125.19999999999993,5474.758227941868,59.999898222123534,-0.008127537715295821,-346.14364333706885,-15.983130392914088
3,640.2625,125.29999999999995,5477.474172879206,59.99990966561209,-0.008077338398575844,-343.3526228994807,-14.710670765686052
3,640.3625,125.39999999999986,5480.462279005823,59.99992110910064,-0.00802574814768793,-340.4842708660162,-13.438211137043368
3,640.4625000000001,125.5,5483.301307340811,59.9999325525892,-0.007972758892707758,-337.5381386086891,-12.165751509815331
3,640.5625,125.59999999999991,5486.385001954052,59.999941047434,-0.007918468294719696,-334.51967079418273,-11.22116656073594
3,640.6625,125.69999999999993,5489.328580413444,59.99995162486904,-0.007862873463044845,-331.4286811279447,-10.045007822005898
3,640.7625,125.79999999999995,5492.2679599783905,59.999960120116,-0.007805980149143772,-328.26551036818734,-9.100378154484407
3,640.8625,125.89999999999986,5495.513840203467,59.99996774910837,-0.007747793618688236,-325.03044502874855,-8.252071735389283
3,640.9625000000001,126.0,5498.696320257319,59.99997537810074,-0.0076883662604996985,-321.726393483802,-7.4037653177088085
3,641.0625,126.09999999999991,5501.912283674754,59.999980059454764,-0.007627721327033921,-318.35466271989986,-6.883221781364404
3,641.1625,126.19999999999993,5505.350082084579,59.99998682138822,-0.0075658633045056515,-314.91547778910547,-6.13132804757985
3,641.2625,126.29999999999995,5508.771785049796,59.99999150314439,-0.0075028334818354496,-311.41115418227594,-5.610739794207994
3,641.3625,126.39999999999986,5512.2424256307295,59.999998264675696,-0.007438683031445713,-307.8445172853955,-4.85889077886554
3,641.4625000000001,126.5,5515.858037869689,60.00000294683403,-0.0073734475941101005,-304.2175681166043,-4.338257807051584
3,641.5625,126.59999999999991,5519.482278589895,60.00000676133022,-0.0073071565657194665,-300.53193518052905,-3.9141045975040227
3,641.6625,126.69999999999993,5523.147704679183,60.0000105758264,-0.007239855717285144,-296.7901592036441,-3.4899513879564616
3,641.7625,126.79999999999995,5526.874826163538,60.0000114440918,-0.00717158716632556,-292.9945948718131,-3.393404548734242
3,641.8625,126.89999999999986,5530.705587743296,60.00001439012151,-0.007102395162886949,-289.1476799146686,-3.065820538337274
3,641.9625000000001,127.0,5534.573741201624,60.000018204617696,-0.007032304477861797,-285.25079711489224,-2.6416673287897123
3,642.0625,127.09999999999991,5538.492249194699,60.00001907348633,-0.006961348117703521,-281.3057979277093,-2.5450534111970193
3,642.1625,127.19999999999993,5542.461229500991,60.000022018912794,-0.006889555419342904,-277.3142918367774,-2.217536479170525
3,642.2625,127.29999999999995,5546.477191106452,60.000022888183594,-0.0068169710035683746,-273.27877718089064,-2.1208778431357325
3,642.3625,127.39999999999986,5550.525698171918,60.000022888183594,-0.006744006704796379,-269.2221456291587,-2.1208778431357325
3,642.4625000000001,127.5,5554.58895281882,60.00002583300682,-0.006670728967499535,-265.1480758815301,-1.7934279866504153
3,642.5625,127.59999999999991,5558.6931014515185,60.00002670288086,-0.006596775997281208,-261.03647343414053,-1.696702273659797
3,642.6625,127.69999999999993,5562.845165091622,60.00002670288086,-0.00652203575018375,-256.8811038605176,-1.696702273659797
3,642.7625,127.79999999999995,5567.041948998637,60.000029647100845,-0.006446524048087115,-252.68283208627022,-1.3693194969596016
3,642.8625,127.89999999999986,5571.283427254093,60.000030517578125,-0.00637024713268375,-248.4420245434363,-1.2725267055985097
3,642.9625000000001,128.0,5575.5671849879445,60.000030517578125,-0.006293221387317386,-244.15958726692253,-1.2725267055985097
3,643.0625,128.0999999999999,5579.890558337809,60.000030517578125,-0.0062154530309757915,-239.83586269215343,-1.2725267055985097
3,643.1625,128.19999999999993,5584.256757641599,60.00003346099379,-0.006136952549297469,-235.4714233181261,-0.9452333643678656
3,643.2625,128.29999999999995,5588.663130310329,60.00003433227539,-0.006057731900899201,-231.06695211886387,-0.8483511375372226
3,643.3625,128.39999999999986,5593.106301126553,60.00003433227539,-0.0059777937441079605,-226.62259236496763,-0.8483511375372226
3,643.4625000000001,128.5,5597.590121105901,60.00003433227539,-0.00589714849659438,-222.13892015160445,-0.8483511375372226
3,643.5625,128.5999999999999,5602.113292265992,60.00003433227539,-0.005815813252455427,-217.61688586742017,-0.8483511375372226
3,643.6625,128.69999999999993,5606.672773807101,60.00003727468565,-0.005733782104486281,-213.05615161115247,-0.5211695917045036
3,643.7625,128.79999999999995,5611.270908943876,60.000038146972656,-0.0056510764952465995,-208.45792594222797,-0.4241755680612872
3,643.8625,128.89999999999986,5615.907460961176,60.000038146972656,-0.005567703663731055,-203.82260721003925,-0.4241755680612872
3,643.9625000000001,129.0,5620.578705939128,60.000038146972656,-0.005483685515484704,-199.1514104984641,-0.4241755680612872
3,644.0625,129.0999999999999,5625.2877805525995,60.000038146972656,-0.0053990335744650226,-194.44497651041482,-0.4241755680612872
3,644.1625,129.19999999999993,5630.031395550079,60.000038146972656,-0.005313751127375017,-189.70348797827242,-0.4241755680612872
3,644.2625,129.29999999999995,5634.805951327646,60.000038146972656,-0.005227855222533226,-184.92789274546308,-0.4241755680612872
3,644.3625,129.39999999999986,5639.613412489577,60.000041087975355,-0.00514136691796248,-180.119353577936,-0.09715053748324128
3,644.4625000000001,129.5,5644.454185083281,60.00004196166992,-0.005054288138924285,-175.27799142967874,0.0
3,644.5625,129.5999999999999,5649.310843045593,60.00004196166992,-0.004966955813783261,-170.4225351383197,0.0
3,644.6625,129.69999999999993,5654.178994805189,60.00004196166992,-0.004879392413230486,-165.55423163878248,0.0
3,644.7625,129.79999999999995,5659.075046931214,60.00004196166992,-0.00479131098888204,-160.65712732701792,0.0
3,644.8625,129.89999999999986,5664.004563091357,60.00004196166992,-0.004702649265198906,-155.72775984063927,0.0
3,644.9625000000001,130.0,5668.967390811967,60.00004196166992,-0.004613414915736719,-150.76655580992258,0.0
3,645.0625,130.0999999999999,5673.961160548088,60.00004196166992,-0.004523607717986948,-145.77350286395654,0.0
3,645.1625,130.19999999999993,5678.985576772608,60.00004196166992,-0.004433233810253999,-140.74894227693366,0.0
3,645.2625,130.29999999999995,5684.038494172644,60.00004196166992,-0.004342308031303464,-135.69369904667283,0.0
3,645.3625,130.39999999999986,5689.12112162457,60.00004196166992,-0.004250834944326388,-130.60802687504935,0.0
3,645.4625000000001,130.5,5694.236276313808,60.00004196166992,-0.004158804359585149,-125.49135923843563,0.0
3,645.5625,130.5999999999999,5699.385006767114,60.00004196166992,-0.00406623721163683,-120.34486004523247,0.0
3,645.6625,130.69999999999993,5704.560655027329,60.00004196166992,-0.00397313886917221,-115.16882778106226,0.0
3,645.7625,130.79999999999995,5709.767596502149,60.00004196166992,-0.0038795174055517912,-109.96371130434002,0.0
3,645.8625,130.89999999999986,5715.001344542939,60.00003902368343,-0.003785378794585989,-104.72984739462268,-0.3266896443842704
3,645.9625000000001,131.0,5720.264504740584,60.000038146972656,-0.003690718852563698,-99.46699523090679,-0.4241755680612872
3,646.0625,131.0999999999999,5725.5561673491775,60.000038146972656,-0.003595558260740053,-94.17630681565167,-0.4241755680612872
3,646.1625,131.19999999999993,5730.8752830698,60.000038146972656,-0.0034998986344349837,-88.85787334439087,-0.4241755680612872
3,646.2625,131.29999999999995,5736.222115617054,60.000038146972656,-0.0034037465422315726,-83.51206001374359,-0.4241755680612872
3,646.3625,131.39999999999986,5741.594897593486,60.000038146972656,-0.0033070930998693876,-78.13837288128214,-0.4241755680612872
3,646.4625000000001,131.5,5746.998706135769,60.000038146972656,-0.003209951066101518,-72.7375213014343,-0.4241755680612872
3,646.5625,131.5999999999999,5752.4277084308005,60.000038146972656,-0.0031123180918806704,-67.30937467310714,-0.4241755680612872
3,646.6625,131.69999999999993,5757.878529956084,60.00003521059481,-0.003014204938349173,-61.8545340339333,-0.7506863386771588
3,646.7625,131.79999999999995,5763.356095220173,60.00003433227539,-0.0029156222735219586,-56.3735875130953,-0.8483511375372226
3,646.8625,131.89999999999986,5768.861226201336,60.00003433227539,-0.0028165723132484444,-50.86665972372621,-0.8483511375372226
3,646.9625000000001,132.0,5774.394073828974,60.00003433227539,-0.0027170547527656354,-45.333734542942,-0.8483511375372226
3,647.0625,132.0999999999999,5779.950241512748,60.00003433227539,-0.0026170716349110134,-39.7749255473506,-0.8483511375372226
3,647.1625,132.19999999999993,5785.535518362117,60.00003433227539,-0.002516635965382457,-34.19095582092765,-0.8483511375372226
3,647.2625,132.29999999999995,5791.146782089893,60.00003433227539,-0.0024157618363188525,-28.58260885102675,-0.8483511375372226
3,647.3625,132.39999999999986,5796.785087039715,60.00003433227539,-0.002314443223897706,-22.94954972832134,-0.8483511375372226
3,647.4625000000001,132.5,5802.4489671838855,60.000031397506184,-0.002212688496656634,-17.292244489448898,-1.1746830343846952
3,647.5625,132.5999999999999,5808.155025783601,60.000030517578125,-0.0021105074309059227,-11.611235040876089,-1.2725267055985097
3,647.6625,132.69999999999993,5813.859239204742,60.000030517578125,-0.002007910735517016,-5.90711740214631,-1.2725267055985097
